19061813.282
File-type:2
Date of Test:18.06.2019
Time of Test:13:28
Name of Person:THOMAS DANIEL       
Joint-Side:0
Test-Mode:1
Joint:0
Plane:0
Zero:290
Motion-Start:10
Motion-End:90
Speed (Movement 1):60
Speed (Movement 2):60
Acceleration  (conc):5
Acceleration  (ecc):5
Decelerat.(conc):
Decelerat.(ecc):
Break:60
Start-Holdposition:
End-Holdposition:
Hold-Time:
No. of sets:1
No. of repetitions:10
Start-Trigg.:
Weight:90 
Height:174
Date of birth:          
Insured side:                      
Sex:          
Therapist:                      
Gravitycomp.:0
Astacustest:0
Dyna-Tilt-Angle:0
Dyna-Rotation:405
Dyna-Height:60
Dyna-Swivelarm:33278
Seatback-Tilt-Angle:75
Seatback-Move:155
Seat-Tilt:1
Seat-Thigh-Pad:0
Adapter-Pullout-Lenght:110
Adapter-Pullout-Side:0
Footadapter-Rotation:30
Footadapter-Tilt:0
Footadapter-Move:0
Supporthandle-Lenght:20
Supporthandle-Move:520
Supporthandle-Side:0
Shoulder-Lenght:300
Shoulder-Side:10
Double-Pad:1


fdgsfdgsgfsfgsgfsfgssfgsf
UserID:0
MwareID:0


























EXPLANATION OF THE COLUMNS
1.column: time in milliseconds
2.column: relative position in 1/10 degree or millimeter
3.column: torque in 1/10 Nm or force in newton
4.column: speed in 1/10 degree/second or 1/10 millimeter/second
5.column: torque without gravitycalibration in 1/10 Nm
6.column: current repetition(about 1.2 degrees delayed)
7.column: current set
8.column: torque on dynamometer
9.column: force on right leg or deviation of force
10.column: force on left leg or deviation of position
 
MEASUREMENT STARTS AFTER LINE 100





5 107 -128 -3 -128 1 1 -128 0 0 
10 107 -128 -3 -128 1 1 -128 0 0 
15 107 -128 -3 -128 1 1 -128 0 0 
20 107 -128 -3 -128 1 1 -128 0 0 
25 107 -128 -5 -128 1 1 -128 0 0 
30 107 -128 -3 -128 1 1 -128 0 0 
35 107 -125 -3 -125 1 1 -125 0 0 
40 107 -125 -5 -125 1 1 -125 0 0 
45 107 -125 -3 -125 1 1 -125 0 0 
50 107 -125 -3 -125 1 1 -125 0 0 
55 107 -125 -3 -125 1 1 -125 0 0 
60 107 -120 -5 -120 1 1 -120 0 0 
65 107 -120 -3 -120 1 1 -120 0 0 
70 107 -120 -3 -120 1 1 -120 0 0 
75 107 -120 -3 -120 1 1 -120 0 0 
80 107 -120 -5 -120 1 1 -120 0 0 
85 107 -120 -3 -120 1 1 -120 0 0 
90 107 -120 -3 -120 1 1 -120 0 0 
95 107 -120 -5 -120 1 1 -120 0 0 
100 107 -117 -3 -117 1 1 -117 0 0 
105 107 -120 -3 -120 1 1 -120 0 0 
110 107 -120 -3 -120 1 1 -120 0 0 
115 107 -117 -3 -117 1 1 -117 0 0 
120 107 -117 -3 -117 1 1 -117 0 0 
125 107 -117 -3 -117 1 1 -117 0 0 
130 107 -117 -3 -117 1 1 -117 0 0 
135 107 -117 -3 -117 1 1 -117 0 0 
140 107 -117 -3 -117 1 1 -117 0 0 
145 107 -117 -5 -117 1 1 -117 0 0 
150 107 -117 -3 -117 1 1 -117 0 0 
155 107 -117 -5 -117 1 1 -117 0 0 
160 107 -117 -5 -117 1 1 -117 0 0 
165 107 -117 -3 -117 1 1 -117 0 0 
170 107 -117 -3 -117 1 1 -117 0 0 
175 107 -117 -3 -117 1 1 -117 0 0 
180 107 -113 -3 -113 1 1 -113 0 0 
185 107 -117 -5 -117 1 1 -117 0 0 
190 107 -117 -3 -117 1 1 -117 0 0 
195 107 -117 -3 -117 1 1 -117 0 0 
200 107 -117 -3 -117 1 1 -117 0 0 
205 107 -117 -3 -117 1 1 -117 0 0 
210 107 -117 -5 -117 1 1 -117 0 0 
215 107 -117 -5 -117 1 1 -117 0 0 
220 107 -117 -3 -117 1 1 -117 0 0 
225 107 -113 -3 -113 1 1 -113 0 0 
230 107 -113 -3 -113 1 1 -113 0 0 
235 107 -117 -3 -117 1 1 -117 0 0 
240 107 -113 -3 -113 1 1 -113 0 0 
245 107 -113 -3 -113 1 1 -113 0 0 
250 107 -117 -5 -117 1 1 -117 0 0 
255 107 -113 -5 -113 1 1 -113 0 0 
260 107 -113 -3 -113 1 1 -113 0 0 
265 107 -113 -3 -113 1 1 -113 0 0 
270 107 -113 -3 -113 1 1 -113 0 0 
275 107 -113 -5 -113 1 1 -113 0 0 
280 107 -113 -5 -113 1 1 -113 0 0 
285 107 -113 -3 -113 1 1 -113 0 0 
290 107 -113 -3 -113 1 1 -113 0 0 
295 107 -110 -3 -110 1 1 -110 0 0 
300 107 -110 -3 -110 1 1 -110 0 0 
305 107 -110 -5 -110 1 1 -110 0 0 
310 107 -113 -3 -113 1 1 -113 0 0 
315 107 -110 -3 -110 1 1 -110 0 0 
320 107 -113 -3 -113 1 1 -113 0 0 
325 107 -113 -5 -113 1 1 -113 0 0 
330 107 -110 -5 -110 1 1 -110 0 0 
335 107 -113 -5 -113 1 1 -113 0 0 
340 107 -110 -5 -110 1 1 -110 0 0 
345 107 -113 -3 -113 1 1 -113 0 0 
350 107 -110 -3 -110 1 1 -110 0 0 
355 107 -110 -5 -110 1 1 -110 0 0 
360 107 -113 -3 -113 1 1 -113 0 0 
365 107 -110 -3 -110 1 1 -110 0 0 
370 107 -113 -3 -113 1 1 -113 0 0 
375 107 -113 -5 -113 1 1 -113 0 0 
380 107 -110 -3 -110 1 1 -110 0 0 
385 107 -110 -5 -110 1 1 -110 0 0 
390 107 -110 -3 -110 1 1 -110 0 0 
395 107 -110 -3 -110 1 1 -110 0 0 
400 107 -110 -5 -110 1 1 -110 0 0 
405 107 -110 -3 -110 1 1 -110 0 0 
410 107 -110 -3 -110 1 1 -110 0 0 
415 107 -110 -3 -110 1 1 -110 0 0 
420 107 -110 -3 -110 1 1 -110 0 0 
425 107 -110 -3 -110 1 1 -110 0 0 
430 107 -110 -5 -110 1 1 -110 0 0 
435 107 -110 -5 -110 1 1 -110 0 0 
440 107 -110 -3 -110 1 1 -110 0 0 
445 107 -110 -5 -110 1 1 -110 0 0 
450 107 -110 -5 -110 1 1 -110 0 0 
455 107 -110 -3 -110 1 1 -110 0 0 
460 107 -110 -5 -110 1 1 -110 0 0 
465 107 -110 -5 -110 1 1 -110 0 0 
470 107 -110 -3 -110 1 1 -110 0 0 
475 107 -110 -3 -110 1 1 -110 0 0 
480 107 -110 -5 -110 1 1 -110 0 0 
485 107 -110 -3 -110 1 1 -110 0 0 
490 107 -110 -5 -110 1 1 -110 0 0 
495 107 -110 -3 -110 1 1 -110 0 0 
500 107 -105 -3 -105 1 1 -105 0 0 
505 107 -105 -5 -105 1 1 -105 0 0 
510 107 -105 -3 -105 1 1 -105 0 0 
515 107 -105 -5 -105 1 1 -105 0 0 
520 107 -105 -3 -105 1 1 -105 0 0 
525 107 -105 -3 -105 1 1 -105 0 0 
530 107 -105 -3 -105 1 1 -105 0 0 
535 107 -102 -3 -102 1 1 -102 0 0 
540 107 -102 -5 -102 1 1 -102 0 0 
545 107 -102 -5 -102 1 1 -102 0 0 
550 107 -102 -3 -102 1 1 -102 0 0 
555 107 -102 -3 -102 1 1 -102 0 0 
560 107 -102 -3 -102 1 1 -102 0 0 
565 107 -102 -3 -102 1 1 -102 0 0 
570 107 -102 -3 -102 1 1 -102 0 0 
575 107 -98 -3 -98 1 1 -98 0 0 
580 107 -98 -3 -98 1 1 -98 0 0 
585 107 -98 -3 -98 1 1 -98 0 0 
590 107 -98 -3 -98 1 1 -98 0 0 
595 107 -98 -3 -98 1 1 -98 0 0 
600 107 -98 -5 -98 1 1 -98 0 0 
605 107 -98 -3 -98 1 1 -98 0 0 
610 107 -98 -3 -98 1 1 -98 0 0 
615 107 -95 -3 -95 1 1 -95 0 0 
620 107 -95 -3 -95 1 1 -95 0 0 
625 107 -95 -3 -95 1 1 -95 0 0 
630 107 -90 -3 -90 1 1 -90 0 0 
635 105 -90 -5 -90 1 1 -90 0 0 
640 107 -90 -0 -90 1 1 -90 0 0 
645 107 -90 -3 -90 1 1 -90 0 0 
650 107 -90 -3 -90 1 1 -90 0 0 
655 107 -90 -3 -90 1 1 -90 0 0 
660 107 -90 -5 -90 1 1 -90 0 0 
665 107 -90 -3 -90 1 1 -90 0 0 
670 107 -90 -3 -90 1 1 -90 0 0 
675 107 -90 -3 -90 1 1 -90 0 0 
680 107 -90 -5 -90 1 1 -90 0 0 
685 107 -90 -3 -90 1 1 -90 0 0 
690 107 -87 -3 -87 1 1 -87 0 0 
695 107 -87 -3 -87 1 1 -87 0 0 
700 105 -87 -3 -87 1 1 -87 0 0 
705 107 -87 -5 -87 1 1 -87 0 0 
710 107 -87 -3 -87 1 1 -87 0 0 
715 107 -87 -5 -87 1 1 -87 0 0 
720 107 -87 -5 -87 1 1 -87 0 0 
725 107 -87 -3 -87 1 1 -87 0 0 
730 107 -83 -3 -83 1 1 -83 0 0 
735 107 -83 -5 -83 1 1 -83 0 0 
740 107 -83 -3 -83 1 1 -83 0 0 
745 107 -83 -3 -83 1 1 -83 0 0 
750 107 -80 -3 -80 1 1 -80 0 0 
755 107 -80 -5 -80 1 1 -80 0 0 
760 107 -80 -3 -80 1 1 -80 0 0 
765 107 -80 -3 -80 1 1 -80 0 0 
770 105 -80 -5 -80 1 1 -80 0 0 
775 107 -80 -3 -80 1 1 -80 0 0 
780 107 -80 -3 -80 1 1 -80 0 0 
785 107 -80 -3 -80 1 1 -80 0 0 
790 107 -80 -5 -80 1 1 -80 0 0 
795 107 -80 -3 -80 1 1 -80 0 0 
800 107 -80 -5 -80 1 1 -80 0 0 
805 107 -75 -3 -75 1 1 -75 0 0 
810 107 -80 -3 -80 1 1 -80 0 0 
815 107 -80 -3 -80 1 1 -80 0 0 
820 107 -75 -3 -75 1 1 -75 0 0 
825 107 -80 -3 -80 1 1 -80 0 0 
830 107 -75 -3 -75 1 1 -75 0 0 
835 107 -72 -5 -72 1 1 -72 0 0 
840 107 -72 -3 -72 1 1 -72 0 0 
845 105 -72 -5 -72 1 1 -72 0 0 
850 107 -72 -3 -72 1 1 -72 0 0 
855 107 -72 -3 -72 1 1 -72 0 0 
860 107 -72 -3 -72 1 1 -72 0 0 
865 107 -75 -3 -75 1 1 -75 0 0 
870 107 -72 -3 -72 1 1 -72 0 0 
875 107 -72 -3 -72 1 1 -72 0 0 
880 107 -72 -3 -72 1 1 -72 0 0 
885 107 -72 -3 -72 1 1 -72 0 0 
890 107 -72 -3 -72 1 1 -72 0 0 
895 107 -72 -5 -72 1 1 -72 0 0 
900 107 -68 -3 -68 1 1 -68 0 0 
905 107 -72 -3 -72 1 1 -72 0 0 
910 107 -72 -3 -72 1 1 -72 0 0 
915 107 -72 -3 -72 1 1 -72 0 0 
920 107 -72 -3 -72 1 1 -72 0 0 
925 107 -68 -3 -68 1 1 -68 0 0 
930 107 -68 -3 -68 1 1 -68 0 0 
935 107 -68 -3 -68 1 1 -68 0 0 
940 107 -72 -3 -72 1 1 -72 0 0 
945 105 -68 -3 -68 1 1 -68 0 0 
950 105 -68 -3 -68 1 1 -68 0 0 
955 107 -68 -3 -68 1 1 -68 0 0 
960 105 -68 -5 -68 1 1 -68 0 0 
965 107 -68 -3 -68 1 1 -68 0 0 
970 107 -68 -3 -68 1 1 -68 0 0 
975 107 -68 -3 -68 1 1 -68 0 0 
980 107 -68 -3 -68 1 1 -68 0 0 
985 107 -68 -3 -68 1 1 -68 0 0 
990 107 -68 -3 -68 1 1 -68 0 0 
995 107 -68 -3 -68 1 1 -68 0 0 
1000 107 -68 -3 -68 1 1 -68 0 0 
1005 107 -65 -3 -65 1 1 -65 0 0 
1010 107 -65 -3 -65 1 1 -65 0 0 
1015 107 -65 -0 -65 1 1 -65 0 0 
1020 107 -65 -3 -65 1 1 -65 0 0 
1025 107 -65 -3 -65 1 1 -65 0 0 
1030 105 -65 -3 -65 1 1 -65 0 0 
1035 107 -65 -3 -65 1 1 -65 0 0 
1040 107 -65 -3 -65 1 1 -65 0 0 
1045 107 -65 -3 -65 1 1 -65 0 0 
1050 105 -65 -5 -65 1 1 -65 0 0 
1055 105 -65 -3 -65 1 1 -65 0 0 
1060 107 -65 -3 -65 1 1 -65 0 0 
1065 107 -65 -3 -65 1 1 -65 0 0 
1070 107 -65 -3 -65 1 1 -65 0 0 
1075 107 -65 -3 -65 1 1 -65 0 0 
1080 107 -65 -3 -65 1 1 -65 0 0 
1085 107 -65 -3 -65 1 1 -65 0 0 
1090 107 -65 -3 -65 1 1 -65 0 0 
1095 105 -65 -3 -65 1 1 -65 0 0 
1100 107 -65 -3 -65 1 1 -65 0 0 
1105 107 -65 -3 -65 1 1 -65 0 0 
1110 107 -65 -3 -65 1 1 -65 0 0 
1115 107 -65 -3 -65 1 1 -65 0 0 
1120 107 -65 -3 -65 1 1 -65 0 0 
1125 107 -65 -5 -65 1 1 -65 0 0 
1130 107 -68 -3 -68 1 1 -68 0 0 
1135 107 -68 -3 -68 1 1 -68 0 0 
1140 107 -68 -3 -68 1 1 -68 0 0 
1145 107 -68 -3 -68 1 1 -68 0 0 
1150 107 -68 -3 -68 1 1 -68 0 0 
1155 107 -65 -3 -65 1 1 -65 0 0 
1160 107 -65 -3 -65 1 1 -65 0 0 
1165 107 -65 -3 -65 1 1 -65 0 0 
1170 107 -65 -3 -65 1 1 -65 0 0 
1175 107 -65 -3 -65 1 1 -65 0 0 
1180 107 -65 -3 -65 1 1 -65 0 0 
1185 107 -65 -3 -65 1 1 -65 0 0 
1190 107 -65 -3 -65 1 1 -65 0 0 
1195 107 -65 -3 -65 1 1 -65 0 0 
1200 107 -65 -3 -65 1 1 -65 0 0 
1205 105 -65 -3 -65 1 1 -65 0 0 
1210 105 -65 -3 -65 1 1 -65 0 0 
1215 107 -65 -3 -65 1 1 -65 0 0 
1220 107 -65 -3 -65 1 1 -65 0 0 
1225 107 -65 -3 -65 1 1 -65 0 0 
1230 107 -60 -3 -60 1 1 -60 0 0 
1235 107 -60 -3 -60 1 1 -60 0 0 
1240 107 -60 -3 -60 1 1 -60 0 0 
1245 105 -60 -3 -60 1 1 -60 0 0 
1250 107 -60 -3 -60 1 1 -60 0 0 
1255 107 -60 -3 -60 1 1 -60 0 0 
1260 105 -57 -3 -57 1 1 -57 0 0 
1265 107 -57 -3 -57 1 1 -57 0 0 
1270 105 -57 -3 -57 1 1 -57 0 0 
1275 107 -53 -3 -53 1 1 -53 0 0 
1280 107 -53 -3 -53 1 1 -53 0 0 
1285 107 -53 -3 -53 1 1 -53 0 0 
1290 107 -53 -3 -53 1 1 -53 0 0 
1295 107 -53 -3 -53 1 1 -53 0 0 
1300 107 -53 -0 -53 1 1 -53 0 0 
1305 107 -53 -3 -53 1 1 -53 0 0 
1310 105 -53 -3 -53 1 1 -53 0 0 
1315 107 -57 -3 -57 1 1 -57 0 0 
1320 107 -57 -3 -57 1 1 -57 0 0 
1325 107 -57 -3 -57 1 1 -57 0 0 
1330 105 -57 -3 -57 1 1 -57 0 0 
1335 105 -57 -3 -57 1 1 -57 0 0 
1340 107 -57 -3 -57 1 1 -57 0 0 
1345 107 -57 -3 -57 1 1 -57 0 0 
1350 107 -57 -3 -57 1 1 -57 0 0 
1355 107 -53 -3 -53 1 1 -53 0 0 
1360 107 -53 -3 -53 1 1 -53 0 0 
1365 107 -53 -3 -53 1 1 -53 0 0 
1370 107 -53 -3 -53 1 1 -53 0 0 
1375 107 -53 -3 -53 1 1 -53 0 0 
1380 107 -50 -3 -50 1 1 -50 0 0 
1385 107 -50 -5 -50 1 1 -50 0 0 
1390 107 -50 -3 -50 1 1 -50 0 0 
1395 105 -50 -0 -50 1 1 -50 0 0 
1400 107 -50 -3 -50 1 1 -50 0 0 
1405 105 -50 -3 -50 1 1 -50 0 0 
1410 107 -50 -3 -50 1 1 -50 0 0 
1415 107 -53 -3 -53 1 1 -53 0 0 
1420 107 -53 -3 -53 1 1 -53 0 0 
1425 107 -53 -5 -53 1 1 -53 0 0 
1430 107 -53 -3 -53 1 1 -53 0 0 
1435 107 -53 -3 -53 1 1 -53 0 0 
1440 105 -53 -3 -53 1 1 -53 0 0 
1445 105 -53 -3 -53 1 1 -53 0 0 
1450 107 -53 -3 -53 1 1 -53 0 0 
1455 107 -53 -3 -53 1 1 -53 0 0 
1460 107 -53 -3 -53 1 1 -53 0 0 
1465 107 -53 -3 -53 1 1 -53 0 0 
1470 107 -53 -3 -53 1 1 -53 0 0 
1475 107 -50 -3 -50 1 1 -50 0 0 
1480 107 -50 -3 -50 1 1 -50 0 0 
1485 107 -50 -3 -50 1 1 -50 0 0 
1490 107 -50 -3 -50 1 1 -50 0 0 
1495 107 -50 -5 -50 1 1 -50 0 0 
1500 107 -50 -3 -50 1 1 -50 0 0 
1505 107 -50 -3 -50 1 1 -50 0 0 
1510 107 -50 -3 -50 1 1 -50 0 0 
1515 107 -50 -3 -50 1 1 -50 0 0 
1520 107 -50 -5 -50 1 1 -50 0 0 
1525 107 -50 -5 -50 1 1 -50 0 0 
1530 107 -50 -3 -50 1 1 -50 0 0 
1535 107 -45 -3 -45 1 1 -45 0 0 
1540 107 -45 -3 -45 1 1 -45 0 0 
1545 105 -45 -3 -45 1 1 -45 0 0 
1550 107 -45 -3 -45 1 1 -45 0 0 
1555 105 -45 -3 -45 1 1 -45 0 0 
1560 105 -45 -3 -45 1 1 -45 0 0 
1565 107 -42 -3 -42 1 1 -42 0 0 
1570 107 -42 -3 -42 1 1 -42 0 0 
1575 107 -42 -3 -42 1 1 -42 0 0 
1580 107 -42 -3 -42 1 1 -42 0 0 
1585 107 -42 -3 -42 1 1 -42 0 0 
1590 107 -38 -3 -38 1 1 -38 0 0 
1595 107 -42 -0 -42 1 1 -42 0 0 
1600 107 -38 -3 -38 1 1 -38 0 0 
1605 107 -38 -3 -38 1 1 -38 0 0 
1610 105 -38 -3 -38 1 1 -38 0 0 
1615 107 -38 -3 -38 1 1 -38 0 0 
1620 107 -38 -3 -38 1 1 -38 0 0 
1625 105 -35 -3 -35 1 1 -35 0 0 
1630 105 -35 -3 -35 1 1 -35 0 0 
1635 107 -35 -3 -35 1 1 -35 0 0 
1640 107 -35 -3 -35 1 1 -35 0 0 
1645 105 -35 -5 -35 1 1 -35 0 0 
1650 107 -35 -3 -35 1 1 -35 0 0 
1655 105 -35 -3 -35 1 1 -35 0 0 
1660 107 -30 -3 -30 1 1 -30 0 0 
1665 107 -35 -3 -35 1 1 -35 0 0 
1670 107 -30 -3 -30 1 1 -30 0 0 
1675 105 -30 -3 -30 1 1 -30 0 0 
1680 107 -30 -3 -30 1 1 -30 0 0 
1685 107 -27 -3 -27 1 1 -27 0 0 
1690 105 -27 -5 -27 1 1 -27 0 0 
1695 107 -27 -3 -27 1 1 -27 0 0 
1700 105 -27 -3 -27 1 1 -27 0 0 
1705 107 -30 -3 -30 1 1 -30 0 0 
1710 107 -27 -3 -27 1 1 -27 0 0 
1715 107 -30 -3 -30 1 1 -30 0 0 
1720 107 -30 -5 -30 1 1 -30 0 0 
1725 107 -27 -3 -27 1 1 -27 0 0 
1730 107 -27 -3 -27 1 1 -27 0 0 
1735 107 -27 -3 -27 1 1 -27 0 0 
1740 107 -27 -3 -27 1 1 -27 0 0 
1745 105 -27 -5 -27 1 1 -27 0 0 
1750 107 -27 -3 -27 1 1 -27 0 0 
1755 107 -27 -3 -27 1 1 -27 0 0 
1760 107 -27 -3 -27 1 1 -27 0 0 
1765 107 -23 -3 -23 1 1 -23 0 0 
1770 107 -23 -3 -23 1 1 -23 0 0 
1775 105 -23 -3 -23 1 1 -23 0 0 
1780 107 -20 -3 -20 1 1 -20 0 0 
1785 107 -23 -3 -23 1 1 -23 0 0 
1790 107 -23 -5 -23 1 1 -23 0 0 
1795 107 -23 -3 -23 1 1 -23 0 0 
1800 107 -23 -3 -23 1 1 -23 0 0 
1805 105 -23 -3 -23 1 1 -23 0 0 
1810 107 -23 -3 -23 1 1 -23 0 0 
1815 107 -23 -3 -23 1 1 -23 0 0 
1820 107 -23 -3 -23 1 1 -23 0 0 
1825 107 -23 -3 -23 1 1 -23 0 0 
1830 107 -23 -3 -23 1 1 -23 0 0 
1835 107 -23 -3 -23 1 1 -23 0 0 
1840 107 -23 -3 -23 1 1 -23 0 0 
1845 107 -23 -3 -23 1 1 -23 0 0 
1850 107 -23 -3 -23 1 1 -23 0 0 
1855 107 -23 -3 -23 1 1 -23 0 0 
1860 107 -20 -3 -20 1 1 -20 0 0 
1865 107 -20 -3 -20 1 1 -20 0 0 
1870 107 -15 -3 -15 1 1 -15 0 0 
1875 107 -15 -3 -15 1 1 -15 0 0 
1880 107 -15 -3 -15 1 1 -15 0 0 
1885 107 -15 -3 -15 1 1 -15 0 0 
1890 107 -15 -3 -15 1 1 -15 0 0 
1895 107 -15 -3 -15 1 1 -15 0 0 
1900 107 -12 -0 -12 1 1 -12 0 0 
1905 107 -12 -0 -12 1 1 -12 0 0 
1910 107 -12 -0 -12 1 1 -12 0 0 
1915 107 -12 -0 -12 1 1 -12 0 0 
1920 107 -12 -0 -12 1 1 -12 0 0 
1925 107 -12 -0 -12 1 1 -12 0 0 
1930 105 -12 -0 -12 1 1 -12 0 0 
1935 107 -12 -0 -12 1 1 -12 0 0 
1940 105 -8 -0 -8 1 1 -8 0 0 
1945 107 -8 -0 -8 1 1 -8 0 0 
1950 107 -8 -0 -8 1 1 -8 0 0 
1955 107 -8 -0 -8 1 1 -8 0 0 
1960 107 -8 -0 -8 1 1 -8 0 0 
1965 107 -8 -0 -8 1 1 -8 0 0 
1970 107 -5 -0 -5 1 1 -5 0 0 
1975 107 -5 -0 -5 1 1 -5 0 0 
1980 107 -5 -0 -5 1 1 -5 0 0 
1985 107 -0 3 -0 1 1 -0 0 0 
1990 107 -5 -0 -5 1 1 -5 0 0 
1995 107 -0 3 -0 1 1 -0 0 0 
2000 107 -5 3 -5 1 1 -5 0 0 
2005 107 -0 -0 -0 1 1 -0 0 0 
2010 107 -0 3 -0 1 1 -0 0 0 
2015 107 -0 -0 -0 1 1 -0 0 0 
2020 107 5 3 5 1 1 5 0 0 
2025 107 5 3 5 1 1 5 0 0 
2030 107 5 3 5 1 1 5 0 0 
2035 107 -0 3 -0 1 1 -0 0 0 
2040 107 5 3 5 1 1 5 0 0 
2045 107 -0 -0 -0 1 1 -0 0 0 
2050 107 5 3 5 1 1 5 0 0 
2055 107 5 3 5 1 1 5 0 0 
2060 107 5 3 5 1 1 5 0 0 
2065 107 5 3 5 1 1 5 0 0 
2070 107 5 -0 5 1 1 5 0 0 
2075 107 5 3 5 1 1 5 0 0 
2080 107 -0 -0 -0 1 1 -0 0 0 
2085 107 -0 -0 -0 1 1 -0 0 0 
2090 107 -0 -0 -0 1 1 -0 0 0 
2095 107 -0 3 -0 1 1 -0 0 0 
2100 107 -5 -0 -5 1 1 -5 0 0 
2105 107 -5 -0 -5 1 1 -5 0 0 
2110 107 -5 3 -5 1 1 -5 0 0 
2115 107 -5 3 -5 1 1 -5 0 0 
2120 109 -5 -0 -5 1 1 -5 0 0 
2125 107 -8 3 -8 1 1 -8 0 0 
2130 107 -5 3 -5 1 1 -5 0 0 
2135 107 -8 3 -8 1 1 -8 0 0 
2140 107 -5 -0 -5 1 1 -5 0 0 
2145 107 -5 -0 -5 1 1 -5 0 0 
2150 107 -5 3 -5 1 1 -5 0 0 
2155 107 -5 -0 -5 1 1 -5 0 0 
2160 107 -5 3 -5 1 1 -5 0 0 
2165 109 -8 -0 -8 1 1 -8 0 0 
2170 109 -8 -0 -8 1 1 -8 0 0 
2175 109 -8 3 -8 1 1 -8 0 0 
2180 109 -8 -0 -8 1 1 -8 0 0 
2185 109 -8 3 -8 1 1 -8 0 0 
2190 109 -8 -0 -8 1 1 -8 0 0 
2195 109 -8 -0 -8 1 1 -8 0 0 
2200 109 -8 3 -8 1 1 -8 0 0 
2205 109 -8 -0 -8 1 1 -8 0 0 
2210 109 -8 -0 -8 1 1 -8 0 0 
2215 109 -8 3 -8 1 1 -8 0 0 
2220 109 -5 -0 -5 1 1 -5 0 0 
2225 109 -5 3 -5 1 1 -5 0 0 
2230 109 -5 -0 -5 1 1 -5 0 0 
2235 109 -5 3 -5 1 1 -5 0 0 
2240 109 -5 3 -5 1 1 -5 0 0 
2245 109 -0 3 -0 1 1 -0 0 0 
2250 109 -0 3 -0 1 1 -0 0 0 
2255 109 -0 -0 -0 1 1 -0 0 0 
2260 109 -0 3 -0 1 1 -0 0 0 
2265 109 -0 -0 -0 1 1 -0 0 0 
2270 109 -0 3 -0 1 1 -0 0 0 
2275 109 -0 -0 -0 1 1 -0 0 0 
2280 109 -5 5 -5 1 1 -5 0 0 
2285 109 -0 3 -0 1 1 -0 0 0 
2290 109 -0 3 -0 1 1 -0 0 0 
2295 109 -0 -0 -0 1 1 -0 0 0 
2300 109 -0 -0 -0 1 1 -0 0 0 
2305 109 -5 3 -5 1 1 -5 0 0 
2310 109 -5 3 -5 1 1 -5 0 0 
2315 110 -5 -0 -5 1 1 -5 0 0 
2320 110 -5 3 -5 1 1 -5 0 0 
2325 109 -5 -0 -5 1 1 -5 0 0 
2330 109 -5 -0 -5 1 1 -5 0 0 
2335 109 -5 3 -5 1 1 -5 0 0 
2340 110 -5 -0 -5 1 1 -5 0 0 
2345 109 -8 -0 -8 1 1 -8 0 0 
2350 110 -8 -0 -8 1 1 -8 0 0 
2355 109 -8 -0 -8 1 1 -8 0 0 
2360 110 -8 -0 -8 1 1 -8 0 0 
2365 109 -8 -0 -8 1 1 -8 0 0 
2370 109 -8 -0 -8 1 1 -8 0 0 
2375 110 -12 -0 -12 1 1 -12 0 0 
2380 110 -12 -0 -12 1 1 -12 0 0 
2385 109 -12 -0 -12 1 1 -12 0 0 
2390 109 -15 -0 -15 1 1 -15 0 0 
2395 110 -15 -0 -15 1 1 -15 0 0 
2400 110 -15 -0 -15 1 1 -15 0 0 
2405 110 -15 -0 -15 1 1 -15 0 0 
2410 109 -15 -0 -15 1 1 -15 0 0 
2415 109 -15 -3 -15 1 1 -15 0 0 
2420 110 -20 -5 -20 1 1 -20 0 0 
2425 109 -20 -5 -20 1 1 -20 0 0 
2430 110 -20 -5 -20 1 1 -20 0 0 
2435 109 -20 -10 -20 1 1 -20 0 0 
2440 110 -20 -5 -20 1 1 -20 0 0 
2445 110 -20 -5 -20 1 1 -20 0 0 
2450 110 -20 -10 -20 1 1 -20 0 0 
2455 110 -20 -10 -20 1 1 -20 0 0 
2460 110 -20 -10 -20 1 1 -20 0 0 
2465 109 -20 -10 -20 1 1 -20 0 0 
2470 109 -20 -5 -20 1 1 -20 0 0 
2475 109 -20 -5 -20 1 1 -20 0 0 
2480 109 -23 -10 -23 1 1 -23 0 0 
2485 110 -23 -10 -23 1 1 -23 0 0 
2490 109 -27 -5 -27 1 1 -27 0 0 
2495 109 -27 -5 -27 1 1 -27 0 0 
2500 110 -27 -5 -27 1 1 -27 0 0 
2505 109 -27 -5 -27 1 1 -27 0 0 
2510 110 -27 -10 -27 1 1 -27 0 0 
2515 109 -27 -10 -27 1 1 -27 0 0 
2520 109 -27 -10 -27 1 1 -27 0 0 
2525 109 -27 -5 -27 1 1 -27 0 0 
2530 109 -27 -5 -27 1 1 -27 0 0 
2535 110 -23 -5 -23 1 1 -23 0 0 
2540 109 -23 -5 -23 1 1 -23 0 0 
2545 110 -23 -5 -23 1 1 -23 0 0 
2550 109 -20 -5 -20 1 1 -20 0 0 
2555 109 -20 -5 -20 1 1 -20 0 0 
2560 109 -15 -10 -15 1 1 -15 0 0 
2565 109 -15 -5 -15 1 1 -15 0 0 
2570 109 -15 -10 -15 1 1 -15 0 0 
2575 109 -15 -5 -15 1 1 -15 0 0 
2580 109 -15 -10 -15 1 1 -15 0 0 
2585 109 -15 -5 -15 1 1 -15 0 0 
2590 109 -12 -5 -12 1 1 -12 0 0 
2595 109 -12 -10 -12 1 1 -12 0 0 
2600 109 -15 -10 -15 1 1 -15 0 0 
2605 109 -12 -5 -12 1 1 -12 0 0 
2610 109 -12 -10 -12 1 1 -12 0 0 
2615 109 -15 -5 -15 1 1 -15 0 0 
2620 109 -15 -5 -15 1 1 -15 0 0 
2625 109 -15 -5 -15 1 1 -15 0 0 
2630 109 -12 -5 -12 1 1 -12 0 0 
2635 109 -12 -5 -12 1 1 -12 0 0 
2640 109 -12 -5 -12 1 1 -12 0 0 
2645 109 -12 -5 -12 1 1 -12 0 0 
2650 109 -8 -3 -8 1 1 -8 0 0 
2655 109 -8 -3 -8 1 1 -8 0 0 
2660 109 -5 -3 -5 1 1 -5 0 0 
2665 109 -5 -0 -5 1 1 -5 0 0 
2670 109 -5 -0 -5 1 1 -5 0 0 
2675 109 -0 -0 -0 1 1 -0 0 0 
2680 109 -0 3 -0 1 1 -0 0 0 
2685 109 5 -0 5 1 1 5 0 0 
2690 109 5 3 5 1 1 5 0 0 
2695 109 5 3 5 1 1 5 0 0 
2700 109 8 3 8 1 1 8 0 0 
2705 109 8 3 8 1 1 8 0 0 
2710 109 8 3 8 1 1 8 0 0 
2715 109 8 5 8 1 1 8 0 0 
2720 109 8 3 8 1 1 8 0 0 
2725 109 8 5 8 1 1 8 0 0 
2730 109 8 5 8 1 1 8 0 0 
2735 109 8 5 8 1 1 8 0 0 
2740 109 8 5 8 1 1 8 0 0 
2745 109 12 10 12 1 1 12 0 0 
2750 109 12 10 12 1 1 12 0 0 
2755 109 12 13 12 1 1 12 0 0 
2760 109 12 13 12 1 1 12 0 0 
2765 109 12 13 12 1 1 12 0 0 
2770 109 12 13 12 1 1 12 0 0 
2775 110 12 15 12 1 1 12 0 0 
2780 109 12 15 12 1 1 12 0 0 
2785 110 12 15 12 1 1 12 0 0 
2790 109 12 15 12 1 1 12 0 0 
2795 110 12 18 12 1 1 12 0 0 
2800 110 12 15 12 1 1 12 0 0 
2805 110 8 15 8 1 1 8 0 0 
2810 110 8 15 8 1 1 8 0 0 
2815 110 5 15 5 1 1 5 0 0 
2820 110 5 15 5 1 1 5 0 0 
2825 110 5 15 5 1 1 5 0 0 
2830 110 5 15 5 1 1 5 0 0 
2835 110 5 15 5 1 1 5 0 0 
2840 110 5 13 5 1 1 5 0 0 
2845 110 5 13 5 1 1 5 0 0 
2850 110 -0 15 -0 1 1 -0 0 0 
2855 110 5 13 5 1 1 5 0 0 
2860 110 5 15 5 1 1 5 0 0 
2865 110 5 15 5 1 1 5 0 0 
2870 110 5 13 5 1 1 5 0 0 
2875 110 8 13 8 1 1 8 0 0 
2880 110 8 13 8 1 1 8 0 0 
2885 112 8 15 8 1 1 8 0 0 
2890 112 8 13 8 1 1 8 0 0 
2895 112 5 13 5 1 1 5 0 0 
2900 112 5 13 5 1 1 5 0 0 
2905 110 5 13 5 1 1 5 0 0 
2910 112 5 13 5 1 1 5 0 0 
2915 112 -0 13 -0 1 1 -0 0 0 
2920 112 -0 13 -0 1 1 -0 0 0 
2925 112 5 10 5 1 1 5 0 0 
2930 112 -0 10 -0 1 1 -0 0 0 
2935 112 -0 5 -0 1 1 -0 0 0 
2940 112 -0 5 -0 1 1 -0 0 0 
2945 112 -0 3 -0 1 1 -0 0 0 
2950 112 -0 3 -0 1 1 -0 0 0 
2955 112 -0 3 -0 1 1 -0 0 0 
2960 112 -0 3 -0 1 1 -0 0 0 
2965 112 5 3 5 1 1 5 0 0 
2970 112 5 5 5 1 1 5 0 0 
2975 112 5 5 5 1 1 5 0 0 
2980 112 8 5 8 1 1 8 0 0 
2985 112 8 10 8 1 1 8 0 0 
2990 112 12 10 12 1 1 12 0 0 
2995 112 12 13 12 1 1 12 0 0 
3000 112 12 13 12 1 1 12 0 0 
3005 112 15 15 15 1 1 15 0 0 
3010 112 15 18 15 1 1 15 0 0 
3015 112 15 23 15 1 1 15 0 0 
3020 114 15 25 15 1 1 15 0 0 
3025 114 15 25 15 1 1 15 0 0 
3030 114 15 28 15 1 1 15 0 0 
3035 114 15 30 15 1 1 15 0 0 
3040 114 20 38 20 1 1 20 0 0 
3045 114 15 40 15 1 1 15 0 0 
3050 114 20 43 20 1 1 20 0 0 
3055 114 20 48 20 1 1 20 0 0 
3060 114 20 50 20 1 1 20 0 0 
3065 116 20 58 20 1 1 20 0 0 
3070 116 20 63 20 1 1 20 0 0 
3075 116 23 68 23 1 1 23 0 0 
3080 116 23 75 23 1 1 23 0 0 
3085 116 23 78 23 1 1 23 0 0 
3090 118 27 88 27 1 1 27 0 0 
3095 118 27 90 27 1 1 27 0 0 
3100 118 30 95 30 1 1 30 0 0 
3105 118 27 105 27 1 1 27 0 0 
3110 118 30 115 30 1 1 30 0 0 
3115 119 30 120 30 1 1 30 0 0 
3120 119 30 130 30 1 1 30 0 0 
3125 121 30 140 30 1 1 30 0 0 
3130 121 35 148 35 1 1 35 0 0 
3135 121 35 155 35 1 1 35 0 0 
3140 123 35 165 35 1 1 35 0 0 
3145 123 35 173 35 1 1 35 0 0 
3150 125 35 185 35 1 1 35 0 0 
3155 125 35 195 35 1 1 35 0 0 
3160 125 35 205 35 1 1 35 0 0 
3165 129 35 220 35 1 1 35 0 0 
3170 129 35 228 35 1 1 35 0 0 
3175 130 35 238 35 1 1 35 0 0 
3180 130 35 250 35 1 1 35 0 0 
3185 132 38 263 38 1 1 38 0 0 
3190 134 35 275 35 1 1 35 0 0 
3195 136 35 285 35 1 1 35 0 0 
3200 136 35 298 35 1 1 35 0 0 
3205 138 35 313 35 1 1 35 0 0 
3210 139 35 323 35 1 1 35 0 0 
3215 141 35 333 35 1 1 35 0 0 
3220 143 35 345 35 1 1 35 0 0 
3225 145 35 363 35 1 1 35 0 0 
3230 147 30 370 30 1 1 30 0 0 
3235 148 30 383 30 1 1 30 0 0 
3240 150 30 393 30 1 1 30 0 0 
3245 152 27 408 27 1 1 27 0 0 
3250 154 27 420 27 1 1 27 0 0 
3255 156 23 430 23 1 1 23 0 0 
3260 158 23 445 23 1 1 23 0 0 
3265 161 20 455 20 1 1 20 0 0 
3270 163 20 468 20 1 1 20 0 0 
3275 167 20 473 20 1 1 20 0 0 
3280 168 15 485 15 1 1 15 0 0 
3285 170 15 495 15 1 1 15 0 0 
3290 174 12 508 12 1 1 12 0 0 
3295 176 12 520 12 1 1 12 0 0 
3300 177 12 525 12 1 1 12 0 0 
3305 181 12 525 12 1 1 12 0 0 
3310 185 8 525 8 1 1 8 0 0 
3315 187 8 528 8 1 1 8 0 0 
3320 188 8 533 8 1 1 8 0 0 
3325 192 12 535 12 1 1 12 0 0 
3330 194 12 538 12 1 1 12 0 0 
3335 197 20 540 20 1 1 20 0 0 
3340 199 23 545 23 1 1 23 0 0 
3345 203 27 548 27 1 1 27 0 0 
3350 205 23 548 23 1 1 23 0 0 
3355 206 23 548 23 1 1 23 0 0 
3360 210 20 550 20 1 1 20 0 0 
3365 214 15 553 15 1 1 15 0 0 
3370 216 15 555 15 1 1 15 0 0 
3375 217 15 560 15 1 1 15 0 0 
3380 221 20 563 20 1 1 20 0 0 
3385 225 20 560 20 1 1 20 0 0 
3390 226 15 560 15 1 1 15 0 0 
3395 231 12 560 12 1 1 12 0 0 
3400 233 8 560 8 1 1 8 0 0 
3405 237 5 555 5 1 1 5 0 0 
3410 240 -0 560 -0 1 1 -0 0 0 
3415 242 -0 560 -0 1 1 -0 0 0 
3420 246 -0 560 -0 1 1 -0 0 0 
3425 247 5 560 5 1 1 5 0 0 
3430 251 8 560 8 1 1 8 0 0 
3435 253 8 560 8 1 1 8 0 0 
3440 256 8 560 8 1 1 8 0 0 
3445 258 8 560 8 1 1 8 0 0 
3450 262 8 560 8 1 1 8 0 0 
3455 264 5 563 5 1 1 5 0 0 
3460 267 5 563 5 1 1 5 0 0 
3465 271 8 565 8 1 1 8 0 0 
3470 275 12 573 12 1 1 12 0 0 
3475 276 15 575 15 1 1 15 0 0 
3480 278 20 578 20 1 1 20 0 0 
3485 282 23 580 23 1 1 23 0 0 
3490 285 27 585 27 1 1 27 0 0 
3495 289 27 590 27 1 1 27 0 0 
3500 291 27 593 27 1 1 27 0 0 
3505 295 23 598 23 1 1 23 0 0 
3510 298 23 600 23 1 1 23 0 0 
3515 300 20 600 20 1 1 20 0 0 
3520 304 23 598 23 1 1 23 0 0 
3525 307 23 600 23 1 1 23 0 0 
3530 309 27 600 27 1 1 27 0 0 
3535 313 30 598 30 1 1 30 0 0 
3540 316 35 598 35 1 1 35 0 0 
3545 318 42 600 42 1 1 42 0 0 
3550 322 50 600 50 1 1 50 0 0 
3555 325 53 600 53 1 1 53 0 0 
3560 327 57 600 57 1 1 57 0 0 
3565 331 60 600 60 1 1 60 0 0 
3570 333 60 598 60 1 1 60 0 0 
3575 336 65 600 65 1 1 65 0 0 
3580 340 68 600 68 1 1 68 0 0 
3585 344 72 600 72 1 1 72 0 0 
3590 345 75 600 75 1 1 75 0 0 
3595 349 80 600 80 1 1 80 0 0 
3600 353 83 598 83 1 1 83 0 0 
3605 354 90 600 90 1 1 90 0 0 
3610 358 95 600 95 1 1 95 0 0 
3615 362 98 600 98 1 1 98 0 0 
3620 363 102 600 102 1 1 102 0 0 
3625 367 110 600 110 1 1 110 0 0 
3630 371 113 600 113 1 1 113 0 0 
3635 374 117 600 117 1 1 117 0 0 
3640 376 120 598 120 1 1 120 0 0 
3645 378 125 600 125 1 1 125 0 0 
3650 383 128 600 128 1 1 128 0 0 
3655 385 135 600 135 1 1 135 0 0 
3660 389 140 598 140 1 1 140 0 0 
3665 391 147 600 147 1 1 147 0 0 
3670 394 150 600 150 1 1 150 0 0 
3675 398 155 600 155 1 1 155 0 0 
3680 400 155 600 155 1 1 155 0 0 
3685 403 155 600 155 1 1 155 0 0 
3690 407 158 598 158 1 1 158 0 0 
3695 409 158 600 158 1 1 158 0 0 
3700 412 162 598 162 1 1 162 0 0 
3705 416 165 600 165 1 1 165 0 0 
3710 418 165 598 165 1 1 165 0 0 
3715 422 170 600 170 1 1 170 0 0 
3720 423 170 600 170 1 1 170 0 0 
3725 427 177 600 177 1 1 177 0 0 
3730 431 173 600 173 1 1 173 0 0 
3735 432 173 600 173 1 1 173 0 0 
3740 436 177 600 177 1 1 177 0 0 
3745 440 177 600 177 1 1 177 0 0 
3750 444 177 600 177 1 1 177 0 0 
3755 446 180 600 180 1 1 180 0 0 
3760 448 180 598 180 1 1 180 0 0 
3765 452 180 598 180 1 1 180 0 0 
3770 455 185 600 185 1 1 185 0 0 
3775 457 185 600 185 1 1 185 0 0 
3780 461 185 598 185 1 1 185 0 0 
3785 464 185 600 185 1 1 185 0 0 
3790 468 185 600 185 1 1 185 0 0 
3795 470 188 600 188 1 1 188 0 0 
3800 473 188 600 188 1 1 188 0 0 
3805 477 188 598 188 1 1 188 0 0 
3810 479 192 598 192 1 1 192 0 0 
3815 482 192 600 192 1 1 192 0 0 
3820 486 192 598 192 1 1 192 0 0 
3825 490 195 600 195 1 1 195 0 0 
3830 491 200 600 200 1 1 200 0 0 
3835 495 200 600 200 1 1 200 0 0 
3840 499 200 598 200 1 1 200 0 0 
3845 500 203 600 203 1 1 203 0 0 
3850 504 203 600 203 1 1 203 0 0 
3855 508 203 600 203 1 1 203 0 0 
3860 510 207 598 207 1 1 207 0 0 
3865 513 207 598 207 1 1 207 0 0 
3870 517 210 600 210 1 1 210 0 0 
3875 519 210 598 210 1 1 210 0 0 
3880 522 215 600 215 1 1 215 0 0 
3885 526 215 600 215 1 1 215 0 0 
3890 528 215 598 215 1 1 215 0 0 
3895 531 215 598 215 1 1 215 0 0 
3900 535 218 600 218 1 1 218 0 0 
3905 537 218 600 218 1 1 218 0 0 
3910 540 218 600 218 1 1 218 0 0 
3915 544 218 600 218 1 1 218 0 0 
3920 546 218 598 218 1 1 218 0 0 
3925 549 222 600 222 1 1 222 0 0 
3930 553 222 598 222 1 1 222 0 0 
3935 555 222 598 222 1 1 222 0 0 
3940 559 222 600 222 1 1 222 0 0 
3945 562 225 600 225 1 1 225 0 0 
3950 564 225 600 225 1 1 225 0 0 
3955 568 225 600 225 1 1 225 0 0 
3960 571 225 600 225 1 1 225 0 0 
3965 575 230 600 230 1 1 230 0 0 
3970 577 233 600 233 1 1 233 0 0 
3975 580 233 600 233 1 1 233 0 0 
3980 582 237 600 237 1 1 237 0 0 
3985 586 237 600 237 1 1 237 0 0 
3990 589 240 600 240 1 1 240 0 0 
3995 591 240 600 240 1 1 240 0 0 
4000 595 240 600 240 1 1 240 0 0 
4005 598 240 600 240 1 1 240 0 0 
4010 600 240 598 240 1 1 240 0 0 
4015 604 245 600 245 1 1 245 0 0 
4020 606 245 600 245 1 1 245 0 0 
4025 609 248 598 248 1 1 248 0 0 
4030 613 248 600 248 1 1 248 0 0 
4035 615 248 600 248 1 1 248 0 0 
4040 618 252 600 252 1 1 252 0 0 
4045 622 252 600 252 1 1 252 0 0 
4050 626 252 600 252 1 1 252 0 0 
4055 629 252 598 252 1 1 252 0 0 
4060 631 252 600 252 1 1 252 0 0 
4065 635 255 600 255 1 1 255 0 0 
4070 637 255 600 255 1 1 255 0 0 
4075 640 255 600 255 1 1 255 0 0 
4080 642 260 600 260 1 1 260 0 0 
4085 646 260 600 260 1 1 260 0 0 
4090 649 260 600 260 1 1 260 0 0 
4095 653 260 600 260 1 1 260 0 0 
4100 656 255 600 255 1 1 255 0 0 
4105 659 255 600 255 1 1 255 0 0 
4110 663 255 600 255 1 1 255 0 0 
4115 665 255 598 255 1 1 255 0 0 
4120 668 255 600 255 1 1 255 0 0 
4125 672 255 600 255 1 1 255 0 0 
4130 674 255 600 255 1 1 255 0 0 
4135 676 255 600 255 1 1 255 0 0 
4140 679 255 598 255 1 1 255 0 0 
4145 683 255 600 255 1 1 255 0 0 
4150 686 255 600 255 1 1 255 0 0 
4155 688 255 598 255 1 1 255 0 0 
4160 692 252 600 252 1 1 252 0 0 
4165 696 252 600 252 1 1 252 0 0 
4170 697 248 598 248 1 1 248 0 0 
4175 701 248 600 248 1 1 248 0 0 
4180 705 248 600 248 1 1 248 0 0 
4185 708 248 598 248 1 1 248 0 0 
4190 710 248 600 248 1 1 248 0 0 
4195 714 248 600 248 1 1 248 0 0 
4200 715 248 598 248 1 1 248 0 0 
4205 719 248 598 248 1 1 248 0 0 
4210 723 248 600 248 1 1 248 0 0 
4215 725 248 600 248 1 1 248 0 0 
4220 728 245 600 245 1 1 245 0 0 
4225 732 245 600 245 1 1 245 0 0 
4230 734 240 600 240 1 1 240 0 0 
4235 737 240 600 240 1 1 240 0 0 
4240 739 240 600 240 1 1 240 0 0 
4245 743 240 600 240 1 1 240 0 0 
4250 746 240 600 240 1 1 240 0 0 
4255 750 240 598 240 1 1 240 0 0 
4260 752 240 600 240 1 1 240 0 0 
4265 755 240 600 240 1 1 240 0 0 
4270 759 240 600 240 1 1 240 0 0 
4275 761 240 600 240 1 1 240 0 0 
4280 764 240 598 240 1 1 240 0 0 
4285 768 240 598 240 1 1 240 0 0 
4290 770 240 600 240 1 1 240 0 0 
4295 774 240 600 240 1 1 240 0 0 
4300 775 240 600 240 1 1 240 0 0 
4305 779 240 600 240 1 1 240 0 0 
4310 783 240 590 240 1 1 240 0 0 
4315 786 237 580 237 1 1 237 0 0 
4320 788 237 573 237 1 1 237 0 0 
4325 790 237 560 237 1 1 237 0 0 
4330 793 237 555 237 1 1 237 0 0 
4335 797 240 548 240 1 1 240 0 0 
4340 799 240 538 240 1 1 240 0 0 
4345 801 248 523 248 1 1 248 0 0 
4350 804 255 520 255 1 1 255 0 0 
4355 806 260 513 260 1 1 260 0 0 
4360 810 260 498 260 1 1 260 0 0 
4365 813 260 488 260 1 1 260 0 0 
4370 815 260 483 260 1 1 260 0 0 
4375 817 260 470 260 1 1 260 0 0 
4380 819 260 460 260 1 1 260 0 0 
4385 821 255 450 255 1 1 255 0 0 
4390 824 260 445 260 1 1 260 0 0 
4395 826 260 435 260 1 1 260 0 0 
4400 828 263 428 263 1 1 263 0 0 
4405 832 263 415 263 1 1 263 0 0 
4410 833 263 408 263 1 1 263 0 0 
4415 835 263 395 263 1 1 263 0 0 
4420 837 263 390 263 1 1 263 0 0 
4425 839 260 375 260 1 1 260 0 0 
4430 841 255 368 255 1 1 255 0 0 
4435 842 255 363 255 1 1 255 0 0 
4440 844 255 353 255 1 1 255 0 0 
4445 846 255 340 255 1 1 255 0 0 
4450 848 255 328 255 1 1 255 0 0 
4455 850 255 325 255 1 1 255 0 0 
4460 852 255 315 255 1 1 255 0 0 
4465 853 255 305 255 1 1 255 0 0 
4470 855 252 300 252 1 1 252 0 0 
4475 857 252 288 252 1 1 252 0 0 
4480 857 252 275 252 1 1 252 0 0 
4485 859 252 263 252 1 1 252 0 0 
4490 861 252 260 252 1 1 252 0 0 
4495 862 252 245 252 1 1 252 0 0 
4500 862 252 240 252 1 1 252 0 0 
4505 864 252 235 252 1 1 252 0 0 
4510 866 255 223 255 1 1 255 0 0 
4515 866 255 213 255 1 1 255 0 0 
4520 868 255 200 255 1 1 255 0 0 
4525 868 255 188 255 1 1 255 0 0 
4530 871 255 170 255 1 1 255 0 0 
4535 871 255 155 255 1 1 255 0 0 
4540 872 260 145 260 1 1 260 0 0 
4545 872 260 145 260 1 1 260 0 0 
4550 874 267 133 267 1 1 267 0 0 
4555 874 270 133 270 1 1 270 0 0 
4560 876 275 130 275 1 1 275 0 0 
4565 876 278 123 278 1 1 278 0 0 
4570 876 278 120 278 1 1 278 0 0 
4575 878 278 120 278 1 1 278 0 0 
4580 878 275 110 275 1 1 275 0 0 
4585 878 275 103 275 1 1 275 0 0 
4590 878 275 103 275 1 1 275 0 0 
4595 880 275 100 275 1 1 275 0 0 
4600 880 282 90 282 1 1 282 0 0 
4605 880 285 80 285 1 1 285 0 0 
4610 882 290 80 290 1 1 290 0 0 
4615 882 293 78 293 1 1 293 0 0 
4620 880 297 70 297 1 1 297 0 0 
4625 883 297 70 297 1 1 297 0 0 
4630 883 300 53 300 1 1 300 0 0 
4635 883 300 53 300 1 1 300 0 0 
4640 883 300 53 300 1 1 300 0 0 
4645 883 305 53 305 1 1 305 0 0 
4650 883 308 53 308 1 1 308 0 0 
4655 883 312 53 312 1 1 312 0 0 
4660 883 312 48 312 1 1 312 0 0 
4665 883 315 48 315 1 1 315 0 0 
4670 885 315 48 315 1 1 315 0 0 
4675 885 315 48 315 1 1 315 0 0 
4680 885 315 43 315 1 1 315 0 0 
4685 885 320 40 320 1 1 320 0 0 
4690 885 320 40 320 1 1 320 0 0 
4695 885 323 43 323 1 1 323 0 0 
4700 887 323 40 323 1 1 323 0 0 
4705 887 323 35 323 1 1 323 0 0 
4710 885 323 35 323 1 1 323 0 0 
4715 887 320 38 320 1 1 320 0 0 
4720 887 315 35 315 1 1 315 0 0 
4725 887 312 30 312 1 1 312 0 0 
4730 887 305 35 305 1 1 305 0 0 
4735 887 300 35 300 1 1 300 0 0 
4740 887 290 35 290 1 1 290 0 0 
4745 889 282 35 282 1 1 282 0 0 
4750 887 275 30 275 1 1 275 0 0 
4755 887 270 30 270 1 1 270 0 0 
4760 889 263 28 263 1 1 263 0 0 
4765 889 260 28 260 1 1 260 0 0 
4770 889 252 28 252 1 1 252 0 0 
4775 889 248 28 248 1 1 248 0 0 
4780 889 240 28 240 1 1 240 0 0 
4785 889 237 25 237 1 1 237 0 0 
4790 889 233 28 233 1 1 233 0 0 
4795 889 230 28 230 1 1 230 0 0 
4800 889 225 28 225 1 1 225 0 0 
4805 891 218 25 218 1 1 218 0 0 
4810 889 215 23 215 1 1 215 0 0 
4815 889 210 23 210 1 1 210 0 0 
4820 889 207 28 207 1 1 207 0 0 
4825 891 207 28 207 1 1 207 0 0 
4830 889 207 15 207 1 1 207 0 0 
4835 891 203 18 203 1 1 203 0 0 
4840 891 203 15 203 1 1 203 0 0 
4845 891 200 15 200 1 1 200 0 0 
4850 891 200 13 200 1 1 200 0 0 
4855 891 200 15 200 1 1 200 0 0 
4860 891 195 15 195 1 1 195 0 0 
4865 891 195 13 195 1 1 195 0 0 
4870 891 192 15 192 1 1 192 0 0 
4875 891 188 15 188 1 1 188 0 0 
4880 891 185 15 185 1 1 185 0 0 
4885 891 180 15 180 1 1 180 0 0 
4890 891 177 15 177 1 1 177 0 0 
4895 891 173 13 173 1 1 173 0 0 
4900 891 170 15 170 1 1 170 0 0 
4905 892 165 13 165 1 1 165 0 0 
4910 891 165 10 165 1 1 165 0 0 
4915 891 162 10 162 1 1 162 0 0 
4920 892 158 10 158 1 1 158 0 0 
4925 892 155 13 155 1 1 155 0 0 
4930 892 147 10 147 1 1 147 0 0 
4935 892 143 10 143 1 1 143 0 0 
4940 892 140 10 140 1 1 140 0 0 
4945 892 135 10 135 1 1 135 0 0 
4950 892 128 10 128 1 1 128 0 0 
4955 892 125 10 125 1 1 125 0 0 
4960 892 125 10 125 1 1 125 0 0 
4965 892 120 10 120 1 1 120 0 0 
4970 892 117 10 117 1 1 117 0 0 
4975 892 113 10 113 1 1 113 0 0 
4980 892 110 10 110 1 1 110 0 0 
4985 892 105 10 105 1 1 105 0 0 
4990 892 102 5 102 1 1 102 0 0 
4995 892 95 10 95 1 1 95 0 0 
5000 892 90 10 90 1 1 90 0 0 
5005 892 83 10 83 1 1 83 0 0 
5010 892 80 10 80 1 1 80 0 0 
5015 892 72 5 72 1 1 72 0 0 
5020 892 65 10 65 1 1 65 0 0 
5025 892 57 10 57 1 1 57 0 0 
5030 892 50 10 50 1 1 50 0 0 
5035 892 45 10 45 1 1 45 0 0 
5040 892 42 10 42 1 1 42 0 0 
5045 892 38 5 38 1 1 38 0 0 
5050 892 30 10 30 1 1 30 0 0 
5055 892 27 5 27 1 1 27 0 0 
5060 892 23 5 23 1 1 23 0 0 
5065 892 20 5 20 1 1 20 0 0 
5070 892 12 3 12 1 1 12 0 0 
5075 892 8 3 8 1 1 8 0 0 
5080 892 -0 -0 -0 1 1 -0 0 0 
5085 892 -5 -0 -5 1 1 -5 0 0 
5090 894 -12 -0 -12 1 1 -12 0 0 
5095 892 -15 -3 -15 1 1 -15 0 0 
5100 892 -20 -5 -20 1 1 -20 0 0 
5105 892 -20 -10 -20 1 1 -20 0 0 
5110 892 -27 -15 -27 1 1 -27 0 0 
5115 892 -30 -23 -30 1 1 -30 0 0 
5120 892 -35 -30 -35 1 1 -35 0 0 
5125 892 -38 -38 -38 1 1 -38 0 0 
5130 892 -42 -48 -42 1 1 -42 0 0 
5135 892 -45 -55 -45 1 1 -45 0 0 
5140 892 -45 -63 -45 1 1 -45 0 0 
5145 892 -50 -70 -50 1 1 -50 0 0 
5150 892 -50 -78 -50 1 1 -50 0 0 
5155 891 -50 -88 -50 1 1 -50 0 0 
5160 891 -50 -95 -50 1 1 -50 0 0 
5165 889 -50 -105 -50 1 1 -50 0 0 
5170 889 -50 -118 -50 1 1 -50 0 0 
5175 889 -45 -128 -45 1 1 -45 0 0 
5180 889 -50 -135 -50 1 1 -50 0 0 
5185 887 -45 -148 -45 1 1 -45 0 0 
5190 887 -45 -158 -45 1 1 -45 0 0 
5195 887 -45 -168 -45 1 1 -45 0 0 
5200 885 -45 -180 -45 1 1 -45 0 0 
5205 885 -45 -193 -45 1 1 -45 0 0 
5210 883 -45 -208 -45 1 1 -45 0 0 
5215 882 -45 -220 -45 1 1 -45 0 0 
5220 882 -45 -233 -45 1 1 -45 0 0 
5225 880 -50 -245 -50 2 1 -50 0 0 
5230 878 -50 -263 -50 2 1 -50 0 0 
5235 878 -53 -278 -53 2 1 -53 0 0 
5240 876 -57 -290 -57 2 1 -57 0 0 
5245 874 -57 -310 -57 2 1 -57 0 0 
5250 872 -57 -325 -57 2 1 -57 0 0 
5255 872 -57 -340 -57 2 1 -57 0 0 
5260 871 -57 -355 -57 2 1 -57 0 0 
5265 868 -53 -375 -53 2 1 -53 0 0 
5270 864 -53 -390 -53 2 1 -53 0 0 
5275 862 -53 -405 -53 2 1 -53 0 0 
5280 862 -53 -423 -53 2 1 -53 0 0 
5285 859 -53 -443 -53 2 1 -53 0 0 
5290 857 -53 -463 -53 2 1 -53 0 0 
5295 855 -53 -480 -53 2 1 -53 0 0 
5300 852 -53 -498 -53 2 1 -53 0 0 
5305 850 -53 -523 -53 2 1 -53 0 0 
5310 846 -53 -545 -53 2 1 -53 0 0 
5315 844 -53 -560 -53 2 1 -53 0 0 
5320 841 -53 -580 -53 2 1 -53 0 0 
5325 839 -57 -598 -57 2 1 -57 0 0 
5330 835 -57 -600 -57 2 1 -57 0 0 
5335 832 -57 -600 -57 2 1 -57 0 0 
5340 828 -57 -600 -57 2 1 -57 0 0 
5345 828 -53 -603 -53 2 1 -53 0 0 
5350 822 -57 -600 -57 2 1 -57 0 0 
5355 819 -65 -600 -65 2 1 -65 0 0 
5360 817 -72 -600 -72 2 1 -72 0 0 
5365 813 -80 -600 -80 2 1 -80 0 0 
5370 810 -90 -600 -90 2 1 -90 0 0 
5375 808 -98 -600 -98 2 1 -98 0 0 
5380 804 -102 -600 -102 2 1 -102 0 0 
5385 803 -105 -600 -105 2 1 -105 0 0 
5390 799 -110 -603 -110 2 1 -110 0 0 
5395 795 -110 -600 -110 2 1 -110 0 0 
5400 793 -110 -600 -110 2 1 -110 0 0 
5405 790 -113 -600 -113 2 1 -113 0 0 
5410 786 -113 -600 -113 2 1 -113 0 0 
5415 784 -117 -600 -117 2 1 -117 0 0 
5420 781 -120 -600 -120 2 1 -120 0 0 
5425 779 -125 -600 -125 2 1 -125 0 0 
5430 775 -125 -603 -125 2 1 -125 0 0 
5435 772 -125 -600 -125 2 1 -125 0 0 
5440 770 -120 -600 -120 2 1 -120 0 0 
5445 766 -117 -600 -117 2 1 -117 0 0 
5450 763 -117 -600 -117 2 1 -117 0 0 
5455 761 -113 -600 -113 2 1 -113 0 0 
5460 757 -113 -600 -113 2 1 -113 0 0 
5465 755 -110 -600 -110 2 1 -110 0 0 
5470 752 -110 -600 -110 2 1 -110 0 0 
5475 748 -110 -600 -110 2 1 -110 0 0 
5480 745 -105 -603 -105 2 1 -105 0 0 
5485 743 -102 -603 -102 2 1 -102 0 0 
5490 739 -98 -600 -98 2 1 -98 0 0 
5495 735 -98 -600 -98 2 1 -98 0 0 
5500 734 -95 -600 -95 2 1 -95 0 0 
5505 730 -90 -600 -90 2 1 -90 0 0 
5510 728 -90 -600 -90 2 1 -90 0 0 
5515 725 -90 -600 -90 2 1 -90 0 0 
5520 721 -90 -600 -90 2 1 -90 0 0 
5525 717 -90 -600 -90 2 1 -90 0 0 
5530 715 -87 -603 -87 2 1 -87 0 0 
5535 712 -87 -600 -87 2 1 -87 0 0 
5540 710 -90 -603 -90 2 1 -90 0 0 
5545 706 -90 -600 -90 2 1 -90 0 0 
5550 703 -90 -600 -90 2 1 -90 0 0 
5555 699 -95 -600 -95 2 1 -95 0 0 
5560 697 -95 -600 -95 2 1 -95 0 0 
5565 694 -98 -600 -98 2 1 -98 0 0 
5570 690 -102 -600 -102 2 1 -102 0 0 
5575 688 -105 -600 -105 2 1 -105 0 0 
5580 685 -110 -600 -110 2 1 -110 0 0 
5585 681 -117 -600 -117 2 1 -117 0 0 
5590 679 -120 -603 -120 2 1 -120 0 0 
5595 676 -128 -600 -128 2 1 -128 0 0 
5600 674 -135 -600 -135 2 1 -135 0 0 
5605 670 -140 -600 -140 2 1 -140 0 0 
5610 667 -143 -603 -143 2 1 -143 0 0 
5615 665 -150 -600 -150 2 1 -150 0 0 
5620 661 -155 -600 -155 2 1 -155 0 0 
5625 657 -162 -600 -162 2 1 -162 0 0 
5630 656 -165 -603 -165 2 1 -165 0 0 
5635 651 -173 -600 -173 2 1 -173 0 0 
5640 647 -177 -600 -177 2 1 -177 0 0 
5645 646 -180 -600 -180 2 1 -180 0 0 
5650 642 -185 -600 -185 2 1 -185 0 0 
5655 638 -188 -600 -188 2 1 -188 0 0 
5660 637 -195 -600 -195 2 1 -195 0 0 
5665 633 -203 -603 -203 2 1 -203 0 0 
5670 629 -210 -600 -210 2 1 -210 0 0 
5675 627 -215 -603 -215 2 1 -215 0 0 
5680 624 -218 -600 -218 2 1 -218 0 0 
5685 620 -225 -600 -225 2 1 -225 0 0 
5690 617 -230 -603 -230 2 1 -230 0 0 
5695 615 -233 -600 -233 2 1 -233 0 0 
5700 613 -233 -600 -233 2 1 -233 0 0 
5705 609 -233 -600 -233 2 1 -233 0 0 
5710 606 -237 -600 -237 2 1 -237 0 0 
5715 602 -240 -600 -240 2 1 -240 0 0 
5720 600 -240 -600 -240 2 1 -240 0 0 
5725 597 -248 -600 -248 2 1 -248 0 0 
5730 593 -252 -600 -252 2 1 -252 0 0 
5735 591 -255 -603 -255 2 1 -255 0 0 
5740 588 -263 -600 -263 2 1 -263 0 0 
5745 584 -263 -600 -263 2 1 -263 0 0 
5750 582 -270 -600 -270 2 1 -270 0 0 
5755 578 -275 -603 -275 2 1 -275 0 0 
5760 575 -278 -600 -278 2 1 -278 0 0 
5765 573 -285 -600 -285 2 1 -285 0 0 
5770 569 -290 -603 -290 2 1 -290 0 0 
5775 566 -290 -603 -290 2 1 -290 0 0 
5780 564 -293 -600 -293 2 1 -293 0 0 
5785 560 -297 -603 -297 2 1 -297 0 0 
5790 557 -300 -603 -300 2 1 -300 0 0 
5795 555 -305 -603 -305 2 1 -305 0 0 
5800 551 -308 -603 -308 2 1 -308 0 0 
5805 548 -312 -600 -312 2 1 -312 0 0 
5810 546 -312 -600 -312 2 1 -312 0 0 
5815 542 -315 -603 -315 2 1 -315 0 0 
5820 540 -320 -600 -320 2 1 -320 0 0 
5825 537 -323 -603 -323 2 1 -323 0 0 
5830 533 -323 -600 -323 2 1 -323 0 0 
5835 530 -327 -603 -327 2 1 -327 0 0 
5840 528 -327 -600 -327 2 1 -327 0 0 
5845 524 -327 -600 -327 2 1 -327 0 0 
5850 522 -327 -600 -327 2 1 -327 0 0 
5855 519 -327 -603 -327 2 1 -327 0 0 
5860 515 -327 -603 -327 2 1 -327 0 0 
5865 513 -327 -600 -327 2 1 -327 0 0 
5870 510 -330 -600 -330 2 1 -330 0 0 
5875 506 -330 -600 -330 2 1 -330 0 0 
5880 504 -335 -600 -335 2 1 -335 0 0 
5885 500 -335 -600 -335 2 1 -335 0 0 
5890 497 -335 -600 -335 2 1 -335 0 0 
5895 493 -335 -600 -335 2 1 -335 0 0 
5900 490 -335 -600 -335 2 1 -335 0 0 
5905 488 -330 -603 -330 2 1 -330 0 0 
5910 484 -330 -600 -330 2 1 -330 0 0 
5915 482 -330 -600 -330 2 1 -330 0 0 
5920 479 -327 -600 -327 2 1 -327 0 0 
5925 477 -327 -600 -327 2 1 -327 0 0 
5930 471 -327 -603 -327 2 1 -327 0 0 
5935 470 -323 -600 -323 2 1 -323 0 0 
5940 466 -323 -600 -323 2 1 -323 0 0 
5945 462 -323 -603 -323 2 1 -323 0 0 
5950 461 -327 -600 -327 2 1 -327 0 0 
5955 457 -327 -600 -327 2 1 -327 0 0 
5960 455 -327 -600 -327 2 1 -327 0 0 
5965 452 -327 -600 -327 2 1 -327 0 0 
5970 448 -327 -600 -327 2 1 -327 0 0 
5975 444 -323 -600 -323 2 1 -323 0 0 
5980 441 -323 -600 -323 2 1 -323 0 0 
5985 438 -323 -600 -323 2 1 -323 0 0 
5990 434 -320 -600 -320 2 1 -320 0 0 
5995 432 -320 -600 -320 2 1 -320 0 0 
6000 429 -323 -600 -323 2 1 -323 0 0 
6005 427 -323 -603 -323 2 1 -323 0 0 
6010 423 -327 -600 -327 2 1 -327 0 0 
6015 420 -327 -600 -327 2 1 -327 0 0 
6020 418 -330 -600 -330 2 1 -330 0 0 
6025 414 -335 -603 -335 2 1 -335 0 0 
6030 412 -330 -600 -330 2 1 -330 0 0 
6035 409 -335 -600 -335 2 1 -335 0 0 
6040 405 -335 -603 -335 2 1 -335 0 0 
6045 403 -335 -600 -335 2 1 -335 0 0 
6050 400 -335 -600 -335 2 1 -335 0 0 
6055 396 -335 -600 -335 2 1 -335 0 0 
6060 394 -338 -600 -338 2 1 -338 0 0 
6065 391 -342 -600 -342 2 1 -342 0 0 
6070 389 -345 -600 -345 2 1 -345 0 0 
6075 385 -350 -600 -350 2 1 -350 0 0 
6080 382 -353 -603 -353 2 1 -353 0 0 
6085 378 -357 -600 -357 2 1 -357 0 0 
6090 376 -357 -600 -357 2 1 -357 0 0 
6095 374 -357 -603 -357 2 1 -357 0 0 
6100 369 -353 -600 -353 2 1 -353 0 0 
6105 367 -353 -600 -353 2 1 -353 0 0 
6110 363 -350 -600 -350 2 1 -350 0 0 
6115 362 -345 -600 -345 2 1 -345 0 0 
6120 358 -345 -600 -345 2 1 -345 0 0 
6125 354 -345 -600 -345 2 1 -345 0 0 
6130 351 -345 -600 -345 2 1 -345 0 0 
6135 349 -345 -600 -345 2 1 -345 0 0 
6140 345 -345 -600 -345 2 1 -345 0 0 
6145 342 -342 -600 -342 2 1 -342 0 0 
6150 340 -342 -600 -342 2 1 -342 0 0 
6155 336 -338 -600 -338 2 1 -338 0 0 
6160 333 -335 -603 -335 2 1 -335 0 0 
6165 331 -330 -603 -330 2 1 -330 0 0 
6170 327 -330 -600 -330 2 1 -330 0 0 
6175 325 -327 -603 -327 2 1 -327 0 0 
6180 322 -327 -600 -327 2 1 -327 0 0 
6185 320 -323 -600 -323 2 1 -323 0 0 
6190 316 -323 -600 -323 2 1 -323 0 0 
6195 313 -327 -600 -327 2 1 -327 0 0 
6200 309 -327 -603 -327 2 1 -327 0 0 
6205 307 -323 -603 -323 2 1 -323 0 0 
6210 304 -327 -600 -327 2 1 -327 0 0 
6215 302 -323 -603 -323 2 1 -323 0 0 
6220 298 -323 -600 -323 2 1 -323 0 0 
6225 295 -320 -603 -320 2 1 -320 0 0 
6230 293 -315 -600 -315 2 1 -315 0 0 
6235 289 -315 -600 -315 2 1 -315 0 0 
6240 285 -312 -603 -312 2 1 -312 0 0 
6245 282 -312 -603 -312 2 1 -312 0 0 
6250 280 -312 -600 -312 2 1 -312 0 0 
6255 276 -312 -600 -312 2 1 -312 0 0 
6260 273 -312 -603 -312 2 1 -312 0 0 
6265 271 -312 -603 -312 2 1 -312 0 0 
6270 267 -312 -600 -312 2 1 -312 0 0 
6275 264 -315 -600 -315 2 1 -315 0 0 
6280 260 -312 -600 -312 2 1 -312 0 0 
6285 258 -312 -600 -312 2 1 -312 0 0 
6290 256 -312 -600 -312 2 1 -312 0 0 
6295 253 -308 -600 -308 2 1 -308 0 0 
6300 249 -305 -600 -305 2 1 -305 0 0 
6305 246 -305 -600 -305 2 1 -305 0 0 
6310 244 -305 -600 -305 2 1 -305 0 0 
6315 240 -305 -600 -305 2 1 -305 0 0 
6320 237 -305 -603 -305 2 1 -305 0 0 
6325 235 -305 -600 -305 2 1 -305 0 0 
6330 231 -305 -603 -305 2 1 -305 0 0 
6335 226 -305 -600 -305 2 1 -305 0 0 
6340 225 -305 -603 -305 2 1 -305 0 0 
6345 221 -305 -600 -305 2 1 -305 0 0 
6350 217 -305 -590 -305 2 1 -305 0 0 
6355 216 -300 -580 -300 2 1 -300 0 0 
6360 212 -297 -573 -297 2 1 -297 0 0 
6365 210 -297 -565 -297 2 1 -297 0 0 
6370 206 -297 -555 -297 2 1 -297 0 0 
6375 205 -297 -548 -297 2 1 -297 0 0 
6380 201 -297 -545 -297 2 1 -297 0 0 
6385 199 -300 -528 -300 2 1 -300 0 0 
6390 197 -300 -523 -300 2 1 -300 0 0 
6395 194 -300 -513 -300 2 1 -300 0 0 
6400 190 -297 -503 -297 2 1 -297 0 0 
6405 188 -290 -493 -290 2 1 -290 0 0 
6410 187 -285 -485 -285 2 1 -285 0 0 
6415 185 -278 -473 -278 2 1 -278 0 0 
6420 181 -275 -473 -275 2 1 -275 0 0 
6425 179 -270 -463 -270 2 1 -270 0 0 
6430 177 -267 -445 -267 2 1 -267 0 0 
6435 174 -263 -443 -263 2 1 -263 0 0 
6440 172 -260 -430 -260 2 1 -260 0 0 
6445 170 -260 -418 -260 2 1 -260 0 0 
6450 168 -260 -410 -260 2 1 -260 0 0 
6455 165 -255 -403 -255 2 1 -255 0 0 
6460 163 -260 -393 -260 2 1 -260 0 0 
6465 163 -255 -383 -255 2 1 -255 0 0 
6470 159 -260 -375 -260 2 1 -260 0 0 
6475 158 -260 -363 -260 2 1 -260 0 0 
6480 156 -263 -358 -263 2 1 -263 0 0 
6485 154 -267 -345 -267 2 1 -267 0 0 
6490 154 -270 -340 -270 2 1 -270 0 0 
6495 150 -270 -325 -270 2 1 -270 0 0 
6500 148 -275 -318 -275 2 1 -275 0 0 
6505 148 -275 -315 -275 2 1 -275 0 0 
6510 147 -275 -300 -275 2 1 -275 0 0 
6515 145 -270 -300 -270 2 1 -270 0 0 
6520 143 -270 -288 -270 2 1 -270 0 0 
6525 141 -270 -285 -270 2 1 -270 0 0 
6530 141 -270 -275 -270 2 1 -270 0 0 
6535 139 -270 -260 -270 2 1 -270 0 0 
6540 138 -270 -245 -270 2 1 -270 0 0 
6545 136 -270 -238 -270 2 1 -270 0 0 
6550 136 -270 -233 -270 2 1 -270 0 0 
6555 134 -270 -220 -270 2 1 -270 0 0 
6560 132 -270 -208 -270 2 1 -270 0 0 
6565 132 -267 -200 -267 2 1 -267 0 0 
6570 130 -270 -185 -270 2 1 -270 0 0 
6575 130 -270 -175 -270 2 1 -270 0 0 
6580 130 -270 -170 -270 2 1 -270 0 0 
6585 129 -275 -165 -275 2 1 -275 0 0 
6590 129 -275 -158 -275 2 1 -275 0 0 
6595 127 -278 -155 -278 2 1 -278 0 0 
6600 127 -278 -148 -278 2 1 -278 0 0 
6605 125 -278 -143 -278 2 1 -278 0 0 
6610 125 -282 -130 -282 2 1 -282 0 0 
6615 123 -282 -128 -282 2 1 -282 0 0 
6620 123 -282 -118 -282 2 1 -282 0 0 
6625 123 -282 -110 -282 2 1 -282 0 0 
6630 123 -282 -110 -282 2 1 -282 0 0 
6635 121 -282 -105 -282 2 1 -282 0 0 
6640 121 -285 -93 -285 2 1 -285 0 0 
6645 121 -282 -93 -282 2 1 -282 0 0 
6650 121 -282 -93 -282 2 1 -282 0 0 
6655 119 -278 -88 -278 2 1 -278 0 0 
6660 119 -278 -78 -278 2 1 -278 0 0 
6665 119 -275 -75 -275 2 1 -275 0 0 
6670 118 -270 -75 -270 2 1 -270 0 0 
6675 118 -267 -75 -267 2 1 -267 0 0 
6680 118 -267 -68 -267 2 1 -267 0 0 
6685 118 -263 -58 -263 2 1 -263 0 0 
6690 118 -267 -55 -267 2 1 -267 0 0 
6695 118 -263 -53 -263 2 1 -263 0 0 
6700 116 -263 -55 -263 2 1 -263 0 0 
6705 116 -260 -53 -260 2 1 -260 0 0 
6710 116 -260 -53 -260 2 1 -260 0 0 
6715 116 -255 -50 -255 2 1 -255 0 0 
6720 116 -252 -53 -252 2 1 -252 0 0 
6725 116 -252 -50 -252 2 1 -252 0 0 
6730 114 -252 -50 -252 2 1 -252 0 0 
6735 114 -252 -48 -252 2 1 -252 0 0 
6740 114 -252 -43 -252 2 1 -252 0 0 
6745 114 -252 -43 -252 2 1 -252 0 0 
6750 114 -248 -48 -248 2 1 -248 0 0 
6755 114 -245 -48 -245 2 1 -245 0 0 
6760 114 -240 -43 -240 2 1 -240 0 0 
6765 114 -233 -48 -233 2 1 -233 0 0 
6770 114 -222 -43 -222 2 1 -222 0 0 
6775 114 -210 -43 -210 2 1 -210 0 0 
6780 114 -200 -43 -200 2 1 -200 0 0 
6785 112 -188 -43 -188 2 1 -188 0 0 
6790 112 -177 -43 -177 2 1 -177 0 0 
6795 112 -173 -30 -173 2 1 -173 0 0 
6800 112 -170 -30 -170 2 1 -170 0 0 
6805 112 -170 -35 -170 2 1 -170 0 0 
6810 112 -170 -30 -170 2 1 -170 0 0 
6815 112 -170 -35 -170 2 1 -170 0 0 
6820 112 -170 -30 -170 2 1 -170 0 0 
6825 112 -170 -30 -170 2 1 -170 0 0 
6830 112 -170 -30 -170 2 1 -170 0 0 
6835 112 -165 -25 -165 2 1 -165 0 0 
6840 112 -162 -30 -162 2 1 -162 0 0 
6845 112 -158 -25 -158 2 1 -158 0 0 
6850 110 -155 -28 -155 2 1 -155 0 0 
6855 110 -150 -23 -150 2 1 -150 0 0 
6860 110 -147 -23 -147 2 1 -147 0 0 
6865 110 -143 -23 -143 2 1 -143 0 0 
6870 110 -135 -25 -135 2 1 -135 0 0 
6875 110 -128 -23 -128 2 1 -128 0 0 
6880 110 -117 -23 -117 2 1 -117 0 0 
6885 110 -110 -23 -110 2 1 -110 0 0 
6890 110 -95 -23 -95 2 1 -95 0 0 
6895 110 -83 -18 -83 2 1 -83 0 0 
6900 110 -75 -23 -75 2 1 -75 0 0 
6905 110 -65 -23 -65 2 1 -65 0 0 
6910 110 -57 -25 -57 2 1 -57 0 0 
6915 110 -50 -18 -50 2 1 -50 0 0 
6920 110 -42 -18 -42 2 1 -42 0 0 
6925 110 -38 -18 -38 2 1 -38 0 0 
6930 110 -30 -15 -30 2 1 -30 0 0 
6935 110 -23 -15 -23 2 1 -23 0 0 
6940 109 -15 -15 -15 2 1 -15 0 0 
6945 109 -12 -15 -12 2 1 -12 0 0 
6950 109 -12 -15 -12 2 1 -12 0 0 
6955 109 -8 -15 -8 2 1 -8 0 0 
6960 109 -12 -15 -12 2 1 -12 0 0 
6965 109 -12 -15 -12 2 1 -12 0 0 
6970 109 -12 -15 -12 2 1 -12 0 0 
6975 109 -12 -13 -12 2 1 -12 0 0 
6980 109 -8 -13 -8 2 1 -8 0 0 
6985 109 -8 -10 -8 2 1 -8 0 0 
6990 109 -5 -5 -5 2 1 -5 0 0 
6995 109 -0 -5 -0 2 1 -0 0 0 
7000 109 -0 -3 -0 2 1 -0 0 0 
7005 109 -0 -0 -0 2 1 -0 0 0 
7010 109 5 -0 5 2 1 5 0 0 
7015 109 8 3 8 2 1 8 0 0 
7020 109 15 13 15 2 1 15 0 0 
7025 109 20 18 20 2 1 20 0 0 
7030 109 27 30 27 2 1 27 0 0 
7035 109 35 38 35 2 1 35 0 0 
7040 110 38 48 38 2 1 38 0 0 
7045 109 45 55 45 2 1 45 0 0 
7050 110 45 63 45 2 1 45 0 0 
7055 110 45 75 45 2 1 45 0 0 
7060 110 45 83 45 2 1 45 0 0 
7065 110 42 93 42 2 1 42 0 0 
7070 112 45 108 45 2 1 45 0 0 
7075 112 50 123 50 2 1 50 0 0 
7080 112 50 133 50 2 1 50 0 0 
7085 114 53 148 53 2 1 53 0 0 
7090 114 53 160 53 2 1 53 0 0 
7095 114 53 175 53 2 1 53 0 0 
7100 116 57 193 57 2 1 57 0 0 
7105 118 57 210 57 2 1 57 0 0 
7110 119 57 228 57 2 1 57 0 0 
7115 119 60 250 60 2 1 60 0 0 
7120 121 65 273 65 2 1 65 0 0 
7125 121 72 300 72 2 1 72 0 0 
7130 123 80 323 80 3 1 80 0 0 
7135 125 83 355 83 3 1 83 0 0 
7140 127 90 383 90 3 1 90 0 0 
7145 129 95 410 95 3 1 95 0 0 
7150 130 102 445 102 3 1 102 0 0 
7155 134 105 483 105 3 1 105 0 0 
7160 136 110 520 110 3 1 110 0 0 
7165 138 117 553 117 3 1 117 0 0 
7170 141 120 588 120 3 1 120 0 0 
7175 145 125 600 125 3 1 125 0 0 
7180 147 132 600 132 3 1 132 0 0 
7185 150 132 600 132 3 1 132 0 0 
7190 154 143 600 143 3 1 143 0 0 
7195 158 155 598 155 3 1 155 0 0 
7200 159 173 600 173 3 1 173 0 0 
7205 163 192 600 192 3 1 192 0 0 
7210 165 218 600 218 3 1 218 0 0 
7215 170 240 600 240 3 1 240 0 0 
7220 172 260 600 260 3 1 260 0 0 
7225 176 270 600 270 3 1 270 0 0 
7230 177 278 598 278 3 1 278 0 0 
7235 181 278 600 278 3 1 278 0 0 
7240 183 275 598 275 3 1 275 0 0 
7245 187 275 600 275 3 1 275 0 0 
7250 190 275 598 275 3 1 275 0 0 
7255 194 278 600 278 3 1 278 0 0 
7260 196 282 600 282 3 1 282 0 0 
7265 199 290 600 290 3 1 290 0 0 
7270 203 297 600 297 3 1 297 0 0 
7275 205 308 600 308 3 1 308 0 0 
7280 208 308 600 308 3 1 308 0 0 
7285 210 308 598 308 3 1 308 0 0 
7290 214 308 600 308 3 1 308 0 0 
7295 216 300 598 300 3 1 300 0 0 
7300 219 297 600 297 3 1 297 0 0 
7305 223 297 600 297 3 1 297 0 0 
7310 225 293 598 293 3 1 293 0 0 
7315 229 293 600 293 3 1 293 0 0 
7320 233 293 600 293 3 1 293 0 0 
7325 237 293 600 293 3 1 293 0 0 
7330 238 293 600 293 3 1 293 0 0 
7335 242 290 600 290 3 1 290 0 0 
7340 246 285 598 285 3 1 285 0 0 
7345 247 282 598 282 3 1 282 0 0 
7350 251 282 600 282 3 1 282 0 0 
7355 253 275 600 275 3 1 275 0 0 
7360 256 275 600 275 3 1 275 0 0 
7365 260 275 600 275 3 1 275 0 0 
7370 262 275 600 275 3 1 275 0 0 
7375 266 278 600 278 3 1 278 0 0 
7380 269 278 598 278 3 1 278 0 0 
7385 273 278 598 278 3 1 278 0 0 
7390 275 278 600 278 3 1 278 0 0 
7395 278 278 600 278 3 1 278 0 0 
7400 282 278 598 278 3 1 278 0 0 
7405 284 282 600 282 3 1 282 0 0 
7410 287 282 600 282 3 1 282 0 0 
7415 291 285 598 285 3 1 285 0 0 
7420 295 285 598 285 3 1 285 0 0 
7425 296 290 600 290 3 1 290 0 0 
7430 300 293 600 293 3 1 293 0 0 
7435 304 293 600 293 3 1 293 0 0 
7440 305 297 598 297 3 1 297 0 0 
7445 309 297 600 297 3 1 297 0 0 
7450 313 297 598 297 3 1 297 0 0 
7455 314 300 600 300 3 1 300 0 0 
7460 318 300 600 300 3 1 300 0 0 
7465 322 300 600 300 3 1 300 0 0 
7470 324 305 598 305 3 1 305 0 0 
7475 327 305 600 305 3 1 305 0 0 
7480 331 308 600 308 3 1 308 0 0 
7485 333 308 600 308 3 1 308 0 0 
7490 336 308 600 308 3 1 308 0 0 
7495 338 312 598 312 3 1 312 0 0 
7500 342 312 600 312 3 1 312 0 0 
7505 345 308 600 308 3 1 308 0 0 
7510 349 312 598 312 3 1 312 0 0 
7515 351 312 598 312 3 1 312 0 0 
7520 354 312 600 312 3 1 312 0 0 
7525 356 312 600 312 3 1 312 0 0 
7530 360 312 598 312 3 1 312 0 0 
7535 363 312 600 312 3 1 312 0 0 
7540 367 312 598 312 3 1 312 0 0 
7545 369 312 600 312 3 1 312 0 0 
7550 373 312 600 312 3 1 312 0 0 
7555 376 315 598 315 3 1 315 0 0 
7560 378 320 600 320 3 1 320 0 0 
7565 382 320 600 320 3 1 320 0 0 
7570 383 320 600 320 3 1 320 0 0 
7575 389 320 598 320 3 1 320 0 0 
7580 391 323 600 323 3 1 323 0 0 
7585 392 327 598 327 3 1 327 0 0 
7590 396 327 600 327 3 1 327 0 0 
7595 400 327 600 327 3 1 327 0 0 
7600 402 327 598 327 3 1 327 0 0 
7605 405 330 598 330 3 1 330 0 0 
7610 407 330 600 330 3 1 330 0 0 
7615 409 330 598 330 3 1 330 0 0 
7620 414 330 598 330 3 1 330 0 0 
7625 416 335 600 335 3 1 335 0 0 
7630 420 335 598 335 3 1 335 0 0 
7635 423 338 600 338 3 1 338 0 0 
7640 425 338 600 338 3 1 338 0 0 
7645 429 338 600 338 3 1 338 0 0 
7650 432 342 600 342 3 1 342 0 0 
7655 434 342 600 342 3 1 342 0 0 
7660 438 342 598 342 3 1 342 0 0 
7665 441 345 598 345 3 1 345 0 0 
7670 444 345 600 345 3 1 345 0 0 
7675 448 350 600 350 3 1 350 0 0 
7680 450 350 598 350 3 1 350 0 0 
7685 455 353 600 353 3 1 353 0 0 
7690 457 353 600 353 3 1 353 0 0 
7695 461 353 600 353 3 1 353 0 0 
7700 464 357 600 357 3 1 357 0 0 
7705 466 357 600 357 3 1 357 0 0 
7710 470 360 600 360 3 1 360 0 0 
7715 471 360 598 360 3 1 360 0 0 
7720 475 360 600 360 3 1 360 0 0 
7725 479 360 598 360 3 1 360 0 0 
7730 481 360 600 360 3 1 360 0 0 
7735 484 365 600 365 3 1 365 0 0 
7740 488 365 600 365 3 1 365 0 0 
7745 490 368 600 368 3 1 368 0 0 
7750 493 368 600 368 3 1 368 0 0 
7755 497 368 600 368 3 1 368 0 0 
7760 500 372 600 372 3 1 372 0 0 
7765 502 368 600 368 3 1 368 0 0 
7770 506 368 600 368 3 1 368 0 0 
7775 510 368 598 368 3 1 368 0 0 
7780 511 372 600 372 3 1 372 0 0 
7785 515 372 600 372 3 1 372 0 0 
7790 519 372 598 372 3 1 372 0 0 
7795 522 375 600 375 3 1 375 0 0 
7800 524 375 598 375 3 1 375 0 0 
7805 528 375 600 375 3 1 375 0 0 
7810 530 375 600 375 3 1 375 0 0 
7815 533 375 598 375 3 1 375 0 0 
7820 537 375 598 375 3 1 375 0 0 
7825 539 375 600 375 3 1 375 0 0 
7830 542 375 598 375 3 1 375 0 0 
7835 546 372 598 372 3 1 372 0 0 
7840 549 372 600 372 3 1 372 0 0 
7845 551 372 598 372 3 1 372 0 0 
7850 555 372 600 372 3 1 372 0 0 
7855 557 372 600 372 3 1 372 0 0 
7860 560 372 598 372 3 1 372 0 0 
7865 564 372 600 372 3 1 372 0 0 
7870 566 372 600 372 3 1 372 0 0 
7875 569 372 600 372 3 1 372 0 0 
7880 571 372 600 372 3 1 372 0 0 
7885 575 368 600 368 3 1 368 0 0 
7890 578 368 598 368 3 1 368 0 0 
7895 580 368 600 368 3 1 368 0 0 
7900 584 365 598 365 3 1 365 0 0 
7905 588 365 600 365 3 1 365 0 0 
7910 589 365 598 365 3 1 365 0 0 
7915 593 360 600 360 3 1 360 0 0 
7920 597 360 600 360 3 1 360 0 0 
7925 600 360 600 360 3 1 360 0 0 
7930 602 360 598 360 3 1 360 0 0 
7935 606 360 598 360 3 1 360 0 0 
7940 609 360 600 360 3 1 360 0 0 
7945 611 357 598 357 3 1 357 0 0 
7950 615 357 600 357 3 1 357 0 0 
7955 617 357 600 357 3 1 357 0 0 
7960 620 353 600 353 3 1 353 0 0 
7965 624 353 600 353 3 1 353 0 0 
7970 627 353 600 353 3 1 353 0 0 
7975 629 350 600 350 3 1 350 0 0 
7980 633 350 600 350 3 1 350 0 0 
7985 635 350 600 350 3 1 350 0 0 
7990 638 350 598 350 3 1 350 0 0 
7995 642 353 600 353 3 1 353 0 0 
8000 644 353 598 353 3 1 353 0 0 
8005 647 350 600 350 3 1 350 0 0 
8010 651 350 600 350 3 1 350 0 0 
8015 653 350 600 350 3 1 350 0 0 
8020 657 345 600 345 3 1 345 0 0 
8025 661 345 600 345 3 1 345 0 0 
8030 663 345 600 345 3 1 345 0 0 
8035 667 345 600 345 3 1 345 0 0 
8040 670 342 600 342 3 1 342 0 0 
8045 672 342 600 342 3 1 342 0 0 
8050 676 342 598 342 3 1 342 0 0 
8055 679 338 598 338 3 1 338 0 0 
8060 681 338 598 338 3 1 338 0 0 
8065 685 338 600 338 3 1 338 0 0 
8070 686 338 598 338 3 1 338 0 0 
8075 690 338 600 338 3 1 338 0 0 
8080 694 335 600 335 3 1 335 0 0 
8085 696 335 600 335 3 1 335 0 0 
8090 699 330 600 330 3 1 330 0 0 
8095 701 330 600 330 3 1 330 0 0 
8100 706 327 600 327 3 1 327 0 0 
8105 708 327 600 327 3 1 327 0 0 
8110 712 323 600 323 3 1 323 0 0 
8115 715 323 598 323 3 1 323 0 0 
8120 717 323 600 323 3 1 323 0 0 
8125 721 323 600 323 3 1 323 0 0 
8130 723 323 600 323 3 1 323 0 0 
8135 726 323 600 323 3 1 323 0 0 
8140 730 320 600 320 3 1 320 0 0 
8145 732 315 598 315 3 1 315 0 0 
8150 735 315 600 315 3 1 315 0 0 
8155 739 312 598 312 3 1 312 0 0 
8160 741 312 600 312 3 1 312 0 0 
8165 745 312 600 312 3 1 312 0 0 
8170 748 312 600 312 3 1 312 0 0 
8175 752 308 598 308 3 1 308 0 0 
8180 754 308 600 308 3 1 308 0 0 
8185 757 308 600 308 3 1 308 0 0 
8190 759 308 600 308 3 1 308 0 0 
8195 763 305 600 305 3 1 305 0 0 
8200 766 308 598 308 3 1 308 0 0 
8205 768 308 600 308 3 1 308 0 0 
8210 772 305 600 305 3 1 305 0 0 
8215 774 305 598 305 3 1 305 0 0 
8220 779 305 598 305 3 1 305 0 0 
8225 781 305 600 305 3 1 305 0 0 
8230 783 300 585 300 3 1 300 0 0 
8235 786 297 578 297 3 1 297 0 0 
8240 790 297 568 297 3 1 297 0 0 
8245 792 293 560 293 3 1 293 0 0 
8250 795 293 553 293 3 1 293 0 0 
8255 797 293 540 293 3 1 293 0 0 
8260 801 300 528 300 3 1 300 0 0 
8265 803 308 520 308 3 1 308 0 0 
8270 806 308 515 308 3 1 308 0 0 
8275 808 312 508 312 3 1 312 0 0 
8280 812 312 498 312 3 1 312 0 0 
8285 813 308 485 308 3 1 308 0 0 
8290 815 305 480 305 3 1 305 0 0 
8295 817 300 470 300 3 1 300 0 0 
8300 821 300 460 300 3 1 300 0 0 
8305 822 300 448 300 3 1 300 0 0 
8310 824 300 438 300 3 1 300 0 0 
8315 826 300 433 300 3 1 300 0 0 
8320 830 305 418 305 3 1 305 0 0 
8325 832 305 410 305 3 1 305 0 0 
8330 833 305 405 305 3 1 305 0 0 
8335 835 305 393 305 3 1 305 0 0 
8340 837 300 383 300 3 1 300 0 0 
8345 839 300 375 300 3 1 300 0 0 
8350 841 297 365 297 3 1 297 0 0 
8355 844 297 358 297 3 1 297 0 0 
8360 846 297 350 297 3 1 297 0 0 
8365 848 297 340 297 3 1 297 0 0 
8370 850 300 330 300 3 1 300 0 0 
8375 850 300 318 300 3 1 300 0 0 
8380 852 300 310 300 3 1 300 0 0 
8385 853 300 300 300 3 1 300 0 0 
8390 855 300 288 300 3 1 300 0 0 
8395 857 300 278 300 3 1 300 0 0 
8400 859 300 270 300 3 1 300 0 0 
8405 859 300 258 300 3 1 300 0 0 
8410 861 305 250 305 3 1 305 0 0 
8415 862 305 240 305 3 1 305 0 0 
8420 862 308 238 308 3 1 308 0 0 
8425 864 312 228 312 3 1 312 0 0 
8430 866 312 220 312 3 1 312 0 0 
8435 868 308 210 308 3 1 308 0 0 
8440 868 308 193 308 3 1 308 0 0 
8445 871 308 183 308 3 1 308 0 0 
8450 871 312 170 312 3 1 312 0 0 
8455 872 312 158 312 3 1 312 0 0 
8460 872 320 145 320 3 1 320 0 0 
8465 874 327 145 327 3 1 327 0 0 
8470 874 330 135 330 3 1 330 0 0 
8475 874 338 133 338 3 1 338 0 0 
8480 876 350 123 350 3 1 350 0 0 
8485 876 353 120 353 3 1 353 0 0 
8490 878 357 118 357 3 1 357 0 0 
8495 876 357 118 357 3 1 357 0 0 
8500 878 360 105 360 3 1 360 0 0 
8505 878 360 103 360 3 1 360 0 0 
8510 880 365 103 365 3 1 365 0 0 
8515 880 365 95 365 3 1 365 0 0 
8520 880 368 83 368 3 1 368 0 0 
8525 880 368 83 368 3 1 368 0 0 
8530 882 368 75 368 3 1 368 0 0 
8535 882 368 58 368 3 1 368 0 0 
8540 882 368 58 368 3 1 368 0 0 
8545 882 360 58 360 3 1 360 0 0 
8550 883 357 58 357 3 1 357 0 0 
8555 883 353 53 353 3 1 353 0 0 
8560 883 345 53 345 3 1 345 0 0 
8565 883 342 53 342 3 1 342 0 0 
8570 883 335 53 335 3 1 335 0 0 
8575 883 330 50 330 3 1 330 0 0 
8580 883 323 53 323 3 1 323 0 0 
8585 885 320 53 320 3 1 320 0 0 
8590 883 312 50 312 3 1 312 0 0 
8595 885 312 43 312 3 1 312 0 0 
8600 885 305 43 305 3 1 305 0 0 
8605 885 305 43 305 3 1 305 0 0 
8610 885 305 43 305 3 1 305 0 0 
8615 885 305 43 305 3 1 305 0 0 
8620 885 300 43 300 3 1 300 0 0 
8625 887 300 38 300 3 1 300 0 0 
8630 887 300 35 300 3 1 300 0 0 
8635 887 297 38 297 3 1 297 0 0 
8640 887 293 35 293 3 1 293 0 0 
8645 887 290 35 290 3 1 290 0 0 
8650 887 290 35 290 3 1 290 0 0 
8655 887 290 35 290 3 1 290 0 0 
8660 887 285 35 285 3 1 285 0 0 
8665 887 282 35 282 3 1 282 0 0 
8670 889 278 30 278 3 1 278 0 0 
8675 887 275 30 275 3 1 275 0 0 
8680 889 267 28 267 3 1 267 0 0 
8685 889 263 30 263 3 1 263 0 0 
8690 889 260 28 260 3 1 260 0 0 
8695 889 252 28 252 3 1 252 0 0 
8700 889 248 28 248 3 1 248 0 0 
8705 889 245 28 245 3 1 245 0 0 
8710 889 240 28 240 3 1 240 0 0 
8715 889 237 25 237 3 1 237 0 0 
8720 889 230 25 230 3 1 230 0 0 
8725 889 222 28 222 3 1 222 0 0 
8730 889 218 23 218 3 1 218 0 0 
8735 891 207 23 207 3 1 207 0 0 
8740 891 200 25 200 3 1 200 0 0 
8745 891 192 23 192 3 1 192 0 0 
8750 889 185 18 185 3 1 185 0 0 
8755 891 180 18 180 3 1 180 0 0 
8760 891 177 15 177 3 1 177 0 0 
8765 891 173 15 173 3 1 173 0 0 
8770 891 170 15 170 3 1 170 0 0 
8775 891 162 15 162 3 1 162 0 0 
8780 891 158 15 158 3 1 158 0 0 
8785 891 150 15 150 3 1 150 0 0 
8790 891 143 15 143 3 1 143 0 0 
8795 891 135 15 135 3 1 135 0 0 
8800 891 125 15 125 3 1 125 0 0 
8805 891 117 15 117 3 1 117 0 0 
8810 891 110 13 110 3 1 110 0 0 
8815 891 102 13 102 3 1 102 0 0 
8820 891 98 15 98 3 1 98 0 0 
8825 891 90 13 90 3 1 90 0 0 
8830 891 83 13 83 3 1 83 0 0 
8835 892 80 13 80 3 1 80 0 0 
8840 892 72 13 72 3 1 72 0 0 
8845 892 65 13 65 3 1 65 0 0 
8850 891 53 13 53 3 1 53 0 0 
8855 891 45 13 45 3 1 45 0 0 
8860 892 35 10 35 3 1 35 0 0 
8865 892 27 5 27 3 1 27 0 0 
8870 892 15 3 15 3 1 15 0 0 
8875 891 5 -0 5 3 1 5 0 0 
8880 892 -8 -0 -8 3 1 -8 0 0 
8885 892 -15 -5 -15 3 1 -15 0 0 
8890 891 -23 -15 -23 3 1 -23 0 0 
8895 891 -35 -23 -35 3 1 -35 0 0 
8900 891 -42 -38 -42 3 1 -42 0 0 
8905 891 -50 -48 -50 3 1 -50 0 0 
8910 891 -57 -63 -57 3 1 -57 0 0 
8915 891 -60 -75 -60 3 1 -60 0 0 
8920 891 -68 -90 -68 3 1 -68 0 0 
8925 891 -72 -105 -72 3 1 -72 0 0 
8930 889 -75 -120 -75 3 1 -75 0 0 
8935 889 -80 -143 -80 3 1 -80 0 0 
8940 887 -83 -168 -83 3 1 -83 0 0 
8945 887 -90 -188 -90 3 1 -90 0 0 
8950 887 -95 -213 -95 3 1 -95 0 0 
8955 883 -102 -235 -102 3 1 -102 0 0 
8960 883 -105 -270 -105 3 1 -105 0 0 
8965 882 -110 -293 -110 3 1 -110 0 0 
8970 882 -117 -323 -117 3 1 -117 0 0 
8975 880 -117 -353 -117 3 1 -117 0 0 
8980 878 -117 -390 -117 4 1 -117 0 0 
8985 874 -120 -420 -120 4 1 -120 0 0 
8990 872 -125 -455 -125 4 1 -125 0 0 
8995 871 -128 -493 -128 4 1 -128 0 0 
9000 866 -132 -540 -132 4 1 -132 0 0 
9005 864 -140 -578 -140 4 1 -140 0 0 
9010 862 -143 -598 -143 4 1 -143 0 0 
9015 859 -147 -603 -147 4 1 -147 0 0 
9020 855 -155 -603 -155 4 1 -155 0 0 
9025 853 -158 -600 -158 4 1 -158 0 0 
9030 850 -165 -603 -165 4 1 -165 0 0 
9035 846 -177 -600 -177 4 1 -177 0 0 
9040 844 -200 -600 -200 4 1 -200 0 0 
9045 839 -222 -600 -222 4 1 -222 0 0 
9050 837 -245 -600 -245 4 1 -245 0 0 
9055 833 -267 -600 -267 4 1 -267 0 0 
9060 832 -293 -600 -293 4 1 -293 0 0 
9065 828 -308 -603 -308 4 1 -308 0 0 
9070 824 -320 -600 -320 4 1 -320 0 0 
9075 822 -323 -600 -323 4 1 -323 0 0 
9080 819 -327 -603 -327 4 1 -327 0 0 
9085 815 -335 -603 -335 4 1 -335 0 0 
9090 813 -342 -600 -342 4 1 -342 0 0 
9095 810 -350 -600 -350 4 1 -350 0 0 
9100 806 -365 -600 -365 4 1 -365 0 0 
9105 803 -383 -603 -383 4 1 -383 0 0 
9110 801 -395 -600 -395 4 1 -395 0 0 
9115 797 -410 -600 -410 4 1 -410 0 0 
9120 793 -425 -600 -425 4 1 -425 0 0 
9125 792 -435 -600 -435 4 1 -435 0 0 
9130 788 -443 -603 -443 4 1 -443 0 0 
9135 786 -450 -600 -450 4 1 -450 0 0 
9140 783 -455 -600 -455 4 1 -455 0 0 
9145 779 -458 -600 -458 4 1 -458 0 0 
9150 777 -462 -600 -462 4 1 -462 0 0 
9155 774 -470 -600 -470 4 1 -470 0 0 
9160 770 -477 -603 -477 4 1 -477 0 0 
9165 768 -485 -600 -485 4 1 -485 0 0 
9170 764 -492 -600 -492 4 1 -492 0 0 
9175 761 -500 -600 -500 4 1 -500 0 0 
9180 759 -510 -600 -510 4 1 -510 0 0 
9185 755 -518 -603 -518 4 1 -518 0 0 
9190 752 -522 -600 -522 4 1 -522 0 0 
9195 750 -530 -600 -530 4 1 -530 0 0 
9200 746 -533 -603 -533 4 1 -533 0 0 
9205 743 -540 -600 -540 4 1 -540 0 0 
9210 741 -540 -603 -540 4 1 -540 0 0 
9215 737 -545 -603 -545 4 1 -545 0 0 
9220 734 -555 -600 -555 4 1 -555 0 0 
9225 730 -563 -600 -563 4 1 -563 0 0 
9230 728 -575 -603 -575 4 1 -575 0 0 
9235 725 -582 -600 -582 4 1 -582 0 0 
9240 721 -597 -603 -597 4 1 -597 0 0 
9245 719 -608 -600 -608 4 1 -608 0 0 
9250 715 -620 -600 -620 4 1 -620 0 0 
9255 712 -627 -600 -627 4 1 -627 0 0 
9260 710 -638 -603 -638 4 1 -638 0 0 
9265 706 -650 -600 -650 4 1 -650 0 0 
9270 705 -657 -600 -657 4 1 -657 0 0 
9275 701 -668 -600 -668 4 1 -668 0 0 
9280 697 -675 -603 -675 4 1 -675 0 0 
9285 696 -687 -600 -687 4 1 -687 0 0 
9290 692 -695 -603 -695 4 1 -695 0 0 
9295 688 -702 -600 -702 4 1 -702 0 0 
9300 685 -705 -603 -705 4 1 -705 0 0 
9305 681 -713 -603 -713 4 1 -713 0 0 
9310 679 -720 -600 -720 4 1 -720 0 0 
9315 676 -725 -600 -725 4 1 -725 0 0 
9320 674 -732 -600 -732 4 1 -732 0 0 
9325 670 -735 -600 -735 4 1 -735 0 0 
9330 668 -740 -600 -740 4 1 -740 0 0 
9335 665 -743 -600 -743 4 1 -743 0 0 
9340 661 -747 -600 -747 4 1 -747 0 0 
9345 657 -750 -603 -750 4 1 -750 0 0 
9350 656 -755 -600 -755 4 1 -755 0 0 
9355 651 -758 -603 -758 4 1 -758 0 0 
9360 647 -758 -600 -758 4 1 -758 0 0 
9365 644 -765 -600 -765 4 1 -765 0 0 
9370 642 -773 -603 -773 4 1 -773 0 0 
9375 638 -780 -600 -780 4 1 -780 0 0 
9380 637 -788 -600 -788 4 1 -788 0 0 
9385 633 -803 -603 -803 4 1 -803 0 0 
9390 629 -815 -600 -815 4 1 -815 0 0 
9395 627 -825 -603 -825 4 1 -825 0 0 
9400 624 -833 -603 -833 4 1 -833 0 0 
9405 620 -845 -600 -845 4 1 -845 0 0 
9410 617 -852 -600 -852 4 1 -852 0 0 
9415 615 -855 -600 -855 4 1 -855 0 0 
9420 611 -863 -603 -863 4 1 -863 0 0 
9425 607 -875 -600 -875 4 1 -875 0 0 
9430 606 -885 -603 -885 4 1 -885 0 0 
9435 602 -893 -603 -893 4 1 -893 0 0 
9440 600 -905 -603 -905 4 1 -905 0 0 
9445 597 -915 -600 -915 4 1 -915 0 0 
9450 593 -923 -603 -923 4 1 -923 0 0 
9455 591 -930 -600 -930 4 1 -930 0 0 
9460 588 -938 -603 -938 4 1 -938 0 0 
9465 584 -945 -603 -945 4 1 -945 0 0 
9470 582 -950 -600 -950 4 1 -950 0 0 
9475 578 -953 -603 -953 4 1 -953 0 0 
9480 575 -960 -603 -960 4 1 -960 0 0 
9485 573 -968 -600 -968 4 1 -968 0 0 
9490 569 -975 -600 -975 4 1 -975 0 0 
9495 566 -983 -600 -983 4 1 -983 0 0 
9500 564 -990 -600 -990 4 1 -990 0 0 
9505 560 -998 -600 -998 4 1 -998 0 0 
9510 557 -1005 -603 -1005 4 1 -1005 0 0 
9515 555 -1010 -600 -1010 4 1 -1010 0 0 
9520 551 -1013 -600 -1013 4 1 -1013 0 0 
9525 548 -1017 -600 -1017 4 1 -1017 0 0 
9530 546 -1017 -600 -1017 4 1 -1017 0 0 
9535 542 -1020 -600 -1020 4 1 -1020 0 0 
9540 539 -1025 -603 -1025 4 1 -1025 0 0 
9545 535 -1028 -600 -1028 4 1 -1028 0 0 
9550 533 -1028 -600 -1028 4 1 -1028 0 0 
9555 530 -1032 -600 -1032 4 1 -1032 0 0 
9560 528 -1028 -600 -1028 4 1 -1028 0 0 
9565 524 -1028 -603 -1028 4 1 -1028 0 0 
9570 520 -1028 -600 -1028 4 1 -1028 0 0 
9575 519 -1025 -603 -1025 4 1 -1025 0 0 
9580 515 -1020 -603 -1020 4 1 -1020 0 0 
9585 511 -1017 -600 -1017 4 1 -1017 0 0 
9590 510 -1017 -600 -1017 4 1 -1017 0 0 
9595 506 -1013 -600 -1013 4 1 -1013 0 0 
9600 502 -1013 -600 -1013 4 1 -1013 0 0 
9605 500 -1010 -600 -1010 4 1 -1010 0 0 
9610 497 -1005 -600 -1005 4 1 -1005 0 0 
9615 495 -1005 -600 -1005 4 1 -1005 0 0 
9620 491 -998 -600 -998 4 1 -998 0 0 
9625 488 -995 -600 -995 4 1 -995 0 0 
9630 484 -990 -600 -990 4 1 -990 0 0 
9635 482 -990 -603 -990 4 1 -990 0 0 
9640 479 -983 -600 -983 4 1 -983 0 0 
9645 475 -980 -600 -980 4 1 -980 0 0 
9650 473 -975 -600 -975 4 1 -975 0 0 
9655 470 -968 -600 -968 4 1 -968 0 0 
9660 466 -960 -600 -960 4 1 -960 0 0 
9665 462 -953 -600 -953 4 1 -953 0 0 
9670 461 -942 -600 -942 4 1 -942 0 0 
9675 457 -930 -600 -930 4 1 -930 0 0 
9680 455 -920 -600 -920 4 1 -920 0 0 
9685 450 -905 -600 -905 4 1 -905 0 0 
9690 448 -893 -600 -893 4 1 -893 0 0 
9695 446 -882 -600 -882 4 1 -882 0 0 
9700 441 -875 -600 -875 4 1 -875 0 0 
9705 438 -863 -603 -863 4 1 -863 0 0 
9710 436 -860 -600 -860 4 1 -860 0 0 
9715 432 -855 -603 -855 4 1 -855 0 0 
9720 429 -852 -600 -852 4 1 -852 0 0 
9725 425 -845 -603 -845 4 1 -845 0 0 
9730 423 -837 -600 -837 4 1 -837 0 0 
9735 420 -830 -600 -830 4 1 -830 0 0 
9740 418 -822 -600 -822 4 1 -822 0 0 
9745 414 -810 -603 -810 4 1 -810 0 0 
9750 412 -803 -600 -803 4 1 -803 0 0 
9755 409 -795 -600 -795 4 1 -795 0 0 
9760 407 -785 -600 -785 4 1 -785 0 0 
9765 403 -773 -603 -773 4 1 -773 0 0 
9770 400 -762 -600 -762 4 1 -762 0 0 
9775 396 -755 -600 -755 4 1 -755 0 0 
9780 394 -743 -600 -743 4 1 -743 0 0 
9785 391 -735 -600 -735 4 1 -735 0 0 
9790 389 -732 -600 -732 4 1 -732 0 0 
9795 385 -725 -603 -725 4 1 -725 0 0 
9800 382 -720 -600 -720 4 1 -720 0 0 
9805 380 -717 -600 -717 4 1 -717 0 0 
9810 376 -713 -600 -713 4 1 -713 0 0 
9815 373 -705 -600 -705 4 1 -705 0 0 
9820 371 -702 -600 -702 4 1 -702 0 0 
9825 367 -702 -603 -702 4 1 -702 0 0 
9830 363 -695 -600 -695 4 1 -695 0 0 
9835 362 -690 -603 -690 4 1 -690 0 0 
9840 358 -690 -603 -690 4 1 -690 0 0 
9845 354 -687 -600 -687 4 1 -687 0 0 
9850 353 -683 -600 -683 4 1 -683 0 0 
9855 349 -680 -603 -680 4 1 -680 0 0 
9860 347 -675 -600 -675 4 1 -675 0 0 
9865 344 -668 -603 -668 4 1 -668 0 0 
9870 340 -665 -600 -665 4 1 -665 0 0 
9875 338 -657 -600 -657 4 1 -657 0 0 
9880 334 -653 -600 -653 4 1 -653 0 0 
9885 331 -645 -600 -645 4 1 -645 0 0 
9890 329 -638 -600 -638 4 1 -638 0 0 
9895 325 -630 -600 -630 4 1 -630 0 0 
9900 324 -623 -600 -623 4 1 -623 0 0 
9905 320 -615 -600 -615 4 1 -615 0 0 
9910 318 -608 -600 -608 4 1 -608 0 0 
9915 314 -600 -603 -600 4 1 -600 0 0 
9920 311 -597 -603 -597 4 1 -597 0 0 
9925 307 -590 -603 -590 4 1 -590 0 0 
9930 305 -585 -603 -585 4 1 -585 0 0 
9935 302 -582 -603 -582 4 1 -582 0 0 
9940 298 -578 -603 -578 4 1 -578 0 0 
9945 296 -570 -600 -570 4 1 -570 0 0 
9950 293 -567 -600 -567 4 1 -567 0 0 
9955 289 -560 -600 -560 4 1 -560 0 0 
9960 287 -552 -603 -552 4 1 -552 0 0 
9965 284 -545 -603 -545 4 1 -545 0 0 
9970 282 -540 -600 -540 4 1 -540 0 0 
9975 278 -533 -600 -533 4 1 -533 0 0 
9980 275 -530 -600 -530 4 1 -530 0 0 
9985 271 -522 -600 -522 4 1 -522 0 0 
9990 269 -518 -600 -518 4 1 -518 0 0 
9995 266 -515 -600 -515 4 1 -515 0 0 
10000 262 -510 -603 -510 4 1 -510 0 0 
10005 258 -507 -600 -507 4 1 -507 0 0 
10010 256 -503 -603 -503 4 1 -503 0 0 
10015 253 -503 -600 -503 4 1 -503 0 0 
10020 251 -500 -600 -500 4 1 -500 0 0 
10025 247 -495 -603 -495 4 1 -495 0 0 
10030 246 -492 -603 -492 4 1 -492 0 0 
10035 242 -488 -603 -488 4 1 -488 0 0 
10040 238 -485 -603 -485 4 1 -485 0 0 
10045 235 -480 -600 -480 4 1 -480 0 0 
10050 233 -477 -603 -477 4 1 -477 0 0 
10055 229 -473 -600 -473 4 1 -473 0 0 
10060 226 -470 -600 -470 4 1 -470 0 0 
10065 221 -462 -600 -462 4 1 -462 0 0 
10070 219 -458 -598 -458 4 1 -458 0 0 
10075 216 -455 -588 -455 4 1 -455 0 0 
10080 214 -450 -580 -450 4 1 -450 0 0 
10085 210 -447 -565 -447 4 1 -447 0 0 
10090 208 -443 -563 -443 4 1 -443 0 0 
10095 205 -440 -550 -440 4 1 -440 0 0 
10100 203 -440 -545 -440 4 1 -440 0 0 
10105 199 -440 -533 -440 4 1 -440 0 0 
10110 197 -443 -523 -443 4 1 -443 0 0 
10115 196 -440 -520 -440 4 1 -440 0 0 
10120 192 -435 -510 -435 4 1 -435 0 0 
10125 190 -435 -498 -435 4 1 -435 0 0 
10130 187 -432 -488 -432 4 1 -432 0 0 
10135 185 -428 -483 -428 4 1 -428 0 0 
10140 183 -425 -480 -425 4 1 -425 0 0 
10145 181 -425 -458 -425 4 1 -425 0 0 
10150 177 -420 -448 -420 4 1 -420 0 0 
10155 176 -420 -445 -420 4 1 -420 0 0 
10160 174 -420 -435 -420 4 1 -420 0 0 
10165 172 -420 -423 -420 4 1 -420 0 0 
10170 168 -420 -415 -420 4 1 -420 0 0 
10175 167 -413 -408 -413 4 1 -413 0 0 
10180 165 -410 -403 -410 4 1 -410 0 0 
10185 163 -402 -385 -402 4 1 -402 0 0 
10190 161 -398 -378 -398 4 1 -398 0 0 
10195 159 -390 -368 -390 4 1 -390 0 0 
10200 158 -390 -363 -390 4 1 -390 0 0 
10205 156 -387 -353 -387 4 1 -387 0 0 
10210 154 -387 -340 -387 4 1 -387 0 0 
10215 152 -387 -340 -387 4 1 -387 0 0 
10220 150 -383 -330 -383 4 1 -383 0 0 
10225 148 -380 -318 -380 4 1 -380 0 0 
10230 147 -375 -310 -375 4 1 -375 0 0 
10235 145 -372 -300 -372 4 1 -372 0 0 
10240 145 -368 -293 -368 4 1 -368 0 0 
10245 141 -360 -275 -360 4 1 -360 0 0 
10250 141 -357 -270 -357 4 1 -357 0 0 
10255 139 -353 -263 -353 4 1 -353 0 0 
10260 139 -353 -260 -353 4 1 -353 0 0 
10265 138 -353 -240 -353 4 1 -353 0 0 
10270 136 -353 -238 -353 4 1 -353 0 0 
10275 134 -350 -235 -350 4 1 -350 0 0 
10280 134 -345 -223 -345 4 1 -345 0 0 
10285 132 -342 -208 -342 4 1 -342 0 0 
10290 132 -338 -198 -338 4 1 -338 0 0 
10295 130 -330 -185 -330 4 1 -330 0 0 
10300 130 -330 -180 -330 4 1 -330 0 0 
10305 129 -330 -170 -330 4 1 -330 0 0 
10310 129 -330 -158 -330 4 1 -330 0 0 
10315 127 -335 -158 -335 4 1 -335 0 0 
10320 127 -335 -155 -335 4 1 -335 0 0 
10325 127 -335 -143 -335 4 1 -335 0 0 
10330 125 -330 -135 -330 4 1 -330 0 0 
10335 123 -323 -128 -323 4 1 -323 0 0 
10340 125 -315 -123 -315 4 1 -315 0 0 
10345 123 -308 -123 -308 4 1 -308 0 0 
10350 123 -300 -115 -300 4 1 -300 0 0 
10355 121 -300 -110 -300 4 1 -300 0 0 
10360 121 -297 -105 -297 4 1 -297 0 0 
10365 121 -297 -95 -297 4 1 -297 0 0 
10370 121 -297 -93 -297 4 1 -297 0 0 
10375 119 -293 -90 -293 4 1 -293 0 0 
10380 119 -293 -88 -293 4 1 -293 0 0 
10385 119 -290 -78 -290 4 1 -290 0 0 
10390 118 -285 -75 -285 4 1 -285 0 0 
10395 118 -282 -75 -282 4 1 -282 0 0 
10400 119 -278 -70 -278 4 1 -278 0 0 
10405 118 -270 -70 -270 4 1 -270 0 0 
10410 118 -267 -58 -267 4 1 -267 0 0 
10415 118 -260 -58 -260 4 1 -260 0 0 
10420 118 -255 -55 -255 4 1 -255 0 0 
10425 118 -248 -58 -248 4 1 -248 0 0 
10430 118 -245 -53 -245 4 1 -245 0 0 
10435 116 -240 -55 -240 4 1 -240 0 0 
10440 116 -237 -50 -237 4 1 -237 0 0 
10445 116 -237 -53 -237 4 1 -237 0 0 
10450 116 -233 -53 -233 4 1 -233 0 0 
10455 116 -233 -50 -233 4 1 -233 0 0 
10460 116 -233 -50 -233 4 1 -233 0 0 
10465 114 -233 -50 -233 4 1 -233 0 0 
10470 114 -233 -43 -233 4 1 -233 0 0 
10475 114 -233 -43 -233 4 1 -233 0 0 
10480 114 -233 -43 -233 4 1 -233 0 0 
10485 114 -233 -48 -233 4 1 -233 0 0 
10490 114 -233 -43 -233 4 1 -233 0 0 
10495 114 -230 -43 -230 4 1 -230 0 0 
10500 114 -225 -43 -225 4 1 -225 0 0 
10505 114 -218 -43 -218 4 1 -218 0 0 
10510 112 -210 -43 -210 4 1 -210 0 0 
10515 112 -203 -43 -203 4 1 -203 0 0 
10520 112 -192 -30 -192 4 1 -192 0 0 
10525 112 -180 -30 -180 4 1 -180 0 0 
10530 112 -173 -30 -173 4 1 -173 0 0 
10535 112 -162 -30 -162 4 1 -162 0 0 
10540 112 -162 -30 -162 4 1 -162 0 0 
10545 112 -162 -30 -162 4 1 -162 0 0 
10550 112 -162 -28 -162 4 1 -162 0 0 
10555 112 -165 -28 -165 4 1 -165 0 0 
10560 112 -170 -28 -170 4 1 -170 0 0 
10565 112 -170 -25 -170 4 1 -170 0 0 
10570 110 -170 -25 -170 4 1 -170 0 0 
10575 110 -170 -28 -170 4 1 -170 0 0 
10580 110 -170 -25 -170 4 1 -170 0 0 
10585 110 -170 -23 -170 4 1 -170 0 0 
10590 110 -170 -25 -170 4 1 -170 0 0 
10595 110 -165 -23 -165 4 1 -165 0 0 
10600 110 -162 -25 -162 4 1 -162 0 0 
10605 110 -162 -23 -162 4 1 -162 0 0 
10610 110 -155 -25 -155 4 1 -155 0 0 
10615 110 -150 -23 -150 4 1 -150 0 0 
10620 110 -143 -23 -143 4 1 -143 0 0 
10625 110 -140 -15 -140 4 1 -140 0 0 
10630 110 -135 -23 -135 4 1 -135 0 0 
10635 110 -132 -23 -132 4 1 -132 0 0 
10640 110 -125 -23 -125 4 1 -125 0 0 
10645 109 -120 -18 -120 4 1 -120 0 0 
10650 109 -117 -18 -117 4 1 -117 0 0 
10655 110 -117 -18 -117 4 1 -117 0 0 
10660 110 -113 -15 -113 4 1 -113 0 0 
10665 109 -110 -18 -110 4 1 -110 0 0 
10670 109 -110 -15 -110 4 1 -110 0 0 
10675 109 -105 -18 -105 4 1 -105 0 0 
10680 109 -105 -18 -105 4 1 -105 0 0 
10685 109 -102 -15 -102 4 1 -102 0 0 
10690 109 -98 -15 -98 4 1 -98 0 0 
10695 109 -98 -15 -98 4 1 -98 0 0 
10700 109 -98 -15 -98 4 1 -98 0 0 
10705 109 -98 -15 -98 4 1 -98 0 0 
10710 109 -95 -15 -95 4 1 -95 0 0 
10715 109 -95 -15 -95 4 1 -95 0 0 
10720 109 -90 -15 -90 4 1 -90 0 0 
10725 109 -87 -15 -87 4 1 -87 0 0 
10730 109 -83 -15 -83 4 1 -83 0 0 
10735 109 -80 -18 -80 4 1 -80 0 0 
10740 109 -80 -15 -80 4 1 -80 0 0 
10745 107 -75 -13 -75 4 1 -75 0 0 
10750 109 -72 -10 -72 4 1 -72 0 0 
10755 107 -68 -13 -68 4 1 -68 0 0 
10760 109 -72 -10 -72 4 1 -72 0 0 
10765 109 -72 -10 -72 4 1 -72 0 0 
10770 109 -75 -10 -75 4 1 -75 0 0 
10775 107 -75 -10 -75 4 1 -75 0 0 
10780 107 -80 -10 -80 4 1 -80 0 0 
10785 107 -75 -5 -75 4 1 -75 0 0 
10790 109 -75 -10 -75 4 1 -75 0 0 
10795 107 -72 -10 -72 4 1 -72 0 0 
10800 107 -68 -10 -68 4 1 -68 0 0 
10805 107 -68 -10 -68 4 1 -68 0 0 
10810 107 -60 -10 -60 4 1 -60 0 0 
10815 107 -60 -10 -60 4 1 -60 0 0 
10820 107 -57 -10 -57 4 1 -57 0 0 
10825 107 -57 -5 -57 4 1 -57 0 0 
10830 107 -53 -5 -53 4 1 -53 0 0 
10835 107 -50 -5 -50 4 1 -50 0 0 
10840 107 -50 -5 -50 4 1 -50 0 0 
10845 107 -50 -5 -50 4 1 -50 0 0 
10850 107 -50 -5 -50 4 1 -50 0 0 
10855 107 -50 -5 -50 4 1 -50 0 0 
10860 107 -50 -5 -50 4 1 -50 0 0 
10865 107 -45 -5 -45 4 1 -45 0 0 
10870 107 -45 -10 -45 4 1 -45 0 0 
10875 107 -42 -5 -42 4 1 -42 0 0 
10880 107 -42 -10 -42 4 1 -42 0 0 
10885 107 -42 -5 -42 4 1 -42 0 0 
10890 107 -38 -5 -38 4 1 -38 0 0 
10895 107 -38 -10 -38 4 1 -38 0 0 
10900 107 -38 -5 -38 4 1 -38 0 0 
10905 107 -42 -10 -42 4 1 -42 0 0 
10910 107 -42 -5 -42 4 1 -42 0 0 
10915 107 -45 -10 -45 4 1 -45 0 0 
10920 107 -50 -10 -50 4 1 -50 0 0 
10925 107 -53 -10 -53 4 1 -53 0 0 
10930 107 -57 -10 -57 4 1 -57 0 0 
10935 107 -60 -10 -60 4 1 -60 0 0 
10940 107 -60 -5 -60 4 1 -60 0 0 
10945 107 -68 -10 -68 4 1 -68 0 0 
10950 107 -72 -5 -72 4 1 -72 0 0 
10955 107 -75 -5 -75 4 1 -75 0 0 
10960 107 -80 -5 -80 4 1 -80 0 0 
10965 105 -83 -5 -83 4 1 -83 0 0 
10970 105 -90 -5 -90 4 1 -90 0 0 
10975 107 -95 -5 -95 4 1 -95 0 0 
10980 105 -105 -5 -105 4 1 -105 0 0 
10985 105 -113 -3 -113 4 1 -113 0 0 
10990 107 -128 -5 -128 4 1 -128 0 0 
10995 105 -143 -3 -143 4 1 -143 0 0 
11000 107 -158 -5 -158 4 1 -158 0 0 
11005 105 -173 -3 -173 4 1 -173 0 0 
11010 105 -188 -5 -188 4 1 -188 0 0 
11015 105 -195 -3 -195 4 1 -195 0 0 
11020 105 -200 -3 -200 4 1 -200 0 0 
11025 105 -200 -5 -200 4 1 -200 0 0 
11030 105 -200 -5 -200 4 1 -200 0 0 
11035 105 -200 -3 -200 4 1 -200 0 0 
11040 105 -203 -3 -203 4 1 -203 0 0 
11045 105 -203 -3 -203 4 1 -203 0 0 
11050 105 -210 -3 -210 4 1 -210 0 0 
11055 105 -215 -3 -215 4 1 -215 0 0 
11060 105 -218 -5 -218 4 1 -218 0 0 
11065 105 -218 -5 -218 4 1 -218 0 0 
11070 105 -218 -5 -218 4 1 -218 0 0 
11075 105 -222 -5 -222 4 1 -222 0 0 
11080 105 -222 -3 -222 4 1 -222 0 0 
11085 105 -222 -3 -222 4 1 -222 0 0 
11090 105 -222 -3 -222 4 1 -222 0 0 
11095 103 -225 -5 -225 4 1 -225 0 0 
11100 105 -230 -3 -230 4 1 -230 0 0 
11105 105 -233 -3 -233 4 1 -233 0 0 
11110 105 -233 -5 -233 4 1 -233 0 0 
11115 105 -233 -3 -233 4 1 -233 0 0 
11120 105 -240 -3 -240 4 1 -240 0 0 
11125 105 -245 -3 -245 4 1 -245 0 0 
11130 105 -245 -5 -245 4 1 -245 0 0 
11135 105 -245 -5 -245 4 1 -245 0 0 
11140 105 -245 -3 -245 4 1 -245 0 0 
11145 105 -248 -3 -248 4 1 -248 0 0 
11150 105 -248 -5 -248 4 1 -248 0 0 
11155 105 -252 -3 -252 4 1 -252 0 0 
11160 105 -255 -3 -255 4 1 -255 0 0 
11165 105 -263 -3 -263 4 1 -263 0 0 
11170 105 -267 -0 -267 4 1 -267 0 0 
11175 105 -270 -3 -270 4 1 -270 0 0 
11180 103 -270 -3 -270 4 1 -270 0 0 
11185 105 -275 -3 -275 4 1 -275 0 0 
11190 105 -275 -3 -275 4 1 -275 0 0 
11195 105 -278 -3 -278 4 1 -278 0 0 
11200 105 -282 -5 -282 4 1 -282 0 0 
11205 105 -290 -3 -290 4 1 -290 0 0 
11210 105 -293 -3 -293 4 1 -293 0 0 
11215 103 -293 -3 -293 4 1 -293 0 0 
11220 105 -297 -0 -297 4 1 -297 0 0 
11225 105 -297 -3 -297 4 1 -297 0 0 
11230 105 -300 -3 -300 4 1 -300 0 0 
11235 105 -305 -3 -305 4 1 -305 0 0 
11240 103 -305 -3 -305 4 1 -305 0 0 
11245 103 -308 -3 -308 4 1 -308 0 0 
11250 105 -308 -3 -308 4 1 -308 0 0 
11255 103 -312 -3 -312 4 1 -312 0 0 
11260 105 -308 -3 -308 4 1 -308 0 0 
11265 103 -308 -3 -308 4 1 -308 0 0 
11270 105 -305 -3 -305 4 1 -305 0 0 
11275 105 -305 -3 -305 4 1 -305 0 0 
11280 105 -300 -3 -300 4 1 -300 0 0 
11285 105 -297 -3 -297 4 1 -297 0 0 
11290 105 -293 -3 -293 4 1 -293 0 0 
11295 103 -290 -5 -290 4 1 -290 0 0 
11300 103 -290 -3 -290 4 1 -290 0 0 
11305 103 -290 -3 -290 4 1 -290 0 0 
11310 105 -290 -3 -290 4 1 -290 0 0 
11315 105 -285 -3 -285 4 1 -285 0 0 
11320 103 -285 -3 -285 4 1 -285 0 0 
11325 105 -285 -5 -285 4 1 -285 0 0 
11330 105 -282 -3 -282 4 1 -282 0 0 
11335 103 -278 -3 -278 4 1 -278 0 0 
11340 105 -275 -3 -275 4 1 -275 0 0 
11345 103 -270 -3 -270 4 1 -270 0 0 
11350 105 -267 -3 -267 4 1 -267 0 0 
11355 103 -263 -3 -263 4 1 -263 0 0 
11360 103 -260 -3 -260 4 1 -260 0 0 
11365 103 -255 -3 -255 4 1 -255 0 0 
11370 105 -252 -3 -252 4 1 -252 0 0 
11375 105 -245 -3 -245 4 1 -245 0 0 
11380 105 -240 -3 -240 4 1 -240 0 0 
11385 105 -233 -3 -233 4 1 -233 0 0 
11390 105 -230 -3 -230 4 1 -230 0 0 
11395 105 -222 -3 -222 4 1 -222 0 0 
11400 103 -215 -3 -215 4 1 -215 0 0 
11405 105 -210 -3 -210 4 1 -210 0 0 
11410 105 -203 -3 -203 4 1 -203 0 0 
11415 105 -203 -3 -203 4 1 -203 0 0 
11420 103 -200 -3 -200 4 1 -200 0 0 
11425 103 -200 -3 -200 4 1 -200 0 0 
11430 105 -195 -3 -195 4 1 -195 0 0 
11435 103 -192 -3 -192 4 1 -192 0 0 
11440 105 -188 -3 -188 4 1 -188 0 0 
11445 105 -185 -5 -185 4 1 -185 0 0 
11450 105 -177 -3 -177 4 1 -177 0 0 
11455 105 -170 -3 -170 4 1 -170 0 0 
11460 105 -165 -3 -165 4 1 -165 0 0 
11465 105 -158 -3 -158 4 1 -158 0 0 
11470 105 -155 -5 -155 4 1 -155 0 0 
11475 105 -150 -3 -150 4 1 -150 0 0 
11480 105 -143 -3 -143 4 1 -143 0 0 
11485 105 -140 -5 -140 4 1 -140 0 0 
11490 105 -140 -5 -140 4 1 -140 0 0 
11495 103 -135 -3 -135 4 1 -135 0 0 
11500 105 -135 -5 -135 4 1 -135 0 0 
11505 105 -135 -3 -135 4 1 -135 0 0 
11510 105 -135 -3 -135 4 1 -135 0 0 
11515 105 -135 -3 -135 4 1 -135 0 0 
11520 105 -135 -5 -135 4 1 -135 0 0 
11525 105 -135 -3 -135 4 1 -135 0 0 
11530 105 -132 -3 -132 4 1 -132 0 0 
11535 105 -128 -0 -128 4 1 -128 0 0 
11540 105 -128 -3 -128 4 1 -128 0 0 
11545 105 -125 -3 -125 4 1 -125 0 0 
11550 105 -120 -3 -120 4 1 -120 0 0 
11555 105 -117 -5 -117 4 1 -117 0 0 
11560 105 -113 -3 -113 4 1 -113 0 0 
11565 105 -110 -5 -110 4 1 -110 0 0 
11570 105 -105 -3 -105 4 1 -105 0 0 
11575 105 -102 -5 -102 4 1 -102 0 0 
11580 105 -98 -3 -98 4 1 -98 0 0 
11585 105 -95 -3 -95 4 1 -95 0 0 
11590 105 -87 -3 -87 4 1 -87 0 0 
11595 105 -83 -3 -83 4 1 -83 0 0 
11600 105 -80 -3 -80 4 1 -80 0 0 
11605 105 -80 -3 -80 4 1 -80 0 0 
11610 105 -72 -5 -72 4 1 -72 0 0 
11615 105 -68 -3 -68 4 1 -68 0 0 
11620 105 -65 -3 -65 4 1 -65 0 0 
11625 105 -65 -3 -65 4 1 -65 0 0 
11630 105 -60 -5 -60 4 1 -60 0 0 
11635 105 -57 -3 -57 4 1 -57 0 0 
11640 105 -57 -3 -57 4 1 -57 0 0 
11645 105 -53 -5 -53 4 1 -53 0 0 
11650 105 -50 -3 -50 4 1 -50 0 0 
11655 105 -45 -3 -45 4 1 -45 0 0 
11660 105 -38 -3 -38 4 1 -38 0 0 
11665 105 -35 -3 -35 4 1 -35 0 0 
11670 105 -27 -3 -27 4 1 -27 0 0 
11675 105 -23 -0 -23 4 1 -23 0 0 
11680 105 -20 -0 -20 4 1 -20 0 0 
11685 105 -15 -0 -15 4 1 -15 0 0 
11690 105 -8 -0 -8 4 1 -8 0 0 
11695 105 -5 -0 -5 4 1 -5 0 0 
11700 105 5 3 5 4 1 5 0 0 
11705 105 8 5 8 4 1 8 0 0 
11710 105 12 13 12 4 1 12 0 0 
11715 105 15 18 15 4 1 15 0 0 
11720 105 23 25 23 4 1 23 0 0 
11725 105 27 35 27 4 1 27 0 0 
11730 105 30 43 30 4 1 30 0 0 
11735 105 35 53 35 4 1 35 0 0 
11740 107 38 63 38 4 1 38 0 0 
11745 105 42 75 42 4 1 42 0 0 
11750 107 45 83 45 4 1 45 0 0 
11755 107 45 95 45 4 1 45 0 0 
11760 109 50 108 50 4 1 50 0 0 
11765 109 50 120 50 4 1 50 0 0 
11770 110 53 140 53 4 1 53 0 0 
11775 110 57 155 57 4 1 57 0 0 
11780 110 57 168 57 4 1 57 0 0 
11785 112 60 180 60 4 1 60 0 0 
11790 112 65 200 65 4 1 65 0 0 
11795 114 60 218 60 4 1 60 0 0 
11800 114 60 233 60 4 1 60 0 0 
11805 116 60 250 60 4 1 60 0 0 
11810 118 60 273 60 5 1 60 0 0 
11815 119 65 290 65 5 1 65 0 0 
11820 119 65 313 65 5 1 65 0 0 
11825 123 65 328 65 5 1 65 0 0 
11830 123 68 355 68 5 1 68 0 0 
11835 127 68 375 68 5 1 68 0 0 
11840 127 68 398 68 5 1 68 0 0 
11845 129 72 420 72 5 1 72 0 0 
11850 132 72 450 72 5 1 72 0 0 
11855 134 72 473 72 5 1 72 0 0 
11860 136 75 500 75 5 1 75 0 0 
11865 138 75 528 75 5 1 75 0 0 
11870 143 80 555 80 5 1 80 0 0 
11875 145 80 585 80 5 1 80 0 0 
11880 147 80 598 80 5 1 80 0 0 
11885 150 80 600 80 5 1 80 0 0 
11890 154 80 600 80 5 1 80 0 0 
11895 158 80 598 80 5 1 80 0 0 
11900 159 83 600 83 5 1 83 0 0 
11905 163 90 598 90 5 1 90 0 0 
11910 167 110 600 110 5 1 110 0 0 
11915 170 125 598 125 5 1 125 0 0 
11920 172 140 598 140 5 1 140 0 0 
11925 174 158 598 158 5 1 158 0 0 
11930 177 170 600 170 5 1 170 0 0 
11935 181 177 600 177 5 1 177 0 0 
11940 185 180 598 180 5 1 180 0 0 
11945 187 180 600 180 5 1 180 0 0 
11950 190 180 600 180 5 1 180 0 0 
11955 194 180 600 180 5 1 180 0 0 
11960 196 180 600 180 5 1 180 0 0 
11965 199 185 600 185 5 1 185 0 0 
11970 203 192 600 192 5 1 192 0 0 
11975 206 195 598 195 5 1 195 0 0 
11980 208 203 600 203 5 1 203 0 0 
11985 212 207 598 207 5 1 207 0 0 
11990 216 215 600 215 5 1 215 0 0 
11995 217 215 600 215 5 1 215 0 0 
12000 221 215 600 215 5 1 215 0 0 
12005 223 215 598 215 5 1 215 0 0 
12010 226 215 600 215 5 1 215 0 0 
12015 231 215 600 215 5 1 215 0 0 
12020 233 215 598 215 5 1 215 0 0 
12025 237 215 600 215 5 1 215 0 0 
12030 240 218 600 218 5 1 218 0 0 
12035 244 218 600 218 5 1 218 0 0 
12040 246 222 598 222 5 1 222 0 0 
12045 249 222 600 222 5 1 222 0 0 
12050 251 218 598 218 5 1 218 0 0 
12055 255 218 598 218 5 1 218 0 0 
12060 258 218 600 218 5 1 218 0 0 
12065 260 218 600 218 5 1 218 0 0 
12070 264 218 598 218 5 1 218 0 0 
12075 267 215 600 215 5 1 215 0 0 
12080 269 218 598 218 5 1 218 0 0 
12085 273 218 600 218 5 1 218 0 0 
12090 276 218 600 218 5 1 218 0 0 
12095 280 222 598 222 5 1 222 0 0 
12100 282 222 600 222 5 1 222 0 0 
12105 285 225 600 225 5 1 225 0 0 
12110 289 225 598 225 5 1 225 0 0 
12115 291 225 600 225 5 1 225 0 0 
12120 295 230 600 230 5 1 230 0 0 
12125 298 233 600 233 5 1 233 0 0 
12130 300 237 600 237 5 1 237 0 0 
12135 304 237 600 237 5 1 237 0 0 
12140 307 240 600 240 5 1 240 0 0 
12145 309 240 600 240 5 1 240 0 0 
12150 313 240 600 240 5 1 240 0 0 
12155 316 245 600 245 5 1 245 0 0 
12160 320 245 598 245 5 1 245 0 0 
12165 324 248 600 248 5 1 248 0 0 
12170 325 252 600 252 5 1 252 0 0 
12175 329 252 600 252 5 1 252 0 0 
12180 331 255 600 255 5 1 255 0 0 
12185 334 260 598 260 5 1 260 0 0 
12190 338 260 600 260 5 1 260 0 0 
12195 340 263 600 263 5 1 263 0 0 
12200 344 267 600 267 5 1 267 0 0 
12205 347 267 598 267 5 1 267 0 0 
12210 349 270 598 270 5 1 270 0 0 
12215 353 275 600 275 5 1 275 0 0 
12220 356 275 600 275 5 1 275 0 0 
12225 358 275 600 275 5 1 275 0 0 
12230 362 278 598 278 5 1 278 0 0 
12235 365 278 600 278 5 1 278 0 0 
12240 367 278 598 278 5 1 278 0 0 
12245 371 282 600 282 5 1 282 0 0 
12250 374 285 600 285 5 1 285 0 0 
12255 376 290 600 290 5 1 290 0 0 
12260 380 290 598 290 5 1 290 0 0 
12265 383 293 598 293 5 1 293 0 0 
12270 387 297 598 297 5 1 297 0 0 
12275 389 300 600 300 5 1 300 0 0 
12280 392 305 598 305 5 1 305 0 0 
12285 394 305 600 305 5 1 305 0 0 
12290 398 308 600 308 5 1 308 0 0 
12295 402 312 600 312 5 1 312 0 0 
12300 403 315 598 315 5 1 315 0 0 
12305 407 320 600 320 5 1 320 0 0 
12310 411 323 600 323 5 1 323 0 0 
12315 412 327 600 327 5 1 327 0 0 
12320 416 327 600 327 5 1 327 0 0 
12325 418 330 600 330 5 1 330 0 0 
12330 422 330 600 330 5 1 330 0 0 
12335 425 330 598 330 5 1 330 0 0 
12340 429 335 600 335 5 1 335 0 0 
12345 431 335 600 335 5 1 335 0 0 
12350 434 338 600 338 5 1 338 0 0 
12355 438 342 598 342 5 1 342 0 0 
12360 440 342 600 342 5 1 342 0 0 
12365 444 342 600 342 5 1 342 0 0 
12370 448 345 600 345 5 1 345 0 0 
12375 450 350 600 350 5 1 350 0 0 
12380 453 350 600 350 5 1 350 0 0 
12385 455 353 600 353 5 1 353 0 0 
12390 459 353 600 353 5 1 353 0 0 
12395 462 353 600 353 5 1 353 0 0 
12400 464 357 600 357 5 1 357 0 0 
12405 468 357 600 357 5 1 357 0 0 
12410 473 357 598 357 5 1 357 0 0 
12415 475 357 600 357 5 1 357 0 0 
12420 479 360 598 360 5 1 360 0 0 
12425 481 357 600 357 5 1 357 0 0 
12430 484 360 600 360 5 1 360 0 0 
12435 486 360 600 360 5 1 360 0 0 
12440 490 365 600 365 5 1 365 0 0 
12445 493 360 600 360 5 1 360 0 0 
12450 497 360 600 360 5 1 360 0 0 
12455 499 360 600 360 5 1 360 0 0 
12460 502 365 600 365 5 1 365 0 0 
12465 506 365 598 365 5 1 365 0 0 
12470 508 365 600 365 5 1 365 0 0 
12475 513 368 600 368 5 1 368 0 0 
12480 515 368 598 368 5 1 368 0 0 
12485 517 368 600 368 5 1 368 0 0 
12490 520 368 600 368 5 1 368 0 0 
12495 524 368 598 368 5 1 368 0 0 
12500 526 368 600 368 5 1 368 0 0 
12505 530 368 598 368 5 1 368 0 0 
12510 533 368 600 368 5 1 368 0 0 
12515 537 372 600 372 5 1 372 0 0 
12520 539 368 598 368 5 1 368 0 0 
12525 540 368 600 368 5 1 368 0 0 
12530 544 368 600 368 5 1 368 0 0 
12535 548 368 600 368 5 1 368 0 0 
12540 551 372 600 372 5 1 372 0 0 
12545 555 372 600 372 5 1 372 0 0 
12550 557 375 600 375 5 1 375 0 0 
12555 560 375 600 375 5 1 375 0 0 
12560 564 375 600 375 5 1 375 0 0 
12565 566 380 598 380 5 1 380 0 0 
12570 569 380 600 380 5 1 380 0 0 
12575 573 380 600 380 5 1 380 0 0 
12580 575 380 600 380 5 1 380 0 0 
12585 578 380 600 380 5 1 380 0 0 
12590 580 380 600 380 5 1 380 0 0 
12595 584 380 600 380 5 1 380 0 0 
12600 588 380 600 380 5 1 380 0 0 
12605 589 380 598 380 5 1 380 0 0 
12610 593 380 600 380 5 1 380 0 0 
12615 597 380 600 380 5 1 380 0 0 
12620 598 380 600 380 5 1 380 0 0 
12625 602 380 600 380 5 1 380 0 0 
12630 606 383 598 383 5 1 383 0 0 
12635 609 380 600 380 5 1 380 0 0 
12640 611 380 598 380 5 1 380 0 0 
12645 615 380 600 380 5 1 380 0 0 
12650 617 380 600 380 5 1 380 0 0 
12655 620 375 600 375 5 1 375 0 0 
12660 624 375 598 375 5 1 375 0 0 
12665 627 375 598 375 5 1 375 0 0 
12670 629 375 600 375 5 1 375 0 0 
12675 633 375 600 375 5 1 375 0 0 
12680 637 372 600 372 5 1 372 0 0 
12685 638 375 600 375 5 1 375 0 0 
12690 642 372 600 372 5 1 372 0 0 
12695 646 372 600 372 5 1 372 0 0 
12700 647 372 600 372 5 1 372 0 0 
12705 651 368 598 368 5 1 368 0 0 
12710 653 368 600 368 5 1 368 0 0 
12715 657 368 600 368 5 1 368 0 0 
12720 661 368 598 368 5 1 368 0 0 
12725 665 365 600 365 5 1 365 0 0 
12730 667 368 600 368 5 1 368 0 0 
12735 670 365 598 365 5 1 365 0 0 
12740 672 368 600 368 5 1 368 0 0 
12745 676 368 598 368 5 1 368 0 0 
12750 679 368 600 368 5 1 368 0 0 
12755 681 372 600 372 5 1 372 0 0 
12760 685 372 600 372 5 1 372 0 0 
12765 688 372 600 372 5 1 372 0 0 
12770 690 372 598 372 5 1 372 0 0 
12775 694 372 600 372 5 1 372 0 0 
12780 697 372 600 372 5 1 372 0 0 
12785 701 372 598 372 5 1 372 0 0 
12790 703 372 600 372 5 1 372 0 0 
12795 706 375 600 375 5 1 375 0 0 
12800 708 375 600 375 5 1 375 0 0 
12805 712 375 600 375 5 1 375 0 0 
12810 715 375 600 375 5 1 375 0 0 
12815 719 375 598 375 5 1 375 0 0 
12820 721 375 600 375 5 1 375 0 0 
12825 725 375 600 375 5 1 375 0 0 
12830 726 375 600 375 5 1 375 0 0 
12835 730 372 600 372 5 1 372 0 0 
12840 734 372 598 372 5 1 372 0 0 
12845 735 372 600 372 5 1 372 0 0 
12850 739 368 600 368 5 1 368 0 0 
12855 743 368 598 368 5 1 368 0 0 
12860 746 368 600 368 5 1 368 0 0 
12865 750 365 600 365 5 1 365 0 0 
12870 752 365 598 365 5 1 365 0 0 
12875 755 365 600 365 5 1 365 0 0 
12880 757 365 600 365 5 1 365 0 0 
12885 761 365 600 365 5 1 365 0 0 
12890 764 360 600 360 5 1 360 0 0 
12895 766 360 600 360 5 1 360 0 0 
12900 770 360 598 360 5 1 360 0 0 
12905 772 360 598 360 5 1 360 0 0 
12910 775 360 600 360 5 1 360 0 0 
12915 779 357 600 357 5 1 357 0 0 
12920 783 357 588 357 5 1 357 0 0 
12925 784 357 585 357 5 1 357 0 0 
12930 788 357 575 357 5 1 357 0 0 
12935 790 357 563 357 5 1 357 0 0 
12940 793 357 555 357 5 1 357 0 0 
12945 795 360 550 360 5 1 360 0 0 
12950 799 365 545 365 5 1 365 0 0 
12955 803 372 523 372 5 1 372 0 0 
12960 804 375 520 375 5 1 375 0 0 
12965 806 383 513 383 5 1 383 0 0 
12970 808 383 503 383 5 1 383 0 0 
12975 813 383 488 383 5 1 383 0 0 
12980 813 383 480 383 5 1 383 0 0 
12985 817 387 473 387 5 1 387 0 0 
12990 819 387 468 387 5 1 387 0 0 
12995 822 387 450 387 5 1 387 0 0 
13000 824 387 448 387 5 1 387 0 0 
13005 826 395 433 395 5 1 395 0 0 
13010 828 398 428 398 5 1 398 0 0 
13015 830 402 415 402 5 1 402 0 0 
13020 833 402 408 402 5 1 402 0 0 
13025 835 402 403 402 5 1 402 0 0 
13030 837 402 390 402 5 1 402 0 0 
13035 839 402 375 402 5 1 402 0 0 
13040 841 402 365 402 5 1 402 0 0 
13045 842 402 363 402 5 1 402 0 0 
13050 844 402 350 402 5 1 402 0 0 
13055 848 402 340 402 5 1 402 0 0 
13060 848 405 328 405 5 1 405 0 0 
13065 850 405 323 405 5 1 405 0 0 
13070 852 405 315 405 5 1 405 0 0 
13075 853 405 303 405 5 1 405 0 0 
13080 855 405 288 405 5 1 405 0 0 
13085 857 402 280 402 5 1 402 0 0 
13090 857 402 275 402 5 1 402 0 0 
13095 859 402 263 402 5 1 402 0 0 
13100 861 402 253 402 5 1 402 0 0 
13105 862 402 240 402 5 1 402 0 0 
13110 862 402 240 402 5 1 402 0 0 
13115 864 405 233 405 5 1 405 0 0 
13120 866 410 223 410 5 1 410 0 0 
13125 866 410 213 410 5 1 410 0 0 
13130 868 413 198 413 5 1 413 0 0 
13135 871 413 183 413 5 1 413 0 0 
13140 871 417 170 417 5 1 417 0 0 
13145 871 417 158 417 5 1 417 0 0 
13150 872 420 145 420 5 1 420 0 0 
13155 872 425 143 425 5 1 425 0 0 
13160 874 425 133 425 5 1 425 0 0 
13165 874 425 133 425 5 1 425 0 0 
13170 874 425 133 425 5 1 425 0 0 
13175 876 417 123 417 5 1 417 0 0 
13180 876 413 120 413 5 1 413 0 0 
13185 876 405 118 405 5 1 405 0 0 
13190 878 402 108 402 5 1 402 0 0 
13195 878 395 103 395 5 1 395 0 0 
13200 878 395 103 395 5 1 395 0 0 
13205 880 398 95 398 5 1 398 0 0 
13210 880 402 83 402 5 1 402 0 0 
13215 882 405 78 405 5 1 405 0 0 
13220 882 410 70 410 5 1 410 0 0 
13225 882 413 58 413 5 1 413 0 0 
13230 882 413 58 413 5 1 413 0 0 
13235 882 417 55 417 5 1 417 0 0 
13240 882 420 53 420 5 1 420 0 0 
13245 883 425 53 425 5 1 425 0 0 
13250 883 428 53 428 5 1 428 0 0 
13255 883 432 53 432 5 1 432 0 0 
13260 883 435 53 435 5 1 435 0 0 
13265 883 435 53 435 5 1 435 0 0 
13270 883 435 48 435 5 1 435 0 0 
13275 885 432 48 432 5 1 432 0 0 
13280 885 425 43 425 5 1 425 0 0 
13285 885 417 48 417 5 1 417 0 0 
13290 885 405 43 405 5 1 405 0 0 
13295 885 398 43 398 5 1 398 0 0 
13300 885 390 40 390 5 1 390 0 0 
13305 885 380 40 380 5 1 380 0 0 
13310 885 372 40 372 5 1 372 0 0 
13315 887 357 35 357 5 1 357 0 0 
13320 887 345 35 345 5 1 345 0 0 
13325 887 335 35 335 5 1 335 0 0 
13330 887 320 30 320 5 1 320 0 0 
13335 887 312 35 312 5 1 312 0 0 
13340 887 305 35 305 5 1 305 0 0 
13345 887 297 35 297 5 1 297 0 0 
13350 887 290 30 290 5 1 290 0 0 
13355 887 282 30 282 5 1 282 0 0 
13360 889 275 30 275 5 1 275 0 0 
13365 889 267 28 267 5 1 267 0 0 
13370 889 263 30 263 5 1 263 0 0 
13375 889 255 28 255 5 1 255 0 0 
13380 889 248 28 248 5 1 248 0 0 
13385 889 245 25 245 5 1 245 0 0 
13390 889 240 28 240 5 1 240 0 0 
13395 889 240 25 240 5 1 240 0 0 
13400 889 237 28 237 5 1 237 0 0 
13405 889 233 28 233 5 1 233 0 0 
13410 889 225 28 225 5 1 225 0 0 
13415 891 218 28 218 5 1 218 0 0 
13420 889 207 23 207 5 1 207 0 0 
13425 889 200 18 200 5 1 200 0 0 
13430 891 188 18 188 5 1 188 0 0 
13435 891 173 15 173 5 1 173 0 0 
13440 889 162 15 162 5 1 162 0 0 
13445 889 150 18 150 5 1 150 0 0 
13450 891 140 18 140 5 1 140 0 0 
13455 891 125 15 125 5 1 125 0 0 
13460 891 113 13 113 5 1 113 0 0 
13465 891 102 18 102 5 1 102 0 0 
13470 891 90 13 90 5 1 90 0 0 
13475 891 75 15 75 5 1 75 0 0 
13480 891 65 15 65 5 1 65 0 0 
13485 891 53 15 53 5 1 53 0 0 
13490 891 42 13 42 5 1 42 0 0 
13495 891 27 13 27 5 1 27 0 0 
13500 891 20 10 20 5 1 20 0 0 
13505 891 8 5 8 5 1 8 0 0 
13510 891 -0 -0 -0 5 1 -0 0 0 
13515 891 -12 -0 -12 5 1 -12 0 0 
13520 891 -23 -5 -23 5 1 -23 0 0 
13525 891 -30 -15 -30 5 1 -30 0 0 
13530 891 -38 -28 -38 5 1 -38 0 0 
13535 891 -50 -43 -50 5 1 -50 0 0 
13540 891 -57 -55 -57 5 1 -57 0 0 
13545 889 -68 -70 -68 5 1 -68 0 0 
13550 891 -75 -83 -75 5 1 -75 0 0 
13555 889 -80 -105 -80 5 1 -80 0 0 
13560 889 -83 -123 -83 5 1 -83 0 0 
13565 889 -87 -143 -87 5 1 -87 0 0 
13570 887 -90 -165 -90 5 1 -90 0 0 
13575 887 -98 -193 -98 5 1 -98 0 0 
13580 885 -102 -220 -102 5 1 -102 0 0 
13585 885 -110 -245 -110 5 1 -110 0 0 
13590 883 -113 -278 -113 5 1 -113 0 0 
13595 882 -125 -313 -125 5 1 -125 0 0 
13600 880 -132 -345 -132 5 1 -132 0 0 
13605 878 -135 -383 -135 5 1 -135 0 0 
13610 878 -143 -418 -143 5 1 -143 0 0 
13615 874 -147 -468 -147 6 1 -147 0 0 
13620 872 -150 -508 -150 6 1 -150 0 0 
13625 871 -158 -548 -158 6 1 -158 0 0 
13630 866 -162 -590 -162 6 1 -162 0 0 
13635 862 -165 -600 -165 6 1 -165 0 0 
13640 861 -173 -603 -173 6 1 -173 0 0 
13645 857 -177 -600 -177 6 1 -177 0 0 
13650 853 -185 -603 -185 6 1 -185 0 0 
13655 850 -200 -600 -200 6 1 -200 0 0 
13660 848 -218 -600 -218 6 1 -218 0 0 
13665 844 -237 -600 -237 6 1 -237 0 0 
13670 841 -263 -600 -263 6 1 -263 0 0 
13675 839 -293 -603 -293 6 1 -293 0 0 
13680 835 -315 -600 -315 6 1 -315 0 0 
13685 833 -335 -600 -335 6 1 -335 0 0 
13690 830 -350 -600 -350 6 1 -350 0 0 
13695 826 -357 -600 -357 6 1 -357 0 0 
13700 822 -360 -600 -360 6 1 -360 0 0 
13705 821 -360 -603 -360 6 1 -360 0 0 
13710 817 -365 -600 -365 6 1 -365 0 0 
13715 813 -372 -600 -372 6 1 -372 0 0 
13720 810 -383 -600 -383 6 1 -383 0 0 
13725 808 -395 -603 -395 6 1 -395 0 0 
13730 804 -410 -603 -410 6 1 -410 0 0 
13735 801 -428 -600 -428 6 1 -428 0 0 
13740 799 -447 -603 -447 6 1 -447 0 0 
13745 795 -458 -600 -458 6 1 -458 0 0 
13750 793 -473 -603 -473 6 1 -473 0 0 
13755 790 -480 -600 -480 6 1 -480 0 0 
13760 786 -488 -603 -488 6 1 -488 0 0 
13765 784 -492 -600 -492 6 1 -492 0 0 
13770 781 -492 -600 -492 6 1 -492 0 0 
13775 777 -495 -600 -495 6 1 -495 0 0 
13780 775 -500 -600 -500 6 1 -500 0 0 
13785 772 -503 -603 -503 6 1 -503 0 0 
13790 768 -507 -600 -507 6 1 -507 0 0 
13795 764 -515 -603 -515 6 1 -515 0 0 
13800 763 -518 -600 -518 6 1 -518 0 0 
13805 761 -518 -603 -518 6 1 -518 0 0 
13810 757 -522 -600 -522 6 1 -522 0 0 
13815 754 -525 -603 -525 6 1 -525 0 0 
13820 750 -530 -600 -530 6 1 -530 0 0 
13825 750 -530 -603 -530 6 1 -530 0 0 
13830 746 -530 -600 -530 6 1 -530 0 0 
13835 741 -533 -600 -533 6 1 -533 0 0 
13840 739 -533 -600 -533 6 1 -533 0 0 
13845 735 -537 -603 -537 6 1 -537 0 0 
13850 734 -537 -600 -537 6 1 -537 0 0 
13855 730 -545 -600 -545 6 1 -545 0 0 
13860 728 -545 -600 -545 6 1 -545 0 0 
13865 725 -552 -600 -552 6 1 -552 0 0 
13870 721 -560 -600 -560 6 1 -560 0 0 
13875 717 -567 -600 -567 6 1 -567 0 0 
13880 715 -570 -600 -570 6 1 -570 0 0 
13885 712 -578 -600 -578 6 1 -578 0 0 
13890 708 -582 -600 -582 6 1 -582 0 0 
13895 706 -590 -600 -590 6 1 -590 0 0 
13900 703 -597 -603 -597 6 1 -597 0 0 
13905 699 -605 -600 -605 6 1 -605 0 0 
13910 697 -612 -600 -612 6 1 -612 0 0 
13915 694 -623 -600 -623 6 1 -623 0 0 
13920 690 -627 -600 -627 6 1 -627 0 0 
13925 686 -635 -603 -635 6 1 -635 0 0 
13930 685 -642 -600 -642 6 1 -642 0 0 
13935 681 -645 -600 -645 6 1 -645 0 0 
13940 677 -653 -600 -653 6 1 -653 0 0 
13945 676 -657 -600 -657 6 1 -657 0 0 
13950 674 -657 -600 -657 6 1 -657 0 0 
13955 670 -665 -600 -665 6 1 -665 0 0 
13960 667 -668 -600 -668 6 1 -668 0 0 
13965 665 -668 -600 -668 6 1 -668 0 0 
13970 661 -672 -600 -672 6 1 -672 0 0 
13975 657 -675 -600 -675 6 1 -675 0 0 
13980 653 -680 -603 -680 6 1 -680 0 0 
13985 649 -683 -600 -683 6 1 -683 0 0 
13990 647 -683 -600 -683 6 1 -683 0 0 
13995 644 -687 -600 -687 6 1 -687 0 0 
14000 642 -690 -603 -690 6 1 -690 0 0 
14005 638 -695 -600 -695 6 1 -695 0 0 
14010 637 -698 -600 -698 6 1 -698 0 0 
14015 633 -702 -603 -702 6 1 -702 0 0 
14020 629 -705 -600 -705 6 1 -705 0 0 
14025 627 -710 -600 -710 6 1 -710 0 0 
14030 624 -713 -600 -713 6 1 -713 0 0 
14035 620 -717 -600 -717 6 1 -717 0 0 
14040 617 -717 -600 -717 6 1 -717 0 0 
14045 615 -717 -603 -717 6 1 -717 0 0 
14050 611 -720 -600 -720 6 1 -720 0 0 
14055 609 -717 -600 -717 6 1 -717 0 0 
14060 606 -717 -600 -717 6 1 -717 0 0 
14065 602 -717 -603 -717 6 1 -717 0 0 
14070 600 -717 -600 -717 6 1 -717 0 0 
14075 597 -717 -603 -717 6 1 -717 0 0 
14080 593 -720 -603 -720 6 1 -720 0 0 
14085 591 -720 -600 -720 6 1 -720 0 0 
14090 588 -725 -603 -725 6 1 -725 0 0 
14095 584 -725 -600 -725 6 1 -725 0 0 
14100 582 -725 -600 -725 6 1 -725 0 0 
14105 578 -728 -600 -728 6 1 -728 0 0 
14110 577 -728 -603 -728 6 1 -728 0 0 
14115 573 -728 -600 -728 6 1 -728 0 0 
14120 569 -728 -600 -728 6 1 -728 0 0 
14125 568 -732 -600 -732 6 1 -732 0 0 
14130 564 -735 -603 -735 6 1 -735 0 0 
14135 560 -740 -603 -740 6 1 -740 0 0 
14140 559 -747 -603 -747 6 1 -747 0 0 
14145 555 -750 -600 -750 6 1 -750 0 0 
14150 551 -758 -600 -758 6 1 -758 0 0 
14155 549 -762 -600 -762 6 1 -762 0 0 
14160 546 -765 -600 -765 6 1 -765 0 0 
14165 542 -773 -600 -773 6 1 -773 0 0 
14170 540 -777 -600 -777 6 1 -777 0 0 
14175 537 -780 -603 -780 6 1 -780 0 0 
14180 533 -785 -600 -785 6 1 -785 0 0 
14185 531 -788 -600 -788 6 1 -788 0 0 
14190 528 -792 -603 -792 6 1 -792 0 0 
14195 524 -795 -600 -795 6 1 -795 0 0 
14200 522 -803 -603 -803 6 1 -803 0 0 
14205 519 -807 -600 -807 6 1 -807 0 0 
14210 515 -810 -603 -810 6 1 -810 0 0 
14215 513 -810 -600 -810 6 1 -810 0 0 
14220 510 -810 -603 -810 6 1 -810 0 0 
14225 506 -810 -600 -810 6 1 -810 0 0 
14230 504 -807 -603 -807 6 1 -807 0 0 
14235 500 -800 -600 -800 6 1 -800 0 0 
14240 497 -792 -600 -792 6 1 -792 0 0 
14245 495 -785 -603 -785 6 1 -785 0 0 
14250 491 -780 -600 -780 6 1 -780 0 0 
14255 490 -777 -603 -777 6 1 -777 0 0 
14260 486 -770 -600 -770 6 1 -770 0 0 
14265 482 -770 -600 -770 6 1 -770 0 0 
14270 479 -770 -603 -770 6 1 -770 0 0 
14275 477 -765 -600 -765 6 1 -765 0 0 
14280 473 -762 -600 -762 6 1 -762 0 0 
14285 470 -758 -603 -758 6 1 -758 0 0 
14290 468 -750 -600 -750 6 1 -750 0 0 
14295 464 -743 -600 -743 6 1 -743 0 0 
14300 462 -728 -600 -728 6 1 -728 0 0 
14305 459 -717 -600 -717 6 1 -717 0 0 
14310 455 -705 -600 -705 6 1 -705 0 0 
14315 452 -698 -600 -698 6 1 -698 0 0 
14320 450 -683 -603 -683 6 1 -683 0 0 
14325 446 -668 -600 -668 6 1 -668 0 0 
14330 444 -657 -600 -657 6 1 -657 0 0 
14335 440 -645 -600 -645 6 1 -645 0 0 
14340 436 -627 -603 -627 6 1 -627 0 0 
14345 434 -615 -600 -615 6 1 -615 0 0 
14350 431 -605 -603 -605 6 1 -605 0 0 
14355 427 -593 -600 -593 6 1 -593 0 0 
14360 425 -578 -600 -578 6 1 -578 0 0 
14365 422 -567 -600 -567 6 1 -567 0 0 
14370 420 -555 -603 -555 6 1 -555 0 0 
14375 416 -548 -600 -548 6 1 -548 0 0 
14380 412 -540 -600 -540 6 1 -540 0 0 
14385 409 -533 -603 -533 6 1 -533 0 0 
14390 407 -525 -600 -525 6 1 -525 0 0 
14395 405 -518 -600 -518 6 1 -518 0 0 
14400 402 -507 -600 -507 6 1 -507 0 0 
14405 398 -500 -603 -500 6 1 -500 0 0 
14410 396 -492 -600 -492 6 1 -492 0 0 
14415 394 -488 -600 -488 6 1 -488 0 0 
14420 389 -480 -600 -480 6 1 -480 0 0 
14425 387 -477 -600 -477 6 1 -477 0 0 
14430 383 -473 -603 -473 6 1 -473 0 0 
14435 382 -470 -603 -470 6 1 -470 0 0 
14440 378 -465 -600 -465 6 1 -465 0 0 
14445 374 -462 -600 -462 6 1 -462 0 0 
14450 373 -458 -600 -458 6 1 -458 0 0 
14455 369 -450 -600 -450 6 1 -450 0 0 
14460 365 -447 -603 -447 6 1 -447 0 0 
14465 363 -443 -600 -443 6 1 -443 0 0 
14470 360 -435 -600 -435 6 1 -435 0 0 
14475 358 -432 -600 -432 6 1 -432 0 0 
14480 354 -428 -600 -428 6 1 -428 0 0 
14485 351 -425 -600 -425 6 1 -425 0 0 
14490 349 -420 -600 -420 6 1 -420 0 0 
14495 345 -417 -600 -417 6 1 -417 0 0 
14500 342 -413 -600 -413 6 1 -413 0 0 
14505 340 -405 -600 -405 6 1 -405 0 0 
14510 336 -405 -600 -405 6 1 -405 0 0 
14515 334 -402 -603 -402 6 1 -402 0 0 
14520 329 -402 -600 -402 6 1 -402 0 0 
14525 327 -402 -603 -402 6 1 -402 0 0 
14530 325 -405 -600 -405 6 1 -405 0 0 
14535 322 -413 -600 -413 6 1 -413 0 0 
14540 318 -420 -600 -420 6 1 -420 0 0 
14545 316 -425 -603 -425 6 1 -425 0 0 
14550 313 -425 -600 -425 6 1 -425 0 0 
14555 309 -428 -603 -428 6 1 -428 0 0 
14560 305 -428 -600 -428 6 1 -428 0 0 
14565 304 -428 -603 -428 6 1 -428 0 0 
14570 302 -428 -600 -428 6 1 -428 0 0 
14575 298 -425 -600 -425 6 1 -425 0 0 
14580 295 -425 -600 -425 6 1 -425 0 0 
14585 291 -425 -600 -425 6 1 -425 0 0 
14590 289 -425 -600 -425 6 1 -425 0 0 
14595 285 -428 -600 -428 6 1 -428 0 0 
14600 284 -425 -600 -425 6 1 -425 0 0 
14605 280 -425 -603 -425 6 1 -425 0 0 
14610 276 -425 -600 -425 6 1 -425 0 0 
14615 273 -420 -603 -420 6 1 -420 0 0 
14620 269 -417 -600 -417 6 1 -417 0 0 
14625 267 -413 -600 -413 6 1 -413 0 0 
14630 264 -410 -600 -410 6 1 -410 0 0 
14635 262 -410 -600 -410 6 1 -410 0 0 
14640 256 -405 -600 -405 6 1 -405 0 0 
14645 255 -402 -600 -402 6 1 -402 0 0 
14650 253 -398 -603 -398 6 1 -398 0 0 
14655 251 -395 -600 -395 6 1 -395 0 0 
14660 246 -390 -600 -390 6 1 -390 0 0 
14665 244 -390 -600 -390 6 1 -390 0 0 
14670 240 -390 -600 -390 6 1 -390 0 0 
14675 237 -390 -603 -390 6 1 -390 0 0 
14680 235 -390 -600 -390 6 1 -390 0 0 
14685 231 -390 -600 -390 6 1 -390 0 0 
14690 226 -390 -600 -390 6 1 -390 0 0 
14695 225 -390 -603 -390 6 1 -390 0 0 
14700 221 -390 -600 -390 6 1 -390 0 0 
14705 217 -395 -593 -395 6 1 -395 0 0 
14710 216 -395 -585 -395 6 1 -395 0 0 
14715 212 -395 -580 -395 6 1 -395 0 0 
14720 210 -395 -565 -395 6 1 -395 0 0 
14725 206 -395 -563 -395 6 1 -395 0 0 
14730 205 -395 -553 -395 6 1 -395 0 0 
14735 201 -398 -548 -398 6 1 -398 0 0 
14740 199 -405 -533 -405 6 1 -405 0 0 
14745 196 -410 -523 -410 6 1 -410 0 0 
14750 194 -410 -523 -410 6 1 -410 0 0 
14755 192 -410 -503 -410 6 1 -410 0 0 
14760 188 -410 -493 -410 6 1 -410 0 0 
14765 187 -405 -488 -405 6 1 -405 0 0 
14770 185 -405 -480 -405 6 1 -405 0 0 
14775 181 -402 -470 -402 6 1 -402 0 0 
14780 179 -398 -463 -398 6 1 -398 0 0 
14785 177 -398 -448 -398 6 1 -398 0 0 
14790 174 -398 -445 -398 6 1 -398 0 0 
14795 172 -395 -433 -395 6 1 -395 0 0 
14800 170 -390 -418 -390 6 1 -390 0 0 
14805 168 -390 -410 -390 6 1 -390 0 0 
14810 167 -390 -408 -390 6 1 -390 0 0 
14815 165 -390 -395 -390 6 1 -390 0 0 
14820 161 -390 -390 -390 6 1 -390 0 0 
14825 161 -387 -378 -387 6 1 -387 0 0 
14830 158 -387 -365 -387 6 1 -387 0 0 
14835 158 -387 -363 -387 6 1 -387 0 0 
14840 154 -383 -353 -383 6 1 -383 0 0 
14845 154 -383 -340 -383 6 1 -383 0 0 
14850 150 -383 -330 -383 6 1 -383 0 0 
14855 150 -383 -318 -383 6 1 -383 0 0 
14860 148 -383 -310 -383 6 1 -383 0 0 
14865 147 -380 -303 -380 6 1 -380 0 0 
14870 145 -380 -303 -380 6 1 -380 0 0 
14875 143 -375 -290 -375 6 1 -375 0 0 
14880 143 -372 -278 -372 6 1 -372 0 0 
14885 139 -372 -265 -372 6 1 -372 0 0 
14890 139 -365 -260 -365 6 1 -365 0 0 
14895 139 -360 -245 -360 6 1 -360 0 0 
14900 138 -353 -240 -353 6 1 -353 0 0 
14905 136 -345 -238 -345 6 1 -345 0 0 
14910 134 -342 -228 -342 6 1 -342 0 0 
14915 134 -335 -220 -335 6 1 -335 0 0 
14920 132 -330 -205 -330 6 1 -330 0 0 
14925 132 -330 -193 -330 6 1 -330 0 0 
14930 130 -323 -188 -323 6 1 -323 0 0 
14935 130 -327 -180 -327 6 1 -327 0 0 
14940 129 -323 -165 -323 6 1 -323 0 0 
14945 129 -323 -160 -323 6 1 -323 0 0 
14950 127 -323 -158 -323 6 1 -323 0 0 
14955 127 -320 -155 -320 6 1 -320 0 0 
14960 125 -312 -145 -312 6 1 -312 0 0 
14965 125 -308 -135 -308 6 1 -308 0 0 
14970 125 -300 -128 -300 6 1 -300 0 0 
14975 123 -290 -128 -290 6 1 -290 0 0 
14980 123 -282 -123 -282 6 1 -282 0 0 
14985 123 -278 -110 -278 6 1 -278 0 0 
14990 121 -275 -108 -275 6 1 -275 0 0 
14995 121 -278 -103 -278 6 1 -278 0 0 
15000 121 -278 -93 -278 6 1 -278 0 0 
15005 121 -278 -93 -278 6 1 -278 0 0 
15010 121 -282 -90 -282 6 1 -282 0 0 
15015 119 -278 -90 -278 6 1 -278 0 0 
15020 119 -278 -80 -278 6 1 -278 0 0 
15025 119 -275 -75 -275 6 1 -275 0 0 
15030 119 -267 -75 -267 6 1 -267 0 0 
15035 118 -260 -70 -260 6 1 -260 0 0 
15040 118 -255 -65 -255 6 1 -255 0 0 
15045 118 -252 -63 -252 6 1 -252 0 0 
15050 118 -252 -63 -252 6 1 -252 0 0 
15055 118 -252 -63 -252 6 1 -252 0 0 
15060 118 -255 -63 -255 6 1 -255 0 0 
15065 118 -260 -63 -260 6 1 -260 0 0 
15070 116 -260 -53 -260 6 1 -260 0 0 
15075 116 -260 -50 -260 6 1 -260 0 0 
15080 116 -260 -53 -260 6 1 -260 0 0 
15085 116 -255 -50 -255 6 1 -255 0 0 
15090 116 -252 -50 -252 6 1 -252 0 0 
15095 114 -248 -53 -248 6 1 -248 0 0 
15100 114 -240 -43 -240 6 1 -240 0 0 
15105 114 -233 -48 -233 6 1 -233 0 0 
15110 114 -230 -43 -230 6 1 -230 0 0 
15115 114 -218 -43 -218 6 1 -218 0 0 
15120 114 -207 -48 -207 6 1 -207 0 0 
15125 114 -200 -43 -200 6 1 -200 0 0 
15130 114 -192 -43 -192 6 1 -192 0 0 
15135 114 -185 -43 -185 6 1 -185 0 0 
15140 114 -180 -48 -180 6 1 -180 0 0 
15145 114 -177 -48 -177 6 1 -177 0 0 
15150 114 -177 -43 -177 6 1 -177 0 0 
15155 112 -173 -43 -173 6 1 -173 0 0 
15160 112 -173 -40 -173 6 1 -173 0 0 
15165 112 -173 -35 -173 6 1 -173 0 0 
15170 112 -170 -30 -170 6 1 -170 0 0 
15175 112 -173 -30 -173 6 1 -173 0 0 
15180 112 -170 -30 -170 6 1 -170 0 0 
15185 112 -170 -30 -170 6 1 -170 0 0 
15190 112 -170 -35 -170 6 1 -170 0 0 
15195 112 -165 -28 -165 6 1 -165 0 0 
15200 110 -165 -28 -165 6 1 -165 0 0 
15205 112 -158 -28 -158 6 1 -158 0 0 
15210 112 -155 -25 -155 6 1 -155 0 0 
15215 110 -147 -25 -147 6 1 -147 0 0 
15220 110 -143 -25 -143 6 1 -143 0 0 
15225 110 -135 -23 -135 6 1 -135 0 0 
15230 110 -132 -23 -132 6 1 -132 0 0 
15235 110 -125 -23 -125 6 1 -125 0 0 
15240 110 -113 -23 -113 6 1 -113 0 0 
15245 110 -105 -23 -105 6 1 -105 0 0 
15250 110 -102 -23 -102 6 1 -102 0 0 
15255 110 -95 -23 -95 6 1 -95 0 0 
15260 110 -90 -25 -90 6 1 -90 0 0 
15265 110 -87 -25 -87 6 1 -87 0 0 
15270 110 -83 -23 -83 6 1 -83 0 0 
15275 110 -83 -23 -83 6 1 -83 0 0 
15280 110 -83 -23 -83 6 1 -83 0 0 
15285 110 -80 -23 -80 6 1 -80 0 0 
15290 110 -83 -23 -83 6 1 -83 0 0 
15295 110 -80 -18 -80 6 1 -80 0 0 
15300 110 -80 -23 -80 6 1 -80 0 0 
15305 109 -80 -18 -80 6 1 -80 0 0 
15310 110 -80 -18 -80 6 1 -80 0 0 
15315 110 -80 -15 -80 6 1 -80 0 0 
15320 109 -80 -15 -80 6 1 -80 0 0 
15325 109 -80 -15 -80 6 1 -80 0 0 
15330 109 -80 -15 -80 6 1 -80 0 0 
15335 109 -75 -18 -75 6 1 -75 0 0 
15340 110 -72 -18 -72 6 1 -72 0 0 
15345 109 -72 -18 -72 6 1 -72 0 0 
15350 109 -68 -15 -68 6 1 -68 0 0 
15355 109 -68 -18 -68 6 1 -68 0 0 
15360 109 -60 -15 -60 6 1 -60 0 0 
15365 109 -57 -18 -57 6 1 -57 0 0 
15370 109 -57 -18 -57 6 1 -57 0 0 
15375 109 -53 -13 -53 6 1 -53 0 0 
15380 109 -50 -15 -50 6 1 -50 0 0 
15385 109 -50 -15 -50 6 1 -50 0 0 
15390 109 -50 -15 -50 6 1 -50 0 0 
15395 109 -45 -15 -45 6 1 -45 0 0 
15400 109 -50 -18 -50 6 1 -50 0 0 
15405 109 -50 -15 -50 6 1 -50 0 0 
15410 109 -50 -15 -50 6 1 -50 0 0 
15415 109 -45 -18 -45 6 1 -45 0 0 
15420 107 -42 -18 -42 6 1 -42 0 0 
15425 109 -38 -15 -38 6 1 -38 0 0 
15430 109 -38 -18 -38 6 1 -38 0 0 
15435 109 -35 -13 -35 6 1 -35 0 0 
15440 109 -35 -5 -35 6 1 -35 0 0 
15445 109 -30 -10 -30 6 1 -30 0 0 
15450 107 -30 -5 -30 6 1 -30 0 0 
15455 109 -27 -5 -27 6 1 -27 0 0 
15460 107 -23 -5 -23 6 1 -23 0 0 
15465 109 -23 -5 -23 6 1 -23 0 0 
15470 107 -20 -3 -20 6 1 -20 0 0 
15475 109 -15 -0 -15 6 1 -15 0 0 
15480 109 -12 -0 -12 6 1 -12 0 0 
15485 109 -8 -0 -8 6 1 -8 0 0 
15490 109 -0 -0 -0 6 1 -0 0 0 
15495 107 5 3 5 6 1 5 0 0 
15500 107 8 5 8 6 1 8 0 0 
15505 109 12 10 12 6 1 12 0 0 
15510 109 15 13 15 6 1 15 0 0 
15515 107 20 15 20 6 1 20 0 0 
15520 109 20 23 20 6 1 20 0 0 
15525 109 20 28 20 6 1 20 0 0 
15530 109 23 30 23 6 1 23 0 0 
15535 109 20 38 20 6 1 20 0 0 
15540 109 23 48 23 6 1 23 0 0 
15545 109 27 53 27 6 1 27 0 0 
15550 109 27 58 27 6 1 27 0 0 
15555 110 30 70 30 6 1 30 0 0 
15560 110 30 78 30 6 1 30 0 0 
15565 110 35 88 35 6 1 35 0 0 
15570 110 35 95 35 6 1 35 0 0 
15575 112 35 105 35 6 1 35 0 0 
15580 112 35 118 35 6 1 35 0 0 
15585 112 38 128 38 6 1 38 0 0 
15590 114 38 140 38 6 1 38 0 0 
15595 114 42 153 42 6 1 42 0 0 
15600 116 42 165 42 6 1 42 0 0 
15605 116 42 173 42 6 1 42 0 0 
15610 116 45 185 45 6 1 45 0 0 
15615 118 45 198 45 6 1 45 0 0 
15620 119 42 210 42 6 1 42 0 0 
15625 119 42 223 42 6 1 42 0 0 
15630 121 38 233 38 6 1 38 0 0 
15635 121 38 245 38 7 1 38 0 0 
15640 123 38 258 38 7 1 38 0 0 
15645 125 35 270 35 7 1 35 0 0 
15650 127 35 280 35 7 1 35 0 0 
15655 127 30 290 30 7 1 30 0 0 
15660 129 30 305 30 7 1 30 0 0 
15665 130 27 313 27 7 1 27 0 0 
15670 132 27 325 27 7 1 27 0 0 
15675 134 23 338 23 7 1 23 0 0 
15680 136 23 350 23 7 1 23 0 0 
15685 138 23 363 23 7 1 23 0 0 
15690 139 23 375 23 7 1 23 0 0 
15695 141 23 385 23 7 1 23 0 0 
15700 143 23 395 23 7 1 23 0 0 
15705 145 23 405 23 7 1 23 0 0 
15710 147 23 420 23 7 1 23 0 0 
15715 148 20 433 20 7 1 20 0 0 
15720 152 20 445 20 7 1 20 0 0 
15725 152 15 458 15 7 1 15 0 0 
15730 156 15 468 15 7 1 15 0 0 
15735 158 20 480 20 7 1 20 0 0 
15740 161 20 493 20 7 1 20 0 0 
15745 163 20 508 20 7 1 20 0 0 
15750 165 20 523 20 7 1 20 0 0 
15755 168 20 533 20 7 1 20 0 0 
15760 170 20 548 20 7 1 20 0 0 
15765 174 20 563 20 7 1 20 0 0 
15770 177 23 575 23 7 1 23 0 0 
15775 179 23 590 23 7 1 23 0 0 
15780 183 23 600 23 7 1 23 0 0 
15785 187 27 600 27 7 1 27 0 0 
15790 188 27 600 27 7 1 27 0 0 
15795 190 30 600 30 7 1 30 0 0 
15800 196 35 600 35 7 1 35 0 0 
15805 197 38 598 38 7 1 38 0 0 
15810 201 42 600 42 7 1 42 0 0 
15815 203 50 598 50 7 1 50 0 0 
15820 206 57 598 57 7 1 57 0 0 
15825 210 65 598 65 7 1 65 0 0 
15830 212 65 600 65 7 1 65 0 0 
15835 216 68 600 68 7 1 68 0 0 
15840 217 68 600 68 7 1 68 0 0 
15845 221 68 600 68 7 1 68 0 0 
15850 225 65 600 65 7 1 65 0 0 
15855 226 65 600 65 7 1 65 0 0 
15860 231 65 600 65 7 1 65 0 0 
15865 233 68 598 68 7 1 68 0 0 
15870 237 68 600 68 7 1 68 0 0 
15875 240 68 600 68 7 1 68 0 0 
15880 244 68 600 68 7 1 68 0 0 
15885 246 72 598 72 7 1 72 0 0 
15890 249 75 600 75 7 1 75 0 0 
15895 251 80 600 80 7 1 80 0 0 
15900 255 80 600 80 7 1 80 0 0 
15905 258 83 600 83 7 1 83 0 0 
15910 262 87 600 87 7 1 87 0 0 
15915 264 90 600 90 7 1 90 0 0 
15920 266 90 600 90 7 1 90 0 0 
15925 271 95 600 95 7 1 95 0 0 
15930 275 98 600 98 7 1 98 0 0 
15935 276 98 600 98 7 1 98 0 0 
15940 280 102 600 102 7 1 102 0 0 
15945 284 105 600 105 7 1 105 0 0 
15950 285 110 598 110 7 1 110 0 0 
15955 289 117 600 117 7 1 117 0 0 
15960 293 120 598 120 7 1 120 0 0 
15965 296 125 600 125 7 1 125 0 0 
15970 298 132 600 132 7 1 132 0 0 
15975 302 135 600 135 7 1 135 0 0 
15980 304 143 600 143 7 1 143 0 0 
15985 307 147 598 147 7 1 147 0 0 
15990 311 150 598 150 7 1 150 0 0 
15995 313 155 600 155 7 1 155 0 0 
16000 316 158 600 158 7 1 158 0 0 
16005 320 165 600 165 7 1 165 0 0 
16010 324 170 598 170 7 1 170 0 0 
16015 325 173 600 173 7 1 173 0 0 
16020 329 177 600 177 7 1 177 0 0 
16025 331 180 600 180 7 1 180 0 0 
16030 334 185 600 185 7 1 185 0 0 
16035 338 188 598 188 7 1 188 0 0 
16040 340 188 600 188 7 1 188 0 0 
16045 345 192 600 192 7 1 192 0 0 
16050 347 195 598 195 7 1 195 0 0 
16055 349 200 598 200 7 1 200 0 0 
16060 353 200 600 200 7 1 200 0 0 
16065 354 203 600 203 7 1 203 0 0 
16070 358 207 600 207 7 1 207 0 0 
16075 362 207 600 207 7 1 207 0 0 
16080 365 210 600 210 7 1 210 0 0 
16085 367 210 598 210 7 1 210 0 0 
16090 371 210 600 210 7 1 210 0 0 
16095 374 215 600 215 7 1 215 0 0 
16100 376 215 600 215 7 1 215 0 0 
16105 380 215 600 215 7 1 215 0 0 
16110 383 215 600 215 7 1 215 0 0 
16115 385 215 600 215 7 1 215 0 0 
16120 389 215 600 215 7 1 215 0 0 
16125 392 215 600 215 7 1 215 0 0 
16130 394 215 600 215 7 1 215 0 0 
16135 398 215 598 215 7 1 215 0 0 
16140 402 215 600 215 7 1 215 0 0 
16145 405 215 600 215 7 1 215 0 0 
16150 407 215 598 215 7 1 215 0 0 
16155 411 215 600 215 7 1 215 0 0 
16160 412 210 600 210 7 1 210 0 0 
16165 416 210 600 210 7 1 210 0 0 
16170 418 210 598 210 7 1 210 0 0 
16175 422 210 600 210 7 1 210 0 0 
16180 425 210 600 210 7 1 210 0 0 
16185 429 210 600 210 7 1 210 0 0 
16190 431 210 600 210 7 1 210 0 0 
16195 432 215 598 215 7 1 215 0 0 
16200 436 215 600 215 7 1 215 0 0 
16205 440 218 600 218 7 1 218 0 0 
16210 444 215 600 215 7 1 215 0 0 
16215 446 218 600 218 7 1 218 0 0 
16220 450 218 600 218 7 1 218 0 0 
16225 453 218 598 218 7 1 218 0 0 
16230 455 222 598 222 7 1 222 0 0 
16235 459 222 600 222 7 1 222 0 0 
16240 461 225 600 225 7 1 225 0 0 
16245 464 225 600 225 7 1 225 0 0 
16250 468 225 600 225 7 1 225 0 0 
16255 471 225 600 225 7 1 225 0 0 
16260 473 225 600 225 7 1 225 0 0 
16265 477 225 600 225 7 1 225 0 0 
16270 481 225 598 225 7 1 225 0 0 
16275 482 225 600 225 7 1 225 0 0 
16280 486 225 598 225 7 1 225 0 0 
16285 490 225 600 225 7 1 225 0 0 
16290 491 230 598 230 7 1 230 0 0 
16295 495 230 600 230 7 1 230 0 0 
16300 499 230 600 230 7 1 230 0 0 
16305 502 230 600 230 7 1 230 0 0 
16310 504 230 598 230 7 1 230 0 0 
16315 508 225 600 225 7 1 225 0 0 
16320 510 225 600 225 7 1 225 0 0 
16325 513 225 600 225 7 1 225 0 0 
16330 517 230 600 230 7 1 230 0 0 
16335 520 230 600 230 7 1 230 0 0 
16340 522 230 600 230 7 1 230 0 0 
16345 526 230 598 230 7 1 230 0 0 
16350 530 230 598 230 7 1 230 0 0 
16355 531 233 598 233 7 1 233 0 0 
16360 535 233 600 233 7 1 233 0 0 
16365 537 230 598 230 7 1 230 0 0 
16370 540 230 600 230 7 1 230 0 0 
16375 544 230 600 230 7 1 230 0 0 
16380 548 230 598 230 7 1 230 0 0 
16385 551 230 600 230 7 1 230 0 0 
16390 553 230 598 230 7 1 230 0 0 
16395 557 230 600 230 7 1 230 0 0 
16400 559 230 600 230 7 1 230 0 0 
16405 562 230 598 230 7 1 230 0 0 
16410 566 230 600 230 7 1 230 0 0 
16415 568 230 600 230 7 1 230 0 0 
16420 571 230 600 230 7 1 230 0 0 
16425 575 230 600 230 7 1 230 0 0 
16430 577 230 600 230 7 1 230 0 0 
16435 580 230 600 230 7 1 230 0 0 
16440 582 233 600 233 7 1 233 0 0 
16445 586 230 600 230 7 1 230 0 0 
16450 589 233 598 233 7 1 233 0 0 
16455 591 233 600 233 7 1 233 0 0 
16460 595 233 600 233 7 1 233 0 0 
16465 597 233 600 233 7 1 233 0 0 
16470 600 237 600 237 7 1 237 0 0 
16475 604 237 600 237 7 1 237 0 0 
16480 607 237 600 237 7 1 237 0 0 
16485 611 240 600 240 7 1 240 0 0 
16490 613 240 600 240 7 1 240 0 0 
16495 617 240 600 240 7 1 240 0 0 
16500 618 240 598 240 7 1 240 0 0 
16505 624 240 600 240 7 1 240 0 0 
16510 626 240 600 240 7 1 240 0 0 
16515 629 240 600 240 7 1 240 0 0 
16520 631 245 600 245 7 1 245 0 0 
16525 635 245 600 245 7 1 245 0 0 
16530 638 245 600 245 7 1 245 0 0 
16535 640 248 600 248 7 1 248 0 0 
16540 644 248 600 248 7 1 248 0 0 
16545 646 252 600 252 7 1 252 0 0 
16550 649 252 600 252 7 1 252 0 0 
16555 653 255 600 255 7 1 255 0 0 
16560 656 255 600 255 7 1 255 0 0 
16565 661 255 600 255 7 1 255 0 0 
16570 663 255 600 255 7 1 255 0 0 
16575 667 252 598 252 7 1 252 0 0 
16580 668 252 600 252 7 1 252 0 0 
16585 672 252 598 252 7 1 252 0 0 
16590 676 252 598 252 7 1 252 0 0 
16595 677 252 600 252 7 1 252 0 0 
16600 679 252 600 252 7 1 252 0 0 
16605 683 255 600 255 7 1 255 0 0 
16610 686 255 600 255 7 1 255 0 0 
16615 688 255 600 255 7 1 255 0 0 
16620 692 252 598 252 7 1 252 0 0 
16625 696 252 600 252 7 1 252 0 0 
16630 697 252 600 252 7 1 252 0 0 
16635 701 252 598 252 7 1 252 0 0 
16640 703 252 600 252 7 1 252 0 0 
16645 708 252 600 252 7 1 252 0 0 
16650 710 252 600 252 7 1 252 0 0 
16655 714 252 598 252 7 1 252 0 0 
16660 717 255 600 255 7 1 255 0 0 
16665 721 255 600 255 7 1 255 0 0 
16670 723 252 600 252 7 1 252 0 0 
16675 726 255 600 255 7 1 255 0 0 
16680 728 255 600 255 7 1 255 0 0 
16685 732 255 600 255 7 1 255 0 0 
16690 735 255 598 255 7 1 255 0 0 
16695 737 255 600 255 7 1 255 0 0 
16700 741 255 600 255 7 1 255 0 0 
16705 745 260 600 260 7 1 260 0 0 
16710 746 260 598 260 7 1 260 0 0 
16715 750 263 600 263 7 1 263 0 0 
16720 754 263 600 263 7 1 263 0 0 
16725 755 263 600 263 7 1 263 0 0 
16730 759 267 600 267 7 1 267 0 0 
16735 761 267 600 267 7 1 267 0 0 
16740 764 267 600 267 7 1 267 0 0 
16745 768 270 600 270 7 1 270 0 0 
16750 772 270 600 270 7 1 270 0 0 
16755 774 270 598 270 7 1 270 0 0 
16760 777 270 600 270 7 1 270 0 0 
16765 781 270 600 270 7 1 270 0 0 
16770 783 270 588 270 7 1 270 0 0 
16775 786 267 578 267 7 1 267 0 0 
16780 788 270 568 270 7 1 270 0 0 
16785 792 267 560 267 7 1 267 0 0 
16790 793 267 555 267 7 1 267 0 0 
16795 795 270 548 270 7 1 270 0 0 
16800 799 275 533 275 7 1 275 0 0 
16805 803 278 523 278 7 1 278 0 0 
16810 804 285 515 285 7 1 285 0 0 
16815 808 290 510 290 7 1 290 0 0 
16820 810 290 495 290 7 1 290 0 0 
16825 813 290 488 290 7 1 290 0 0 
16830 815 285 480 285 7 1 285 0 0 
16835 817 285 470 285 7 1 285 0 0 
16840 819 285 460 285 7 1 285 0 0 
16845 822 285 448 285 7 1 285 0 0 
16850 824 285 445 285 7 1 285 0 0 
16855 826 290 433 290 7 1 290 0 0 
16860 828 290 423 290 7 1 290 0 0 
16865 832 293 408 293 7 1 293 0 0 
16870 833 293 405 293 7 1 293 0 0 
16875 835 293 395 293 7 1 293 0 0 
16880 837 293 385 293 7 1 293 0 0 
16885 841 293 375 293 7 1 293 0 0 
16890 841 293 365 293 7 1 293 0 0 
16895 842 293 358 293 7 1 293 0 0 
16900 844 293 350 293 7 1 293 0 0 
16905 848 293 340 293 7 1 293 0 0 
16910 848 297 328 297 7 1 297 0 0 
16915 850 297 323 297 7 1 297 0 0 
16920 852 300 313 300 7 1 300 0 0 
16925 853 300 303 300 7 1 300 0 0 
16930 855 300 298 300 7 1 300 0 0 
16935 857 300 288 300 7 1 300 0 0 
16940 857 300 275 300 7 1 300 0 0 
16945 861 300 263 300 7 1 300 0 0 
16950 861 305 253 305 7 1 305 0 0 
16955 862 305 240 305 7 1 305 0 0 
16960 862 305 240 305 7 1 305 0 0 
16965 864 305 233 305 7 1 305 0 0 
16970 866 305 223 305 7 1 305 0 0 
16975 866 305 210 305 7 1 305 0 0 
16980 868 308 200 308 7 1 308 0 0 
16985 871 305 183 305 7 1 305 0 0 
16990 871 305 168 305 7 1 305 0 0 
16995 872 305 155 305 7 1 305 0 0 
17000 872 308 143 308 7 1 308 0 0 
17005 872 312 145 312 7 1 312 0 0 
17010 874 315 135 315 7 1 315 0 0 
17015 874 320 133 320 7 1 320 0 0 
17020 876 315 133 315 7 1 315 0 0 
17025 876 320 120 320 7 1 320 0 0 
17030 876 315 120 315 7 1 315 0 0 
17035 878 308 118 308 7 1 308 0 0 
17040 878 305 105 305 7 1 305 0 0 
17045 878 300 103 300 7 1 300 0 0 
17050 878 300 105 300 7 1 300 0 0 
17055 880 300 100 300 7 1 300 0 0 
17060 880 305 88 305 7 1 305 0 0 
17065 880 308 83 308 7 1 308 0 0 
17070 882 312 83 312 7 1 312 0 0 
17075 882 315 70 315 7 1 315 0 0 
17080 882 315 58 315 7 1 315 0 0 
17085 882 320 58 320 7 1 320 0 0 
17090 882 320 55 320 7 1 320 0 0 
17095 883 320 55 320 7 1 320 0 0 
17100 883 327 53 327 7 1 327 0 0 
17105 883 330 53 330 7 1 330 0 0 
17110 883 335 53 335 7 1 335 0 0 
17115 883 335 53 335 7 1 335 0 0 
17120 885 335 53 335 7 1 335 0 0 
17125 883 327 48 327 7 1 327 0 0 
17130 883 323 43 323 7 1 323 0 0 
17135 885 315 43 315 7 1 315 0 0 
17140 885 308 43 308 7 1 308 0 0 
17145 885 300 40 300 7 1 300 0 0 
17150 885 297 40 297 7 1 297 0 0 
17155 885 290 43 290 7 1 290 0 0 
17160 885 285 38 285 7 1 285 0 0 
17165 885 282 38 282 7 1 282 0 0 
17170 885 275 38 275 7 1 275 0 0 
17175 887 267 38 267 7 1 267 0 0 
17180 885 263 35 263 7 1 263 0 0 
17185 887 255 35 255 7 1 255 0 0 
17190 887 252 35 252 7 1 252 0 0 
17195 887 245 35 245 7 1 245 0 0 
17200 887 240 30 240 7 1 240 0 0 
17205 887 237 35 237 7 1 237 0 0 
17210 889 230 35 230 7 1 230 0 0 
17215 887 225 30 225 7 1 225 0 0 
17220 889 218 30 218 7 1 218 0 0 
17225 889 215 30 215 7 1 215 0 0 
17230 889 207 30 207 7 1 207 0 0 
17235 889 200 25 200 7 1 200 0 0 
17240 889 195 25 195 7 1 195 0 0 
17245 889 188 28 188 7 1 188 0 0 
17250 889 185 28 185 7 1 185 0 0 
17255 889 177 28 177 7 1 177 0 0 
17260 889 170 28 170 7 1 170 0 0 
17265 889 162 28 162 7 1 162 0 0 
17270 889 150 28 150 7 1 150 0 0 
17275 889 140 28 140 7 1 140 0 0 
17280 889 128 18 128 7 1 128 0 0 
17285 891 113 18 113 7 1 113 0 0 
17290 889 102 23 102 7 1 102 0 0 
17295 889 87 25 87 7 1 87 0 0 
17300 891 80 23 80 7 1 80 0 0 
17305 891 68 18 68 7 1 68 0 0 
17310 891 60 15 60 7 1 60 0 0 
17315 889 53 15 53 7 1 53 0 0 
17320 891 45 15 45 7 1 45 0 0 
17325 891 35 13 35 7 1 35 0 0 
17330 891 23 13 23 7 1 23 0 0 
17335 891 12 10 12 7 1 12 0 0 
17340 891 5 3 5 7 1 5 0 0 
17345 891 -12 -0 -12 7 1 -12 0 0 
17350 891 -20 -5 -20 7 1 -20 0 0 
17355 889 -30 -13 -30 7 1 -30 0 0 
17360 889 -42 -25 -42 7 1 -42 0 0 
17365 891 -50 -38 -50 7 1 -50 0 0 
17370 889 -60 -53 -60 7 1 -60 0 0 
17375 889 -68 -65 -68 7 1 -68 0 0 
17380 889 -72 -78 -72 7 1 -72 0 0 
17385 889 -80 -93 -80 7 1 -80 0 0 
17390 889 -80 -118 -80 7 1 -80 0 0 
17395 887 -87 -135 -87 7 1 -87 0 0 
17400 887 -90 -155 -90 7 1 -90 0 0 
17405 887 -95 -183 -95 7 1 -95 0 0 
17410 885 -102 -213 -102 7 1 -102 0 0 
17415 883 -113 -238 -113 7 1 -113 0 0 
17420 883 -117 -270 -117 7 1 -117 0 0 
17425 882 -125 -303 -125 7 1 -125 0 0 
17430 880 -132 -340 -132 7 1 -132 0 0 
17435 878 -140 -378 -140 7 1 -140 0 0 
17440 876 -143 -410 -143 8 1 -143 0 0 
17445 874 -147 -450 -147 8 1 -147 0 0 
17450 872 -155 -500 -155 8 1 -155 0 0 
17455 871 -158 -545 -158 8 1 -158 0 0 
17460 866 -162 -585 -162 8 1 -162 0 0 
17465 862 -165 -598 -165 8 1 -165 0 0 
17470 859 -173 -600 -173 8 1 -173 0 0 
17475 857 -177 -600 -177 8 1 -177 0 0 
17480 853 -180 -603 -180 8 1 -180 0 0 
17485 852 -188 -603 -188 8 1 -188 0 0 
17490 848 -203 -600 -203 8 1 -203 0 0 
17495 844 -222 -600 -222 8 1 -222 0 0 
17500 841 -245 -600 -245 8 1 -245 0 0 
17505 839 -270 -600 -270 8 1 -270 0 0 
17510 835 -297 -603 -297 8 1 -297 0 0 
17515 832 -320 -600 -320 8 1 -320 0 0 
17520 830 -335 -600 -335 8 1 -335 0 0 
17525 826 -345 -600 -345 8 1 -345 0 0 
17530 822 -357 -600 -357 8 1 -357 0 0 
17535 819 -360 -600 -360 8 1 -360 0 0 
17540 817 -368 -600 -368 8 1 -368 0 0 
17545 813 -375 -603 -375 8 1 -375 0 0 
17550 810 -390 -603 -390 8 1 -390 0 0 
17555 808 -405 -600 -405 8 1 -405 0 0 
17560 804 -425 -603 -425 8 1 -425 0 0 
17565 801 -443 -600 -443 8 1 -443 0 0 
17570 799 -462 -600 -462 8 1 -462 0 0 
17575 795 -477 -603 -477 8 1 -477 0 0 
17580 792 -492 -600 -492 8 1 -492 0 0 
17585 790 -503 -603 -503 8 1 -503 0 0 
17590 786 -510 -600 -510 8 1 -510 0 0 
17595 783 -518 -603 -518 8 1 -518 0 0 
17600 779 -522 -600 -522 8 1 -522 0 0 
17605 777 -530 -600 -530 8 1 -530 0 0 
17610 774 -537 -600 -537 8 1 -537 0 0 
17615 772 -545 -600 -545 8 1 -545 0 0 
17620 768 -548 -603 -548 8 1 -548 0 0 
17625 766 -555 -600 -555 8 1 -555 0 0 
17630 763 -567 -600 -567 8 1 -567 0 0 
17635 759 -575 -600 -575 8 1 -575 0 0 
17640 757 -578 -603 -578 8 1 -578 0 0 
17645 754 -585 -603 -585 8 1 -585 0 0 
17650 750 -590 -600 -590 8 1 -590 0 0 
17655 748 -593 -600 -593 8 1 -593 0 0 
17660 745 -597 -600 -597 8 1 -597 0 0 
17665 741 -600 -600 -600 8 1 -600 0 0 
17670 737 -608 -600 -608 8 1 -608 0 0 
17675 735 -612 -600 -612 8 1 -612 0 0 
17680 732 -620 -600 -620 8 1 -620 0 0 
17685 728 -627 -600 -627 8 1 -627 0 0 
17690 726 -635 -603 -635 8 1 -635 0 0 
17695 723 -642 -603 -642 8 1 -642 0 0 
17700 721 -650 -600 -650 8 1 -650 0 0 
17705 715 -657 -603 -657 8 1 -657 0 0 
17710 714 -665 -600 -665 8 1 -665 0 0 
17715 712 -668 -600 -668 8 1 -668 0 0 
17720 708 -675 -600 -675 8 1 -675 0 0 
17725 705 -683 -600 -683 8 1 -683 0 0 
17730 701 -695 -600 -695 8 1 -695 0 0 
17735 699 -702 -600 -702 8 1 -702 0 0 
17740 696 -705 -600 -705 8 1 -705 0 0 
17745 692 -713 -600 -713 8 1 -713 0 0 
17750 688 -725 -600 -725 8 1 -725 0 0 
17755 686 -728 -600 -728 8 1 -728 0 0 
17760 683 -732 -603 -732 8 1 -732 0 0 
17765 681 -735 -600 -735 8 1 -735 0 0 
17770 677 -740 -603 -740 8 1 -740 0 0 
17775 674 -743 -603 -743 8 1 -743 0 0 
17780 672 -743 -600 -743 8 1 -743 0 0 
17785 668 -747 -600 -747 8 1 -747 0 0 
17790 665 -750 -600 -750 8 1 -750 0 0 
17795 663 -758 -600 -758 8 1 -758 0 0 
17800 659 -762 -600 -762 8 1 -762 0 0 
17805 656 -770 -600 -770 8 1 -770 0 0 
17810 651 -777 -603 -777 8 1 -777 0 0 
17815 649 -780 -603 -780 8 1 -780 0 0 
17820 646 -788 -600 -788 8 1 -788 0 0 
17825 644 -795 -600 -795 8 1 -795 0 0 
17830 640 -807 -600 -807 8 1 -807 0 0 
17835 637 -810 -600 -810 8 1 -810 0 0 
17840 633 -822 -603 -822 8 1 -822 0 0 
17845 631 -830 -600 -830 8 1 -830 0 0 
17850 627 -840 -603 -840 8 1 -840 0 0 
17855 626 -848 -600 -848 8 1 -848 0 0 
17860 622 -855 -603 -855 8 1 -855 0 0 
17865 618 -863 -600 -863 8 1 -863 0 0 
17870 615 -875 -600 -875 8 1 -875 0 0 
17875 611 -890 -600 -890 8 1 -890 0 0 
17880 609 -900 -600 -900 8 1 -900 0 0 
17885 606 -912 -600 -912 8 1 -912 0 0 
17890 602 -927 -600 -927 8 1 -927 0 0 
17895 600 -938 -600 -938 8 1 -938 0 0 
17900 598 -950 -600 -950 8 1 -950 0 0 
17905 595 -960 -600 -960 8 1 -960 0 0 
17910 591 -968 -600 -968 8 1 -968 0 0 
17915 588 -975 -600 -975 8 1 -975 0 0 
17920 586 -987 -603 -987 8 1 -987 0 0 
17925 582 -990 -600 -990 8 1 -990 0 0 
17930 578 -1002 -600 -1002 8 1 -1002 0 0 
17935 577 -1010 -600 -1010 8 1 -1010 0 0 
17940 573 -1013 -600 -1013 8 1 -1013 0 0 
17945 571 -1025 -600 -1025 8 1 -1025 0 0 
17950 566 -1032 -603 -1032 8 1 -1032 0 0 
17955 564 -1043 -600 -1043 8 1 -1043 0 0 
17960 560 -1050 -600 -1050 8 1 -1050 0 0 
17965 559 -1058 -600 -1058 8 1 -1058 0 0 
17970 555 -1065 -600 -1065 8 1 -1065 0 0 
17975 551 -1070 -600 -1070 8 1 -1070 0 0 
17980 549 -1073 -600 -1073 8 1 -1073 0 0 
17985 546 -1080 -600 -1080 8 1 -1080 0 0 
17990 542 -1088 -600 -1088 8 1 -1088 0 0 
17995 540 -1095 -600 -1095 8 1 -1095 0 0 
18000 537 -1100 -603 -1100 8 1 -1100 0 0 
18005 533 -1107 -600 -1107 8 1 -1107 0 0 
18010 531 -1115 -603 -1115 8 1 -1115 0 0 
18015 528 -1118 -600 -1118 8 1 -1118 0 0 
18020 524 -1125 -600 -1125 8 1 -1125 0 0 
18025 522 -1125 -600 -1125 8 1 -1125 0 0 
18030 519 -1125 -600 -1125 8 1 -1125 0 0 
18035 515 -1125 -600 -1125 8 1 -1125 0 0 
18040 513 -1125 -600 -1125 8 1 -1125 0 0 
18045 510 -1122 -603 -1122 8 1 -1122 0 0 
18050 508 -1115 -600 -1115 8 1 -1115 0 0 
18055 504 -1115 -600 -1115 8 1 -1115 0 0 
18060 500 -1107 -600 -1107 8 1 -1107 0 0 
18065 497 -1107 -603 -1107 8 1 -1107 0 0 
18070 493 -1103 -600 -1103 8 1 -1103 0 0 
18075 491 -1100 -600 -1100 8 1 -1100 0 0 
18080 488 -1095 -600 -1095 8 1 -1095 0 0 
18085 486 -1088 -600 -1088 8 1 -1088 0 0 
18090 482 -1080 -600 -1080 8 1 -1080 0 0 
18095 479 -1080 -600 -1080 8 1 -1080 0 0 
18100 477 -1077 -600 -1077 8 1 -1077 0 0 
18105 473 -1077 -603 -1077 8 1 -1077 0 0 
18110 470 -1077 -600 -1077 8 1 -1077 0 0 
18115 466 -1077 -600 -1077 8 1 -1077 0 0 
18120 462 -1073 -600 -1073 8 1 -1073 0 0 
18125 461 -1065 -600 -1065 8 1 -1065 0 0 
18130 457 -1058 -600 -1058 8 1 -1058 0 0 
18135 455 -1047 -600 -1047 8 1 -1047 0 0 
18140 452 -1035 -600 -1035 8 1 -1035 0 0 
18145 448 -1025 -600 -1025 8 1 -1025 0 0 
18150 446 -1017 -600 -1017 8 1 -1017 0 0 
18155 441 -1013 -603 -1013 8 1 -1013 0 0 
18160 440 -1013 -600 -1013 8 1 -1013 0 0 
18165 436 -1013 -600 -1013 8 1 -1013 0 0 
18170 432 -1013 -600 -1013 8 1 -1013 0 0 
18175 429 -1010 -600 -1010 8 1 -1010 0 0 
18180 427 -1002 -600 -1002 8 1 -1002 0 0 
18185 425 -995 -603 -995 8 1 -995 0 0 
18190 422 -983 -600 -983 8 1 -983 0 0 
18195 418 -972 -600 -972 8 1 -972 0 0 
18200 414 -960 -603 -960 8 1 -960 0 0 
18205 412 -950 -600 -950 8 1 -950 0 0 
18210 409 -938 -600 -938 8 1 -938 0 0 
18215 407 -930 -600 -930 8 1 -930 0 0 
18220 403 -923 -603 -923 8 1 -923 0 0 
18225 402 -912 -600 -912 8 1 -912 0 0 
18230 398 -905 -603 -905 8 1 -905 0 0 
18235 394 -893 -600 -893 8 1 -893 0 0 
18240 392 -885 -600 -885 8 1 -885 0 0 
18245 389 -878 -600 -878 8 1 -878 0 0 
18250 385 -870 -600 -870 8 1 -870 0 0 
18255 382 -867 -603 -867 8 1 -867 0 0 
18260 380 -863 -600 -863 8 1 -863 0 0 
18265 376 -860 -600 -860 8 1 -860 0 0 
18270 374 -855 -600 -855 8 1 -855 0 0 
18275 371 -855 -600 -855 8 1 -855 0 0 
18280 369 -845 -603 -845 8 1 -845 0 0 
18285 365 -837 -600 -837 8 1 -837 0 0 
18290 362 -822 -600 -822 8 1 -822 0 0 
18295 358 -810 -600 -810 8 1 -810 0 0 
18300 356 -800 -600 -800 8 1 -800 0 0 
18305 353 -792 -600 -792 8 1 -792 0 0 
18310 351 -780 -600 -780 8 1 -780 0 0 
18315 347 -777 -600 -777 8 1 -777 0 0 
18320 344 -773 -600 -773 8 1 -773 0 0 
18325 342 -770 -600 -770 8 1 -770 0 0 
18330 338 -765 -600 -765 8 1 -765 0 0 
18335 334 -758 -600 -758 8 1 -758 0 0 
18340 333 -755 -600 -755 8 1 -755 0 0 
18345 329 -747 -600 -747 8 1 -747 0 0 
18350 325 -740 -603 -740 8 1 -740 0 0 
18355 324 -735 -600 -735 8 1 -735 0 0 
18360 320 -728 -600 -728 8 1 -728 0 0 
18365 316 -725 -600 -725 8 1 -725 0 0 
18370 314 -717 -600 -717 8 1 -717 0 0 
18375 311 -713 -600 -713 8 1 -713 0 0 
18380 309 -710 -600 -710 8 1 -710 0 0 
18385 305 -705 -603 -705 8 1 -705 0 0 
18390 302 -702 -600 -702 8 1 -702 0 0 
18395 300 -698 -600 -698 8 1 -698 0 0 
18400 295 -690 -603 -690 8 1 -690 0 0 
18405 295 -687 -600 -687 8 1 -687 0 0 
18410 289 -680 -600 -680 8 1 -680 0 0 
18415 287 -675 -600 -675 8 1 -675 0 0 
18420 284 -668 -600 -668 8 1 -668 0 0 
18425 282 -665 -600 -665 8 1 -665 0 0 
18430 278 -657 -600 -657 8 1 -657 0 0 
18435 275 -650 -600 -650 8 1 -650 0 0 
18440 273 -642 -603 -642 8 1 -642 0 0 
18445 269 -630 -600 -630 8 1 -630 0 0 
18450 266 -623 -600 -623 8 1 -623 0 0 
18455 264 -612 -600 -612 8 1 -612 0 0 
18460 260 -608 -600 -608 8 1 -608 0 0 
18465 256 -600 -600 -600 8 1 -600 0 0 
18470 253 -593 -600 -593 8 1 -593 0 0 
18475 251 -585 -603 -585 8 1 -585 0 0 
18480 247 -582 -603 -582 8 1 -582 0 0 
18485 246 -578 -600 -578 8 1 -578 0 0 
18490 242 -570 -600 -570 8 1 -570 0 0 
18495 238 -567 -603 -567 8 1 -567 0 0 
18500 237 -560 -600 -560 8 1 -560 0 0 
18505 233 -555 -600 -555 8 1 -555 0 0 
18510 229 -552 -600 -552 8 1 -552 0 0 
18515 225 -548 -603 -548 8 1 -548 0 0 
18520 223 -545 -600 -545 8 1 -545 0 0 
18525 219 -537 -600 -537 8 1 -537 0 0 
18530 216 -530 -585 -530 8 1 -530 0 0 
18535 214 -522 -580 -522 8 1 -522 0 0 
18540 210 -515 -573 -515 8 1 -515 0 0 
18545 208 -510 -563 -510 8 1 -510 0 0 
18550 206 -503 -550 -503 8 1 -503 0 0 
18555 203 -503 -548 -503 8 1 -503 0 0 
18560 201 -503 -545 -503 8 1 -503 0 0 
18565 199 -503 -525 -503 8 1 -503 0 0 
18570 196 -500 -520 -500 8 1 -500 0 0 
18575 192 -500 -510 -500 8 1 -500 0 0 
18580 190 -492 -498 -492 8 1 -492 0 0 
18585 188 -488 -488 -488 8 1 -488 0 0 
18590 185 -477 -485 -477 8 1 -477 0 0 
18595 183 -470 -475 -470 8 1 -470 0 0 
18600 181 -465 -468 -465 8 1 -465 0 0 
18605 179 -462 -450 -462 8 1 -462 0 0 
18610 176 -450 -445 -450 8 1 -450 0 0 
18615 174 -447 -438 -447 8 1 -447 0 0 
18620 172 -440 -430 -440 8 1 -440 0 0 
18625 170 -435 -418 -435 8 1 -435 0 0 
18630 168 -428 -410 -428 8 1 -428 0 0 
18635 167 -420 -403 -420 8 1 -420 0 0 
18640 165 -417 -390 -417 8 1 -417 0 0 
18645 163 -413 -385 -413 8 1 -413 0 0 
18650 159 -405 -375 -405 8 1 -405 0 0 
18655 158 -398 -363 -398 8 1 -398 0 0 
18660 156 -390 -358 -390 8 1 -390 0 0 
18665 154 -387 -345 -387 8 1 -387 0 0 
18670 152 -380 -340 -380 8 1 -380 0 0 
18675 150 -372 -328 -372 8 1 -372 0 0 
18680 150 -368 -318 -368 8 1 -368 0 0 
18685 148 -365 -313 -365 8 1 -365 0 0 
18690 147 -360 -300 -360 8 1 -360 0 0 
18695 145 -357 -300 -357 8 1 -357 0 0 
18700 143 -350 -290 -350 8 1 -350 0 0 
18705 143 -345 -285 -345 8 1 -345 0 0 
18710 141 -338 -263 -338 8 1 -338 0 0 
18715 139 -327 -260 -327 8 1 -327 0 0 
18720 139 -323 -245 -323 8 1 -323 0 0 
18725 136 -312 -238 -312 8 1 -312 0 0 
18730 136 -305 -233 -305 8 1 -305 0 0 
18735 134 -300 -220 -300 8 1 -300 0 0 
18740 132 -297 -208 -297 8 1 -297 0 0 
18745 132 -297 -195 -297 8 1 -297 0 0 
18750 130 -293 -188 -293 8 1 -293 0 0 
18755 130 -290 -183 -290 8 1 -290 0 0 
18760 129 -290 -170 -290 8 1 -290 0 0 
18765 129 -285 -160 -285 8 1 -285 0 0 
18770 127 -278 -158 -278 8 1 -278 0 0 
18775 127 -270 -155 -270 8 1 -270 0 0 
18780 127 -267 -155 -267 8 1 -267 0 0 
18785 127 -260 -143 -260 8 1 -260 0 0 
18790 125 -252 -140 -252 8 1 -252 0 0 
18795 125 -245 -128 -245 8 1 -245 0 0 
18800 123 -240 -120 -240 8 1 -240 0 0 
18805 123 -233 -110 -233 8 1 -233 0 0 
18810 123 -230 -110 -230 8 1 -230 0 0 
18815 121 -230 -108 -230 8 1 -230 0 0 
18820 121 -225 -103 -225 8 1 -225 0 0 
18825 121 -222 -93 -222 8 1 -222 0 0 
18830 121 -222 -93 -222 8 1 -222 0 0 
18835 121 -218 -90 -218 8 1 -218 0 0 
18840 119 -218 -88 -218 8 1 -218 0 0 
18845 119 -210 -78 -210 8 1 -210 0 0 
18850 119 -203 -75 -203 8 1 -203 0 0 
18855 119 -195 -75 -195 8 1 -195 0 0 
18860 119 -188 -70 -188 8 1 -188 0 0 
18865 118 -180 -70 -180 8 1 -180 0 0 
18870 118 -170 -58 -170 8 1 -170 0 0 
18875 118 -158 -63 -158 8 1 -158 0 0 
18880 118 -155 -58 -155 8 1 -155 0 0 
18885 118 -147 -63 -147 8 1 -147 0 0 
18890 116 -143 -53 -143 8 1 -143 0 0 
18895 116 -140 -53 -140 8 1 -140 0 0 
18900 116 -143 -53 -143 8 1 -143 0 0 
18905 116 -143 -50 -143 8 1 -143 0 0 
18910 116 -140 -50 -140 8 1 -140 0 0 
18915 116 -140 -48 -140 8 1 -140 0 0 
18920 116 -135 -50 -135 8 1 -135 0 0 
18925 116 -128 -50 -128 8 1 -128 0 0 
18930 114 -120 -48 -120 8 1 -120 0 0 
18935 114 -113 -43 -113 8 1 -113 0 0 
18940 114 -105 -43 -105 8 1 -105 0 0 
18945 114 -98 -43 -98 8 1 -98 0 0 
18950 114 -90 -43 -90 8 1 -90 0 0 
18955 114 -83 -43 -83 8 1 -83 0 0 
18960 114 -75 -43 -75 8 1 -75 0 0 
18965 114 -68 -43 -68 8 1 -68 0 0 
18970 114 -60 -43 -60 8 1 -60 0 0 
18975 114 -53 -43 -53 8 1 -53 0 0 
18980 112 -45 -43 -45 8 1 -45 0 0 
18985 112 -42 -38 -42 8 1 -42 0 0 
18990 114 -35 -28 -35 8 1 -35 0 0 
18995 112 -27 -28 -27 8 1 -27 0 0 
19000 112 -23 -25 -23 8 1 -23 0 0 
19005 112 -15 -23 -15 8 1 -15 0 0 
19010 112 -12 -23 -12 8 1 -12 0 0 
19015 112 -8 -15 -8 8 1 -8 0 0 
19020 112 -5 -13 -5 8 1 -5 0 0 
19025 112 -0 -10 -0 8 1 -0 0 0 
19030 112 5 -3 5 8 1 5 0 0 
19035 112 8 -3 8 8 1 8 0 0 
19040 112 12 -0 12 8 1 12 0 0 
19045 112 12 -0 12 8 1 12 0 0 
19050 112 12 5 12 8 1 12 0 0 
19055 110 15 10 15 8 1 15 0 0 
19060 112 20 18 20 8 1 20 0 0 
19065 112 20 25 20 8 1 20 0 0 
19070 112 23 30 23 8 1 23 0 0 
19075 112 27 40 27 8 1 27 0 0 
19080 114 30 50 30 8 1 30 0 0 
19085 112 30 58 30 8 1 30 0 0 
19090 114 35 68 35 8 1 35 0 0 
19095 114 35 78 35 8 1 35 0 0 
19100 114 38 88 38 8 1 38 0 0 
19105 114 38 103 38 8 1 38 0 0 
19110 114 42 115 42 8 1 42 0 0 
19115 114 45 133 45 8 1 45 0 0 
19120 116 53 148 53 8 1 53 0 0 
19125 118 57 165 57 8 1 57 0 0 
19130 118 60 180 60 8 1 60 0 0 
19135 119 60 198 60 8 1 60 0 0 
19140 119 65 220 65 8 1 65 0 0 
19145 121 65 235 65 8 1 65 0 0 
19150 121 65 258 65 8 1 65 0 0 
19155 123 68 280 68 8 1 68 0 0 
19160 125 72 305 72 9 1 72 0 0 
19165 127 75 328 75 9 1 75 0 0 
19170 129 80 353 80 9 1 80 0 0 
19175 130 83 383 83 9 1 83 0 0 
19180 132 83 408 83 9 1 83 0 0 
19185 134 87 435 87 9 1 87 0 0 
19190 136 87 468 87 9 1 87 0 0 
19195 139 90 498 90 9 1 90 0 0 
19200 141 90 528 90 9 1 90 0 0 
19205 143 90 555 90 9 1 90 0 0 
19210 147 95 588 95 9 1 95 0 0 
19215 150 95 600 95 9 1 95 0 0 
19220 152 98 600 98 9 1 98 0 0 
19225 156 98 600 98 9 1 98 0 0 
19230 159 102 598 102 9 1 102 0 0 
19235 161 110 598 110 9 1 110 0 0 
19240 165 117 600 117 9 1 117 0 0 
19245 168 132 600 132 9 1 132 0 0 
19250 170 150 600 150 9 1 150 0 0 
19255 174 173 600 173 9 1 173 0 0 
19260 177 188 600 188 9 1 188 0 0 
19265 179 203 600 203 9 1 203 0 0 
19270 183 210 600 210 9 1 210 0 0 
19275 187 218 598 218 9 1 218 0 0 
19280 188 222 598 222 9 1 222 0 0 
19285 192 222 600 222 9 1 222 0 0 
19290 196 222 600 222 9 1 222 0 0 
19295 199 225 598 225 9 1 225 0 0 
19300 203 230 598 230 9 1 230 0 0 
19305 205 237 600 237 9 1 237 0 0 
19310 206 240 600 240 9 1 240 0 0 
19315 210 248 598 248 9 1 248 0 0 
19320 212 252 600 252 9 1 252 0 0 
19325 216 255 600 255 9 1 255 0 0 
19330 219 260 600 260 9 1 260 0 0 
19335 223 260 600 260 9 1 260 0 0 
19340 225 260 600 260 9 1 260 0 0 
19345 229 263 598 263 9 1 263 0 0 
19350 233 260 598 260 9 1 260 0 0 
19355 235 263 598 263 9 1 263 0 0 
19360 238 260 600 260 9 1 260 0 0 
19365 240 263 600 263 9 1 263 0 0 
19370 244 263 600 263 9 1 263 0 0 
19375 247 263 600 263 9 1 263 0 0 
19380 251 260 600 260 9 1 260 0 0 
19385 253 255 598 255 9 1 255 0 0 
19390 256 255 600 255 9 1 255 0 0 
19395 260 252 600 252 9 1 252 0 0 
19400 262 252 600 252 9 1 252 0 0 
19405 266 248 598 248 9 1 248 0 0 
19410 267 248 598 248 9 1 248 0 0 
19415 273 245 600 245 9 1 245 0 0 
19420 275 245 600 245 9 1 245 0 0 
19425 276 245 600 245 9 1 245 0 0 
19430 280 245 600 245 9 1 245 0 0 
19435 284 245 600 245 9 1 245 0 0 
19440 287 245 600 245 9 1 245 0 0 
19445 289 245 600 245 9 1 245 0 0 
19450 293 245 598 245 9 1 245 0 0 
19455 296 245 600 245 9 1 245 0 0 
19460 300 245 600 245 9 1 245 0 0 
19465 302 245 600 245 9 1 245 0 0 
19470 305 248 600 248 9 1 248 0 0 
19475 309 248 598 248 9 1 248 0 0 
19480 311 252 600 252 9 1 252 0 0 
19485 314 252 598 252 9 1 252 0 0 
19490 316 252 600 252 9 1 252 0 0 
19495 322 255 600 255 9 1 255 0 0 
19500 324 260 600 260 9 1 260 0 0 
19505 327 260 600 260 9 1 260 0 0 
19510 329 263 600 263 9 1 263 0 0 
19515 333 267 600 267 9 1 267 0 0 
19520 334 267 600 267 9 1 267 0 0 
19525 340 270 600 270 9 1 270 0 0 
19530 342 275 600 275 9 1 275 0 0 
19535 345 278 600 278 9 1 278 0 0 
19540 347 282 598 282 9 1 282 0 0 
19545 351 282 600 282 9 1 282 0 0 
19550 353 285 600 285 9 1 285 0 0 
19555 356 285 600 285 9 1 285 0 0 
19560 360 290 600 290 9 1 290 0 0 
19565 362 290 600 290 9 1 290 0 0 
19570 365 293 598 293 9 1 293 0 0 
19575 369 293 600 293 9 1 293 0 0 
19580 371 297 600 297 9 1 297 0 0 
19585 374 297 600 297 9 1 297 0 0 
19590 378 300 598 300 9 1 300 0 0 
19595 382 305 600 305 9 1 305 0 0 
19600 383 305 600 305 9 1 305 0 0 
19605 387 308 598 308 9 1 308 0 0 
19610 391 312 600 312 9 1 312 0 0 
19615 392 315 600 315 9 1 315 0 0 
19620 396 315 600 315 9 1 315 0 0 
19625 398 315 600 315 9 1 315 0 0 
19630 402 320 600 320 9 1 320 0 0 
19635 405 320 600 320 9 1 320 0 0 
19640 407 323 598 323 9 1 323 0 0 
19645 411 323 600 323 9 1 323 0 0 
19650 412 323 600 323 9 1 323 0 0 
19655 416 327 598 327 9 1 327 0 0 
19660 420 327 600 327 9 1 327 0 0 
19665 422 327 600 327 9 1 327 0 0 
19670 425 330 598 330 9 1 330 0 0 
19675 429 335 600 335 9 1 335 0 0 
19680 431 335 600 335 9 1 335 0 0 
19685 434 338 600 338 9 1 338 0 0 
19690 438 338 600 338 9 1 338 0 0 
19695 441 342 598 342 9 1 342 0 0 
19700 444 342 598 342 9 1 342 0 0 
19705 448 342 600 342 9 1 342 0 0 
19710 450 345 598 345 9 1 345 0 0 
19715 453 345 598 345 9 1 345 0 0 
19720 457 350 598 350 9 1 350 0 0 
19725 459 350 600 350 9 1 350 0 0 
19730 462 353 598 353 9 1 353 0 0 
19735 466 353 600 353 9 1 353 0 0 
19740 470 353 600 353 9 1 353 0 0 
19745 471 357 598 357 9 1 357 0 0 
19750 475 357 600 357 9 1 357 0 0 
19755 479 357 598 357 9 1 357 0 0 
19760 482 357 600 357 9 1 357 0 0 
19765 484 360 600 360 9 1 360 0 0 
19770 488 360 600 360 9 1 360 0 0 
19775 490 365 600 365 9 1 365 0 0 
19780 493 365 600 365 9 1 365 0 0 
19785 497 368 600 368 9 1 368 0 0 
19790 499 372 598 372 9 1 372 0 0 
19795 502 372 600 372 9 1 372 0 0 
19800 506 372 600 372 9 1 372 0 0 
19805 510 375 600 375 9 1 375 0 0 
19810 511 375 600 375 9 1 375 0 0 
19815 515 380 600 380 9 1 380 0 0 
19820 519 383 600 383 9 1 383 0 0 
19825 520 387 600 387 9 1 387 0 0 
19830 524 390 598 390 9 1 390 0 0 
19835 528 395 600 395 9 1 395 0 0 
19840 530 398 600 398 9 1 398 0 0 
19845 533 402 600 402 9 1 402 0 0 
19850 537 402 600 402 9 1 402 0 0 
19855 539 405 598 405 9 1 405 0 0 
19860 542 410 600 410 9 1 410 0 0 
19865 546 410 600 410 9 1 410 0 0 
19870 548 413 598 413 9 1 413 0 0 
19875 551 417 600 417 9 1 417 0 0 
19880 555 420 598 420 9 1 420 0 0 
19885 557 425 600 425 9 1 425 0 0 
19890 560 428 600 428 9 1 428 0 0 
19895 564 435 600 435 9 1 435 0 0 
19900 566 440 600 440 9 1 440 0 0 
19905 569 443 600 443 9 1 443 0 0 
19910 571 447 600 447 9 1 447 0 0 
19915 575 455 600 455 9 1 455 0 0 
19920 578 458 598 458 9 1 458 0 0 
19925 580 462 600 462 9 1 462 0 0 
19930 584 465 600 465 9 1 465 0 0 
19935 588 465 600 465 9 1 465 0 0 
19940 591 470 600 470 9 1 470 0 0 
19945 593 473 600 473 9 1 473 0 0 
19950 597 477 600 477 9 1 477 0 0 
19955 598 485 600 485 9 1 485 0 0 
19960 602 488 598 488 9 1 488 0 0 
19965 606 495 600 495 9 1 495 0 0 
19970 607 503 598 503 9 1 503 0 0 
19975 611 510 600 510 9 1 510 0 0 
19980 615 515 600 515 9 1 515 0 0 
19985 617 522 600 522 9 1 522 0 0 
19990 620 525 598 525 9 1 525 0 0 
19995 624 530 600 530 9 1 530 0 0 
20000 627 530 598 530 9 1 530 0 0 
20005 631 533 598 533 9 1 533 0 0 
20010 633 537 600 537 9 1 537 0 0 
20015 637 537 600 537 9 1 537 0 0 
20020 638 540 600 540 9 1 540 0 0 
20025 642 545 600 545 9 1 545 0 0 
20030 646 548 598 548 9 1 548 0 0 
20035 647 548 598 548 9 1 548 0 0 
20040 651 552 598 552 9 1 552 0 0 
20045 656 555 600 555 9 1 555 0 0 
20050 657 555 600 555 9 1 555 0 0 
20055 661 555 600 555 9 1 555 0 0 
20060 665 555 598 555 9 1 555 0 0 
20065 668 555 598 555 9 1 555 0 0 
20070 670 552 600 552 9 1 552 0 0 
20075 674 552 598 552 9 1 552 0 0 
20080 676 552 600 552 9 1 552 0 0 
20085 679 552 600 552 9 1 552 0 0 
20090 683 552 600 552 9 1 552 0 0 
20095 685 555 600 555 9 1 555 0 0 
20100 688 552 598 552 9 1 552 0 0 
20105 692 555 600 555 9 1 555 0 0 
20110 694 555 600 555 9 1 555 0 0 
20115 697 552 600 552 9 1 552 0 0 
20120 699 552 600 552 9 1 552 0 0 
20125 703 552 598 552 9 1 552 0 0 
20130 706 552 600 552 9 1 552 0 0 
20135 708 552 600 552 9 1 552 0 0 
20140 712 552 600 552 9 1 552 0 0 
20145 715 555 600 555 9 1 555 0 0 
20150 717 555 598 555 9 1 555 0 0 
20155 723 560 600 560 9 1 560 0 0 
20160 725 560 600 560 9 1 560 0 0 
20165 726 563 600 563 9 1 563 0 0 
20170 730 563 600 563 9 1 563 0 0 
20175 734 563 600 563 9 1 563 0 0 
20180 735 567 598 567 9 1 567 0 0 
20185 739 567 600 567 9 1 567 0 0 
20190 743 570 600 570 9 1 570 0 0 
20195 746 575 598 575 9 1 575 0 0 
20200 748 578 598 578 9 1 578 0 0 
20205 752 582 598 582 9 1 582 0 0 
20210 755 582 598 582 9 1 582 0 0 
20215 759 585 600 585 9 1 585 0 0 
20220 761 585 600 585 9 1 585 0 0 
20225 763 590 600 590 9 1 590 0 0 
20230 766 590 598 590 9 1 590 0 0 
20235 770 593 598 593 9 1 593 0 0 
20240 772 597 600 597 9 1 597 0 0 
20245 775 593 600 593 9 1 593 0 0 
20250 779 597 600 597 9 1 597 0 0 
20255 783 597 590 597 9 1 597 0 0 
20260 784 597 585 597 9 1 597 0 0 
20265 786 593 578 593 9 1 593 0 0 
20270 790 593 563 593 9 1 593 0 0 
20275 793 593 555 593 9 1 593 0 0 
20280 795 593 550 593 9 1 593 0 0 
20285 799 597 545 597 9 1 597 0 0 
20290 801 600 528 600 9 1 600 0 0 
20295 804 605 520 605 9 1 605 0 0 
20300 806 605 513 605 9 1 605 0 0 
20305 810 605 500 605 9 1 605 0 0 
20310 812 605 493 605 9 1 605 0 0 
20315 813 600 483 600 9 1 600 0 0 
20320 817 600 475 600 9 1 600 0 0 
20325 819 597 470 597 9 1 597 0 0 
20330 821 597 458 597 9 1 597 0 0 
20335 824 597 445 597 9 1 597 0 0 
20340 826 597 443 597 9 1 597 0 0 
20345 828 597 423 597 9 1 597 0 0 
20350 830 597 418 597 9 1 597 0 0 
20355 833 597 408 597 9 1 597 0 0 
20360 835 597 403 597 9 1 597 0 0 
20365 837 597 393 597 9 1 597 0 0 
20370 839 593 383 593 9 1 593 0 0 
20375 841 593 368 593 9 1 593 0 0 
20380 842 593 363 593 9 1 593 0 0 
20385 844 590 353 590 9 1 590 0 0 
20390 846 590 340 590 9 1 590 0 0 
20395 848 590 333 590 9 1 590 0 0 
20400 850 590 328 590 9 1 590 0 0 
20405 852 590 318 590 9 1 590 0 0 
20410 852 590 303 590 9 1 590 0 0 
20415 855 590 293 590 9 1 590 0 0 
20420 857 590 288 590 9 1 590 0 0 
20425 857 590 275 590 9 1 590 0 0 
20430 859 585 265 585 9 1 585 0 0 
20435 861 590 258 590 9 1 590 0 0 
20440 862 593 248 593 9 1 593 0 0 
20445 862 593 240 593 9 1 593 0 0 
20450 864 597 238 597 9 1 597 0 0 
20455 864 597 228 597 9 1 597 0 0 
20460 866 597 220 597 9 1 597 0 0 
20465 868 597 208 597 9 1 597 0 0 
20470 868 593 188 593 9 1 593 0 0 
20475 871 593 173 593 9 1 593 0 0 
20480 871 593 160 593 9 1 593 0 0 
20485 872 597 155 597 9 1 597 0 0 
20490 872 600 143 600 9 1 600 0 0 
20495 874 605 133 605 9 1 605 0 0 
20500 874 608 130 608 9 1 608 0 0 
20505 874 608 130 608 9 1 608 0 0 
20510 876 608 130 608 9 1 608 0 0 
20515 876 605 120 605 9 1 605 0 0 
20520 878 605 118 605 9 1 605 0 0 
20525 878 597 105 597 9 1 597 0 0 
20530 878 593 105 593 9 1 593 0 0 
20535 878 590 103 590 9 1 590 0 0 
20540 880 590 100 590 9 1 590 0 0 
20545 880 590 90 590 9 1 590 0 0 
20550 880 593 80 593 9 1 593 0 0 
20555 880 593 80 593 9 1 593 0 0 
20560 882 590 75 590 9 1 590 0 0 
20565 882 590 58 590 9 1 590 0 0 
20570 882 590 55 590 9 1 590 0 0 
20575 882 585 55 585 9 1 585 0 0 
20580 883 590 55 590 9 1 590 0 0 
20585 883 590 53 590 9 1 590 0 0 
20590 883 590 53 590 9 1 590 0 0 
20595 883 590 50 590 9 1 590 0 0 
20600 883 585 53 585 9 1 585 0 0 
20605 883 578 53 578 9 1 578 0 0 
20610 883 567 48 567 9 1 567 0 0 
20615 883 560 48 560 9 1 560 0 0 
20620 885 545 43 545 9 1 545 0 0 
20625 885 530 48 530 9 1 530 0 0 
20630 883 515 48 515 9 1 515 0 0 
20635 885 503 48 503 9 1 503 0 0 
20640 885 488 43 488 9 1 488 0 0 
20645 885 473 40 473 9 1 473 0 0 
20650 885 462 43 462 9 1 462 0 0 
20655 885 447 43 447 9 1 447 0 0 
20660 887 428 35 428 9 1 428 0 0 
20665 887 413 38 413 9 1 413 0 0 
20670 885 402 35 402 9 1 402 0 0 
20675 887 395 35 395 9 1 395 0 0 
20680 887 387 35 387 9 1 387 0 0 
20685 887 380 35 380 9 1 380 0 0 
20690 887 372 35 372 9 1 372 0 0 
20695 887 365 35 365 9 1 365 0 0 
20700 887 350 35 350 9 1 350 0 0 
20705 887 338 35 338 9 1 338 0 0 
20710 887 323 35 323 9 1 323 0 0 
20715 887 308 30 308 9 1 308 0 0 
20720 887 293 30 293 9 1 293 0 0 
20725 889 275 30 275 9 1 275 0 0 
20730 889 260 30 260 9 1 260 0 0 
20735 889 245 28 245 9 1 245 0 0 
20740 889 225 28 225 9 1 225 0 0 
20745 889 203 28 203 9 1 203 0 0 
20750 889 180 28 180 9 1 180 0 0 
20755 887 158 28 158 9 1 158 0 0 
20760 889 128 28 128 9 1 128 0 0 
20765 889 102 25 102 9 1 102 0 0 
20770 889 80 18 80 9 1 80 0 0 
20775 889 50 10 50 9 1 50 0 0 
20780 889 12 -0 12 9 1 12 0 0 
20785 889 -15 -10 -15 9 1 -15 0 0 
20790 889 -42 -25 -42 9 1 -42 0 0 
20795 889 -60 -43 -60 9 1 -60 0 0 
20800 887 -80 -70 -80 9 1 -80 0 0 
20805 887 -95 -93 -95 9 1 -95 0 0 
20810 887 -110 -120 -110 9 1 -110 0 0 
20815 887 -120 -155 -120 9 1 -120 0 0 
20820 885 -135 -195 -135 9 1 -135 0 0 
20825 885 -147 -233 -147 9 1 -147 0 0 
20830 883 -162 -275 -162 9 1 -162 0 0 
20835 882 -173 -323 -173 9 1 -173 0 0 
20840 880 -192 -380 -192 9 1 -192 0 0 
20845 878 -203 -433 -203 9 1 -203 0 0 
20850 876 -218 -485 -218 9 1 -218 0 0 
20855 874 -230 -545 -230 10 1 -230 0 0 
20860 871 -237 -593 -237 10 1 -237 0 0 
20865 868 -245 -600 -245 10 1 -245 0 0 
20870 864 -248 -600 -248 10 1 -248 0 0 
20875 861 -252 -603 -252 10 1 -252 0 0 
20880 857 -260 -603 -260 10 1 -260 0 0 
20885 855 -270 -600 -270 10 1 -270 0 0 
20890 852 -290 -600 -290 10 1 -290 0 0 
20895 848 -320 -603 -320 10 1 -320 0 0 
20900 846 -360 -603 -360 10 1 -360 0 0 
20905 841 -390 -600 -390 10 1 -390 0 0 
20910 839 -425 -600 -425 10 1 -425 0 0 
20915 837 -450 -600 -450 10 1 -450 0 0 
20920 832 -473 -600 -473 10 1 -473 0 0 
20925 830 -480 -600 -480 10 1 -480 0 0 
20930 826 -485 -600 -485 10 1 -485 0 0 
20935 822 -485 -600 -485 10 1 -485 0 0 
20940 819 -488 -600 -488 10 1 -488 0 0 
20945 817 -495 -600 -495 10 1 -495 0 0 
20950 813 -503 -600 -503 10 1 -503 0 0 
20955 812 -518 -603 -518 10 1 -518 0 0 
20960 808 -540 -600 -540 10 1 -540 0 0 
20965 804 -555 -603 -555 10 1 -555 0 0 
20970 801 -575 -600 -575 10 1 -575 0 0 
20975 799 -593 -603 -593 10 1 -593 0 0 
20980 795 -612 -600 -612 10 1 -612 0 0 
20985 793 -627 -600 -627 10 1 -627 0 0 
20990 790 -638 -600 -638 10 1 -638 0 0 
20995 788 -650 -600 -650 10 1 -650 0 0 
21000 783 -660 -600 -660 10 1 -660 0 0 
21005 781 -668 -600 -668 10 1 -668 0 0 
21010 777 -683 -600 -683 10 1 -683 0 0 
21015 775 -690 -600 -690 10 1 -690 0 0 
21020 772 -702 -600 -702 10 1 -702 0 0 
21025 768 -713 -603 -713 10 1 -713 0 0 
21030 766 -725 -603 -725 10 1 -725 0 0 
21035 763 -735 -600 -735 10 1 -735 0 0 
21040 759 -747 -600 -747 10 1 -747 0 0 
21045 757 -758 -600 -758 10 1 -758 0 0 
21050 754 -765 -603 -765 10 1 -765 0 0 
21055 752 -773 -603 -773 10 1 -773 0 0 
21060 748 -785 -600 -785 10 1 -785 0 0 
21065 745 -792 -600 -792 10 1 -792 0 0 
21070 741 -803 -600 -803 10 1 -803 0 0 
21075 739 -815 -600 -815 10 1 -815 0 0 
21080 735 -825 -603 -825 10 1 -825 0 0 
21085 732 -840 -603 -840 10 1 -840 0 0 
21090 728 -852 -600 -852 10 1 -852 0 0 
21095 726 -860 -600 -860 10 1 -860 0 0 
21100 723 -875 -600 -875 10 1 -875 0 0 
21105 719 -882 -603 -882 10 1 -882 0 0 
21110 717 -893 -600 -893 10 1 -893 0 0 
21115 714 -905 -600 -905 10 1 -905 0 0 
21120 710 -915 -603 -915 10 1 -915 0 0 
21125 706 -930 -600 -930 10 1 -930 0 0 
21130 705 -942 -603 -942 10 1 -942 0 0 
21135 701 -957 -600 -957 10 1 -957 0 0 
21140 697 -975 -600 -975 10 1 -975 0 0 
21145 696 -995 -600 -995 10 1 -995 0 0 
21150 692 -1010 -600 -1010 10 1 -1010 0 0 
21155 690 -1017 -603 -1017 10 1 -1017 0 0 
21160 686 -1032 -600 -1032 10 1 -1032 0 0 
21165 683 -1040 -600 -1040 10 1 -1040 0 0 
21170 679 -1047 -600 -1047 10 1 -1047 0 0 
21175 677 -1055 -600 -1055 10 1 -1055 0 0 
21180 674 -1062 -600 -1062 10 1 -1062 0 0 
21185 670 -1070 -600 -1070 10 1 -1070 0 0 
21190 668 -1080 -600 -1080 10 1 -1080 0 0 
21195 665 -1092 -600 -1092 10 1 -1092 0 0 
21200 661 -1107 -600 -1107 10 1 -1107 0 0 
21205 659 -1118 -603 -1118 10 1 -1118 0 0 
21210 656 -1137 -600 -1137 10 1 -1137 0 0 
21215 651 -1152 -600 -1152 10 1 -1152 0 0 
21220 647 -1167 -600 -1167 10 1 -1167 0 0 
21225 646 -1175 -603 -1175 10 1 -1175 0 0 
21230 642 -1190 -600 -1190 10 1 -1190 0 0 
21235 638 -1197 -600 -1197 10 1 -1197 0 0 
21240 637 -1208 -600 -1208 10 1 -1208 0 0 
21245 633 -1220 -600 -1220 10 1 -1220 0 0 
21250 631 -1230 -600 -1230 10 1 -1230 0 0 
21255 627 -1242 -600 -1242 10 1 -1242 0 0 
21260 624 -1257 -600 -1257 10 1 -1257 0 0 
21265 620 -1268 -600 -1268 10 1 -1268 0 0 
21270 618 -1280 -600 -1280 10 1 -1280 0 0 
21275 615 -1287 -603 -1287 10 1 -1287 0 0 
21280 611 -1298 -603 -1298 10 1 -1298 0 0 
21285 609 -1305 -600 -1305 10 1 -1305 0 0 
21290 606 -1313 -600 -1313 10 1 -1313 0 0 
21295 602 -1320 -603 -1320 10 1 -1320 0 0 
21300 598 -1325 -600 -1325 10 1 -1325 0 0 
21305 597 -1328 -603 -1328 10 1 -1328 0 0 
21310 593 -1335 -600 -1335 10 1 -1335 0 0 
21315 591 -1343 -600 -1343 10 1 -1343 0 0 
21320 588 -1347 -600 -1347 10 1 -1347 0 0 
21325 584 -1350 -600 -1350 10 1 -1350 0 0 
21330 582 -1355 -600 -1355 10 1 -1355 0 0 
21335 578 -1358 -600 -1358 10 1 -1358 0 0 
21340 575 -1362 -600 -1362 10 1 -1362 0 0 
21345 573 -1365 -600 -1365 10 1 -1365 0 0 
21350 569 -1370 -600 -1370 10 1 -1370 0 0 
21355 566 -1373 -603 -1373 10 1 -1373 0 0 
21360 562 -1373 -600 -1373 10 1 -1373 0 0 
21365 560 -1373 -600 -1373 10 1 -1373 0 0 
21370 559 -1370 -600 -1370 10 1 -1370 0 0 
21375 555 -1365 -600 -1365 10 1 -1365 0 0 
21380 551 -1358 -600 -1358 10 1 -1358 0 0 
21385 549 -1355 -600 -1355 10 1 -1355 0 0 
21390 546 -1355 -600 -1355 10 1 -1355 0 0 
21395 542 -1358 -600 -1358 10 1 -1358 0 0 
21400 539 -1365 -603 -1365 10 1 -1365 0 0 
21405 537 -1373 -600 -1373 10 1 -1373 0 0 
21410 533 -1377 -600 -1377 10 1 -1377 0 0 
21415 530 -1380 -600 -1380 10 1 -1380 0 0 
21420 528 -1380 -600 -1380 10 1 -1380 0 0 
21425 524 -1380 -603 -1380 10 1 -1380 0 0 
21430 522 -1377 -600 -1377 10 1 -1377 0 0 
21435 519 -1373 -603 -1373 10 1 -1373 0 0 
21440 515 -1365 -603 -1365 10 1 -1365 0 0 
21445 513 -1362 -600 -1362 10 1 -1362 0 0 
21450 510 -1362 -600 -1362 10 1 -1362 0 0 
21455 506 -1358 -600 -1358 10 1 -1358 0 0 
21460 502 -1358 -600 -1358 10 1 -1358 0 0 
21465 500 -1355 -600 -1355 10 1 -1355 0 0 
21470 497 -1355 -600 -1355 10 1 -1355 0 0 
21475 493 -1350 -603 -1350 10 1 -1350 0 0 
21480 491 -1347 -600 -1347 10 1 -1347 0 0 
21485 488 -1343 -603 -1343 10 1 -1343 0 0 
21490 484 -1340 -600 -1340 10 1 -1340 0 0 
21495 482 -1335 -603 -1335 10 1 -1335 0 0 
21500 479 -1332 -600 -1332 10 1 -1332 0 0 
21505 475 -1328 -600 -1328 10 1 -1328 0 0 
21510 473 -1325 -603 -1325 10 1 -1325 0 0 
21515 470 -1325 -600 -1325 10 1 -1325 0 0 
21520 466 -1320 -600 -1320 10 1 -1320 0 0 
21525 462 -1317 -600 -1317 10 1 -1317 0 0 
21530 461 -1317 -603 -1317 10 1 -1317 0 0 
21535 457 -1310 -603 -1310 10 1 -1310 0 0 
21540 453 -1302 -600 -1302 10 1 -1302 0 0 
21545 452 -1298 -600 -1298 10 1 -1298 0 0 
21550 448 -1290 -603 -1290 10 1 -1290 0 0 
21555 446 -1287 -600 -1287 10 1 -1287 0 0 
21560 441 -1283 -603 -1283 10 1 -1283 0 0 
21565 438 -1280 -600 -1280 10 1 -1280 0 0 
21570 436 -1280 -603 -1280 10 1 -1280 0 0 
21575 432 -1272 -600 -1272 10 1 -1272 0 0 
21580 429 -1265 -600 -1265 10 1 -1265 0 0 
21585 427 -1257 -600 -1257 10 1 -1257 0 0 
21590 423 -1245 -600 -1245 10 1 -1245 0 0 
21595 422 -1230 -603 -1230 10 1 -1230 0 0 
21600 418 -1215 -600 -1215 10 1 -1215 0 0 
21605 414 -1200 -600 -1200 10 1 -1200 0 0 
21610 412 -1190 -600 -1190 10 1 -1190 0 0 
21615 409 -1182 -603 -1182 10 1 -1182 0 0 
21620 405 -1170 -600 -1170 10 1 -1170 0 0 
21625 403 -1167 -600 -1167 10 1 -1167 0 0 
21630 402 -1163 -603 -1163 10 1 -1163 0 0 
21635 398 -1155 -600 -1155 10 1 -1155 0 0 
21640 394 -1148 -603 -1148 10 1 -1148 0 0 
21645 391 -1140 -600 -1140 10 1 -1140 0 0 
21650 389 -1130 -600 -1130 10 1 -1130 0 0 
21655 385 -1122 -603 -1122 10 1 -1122 0 0 
21660 382 -1110 -600 -1110 10 1 -1110 0 0 
21665 380 -1100 -603 -1100 10 1 -1100 0 0 
21670 376 -1088 -600 -1088 10 1 -1088 0 0 
21675 374 -1080 -603 -1080 10 1 -1080 0 0 
21680 371 -1070 -600 -1070 10 1 -1070 0 0 
21685 367 -1058 -600 -1058 10 1 -1058 0 0 
21690 365 -1050 -600 -1050 10 1 -1050 0 0 
21695 362 -1043 -600 -1043 10 1 -1043 0 0 
21700 358 -1032 -600 -1032 10 1 -1032 0 0 
21705 356 -1025 -600 -1025 10 1 -1025 0 0 
21710 353 -1013 -600 -1013 10 1 -1013 0 0 
21715 351 -1005 -600 -1005 10 1 -1005 0 0 
21720 347 -990 -603 -990 10 1 -990 0 0 
21725 344 -980 -600 -980 10 1 -980 0 0 
21730 342 -968 -600 -968 10 1 -968 0 0 
21735 338 -957 -600 -957 10 1 -957 0 0 
21740 334 -945 -600 -945 10 1 -945 0 0 
21745 331 -942 -600 -942 10 1 -942 0 0 
21750 329 -935 -600 -935 10 1 -935 0 0 
21755 327 -927 -603 -927 10 1 -927 0 0 
21760 324 -915 -600 -915 10 1 -915 0 0 
21765 320 -908 -600 -908 10 1 -908 0 0 
21770 316 -897 -600 -897 10 1 -897 0 0 
21775 314 -885 -600 -885 10 1 -885 0 0 
21780 311 -878 -600 -878 10 1 -878 0 0 
21785 309 -870 -600 -870 10 1 -870 0 0 
21790 305 -863 -600 -863 10 1 -863 0 0 
21795 302 -855 -600 -855 10 1 -855 0 0 
21800 300 -848 -600 -848 10 1 -848 0 0 
21805 296 -840 -600 -840 10 1 -840 0 0 
21810 295 -833 -600 -833 10 1 -833 0 0 
21815 289 -822 -600 -822 10 1 -822 0 0 
21820 287 -810 -600 -810 10 1 -810 0 0 
21825 284 -800 -600 -800 10 1 -800 0 0 
21830 282 -788 -600 -788 10 1 -788 0 0 
21835 278 -777 -603 -777 10 1 -777 0 0 
21840 275 -770 -600 -770 10 1 -770 0 0 
21845 271 -762 -600 -762 10 1 -762 0 0 
21850 269 -755 -600 -755 10 1 -755 0 0 
21855 266 -747 -603 -747 10 1 -747 0 0 
21860 262 -740 -600 -740 10 1 -740 0 0 
21865 260 -732 -600 -732 10 1 -732 0 0 
21870 256 -725 -600 -725 10 1 -725 0 0 
21875 255 -713 -600 -713 10 1 -713 0 0 
21880 251 -705 -600 -705 10 1 -705 0 0 
21885 249 -702 -600 -702 10 1 -702 0 0 
21890 246 -690 -603 -690 10 1 -690 0 0 
21895 244 -687 -600 -687 10 1 -687 0 0 
21900 238 -680 -600 -680 10 1 -680 0 0 
21905 235 -675 -603 -675 10 1 -675 0 0 
21910 233 -668 -600 -668 10 1 -668 0 0 
21915 231 -665 -600 -665 10 1 -665 0 0 
21920 226 -657 -600 -657 10 1 -657 0 0 
21925 223 -650 -600 -650 10 1 -650 0 0 
21930 219 -642 -600 -642 10 1 -642 0 0 
21935 217 -635 -590 -635 10 1 -635 0 0 
21940 214 -623 -585 -623 10 1 -623 0 0 
21945 212 -615 -573 -615 10 1 -615 0 0 
21950 208 -608 -563 -608 10 1 -608 0 0 
21955 206 -600 -555 -600 10 1 -600 0 0 
21960 203 -597 -550 -597 10 1 -597 0 0 
21965 201 -590 -545 -590 10 1 -590 0 0 
21970 199 -585 -525 -585 10 1 -585 0 0 
21975 197 -582 -515 -582 10 1 -582 0 0 
21980 194 -575 -513 -575 10 1 -575 0 0 
21985 190 -567 -503 -567 10 1 -567 0 0 
21990 187 -560 -488 -560 10 1 -560 0 0 
21995 187 -552 -483 -552 10 1 -552 0 0 
22000 183 -545 -473 -545 10 1 -545 0 0 
22005 181 -537 -468 -537 10 1 -537 0 0 
22010 179 -530 -455 -530 10 1 -530 0 0 
22015 177 -522 -445 -522 10 1 -522 0 0 
22020 174 -515 -438 -515 10 1 -515 0 0 
22025 172 -507 -430 -507 10 1 -507 0 0 
22030 170 -500 -415 -500 10 1 -500 0 0 
22035 168 -495 -410 -495 10 1 -495 0 0 
22040 167 -485 -405 -485 10 1 -485 0 0 
22045 163 -477 -393 -477 10 1 -477 0 0 
22050 163 -470 -383 -470 10 1 -470 0 0 
22055 161 -458 -375 -458 10 1 -458 0 0 
22060 158 -447 -365 -447 10 1 -447 0 0 
22065 156 -440 -358 -440 10 1 -440 0 0 
22070 156 -435 -350 -435 10 1 -435 0 0 
22075 154 -428 -340 -428 10 1 -428 0 0 
22080 152 -420 -330 -420 10 1 -420 0 0 
22085 150 -413 -318 -413 10 1 -413 0 0 
22090 148 -405 -313 -405 10 1 -405 0 0 
22095 147 -398 -303 -398 10 1 -398 0 0 
22100 145 -390 -300 -390 10 1 -390 0 0 
22105 143 -390 -290 -390 10 1 -390 0 0 
22110 143 -383 -280 -383 10 1 -383 0 0 
22115 141 -380 -265 -380 10 1 -380 0 0 
22120 139 -375 -253 -375 10 1 -375 0 0 
22125 139 -368 -248 -368 10 1 -368 0 0 
22130 138 -365 -245 -365 10 1 -365 0 0 
22135 136 -357 -238 -357 10 1 -357 0 0 
22140 134 -353 -223 -353 10 1 -353 0 0 
22145 134 -353 -210 -353 10 1 -353 0 0 
22150 132 -350 -205 -350 10 1 -350 0 0 
22155 132 -342 -198 -342 10 1 -342 0 0 
22160 130 -335 -183 -335 10 1 -335 0 0 
22165 130 -327 -170 -327 10 1 -327 0 0 
22170 129 -323 -160 -323 10 1 -323 0 0 
22175 129 -312 -158 -312 10 1 -312 0 0 
22180 127 -305 -155 -305 10 1 -305 0 0 
22185 127 -293 -155 -293 10 1 -293 0 0 
22190 127 -282 -148 -282 10 1 -282 0 0 
22195 125 -270 -140 -270 10 1 -270 0 0 
22200 125 -260 -130 -260 10 1 -260 0 0 
22205 123 -248 -128 -248 10 1 -248 0 0 
22210 123 -240 -120 -240 10 1 -240 0 0 
22215 123 -237 -108 -237 10 1 -237 0 0 
22220 121 -237 -108 -237 10 1 -237 0 0 
22225 121 -237 -105 -237 10 1 -237 0 0 
22230 121 -233 -95 -233 10 1 -233 0 0 
22235 121 -233 -93 -233 10 1 -233 0 0 
22240 121 -233 -90 -233 10 1 -233 0 0 
22245 119 -225 -90 -225 10 1 -225 0 0 
22250 119 -215 -78 -215 10 1 -215 0 0 
22255 119 -203 -75 -203 10 1 -203 0 0 
22260 119 -192 -75 -192 10 1 -192 0 0 
22265 119 -180 -75 -180 10 1 -180 0 0 
22270 118 -170 -70 -170 10 1 -170 0 0 
22275 119 -158 -63 -158 10 1 -158 0 0 
22280 118 -147 -63 -147 10 1 -147 0 0 
22285 118 -135 -58 -135 10 1 -135 0 0 
22290 118 -125 -58 -125 10 1 -125 0 0 
22295 116 -113 -55 -113 10 1 -113 0 0 
22300 118 -102 -53 -102 10 1 -102 0 0 
22305 116 -90 -55 -90 10 1 -90 0 0 
22310 116 -80 -53 -80 10 1 -80 0 0 
22315 116 -75 -50 -75 10 1 -75 0 0 
22320 116 -68 -50 -68 10 1 -68 0 0 
22325 116 -57 -50 -57 10 1 -57 0 0 
22330 114 -50 -50 -50 10 1 -50 0 0 
22335 116 -42 -43 -42 10 1 -42 0 0 
22340 114 -35 -40 -35 10 1 -35 0 0 
22345 114 -23 -35 -23 10 1 -23 0 0 
22350 116 -15 -25 -15 10 1 -15 0 0 
22355 114 -5 -15 -5 10 1 -5 0 0 
22360 114 8 -3 8 10 1 8 0 0 
22365 114 23 -0 23 10 1 23 0 0 
22370 114 35 13 35 10 1 35 0 0 
22375 116 50 30 50 10 1 50 0 0 
22380 116 60 53 60 10 1 60 0 0 
22385 116 75 80 75 10 1 75 0 0 
22390 116 87 108 87 10 1 87 0 0 
22395 116 102 140 102 10 1 102 0 0 
22400 118 113 168 113 10 1 113 0 0 
22405 118 125 205 125 10 1 125 0 0 
22410 119 132 235 132 10 1 132 0 0 
22415 119 140 273 140 10 1 140 0 0 
22420 121 140 313 140 10 1 140 0 0 
22425 123 143 355 143 10 1 143 0 0 
22430 125 150 395 150 10 1 150 0 0 
22435 129 155 443 155 10 1 155 0 0 
22440 129 162 488 162 11 1 162 0 0 
22445 132 170 548 170 11 1 170 0 0 
22450 134 177 588 177 11 1 177 0 0 
22455 138 180 600 180 11 1 180 0 0 
22460 139 185 600 185 11 1 185 0 0 
22465 145 185 600 185 11 1 185 0 0 
22470 147 192 600 192 11 1 192 0 0 
22475 150 200 598 200 11 1 200 0 0 
22480 154 218 600 218 11 1 218 0 0 
22485 156 245 600 245 11 1 245 0 0 
22490 159 278 600 278 11 1 278 0 0 
22495 163 308 598 308 11 1 308 0 0 
22500 167 342 598 342 11 1 342 0 0 
22505 168 368 600 368 11 1 368 0 0 
22510 172 387 598 387 11 1 387 0 0 
22515 174 398 598 398 11 1 398 0 0 
22520 177 402 600 402 11 1 402 0 0 
22525 181 410 600 410 11 1 410 0 0 
22530 185 417 600 417 11 1 417 0 0 
22535 187 425 598 425 11 1 425 0 0 
22540 190 440 600 440 11 1 440 0 0 
22545 194 458 600 458 11 1 458 0 0 
22550 197 477 598 477 11 1 477 0 0 
22555 199 500 600 500 11 1 500 0 0 
22560 203 522 600 522 11 1 522 0 0 
22565 206 545 600 545 11 1 545 0 0 
22570 208 563 600 563 11 1 563 0 0 
22575 212 575 600 575 11 1 575 0 0 
22580 214 590 600 590 11 1 590 0 0 
22585 217 600 600 600 11 1 600 0 0 
22590 221 605 600 605 11 1 605 0 0 
22595 223 612 598 612 11 1 612 0 0 
22600 226 615 600 615 11 1 615 0 0 
22605 231 627 598 627 11 1 627 0 0 
22610 233 635 600 635 11 1 635 0 0 
22615 237 642 600 642 11 1 642 0 0 
22620 240 650 600 650 11 1 650 0 0 
22625 244 657 598 657 11 1 657 0 0 
22630 246 665 600 665 11 1 665 0 0 
22635 249 672 598 672 11 1 672 0 0 
22640 251 680 600 680 11 1 680 0 0 
22645 255 687 598 687 11 1 687 0 0 
22650 258 690 600 690 11 1 690 0 0 
22655 260 695 600 695 11 1 695 0 0 
22660 264 702 600 702 11 1 702 0 0 
22665 267 710 598 710 11 1 710 0 0 
22670 271 717 600 717 11 1 717 0 0 
22675 273 720 600 720 11 1 720 0 0 
22680 276 725 600 725 11 1 725 0 0 
22685 280 732 600 732 11 1 732 0 0 
22690 282 735 600 735 11 1 735 0 0 
22695 285 743 598 743 11 1 743 0 0 
22700 289 750 600 750 11 1 750 0 0 
22705 293 758 600 758 11 1 758 0 0 
22710 295 762 600 762 11 1 762 0 0 
22715 298 765 600 765 11 1 765 0 0 
22720 300 770 600 770 11 1 770 0 0 
22725 305 770 600 770 11 1 770 0 0 
22730 307 777 600 777 11 1 777 0 0 
22735 311 777 600 777 11 1 777 0 0 
22740 313 780 600 780 11 1 780 0 0 
22745 316 780 598 780 11 1 780 0 0 
22750 320 780 600 780 11 1 780 0 0 
22755 322 777 600 777 11 1 777 0 0 
22760 325 773 600 773 11 1 773 0 0 
22765 327 770 598 770 11 1 770 0 0 
22770 331 762 600 762 11 1 762 0 0 
22775 334 758 598 758 11 1 758 0 0 
22780 336 755 600 755 11 1 755 0 0 
22785 340 755 598 755 11 1 755 0 0 
22790 344 755 600 755 11 1 755 0 0 
22795 345 750 600 750 11 1 750 0 0 
22800 349 750 600 750 11 1 750 0 0 
22805 353 750 598 750 11 1 750 0 0 
22810 354 750 600 750 11 1 750 0 0 
22815 358 750 600 750 11 1 750 0 0 
22820 362 750 598 750 11 1 750 0 0 
22825 365 750 600 750 11 1 750 0 0 
22830 367 750 600 750 11 1 750 0 0 
22835 371 747 600 747 11 1 747 0 0 
22840 373 750 600 750 11 1 750 0 0 
22845 376 750 600 750 11 1 750 0 0 
22850 380 755 600 755 11 1 755 0 0 
22855 383 758 600 758 11 1 758 0 0 
22860 385 765 600 765 11 1 765 0 0 
22865 389 770 600 770 11 1 770 0 0 
22870 391 777 598 777 11 1 777 0 0 
22875 394 780 600 780 11 1 780 0 0 
22880 398 788 600 788 11 1 788 0 0 
22885 402 792 600 792 11 1 792 0 0 
22890 403 792 600 792 11 1 792 0 0 
22895 407 800 600 800 11 1 800 0 0 
22900 409 800 598 800 11 1 800 0 0 
22905 412 803 600 803 11 1 803 0 0 
22910 416 803 600 803 11 1 803 0 0 
22915 418 807 598 807 11 1 807 0 0 
22920 422 807 600 807 11 1 807 0 0 
22925 425 810 600 810 11 1 810 0 0 
22930 429 815 600 815 11 1 815 0 0 
22935 431 815 600 815 11 1 815 0 0 
22940 432 818 598 818 11 1 818 0 0 
22945 436 818 600 818 11 1 818 0 0 
22950 440 822 600 822 11 1 822 0 0 
22955 444 822 600 822 11 1 822 0 0 
22960 446 825 600 825 11 1 825 0 0 
22965 450 830 600 830 11 1 830 0 0 
22970 453 830 600 830 11 1 830 0 0 
22975 455 833 600 833 11 1 833 0 0 
22980 457 837 598 837 11 1 837 0 0 
22985 462 840 600 840 11 1 840 0 0 
22990 464 840 598 840 11 1 840 0 0 
22995 468 840 600 840 11 1 840 0 0 
23000 471 840 600 840 11 1 840 0 0 
23005 475 837 600 837 11 1 837 0 0 
23010 477 833 598 833 11 1 833 0 0 
23015 479 833 600 833 11 1 833 0 0 
23020 482 830 600 830 11 1 830 0 0 
23025 486 825 600 825 11 1 825 0 0 
23030 490 825 600 825 11 1 825 0 0 
23035 491 822 600 822 11 1 822 0 0 
23040 495 818 598 818 11 1 818 0 0 
23045 499 818 598 818 11 1 818 0 0 
23050 500 815 600 815 11 1 815 0 0 
23055 504 807 600 807 11 1 807 0 0 
23060 508 807 600 807 11 1 807 0 0 
23065 511 803 600 803 11 1 803 0 0 
23070 513 803 600 803 11 1 803 0 0 
23075 517 800 598 800 11 1 800 0 0 
23080 519 800 598 800 11 1 800 0 0 
23085 522 800 598 800 11 1 800 0 0 
23090 526 795 600 795 11 1 795 0 0 
23095 528 792 598 792 11 1 792 0 0 
23100 531 788 600 788 11 1 788 0 0 
23105 535 785 600 785 11 1 785 0 0 
23110 539 780 600 780 11 1 780 0 0 
23115 540 777 600 777 11 1 777 0 0 
23120 544 773 600 773 11 1 773 0 0 
23125 548 770 600 770 11 1 770 0 0 
23130 549 770 598 770 11 1 770 0 0 
23135 553 770 598 770 11 1 770 0 0 
23140 555 770 600 770 11 1 770 0 0 
23145 560 765 598 765 11 1 765 0 0 
23150 562 765 600 765 11 1 765 0 0 
23155 566 762 600 762 11 1 762 0 0 
23160 568 762 600 762 11 1 762 0 0 
23165 571 758 600 758 11 1 758 0 0 
23170 575 758 600 758 11 1 758 0 0 
23175 577 758 598 758 11 1 758 0 0 
23180 580 755 600 755 11 1 755 0 0 
23185 582 755 600 755 11 1 755 0 0 
23190 586 755 600 755 11 1 755 0 0 
23195 588 750 600 750 11 1 750 0 0 
23200 591 750 598 750 11 1 750 0 0 
23205 595 747 600 747 11 1 747 0 0 
23210 598 747 600 747 11 1 747 0 0 
23215 600 747 600 747 11 1 747 0 0 
23220 604 743 600 743 11 1 743 0 0 
23225 607 743 600 743 11 1 743 0 0 
23230 609 740 600 740 11 1 740 0 0 
23235 613 735 600 735 11 1 735 0 0 
23240 615 732 600 732 11 1 732 0 0 
23245 618 728 598 728 11 1 728 0 0 
23250 622 725 600 725 11 1 725 0 0 
23255 626 725 600 725 11 1 725 0 0 
23260 627 725 600 725 11 1 725 0 0 
23265 631 720 600 720 11 1 720 0 0 
23270 633 720 600 720 11 1 720 0 0 
23275 637 717 600 717 11 1 717 0 0 
23280 640 717 600 717 11 1 717 0 0 
23285 644 713 600 713 11 1 713 0 0 
23290 646 710 600 710 11 1 710 0 0 
23295 649 710 598 710 11 1 710 0 0 
23300 651 705 600 705 11 1 705 0 0 
23305 657 702 600 702 11 1 702 0 0 
23310 659 702 600 702 11 1 702 0 0 
23315 661 698 600 698 11 1 698 0 0 
23320 665 698 600 698 11 1 698 0 0 
23325 668 695 600 695 11 1 695 0 0 
23330 670 690 600 690 11 1 690 0 0 
23335 674 690 600 690 11 1 690 0 0 
23340 677 687 600 687 11 1 687 0 0 
23345 679 683 600 683 11 1 683 0 0 
23350 683 683 600 683 11 1 683 0 0 
23355 685 680 598 680 11 1 680 0 0 
23360 688 680 600 680 11 1 680 0 0 
23365 692 675 600 675 11 1 675 0 0 
23370 696 675 598 675 11 1 675 0 0 
23375 697 672 600 672 11 1 672 0 0 
23380 701 672 600 672 11 1 672 0 0 
23385 705 668 600 668 11 1 668 0 0 
23390 706 660 598 660 11 1 660 0 0 
23395 710 657 600 657 11 1 657 0 0 
23400 712 653 600 653 11 1 653 0 0 
23405 715 645 598 645 11 1 645 0 0 
23410 719 642 598 642 11 1 642 0 0 
23415 721 642 598 642 11 1 642 0 0 
23420 725 638 598 638 11 1 638 0 0 
23425 728 638 600 638 11 1 638 0 0 
23430 732 635 598 635 11 1 635 0 0 
23435 734 630 600 630 11 1 630 0 0 
23440 737 627 598 627 11 1 627 0 0 
23445 739 620 598 620 11 1 620 0 0 
23450 743 615 600 615 11 1 615 0 0 
23455 746 612 600 612 11 1 612 0 0 
23460 750 608 600 608 11 1 608 0 0 
23465 752 600 600 600 11 1 600 0 0 
23470 755 597 600 597 11 1 597 0 0 
23475 759 593 598 593 11 1 593 0 0 
23480 761 590 600 590 11 1 590 0 0 
23485 764 585 600 585 11 1 585 0 0 
23490 768 582 600 582 11 1 582 0 0 
23495 770 582 600 582 11 1 582 0 0 
23500 772 582 600 582 11 1 582 0 0 
23505 777 578 600 578 11 1 578 0 0 
23510 779 575 600 575 11 1 575 0 0 
23515 783 570 590 570 11 1 570 0 0 
23520 784 567 578 567 11 1 567 0 0 
23525 788 563 573 563 11 1 563 0 0 
23530 790 560 563 560 11 1 560 0 0 
23535 793 560 553 560 11 1 560 0 0 
23540 795 560 550 560 11 1 560 0 0 
23545 799 563 538 563 11 1 563 0 0 
23550 801 567 525 567 11 1 567 0 0 
23555 804 567 520 567 11 1 567 0 0 
23560 806 563 510 563 11 1 563 0 0 
23565 810 560 500 560 11 1 560 0 0 
23570 812 548 488 548 11 1 548 0 0 
23575 813 540 485 540 11 1 540 0 0 
23580 815 530 475 530 11 1 530 0 0 
23585 819 515 460 515 11 1 515 0 0 
23590 821 507 455 507 11 1 507 0 0 
23595 824 503 445 503 11 1 503 0 0 
23600 826 500 438 500 11 1 500 0 0 
23605 828 500 423 500 11 1 500 0 0 
23610 830 500 420 500 11 1 500 0 0 
23615 832 495 405 495 11 1 495 0 0 
23620 833 495 403 495 11 1 495 0 0 
23625 835 488 393 488 11 1 488 0 0 
23630 839 480 383 480 11 1 480 0 0 
23635 839 473 370 473 11 1 473 0 0 
23640 842 470 363 470 11 1 470 0 0 
23645 844 462 353 462 11 1 462 0 0 
23650 844 458 350 458 11 1 458 0 0 
23655 846 458 338 458 11 1 458 0 0 
23660 848 455 328 455 11 1 455 0 0 
23665 850 450 315 450 11 1 450 0 0 
23670 853 443 303 443 11 1 443 0 0 
23675 853 435 300 435 11 1 435 0 0 
23680 855 425 293 425 11 1 425 0 0 
23685 857 413 280 413 11 1 413 0 0 
23690 859 405 273 405 11 1 405 0 0 
23695 859 402 258 402 11 1 402 0 0 
23700 861 398 248 398 11 1 398 0 0 
23705 862 395 238 395 11 1 395 0 0 
23710 862 390 238 390 11 1 390 0 0 
23715 864 390 228 390 11 1 390 0 0 
23720 866 390 223 390 11 1 390 0 0 
23725 866 387 208 387 11 1 387 0 0 
23730 868 387 200 387 11 1 387 0 0 
23735 871 383 185 383 11 1 383 0 0 
23740 871 380 170 380 11 1 380 0 0 
23745 871 372 158 372 11 1 372 0 0 
23750 872 372 145 372 11 1 372 0 0 
23755 872 368 145 368 11 1 368 0 0 
23760 874 368 133 368 11 1 368 0 0 
23765 874 372 133 372 11 1 372 0 0 
23770 874 372 133 372 11 1 372 0 0 
23775 876 368 128 368 11 1 368 0 0 
23780 876 360 120 360 11 1 360 0 0 
23785 878 353 118 353 11 1 353 0 0 
23790 878 342 115 342 11 1 342 0 0 
23795 878 330 103 330 11 1 330 0 0 
23800 878 320 103 320 11 1 320 0 0 
23805 878 305 103 305 11 1 305 0 0 
23810 880 297 93 297 11 1 297 0 0 
23815 880 290 83 290 11 1 290 0 0 
23820 880 282 80 282 11 1 282 0 0 
23825 882 270 80 270 11 1 270 0 0 
23830 882 263 68 263 11 1 263 0 0 
23835 882 252 58 252 11 1 252 0 0 
23840 883 245 58 245 11 1 245 0 0 
23845 882 240 55 240 11 1 240 0 0 
23850 882 233 55 233 11 1 233 0 0 
23855 883 225 53 225 11 1 225 0 0 
23860 883 222 53 222 11 1 222 0 0 
23865 883 218 53 218 11 1 218 0 0 
23870 883 210 53 210 11 1 210 0 0 
23875 883 207 53 207 11 1 207 0 0 
23880 883 200 53 200 11 1 200 0 0 
23885 883 192 48 192 11 1 192 0 0 
23890 883 188 50 188 11 1 188 0 0 
23895 885 177 50 177 11 1 177 0 0 
23900 883 170 48 170 11 1 170 0 0 
23905 885 158 43 158 11 1 158 0 0 
23910 885 147 43 147 11 1 147 0 0 
23915 885 135 43 135 11 1 135 0 0 
23920 885 125 43 125 11 1 125 0 0 
23925 885 110 38 110 11 1 110 0 0 
23930 887 95 40 95 11 1 95 0 0 
23935 885 80 38 80 11 1 80 0 0 
23940 885 72 35 72 11 1 72 0 0 
23945 887 60 35 60 11 1 60 0 0 
23950 887 42 30 42 11 1 42 0 0 
23955 887 30 30 30 11 1 30 0 0 
23960 887 15 28 15 11 1 15 0 0 
23965 887 5 28 5 11 1 5 0 0 
23970 887 -8 18 -8 11 1 -8 0 0 
23975 887 -15 13 -15 11 1 -15 0 0 
23980 887 -23 3 -23 11 1 -23 0 0 
23985 887 -30 -0 -30 11 1 -30 0 0 
23990 887 -45 -15 -45 11 1 -45 0 0 
23995 887 -53 -28 -53 11 1 -53 0 0 
24000 887 -65 -48 -65 11 1 -65 0 0 
24005 887 -75 -65 -75 11 1 -75 0 0 
24010 887 -83 -83 -83 11 1 -83 0 0 
24015 885 -95 -108 -95 11 1 -95 0 0 
24020 885 -102 -130 -102 11 1 -102 0 0 
24025 885 -110 -155 -110 11 1 -110 0 0 
24030 883 -117 -188 -117 11 1 -117 0 0 
24035 883 -120 -218 -120 11 1 -120 0 0 
24040 882 -128 -250 -128 11 1 -128 0 0 
24045 880 -132 -285 -132 11 1 -132 0 0 
24050 880 -143 -330 -143 11 1 -143 0 0 
24055 876 -155 -378 -155 11 1 -155 0 0 
24060 876 -165 -420 -165 11 1 -165 0 0 
24065 872 -177 -470 -177 11 1 -177 0 0 
24070 871 -192 -538 -192 12 1 -192 0 0 
24075 868 -207 -585 -207 12 1 -207 0 0 
24080 864 -218 -600 -218 12 1 -218 0 0 
24085 861 -225 -600 -225 12 1 -225 0 0 
24090 857 -233 -600 -233 12 1 -233 0 0 
24095 855 -245 -600 -245 12 1 -245 0 0 
24100 852 -260 -600 -260 12 1 -260 0 0 
24105 848 -282 -600 -282 12 1 -282 0 0 
24110 846 -315 -603 -315 12 1 -315 0 0 
24115 842 -350 -600 -350 12 1 -350 0 0 
24120 839 -387 -600 -387 12 1 -387 0 0 
24125 837 -417 -600 -417 12 1 -417 0 0 
24130 833 -455 -600 -455 12 1 -455 0 0 
24135 830 -477 -600 -477 12 1 -477 0 0 
24140 828 -492 -600 -492 12 1 -492 0 0 
24145 824 -503 -603 -503 12 1 -503 0 0 
24150 821 -510 -603 -510 12 1 -510 0 0 
24155 817 -515 -600 -515 12 1 -515 0 0 
24160 813 -525 -603 -525 12 1 -525 0 0 
24165 812 -540 -600 -540 12 1 -540 0 0 
24170 808 -560 -600 -560 12 1 -560 0 0 
24175 804 -582 -603 -582 12 1 -582 0 0 
24180 803 -608 -600 -608 12 1 -608 0 0 
24185 799 -635 -600 -635 12 1 -635 0 0 
24190 795 -665 -600 -665 12 1 -665 0 0 
24195 793 -690 -603 -690 12 1 -690 0 0 
24200 790 -710 -600 -710 12 1 -710 0 0 
24205 786 -732 -603 -732 12 1 -732 0 0 
24210 784 -755 -603 -755 12 1 -755 0 0 
24215 781 -773 -600 -773 12 1 -773 0 0 
24220 777 -792 -603 -792 12 1 -792 0 0 
24225 775 -810 -600 -810 12 1 -810 0 0 
24230 772 -833 -600 -833 12 1 -833 0 0 
24235 768 -852 -603 -852 12 1 -852 0 0 
24240 766 -863 -600 -863 12 1 -863 0 0 
24245 763 -878 -600 -878 12 1 -878 0 0 
24250 759 -897 -600 -897 12 1 -897 0 0 
24255 755 -908 -600 -908 12 1 -908 0 0 
24260 754 -920 -600 -920 12 1 -920 0 0 
24265 750 -930 -600 -930 12 1 -930 0 0 
24270 746 -945 -600 -945 12 1 -945 0 0 
24275 745 -957 -600 -957 12 1 -957 0 0 
24280 741 -972 -600 -972 12 1 -972 0 0 
24285 739 -987 -600 -987 12 1 -987 0 0 
24290 735 -1005 -600 -1005 12 1 -1005 0 0 
24295 732 -1020 -603 -1020 12 1 -1020 0 0 
24300 728 -1035 -603 -1035 12 1 -1035 0 0 
24305 726 -1050 -600 -1050 12 1 -1050 0 0 
24310 723 -1065 -600 -1065 12 1 -1065 0 0 
24315 719 -1077 -600 -1077 12 1 -1077 0 0 
24320 715 -1088 -600 -1088 12 1 -1088 0 0 
24325 714 -1103 -603 -1103 12 1 -1103 0 0 
24330 710 -1118 -603 -1118 12 1 -1118 0 0 
24335 706 -1133 -603 -1133 12 1 -1133 0 0 
24340 705 -1148 -600 -1148 12 1 -1148 0 0 
24345 701 -1163 -603 -1163 12 1 -1163 0 0 
24350 697 -1175 -600 -1175 12 1 -1175 0 0 
24355 696 -1190 -603 -1190 12 1 -1190 0 0 
24360 692 -1200 -600 -1200 12 1 -1200 0 0 
24365 688 -1212 -600 -1212 12 1 -1212 0 0 
24370 685 -1223 -603 -1223 12 1 -1223 0 0 
24375 683 -1230 -603 -1230 12 1 -1230 0 0 
24380 679 -1235 -603 -1235 12 1 -1235 0 0 
24385 677 -1242 -600 -1242 12 1 -1242 0 0 
24390 674 -1245 -600 -1245 12 1 -1245 0 0 
24395 670 -1250 -600 -1250 12 1 -1250 0 0 
24400 668 -1257 -600 -1257 12 1 -1257 0 0 
24405 665 -1265 -600 -1265 12 1 -1265 0 0 
24410 661 -1272 -600 -1272 12 1 -1272 0 0 
24415 657 -1280 -603 -1280 12 1 -1280 0 0 
24420 656 -1283 -603 -1283 12 1 -1283 0 0 
24425 651 -1290 -600 -1290 12 1 -1290 0 0 
24430 647 -1295 -600 -1295 12 1 -1295 0 0 
24435 646 -1295 -600 -1295 12 1 -1295 0 0 
24440 642 -1295 -600 -1295 12 1 -1295 0 0 
24445 640 -1295 -603 -1295 12 1 -1295 0 0 
24450 637 -1295 -603 -1295 12 1 -1295 0 0 
24455 633 -1290 -600 -1290 12 1 -1290 0 0 
24460 631 -1290 -600 -1290 12 1 -1290 0 0 
24465 627 -1290 -600 -1290 12 1 -1290 0 0 
24470 624 -1290 -600 -1290 12 1 -1290 0 0 
24475 620 -1290 -600 -1290 12 1 -1290 0 0 
24480 618 -1295 -600 -1295 12 1 -1295 0 0 
24485 615 -1295 -600 -1295 12 1 -1295 0 0 
24490 613 -1290 -603 -1290 12 1 -1290 0 0 
24495 609 -1287 -600 -1287 12 1 -1287 0 0 
24500 606 -1283 -600 -1283 12 1 -1283 0 0 
24505 604 -1275 -600 -1275 12 1 -1275 0 0 
24510 600 -1265 -600 -1265 12 1 -1265 0 0 
24515 597 -1257 -600 -1257 12 1 -1257 0 0 
24520 595 -1250 -600 -1250 12 1 -1250 0 0 
24525 591 -1242 -600 -1242 12 1 -1242 0 0 
24530 588 -1238 -603 -1238 12 1 -1238 0 0 
24535 584 -1235 -600 -1235 12 1 -1235 0 0 
24540 582 -1230 -600 -1230 12 1 -1230 0 0 
24545 580 -1227 -600 -1227 12 1 -1227 0 0 
24550 577 -1220 -600 -1220 12 1 -1220 0 0 
24555 573 -1212 -600 -1212 12 1 -1212 0 0 
24560 569 -1205 -600 -1205 12 1 -1205 0 0 
24565 568 -1197 -600 -1197 12 1 -1197 0 0 
24570 564 -1185 -600 -1185 12 1 -1185 0 0 
24575 562 -1178 -603 -1178 12 1 -1178 0 0 
24580 559 -1167 -600 -1167 12 1 -1167 0 0 
24585 557 -1155 -600 -1155 12 1 -1155 0 0 
24590 553 -1140 -600 -1140 12 1 -1140 0 0 
24595 549 -1125 -603 -1125 12 1 -1125 0 0 
24600 548 -1110 -600 -1110 12 1 -1110 0 0 
24605 544 -1095 -603 -1095 12 1 -1095 0 0 
24610 540 -1073 -600 -1073 12 1 -1073 0 0 
24615 537 -1055 -600 -1055 12 1 -1055 0 0 
24620 535 -1043 -600 -1043 12 1 -1043 0 0 
24625 531 -1032 -600 -1032 12 1 -1032 0 0 
24630 528 -1020 -603 -1020 12 1 -1020 0 0 
24635 526 -1013 -600 -1013 12 1 -1013 0 0 
24640 522 -1013 -603 -1013 12 1 -1013 0 0 
24645 520 -1013 -603 -1013 12 1 -1013 0 0 
24650 517 -1010 -600 -1010 12 1 -1010 0 0 
24655 513 -1005 -600 -1005 12 1 -1005 0 0 
24660 511 -1002 -600 -1002 12 1 -1002 0 0 
24665 508 -998 -600 -998 12 1 -998 0 0 
24670 504 -987 -600 -987 12 1 -987 0 0 
24675 502 -975 -603 -975 12 1 -975 0 0 
24680 499 -965 -600 -965 12 1 -965 0 0 
24685 497 -950 -603 -950 12 1 -950 0 0 
24690 493 -930 -600 -930 12 1 -930 0 0 
24695 490 -915 -600 -915 12 1 -915 0 0 
24700 486 -900 -600 -900 12 1 -900 0 0 
24705 484 -890 -600 -890 12 1 -890 0 0 
24710 481 -875 -600 -875 12 1 -875 0 0 
24715 477 -863 -600 -863 12 1 -863 0 0 
24720 475 -860 -600 -860 12 1 -860 0 0 
24725 471 -855 -603 -855 12 1 -855 0 0 
24730 468 -855 -600 -855 12 1 -855 0 0 
24735 464 -860 -600 -860 12 1 -860 0 0 
24740 462 -867 -600 -867 12 1 -867 0 0 
24745 459 -870 -603 -870 12 1 -870 0 0 
24750 457 -875 -600 -875 12 1 -875 0 0 
24755 453 -875 -603 -875 12 1 -875 0 0 
24760 450 -870 -600 -870 12 1 -870 0 0 
24765 448 -867 -603 -867 12 1 -867 0 0 
24770 444 -855 -603 -855 12 1 -855 0 0 
24775 440 -852 -603 -852 12 1 -852 0 0 
24780 438 -840 -603 -840 12 1 -840 0 0 
24785 434 -833 -600 -833 12 1 -833 0 0 
24790 431 -822 -600 -822 12 1 -822 0 0 
24795 429 -815 -603 -815 12 1 -815 0 0 
24800 425 -803 -600 -803 12 1 -803 0 0 
24805 423 -800 -600 -800 12 1 -800 0 0 
24810 420 -792 -600 -792 12 1 -792 0 0 
24815 418 -785 -603 -785 12 1 -785 0 0 
24820 412 -777 -600 -777 12 1 -777 0 0 
24825 411 -773 -603 -773 12 1 -773 0 0 
24830 409 -770 -603 -770 12 1 -770 0 0 
24835 405 -765 -600 -765 12 1 -765 0 0 
24840 402 -765 -600 -765 12 1 -765 0 0 
24845 400 -765 -600 -765 12 1 -765 0 0 
24850 396 -762 -600 -762 12 1 -762 0 0 
24855 392 -762 -600 -762 12 1 -762 0 0 
24860 391 -758 -600 -758 12 1 -758 0 0 
24865 387 -755 -603 -755 12 1 -755 0 0 
24870 383 -750 -600 -750 12 1 -750 0 0 
24875 380 -747 -600 -747 12 1 -747 0 0 
24880 378 -743 -600 -743 12 1 -743 0 0 
24885 376 -740 -600 -740 12 1 -740 0 0 
24890 373 -740 -600 -740 12 1 -740 0 0 
24895 369 -735 -600 -735 12 1 -735 0 0 
24900 367 -735 -600 -735 12 1 -735 0 0 
24905 363 -728 -600 -728 12 1 -728 0 0 
24910 360 -725 -600 -725 12 1 -725 0 0 
24915 358 -717 -600 -717 12 1 -717 0 0 
24920 354 -710 -600 -710 12 1 -710 0 0 
24925 351 -702 -600 -702 12 1 -702 0 0 
24930 349 -698 -600 -698 12 1 -698 0 0 
24935 345 -690 -600 -690 12 1 -690 0 0 
24940 342 -687 -600 -687 12 1 -687 0 0 
24945 340 -683 -600 -683 12 1 -683 0 0 
24950 336 -680 -600 -680 12 1 -680 0 0 
24955 333 -672 -600 -672 12 1 -672 0 0 
24960 331 -668 -600 -668 12 1 -668 0 0 
24965 329 -668 -603 -668 12 1 -668 0 0 
24970 325 -660 -600 -660 12 1 -660 0 0 
24975 322 -657 -600 -657 12 1 -657 0 0 
24980 320 -653 -600 -653 12 1 -653 0 0 
24985 316 -650 -600 -650 12 1 -650 0 0 
24990 313 -645 -603 -645 12 1 -645 0 0 
24995 309 -638 -600 -638 12 1 -638 0 0 
25000 307 -630 -600 -630 12 1 -630 0 0 
25005 304 -627 -600 -627 12 1 -627 0 0 
25010 300 -615 -600 -615 12 1 -615 0 0 
25015 298 -608 -600 -608 12 1 -608 0 0 
25020 295 -605 -600 -605 12 1 -605 0 0 
25025 293 -597 -600 -597 12 1 -597 0 0 
25030 289 -585 -600 -585 12 1 -585 0 0 
25035 285 -582 -600 -582 12 1 -582 0 0 
25040 282 -575 -603 -575 12 1 -575 0 0 
25045 280 -570 -603 -570 12 1 -570 0 0 
25050 276 -563 -603 -563 12 1 -563 0 0 
25055 273 -552 -600 -552 12 1 -552 0 0 
25060 271 -545 -600 -545 12 1 -545 0 0 
25065 267 -540 -600 -540 12 1 -540 0 0 
25070 264 -530 -600 -530 12 1 -530 0 0 
25075 262 -522 -600 -522 12 1 -522 0 0 
25080 258 -510 -600 -510 12 1 -510 0 0 
25085 256 -507 -600 -507 12 1 -507 0 0 
25090 253 -500 -600 -500 12 1 -500 0 0 
25095 249 -495 -600 -495 12 1 -495 0 0 
25100 247 -492 -603 -492 12 1 -492 0 0 
25105 244 -485 -600 -485 12 1 -485 0 0 
25110 240 -480 -600 -480 12 1 -480 0 0 
25115 238 -477 -600 -477 12 1 -477 0 0 
25120 235 -470 -600 -470 12 1 -470 0 0 
25125 233 -465 -603 -465 12 1 -465 0 0 
25130 226 -458 -600 -458 12 1 -458 0 0 
25135 225 -447 -600 -447 12 1 -447 0 0 
25140 223 -440 -600 -440 12 1 -440 0 0 
25145 219 -428 -598 -428 12 1 -428 0 0 
25150 216 -413 -588 -413 12 1 -413 0 0 
25155 212 -405 -578 -405 12 1 -405 0 0 
25160 210 -395 -565 -395 12 1 -395 0 0 
25165 208 -390 -563 -390 12 1 -390 0 0 
25170 205 -390 -550 -390 12 1 -390 0 0 
25175 203 -387 -545 -387 12 1 -387 0 0 
25180 199 -387 -535 -387 12 1 -387 0 0 
25185 197 -387 -523 -387 12 1 -387 0 0 
25190 194 -383 -520 -383 12 1 -383 0 0 
25195 192 -380 -508 -380 12 1 -380 0 0 
25200 190 -375 -498 -375 12 1 -375 0 0 
25205 187 -368 -488 -368 12 1 -368 0 0 
25210 183 -357 -480 -357 12 1 -357 0 0 
25215 181 -350 -470 -350 12 1 -350 0 0 
25220 179 -345 -463 -345 12 1 -345 0 0 
25225 177 -338 -450 -338 12 1 -338 0 0 
25230 176 -335 -443 -335 12 1 -335 0 0 
25235 172 -330 -443 -330 12 1 -330 0 0 
25240 172 -323 -430 -323 12 1 -323 0 0 
25245 168 -315 -415 -315 12 1 -315 0 0 
25250 167 -312 -405 -312 12 1 -312 0 0 
25255 165 -305 -398 -305 12 1 -305 0 0 
25260 163 -300 -393 -300 12 1 -300 0 0 
25265 161 -297 -380 -297 12 1 -297 0 0 
25270 159 -293 -370 -293 12 1 -293 0 0 
25275 158 -285 -363 -285 12 1 -285 0 0 
25280 154 -282 -353 -282 12 1 -282 0 0 
25285 154 -282 -343 -282 12 1 -282 0 0 
25290 150 -275 -330 -275 12 1 -275 0 0 
25295 150 -270 -328 -270 12 1 -270 0 0 
25300 148 -267 -315 -267 12 1 -267 0 0 
25305 147 -263 -305 -263 12 1 -263 0 0 
25310 145 -260 -303 -260 12 1 -260 0 0 
25315 143 -255 -290 -255 12 1 -255 0 0 
25320 143 -252 -278 -252 12 1 -252 0 0 
25325 141 -245 -270 -245 12 1 -245 0 0 
25330 139 -245 -263 -245 12 1 -245 0 0 
25335 139 -237 -250 -237 12 1 -237 0 0 
25340 136 -233 -240 -233 12 1 -233 0 0 
25345 136 -233 -240 -233 12 1 -233 0 0 
25350 134 -225 -225 -225 12 1 -225 0 0 
25355 134 -218 -218 -218 12 1 -218 0 0 
25360 132 -210 -208 -210 12 1 -210 0 0 
25365 132 -207 -200 -207 12 1 -207 0 0 
25370 130 -200 -188 -200 12 1 -200 0 0 
25375 130 -195 -180 -195 12 1 -195 0 0 
25380 129 -192 -165 -192 12 1 -192 0 0 
25385 129 -185 -160 -185 12 1 -185 0 0 
25390 127 -185 -158 -185 12 1 -185 0 0 
25395 127 -180 -155 -180 12 1 -180 0 0 
25400 125 -177 -145 -177 12 1 -177 0 0 
25405 125 -173 -135 -173 12 1 -173 0 0 
25410 125 -170 -128 -170 12 1 -170 0 0 
25415 123 -165 -128 -165 12 1 -165 0 0 
25420 123 -165 -120 -165 12 1 -165 0 0 
25425 121 -162 -108 -162 12 1 -162 0 0 
25430 121 -158 -105 -158 12 1 -158 0 0 
25435 121 -158 -95 -158 12 1 -158 0 0 
25440 121 -155 -95 -155 12 1 -155 0 0 
25445 121 -150 -93 -150 12 1 -150 0 0 
25450 119 -147 -90 -147 12 1 -147 0 0 
25455 119 -140 -88 -140 12 1 -140 0 0 
25460 119 -132 -78 -132 12 1 -132 0 0 
25465 119 -120 -75 -120 12 1 -120 0 0 
25470 119 -110 -75 -110 12 1 -110 0 0 
25475 119 -98 -75 -98 12 1 -98 0 0 
25480 118 -90 -75 -90 12 1 -90 0 0 
25485 118 -83 -75 -83 12 1 -83 0 0 
25490 118 -80 -63 -80 12 1 -80 0 0 
25495 118 -75 -63 -75 12 1 -75 0 0 
25500 118 -72 -63 -72 12 1 -72 0 0 
25505 118 -68 -55 -68 12 1 -68 0 0 
25510 116 -60 -53 -60 12 1 -60 0 0 
25515 116 -57 -50 -57 12 1 -57 0 0 
25520 116 -53 -53 -53 12 1 -53 0 0 
25525 116 -45 -50 -45 12 1 -45 0 0 
25530 116 -42 -48 -42 12 1 -42 0 0 
25535 116 -30 -43 -30 12 1 -30 0 0 
25540 116 -23 -40 -23 12 1 -23 0 0 
25545 114 -12 -30 -12 12 1 -12 0 0 
25550 114 -5 -25 -5 12 1 -5 0 0 
25555 114 12 -13 12 12 1 12 0 0 
25560 114 20 -3 20 12 1 20 0 0 
25565 114 30 -0 30 12 1 30 0 0 
25570 114 38 10 38 12 1 38 0 0 
25575 114 50 28 50 12 1 50 0 0 
25580 114 53 43 53 12 1 53 0 0 
25585 116 65 65 65 12 1 65 0 0 
25590 116 68 80 68 12 1 68 0 0 
25595 116 80 105 80 12 1 80 0 0 
25600 116 80 123 80 12 1 80 0 0 
25605 118 83 145 83 12 1 83 0 0 
25610 118 87 168 87 12 1 87 0 0 
25615 119 87 195 87 12 1 87 0 0 
25620 119 90 220 90 12 1 90 0 0 
25625 121 95 245 95 12 1 95 0 0 
25630 121 98 275 98 12 1 98 0 0 
25635 123 98 313 98 12 1 98 0 0 
25640 125 105 340 105 12 1 105 0 0 
25645 127 110 375 110 12 1 110 0 0 
25650 129 113 405 113 13 1 113 0 0 
25655 132 117 450 117 13 1 117 0 0 
25660 132 120 485 120 13 1 120 0 0 
25665 136 125 525 125 13 1 125 0 0 
25670 138 128 563 128 13 1 128 0 0 
25675 141 132 598 132 13 1 132 0 0 
25680 145 135 600 135 13 1 135 0 0 
25685 148 140 600 140 13 1 140 0 0 
25690 150 143 600 143 13 1 143 0 0 
25695 154 155 598 155 13 1 155 0 0 
25700 156 170 600 170 13 1 170 0 0 
25705 159 192 600 192 13 1 192 0 0 
25710 163 218 600 218 13 1 218 0 0 
25715 167 245 600 245 13 1 245 0 0 
25720 170 270 600 270 13 1 270 0 0 
25725 172 290 600 290 13 1 290 0 0 
25730 176 305 600 305 13 1 305 0 0 
25735 177 315 600 315 13 1 315 0 0 
25740 181 320 600 320 13 1 320 0 0 
25745 185 320 598 320 13 1 320 0 0 
25750 187 323 600 323 13 1 323 0 0 
25755 190 330 600 330 13 1 330 0 0 
25760 194 335 600 335 13 1 335 0 0 
25765 196 345 600 345 13 1 345 0 0 
25770 199 353 598 353 13 1 353 0 0 
25775 203 368 598 368 13 1 368 0 0 
25780 206 380 600 380 13 1 380 0 0 
25785 208 387 598 387 13 1 387 0 0 
25790 210 395 598 395 13 1 395 0 0 
25795 214 402 600 402 13 1 402 0 0 
25800 217 402 598 402 13 1 402 0 0 
25805 219 402 600 402 13 1 402 0 0 
25810 223 402 600 402 13 1 402 0 0 
25815 226 405 600 405 13 1 405 0 0 
25820 229 410 600 410 13 1 410 0 0 
25825 233 413 600 413 13 1 413 0 0 
25830 237 417 600 417 13 1 417 0 0 
25835 240 425 600 425 13 1 425 0 0 
25840 242 432 600 432 13 1 432 0 0 
25845 246 435 598 435 13 1 435 0 0 
25850 249 440 598 440 13 1 440 0 0 
25855 251 443 600 443 13 1 443 0 0 
25860 255 447 600 447 13 1 447 0 0 
25865 256 450 600 450 13 1 450 0 0 
25870 260 455 600 455 13 1 455 0 0 
25875 264 458 600 458 13 1 458 0 0 
25880 267 462 600 462 13 1 462 0 0 
25885 271 470 600 470 13 1 470 0 0 
25890 273 473 598 473 13 1 473 0 0 
25895 276 480 600 480 13 1 480 0 0 
25900 280 488 598 488 13 1 488 0 0 
25905 282 495 600 495 13 1 495 0 0 
25910 285 500 600 500 13 1 500 0 0 
25915 289 510 600 510 13 1 510 0 0 
25920 291 515 598 515 13 1 515 0 0 
25925 295 518 600 518 13 1 518 0 0 
25930 298 525 598 525 13 1 525 0 0 
25935 302 530 600 530 13 1 530 0 0 
25940 304 533 600 533 13 1 533 0 0 
25945 307 540 600 540 13 1 540 0 0 
25950 309 548 600 548 13 1 548 0 0 
25955 313 552 600 552 13 1 552 0 0 
25960 316 560 600 560 13 1 560 0 0 
25965 320 563 600 563 13 1 563 0 0 
25970 322 563 600 563 13 1 563 0 0 
25975 325 570 600 570 13 1 570 0 0 
25980 327 575 600 575 13 1 575 0 0 
25985 331 578 598 578 13 1 578 0 0 
25990 334 582 600 582 13 1 582 0 0 
25995 338 585 600 585 13 1 585 0 0 
26000 340 590 598 590 13 1 590 0 0 
26005 344 597 600 597 13 1 597 0 0 
26010 347 597 600 597 13 1 597 0 0 
26015 351 600 600 600 13 1 600 0 0 
26020 353 605 600 605 13 1 605 0 0 
26025 354 608 600 608 13 1 608 0 0 
26030 358 612 600 612 13 1 612 0 0 
26035 362 612 600 612 13 1 612 0 0 
26040 363 615 598 615 13 1 615 0 0 
26045 367 615 600 615 13 1 615 0 0 
26050 371 620 600 620 13 1 620 0 0 
26055 374 620 600 620 13 1 620 0 0 
26060 376 623 600 623 13 1 623 0 0 
26065 380 623 600 623 13 1 623 0 0 
26070 383 627 598 627 13 1 627 0 0 
26075 387 627 600 627 13 1 627 0 0 
26080 389 627 600 627 13 1 627 0 0 
26085 391 630 600 630 13 1 630 0 0 
26090 394 630 600 630 13 1 630 0 0 
26095 398 635 600 635 13 1 635 0 0 
26100 402 635 600 635 13 1 635 0 0 
26105 403 635 598 635 13 1 635 0 0 
26110 407 635 600 635 13 1 635 0 0 
26115 409 638 600 638 13 1 638 0 0 
26120 412 638 600 638 13 1 638 0 0 
26125 416 638 598 638 13 1 638 0 0 
26130 418 638 598 638 13 1 638 0 0 
26135 422 638 598 638 13 1 638 0 0 
26140 425 638 600 638 13 1 638 0 0 
26145 427 638 600 638 13 1 638 0 0 
26150 431 638 598 638 13 1 638 0 0 
26155 434 638 600 638 13 1 638 0 0 
26160 436 638 598 638 13 1 638 0 0 
26165 440 638 600 638 13 1 638 0 0 
26170 441 638 598 638 13 1 638 0 0 
26175 446 638 598 638 13 1 638 0 0 
26180 450 635 600 635 13 1 635 0 0 
26185 452 630 600 630 13 1 630 0 0 
26190 455 630 600 630 13 1 630 0 0 
26195 459 627 600 627 13 1 627 0 0 
26200 461 627 600 627 13 1 627 0 0 
26205 464 627 600 627 13 1 627 0 0 
26210 468 623 600 623 13 1 623 0 0 
26215 471 623 600 623 13 1 623 0 0 
26220 473 623 600 623 13 1 623 0 0 
26225 477 620 600 620 13 1 620 0 0 
26230 481 620 598 620 13 1 620 0 0 
26235 482 620 600 620 13 1 620 0 0 
26240 486 615 598 615 13 1 615 0 0 
26245 490 615 600 615 13 1 615 0 0 
26250 491 615 600 615 13 1 615 0 0 
26255 495 612 598 612 13 1 612 0 0 
26260 499 612 600 612 13 1 612 0 0 
26265 500 612 600 612 13 1 612 0 0 
26270 504 608 600 608 13 1 608 0 0 
26275 508 605 600 605 13 1 605 0 0 
26280 511 605 600 605 13 1 605 0 0 
26285 513 600 600 600 13 1 600 0 0 
26290 517 600 600 600 13 1 600 0 0 
26295 519 600 598 600 13 1 600 0 0 
26300 522 597 600 597 13 1 597 0 0 
26305 526 597 600 597 13 1 597 0 0 
26310 530 597 600 597 13 1 597 0 0 
26315 531 593 600 593 13 1 593 0 0 
26320 535 593 600 593 13 1 593 0 0 
26325 537 593 600 593 13 1 593 0 0 
26330 540 590 598 590 13 1 590 0 0 
26335 544 590 600 590 13 1 590 0 0 
26340 548 585 600 585 13 1 585 0 0 
26345 549 585 600 585 13 1 585 0 0 
26350 553 585 600 585 13 1 585 0 0 
26355 557 585 600 585 13 1 585 0 0 
26360 559 590 598 590 13 1 590 0 0 
26365 562 590 600 590 13 1 590 0 0 
26370 564 593 600 593 13 1 593 0 0 
26375 568 593 600 593 13 1 593 0 0 
26380 571 593 600 593 13 1 593 0 0 
26385 573 590 600 590 13 1 590 0 0 
26390 577 593 598 593 13 1 593 0 0 
26395 580 590 600 590 13 1 590 0 0 
26400 582 590 600 590 13 1 590 0 0 
26405 586 590 600 590 13 1 590 0 0 
26410 588 585 600 585 13 1 585 0 0 
26415 591 585 600 585 13 1 585 0 0 
26420 595 582 600 582 13 1 582 0 0 
26425 597 582 600 582 13 1 582 0 0 
26430 600 578 598 578 13 1 578 0 0 
26435 604 582 600 582 13 1 582 0 0 
26440 607 582 600 582 13 1 582 0 0 
26445 609 578 600 578 13 1 578 0 0 
26450 613 578 600 578 13 1 578 0 0 
26455 615 578 600 578 13 1 578 0 0 
26460 618 575 600 575 13 1 575 0 0 
26465 622 570 600 570 13 1 570 0 0 
26470 626 567 600 567 13 1 567 0 0 
26475 627 567 600 567 13 1 567 0 0 
26480 631 563 600 563 13 1 563 0 0 
26485 633 563 600 563 13 1 563 0 0 
26490 637 563 600 563 13 1 563 0 0 
26495 640 563 600 563 13 1 563 0 0 
26500 642 563 598 563 13 1 563 0 0 
26505 646 563 598 563 13 1 563 0 0 
26510 649 560 600 560 13 1 560 0 0 
26515 651 552 598 552 13 1 552 0 0 
26520 656 548 600 548 13 1 548 0 0 
26525 659 545 598 545 13 1 545 0 0 
26530 661 537 600 537 13 1 537 0 0 
26535 665 530 600 530 13 1 530 0 0 
26540 668 525 598 525 13 1 525 0 0 
26545 670 522 600 522 13 1 522 0 0 
26550 674 518 600 518 13 1 518 0 0 
26555 677 515 600 515 13 1 515 0 0 
26560 679 515 598 515 13 1 515 0 0 
26565 681 510 600 510 13 1 510 0 0 
26570 685 510 598 510 13 1 510 0 0 
26575 688 507 600 507 13 1 507 0 0 
26580 692 507 598 507 13 1 507 0 0 
26585 694 507 598 507 13 1 507 0 0 
26590 697 507 598 507 13 1 507 0 0 
26595 701 507 598 507 13 1 507 0 0 
26600 703 507 600 507 13 1 507 0 0 
26605 706 507 600 507 13 1 507 0 0 
26610 708 507 600 507 13 1 507 0 0 
26615 714 510 600 510 13 1 510 0 0 
26620 715 510 600 510 13 1 510 0 0 
26625 719 510 600 510 13 1 510 0 0 
26630 721 515 600 515 13 1 515 0 0 
26635 725 515 600 515 13 1 515 0 0 
26640 726 518 600 518 13 1 518 0 0 
26645 730 518 600 518 13 1 518 0 0 
26650 734 522 600 522 13 1 522 0 0 
26655 737 522 600 522 13 1 522 0 0 
26660 739 522 600 522 13 1 522 0 0 
26665 743 522 600 522 13 1 522 0 0 
26670 746 522 598 522 13 1 522 0 0 
26675 750 522 600 522 13 1 522 0 0 
26680 752 522 600 522 13 1 522 0 0 
26685 755 522 600 522 13 1 522 0 0 
26690 757 522 598 522 13 1 522 0 0 
26695 761 525 600 525 13 1 525 0 0 
26700 764 530 600 530 13 1 530 0 0 
26705 768 530 600 530 13 1 530 0 0 
26710 770 533 600 533 13 1 533 0 0 
26715 774 533 600 533 13 1 533 0 0 
26720 775 533 600 533 13 1 533 0 0 
26725 779 533 600 533 13 1 533 0 0 
26730 781 530 588 530 13 1 530 0 0 
26735 784 530 580 530 13 1 530 0 0 
26740 788 530 568 530 13 1 530 0 0 
26745 790 530 560 530 13 1 530 0 0 
26750 793 530 553 530 13 1 530 0 0 
26755 795 533 548 533 13 1 533 0 0 
26760 799 537 538 537 13 1 537 0 0 
26765 801 540 525 540 13 1 540 0 0 
26770 804 540 515 540 13 1 540 0 0 
26775 806 540 508 540 13 1 540 0 0 
26780 810 540 503 540 13 1 540 0 0 
26785 812 537 488 537 13 1 537 0 0 
26790 813 537 485 537 13 1 537 0 0 
26795 817 537 473 537 13 1 537 0 0 
26800 819 533 458 533 13 1 533 0 0 
26805 821 533 450 533 13 1 533 0 0 
26810 824 537 445 537 13 1 537 0 0 
26815 826 537 438 537 13 1 537 0 0 
26820 828 537 423 537 13 1 537 0 0 
26825 830 537 418 537 13 1 537 0 0 
26830 832 540 405 540 13 1 540 0 0 
26835 833 533 398 533 13 1 533 0 0 
26840 837 530 393 530 13 1 530 0 0 
26845 839 530 383 530 13 1 530 0 0 
26850 841 525 375 525 13 1 525 0 0 
26855 842 522 363 522 13 1 522 0 0 
26860 844 522 350 522 13 1 522 0 0 
26865 846 522 340 522 13 1 522 0 0 
26870 848 525 330 525 13 1 525 0 0 
26875 850 525 325 525 13 1 525 0 0 
26880 852 525 315 525 13 1 525 0 0 
26885 852 525 303 525 13 1 525 0 0 
26890 853 525 300 525 13 1 525 0 0 
26895 857 525 290 525 13 1 525 0 0 
26900 857 525 280 525 13 1 525 0 0 
26905 859 522 263 522 13 1 522 0 0 
26910 861 522 260 522 13 1 522 0 0 
26915 862 525 248 525 13 1 525 0 0 
26920 862 522 235 522 13 1 522 0 0 
26925 862 525 238 525 13 1 525 0 0 
26930 864 525 223 525 13 1 525 0 0 
26935 866 525 210 525 13 1 525 0 0 
26940 868 525 205 525 13 1 525 0 0 
26945 868 525 193 525 13 1 525 0 0 
26950 871 522 188 522 13 1 522 0 0 
26955 872 522 170 522 13 1 522 0 0 
26960 872 518 158 518 13 1 518 0 0 
26965 872 522 145 522 13 1 522 0 0 
26970 874 522 135 522 13 1 522 0 0 
26975 874 525 133 525 13 1 525 0 0 
26980 874 530 133 530 13 1 530 0 0 
26985 876 533 133 533 13 1 533 0 0 
26990 876 537 120 537 13 1 537 0 0 
26995 876 537 118 537 13 1 537 0 0 
27000 878 537 115 537 13 1 537 0 0 
27005 878 530 103 530 13 1 530 0 0 
27010 878 525 103 525 13 1 525 0 0 
27015 880 522 100 522 13 1 522 0 0 
27020 880 518 88 518 13 1 518 0 0 
27025 880 518 83 518 13 1 518 0 0 
27030 882 518 80 518 13 1 518 0 0 
27035 882 518 78 518 13 1 518 0 0 
27040 882 515 70 515 13 1 515 0 0 
27045 882 510 58 510 13 1 510 0 0 
27050 882 503 55 503 13 1 503 0 0 
27055 882 495 58 495 13 1 495 0 0 
27060 883 492 53 492 13 1 492 0 0 
27065 883 492 53 492 13 1 492 0 0 
27070 883 492 53 492 13 1 492 0 0 
27075 883 500 53 500 13 1 500 0 0 
27080 883 503 53 503 13 1 503 0 0 
27085 883 503 50 503 13 1 503 0 0 
27090 883 503 53 503 13 1 503 0 0 
27095 885 500 43 500 13 1 500 0 0 
27100 885 495 43 495 13 1 495 0 0 
27105 885 492 40 492 13 1 492 0 0 
27110 885 488 40 488 13 1 488 0 0 
27115 885 492 43 492 13 1 492 0 0 
27120 885 492 40 492 13 1 492 0 0 
27125 887 492 43 492 13 1 492 0 0 
27130 885 488 38 488 13 1 488 0 0 
27135 887 480 38 480 13 1 480 0 0 
27140 887 465 35 465 13 1 465 0 0 
27145 887 450 35 450 13 1 450 0 0 
27150 887 435 30 435 13 1 435 0 0 
27155 887 420 35 420 13 1 420 0 0 
27160 887 402 30 402 13 1 402 0 0 
27165 887 387 30 387 13 1 387 0 0 
27170 887 372 35 372 13 1 372 0 0 
27175 887 360 30 360 13 1 360 0 0 
27180 887 342 35 342 13 1 342 0 0 
27185 887 327 35 327 13 1 327 0 0 
27190 887 312 30 312 13 1 312 0 0 
27195 889 300 30 300 13 1 300 0 0 
27200 887 285 28 285 13 1 285 0 0 
27205 889 275 28 275 13 1 275 0 0 
27210 889 260 28 260 13 1 260 0 0 
27215 889 248 28 248 13 1 248 0 0 
27220 889 237 28 237 13 1 237 0 0 
27225 889 225 28 225 13 1 225 0 0 
27230 889 215 28 215 13 1 215 0 0 
27235 889 200 25 200 13 1 200 0 0 
27240 889 185 25 185 13 1 185 0 0 
27245 889 170 28 170 13 1 170 0 0 
27250 889 158 28 158 13 1 158 0 0 
27255 889 143 28 143 13 1 143 0 0 
27260 889 128 28 128 13 1 128 0 0 
27265 889 117 25 117 13 1 117 0 0 
27270 889 105 18 105 13 1 105 0 0 
27275 891 95 23 95 13 1 95 0 0 
27280 889 80 18 80 13 1 80 0 0 
27285 889 75 15 75 13 1 75 0 0 
27290 889 65 18 65 13 1 65 0 0 
27295 889 57 18 57 13 1 57 0 0 
27300 891 45 15 45 13 1 45 0 0 
27305 891 42 15 42 13 1 42 0 0 
27310 891 35 15 35 13 1 35 0 0 
27315 891 30 15 30 13 1 30 0 0 
27320 891 23 13 23 13 1 23 0 0 
27325 891 15 13 15 13 1 15 0 0 
27330 891 12 10 12 13 1 12 0 0 
27335 891 5 10 5 13 1 5 0 0 
27340 891 -5 5 -5 13 1 -5 0 0 
27345 891 -8 3 -8 13 1 -8 0 0 
27350 891 -12 -0 -12 13 1 -12 0 0 
27355 891 -15 -0 -15 13 1 -15 0 0 
27360 891 -23 -3 -23 13 1 -23 0 0 
27365 891 -27 -5 -27 13 1 -27 0 0 
27370 891 -30 -13 -30 13 1 -30 0 0 
27375 891 -35 -18 -35 13 1 -35 0 0 
27380 891 -42 -28 -42 13 1 -42 0 0 
27385 891 -45 -38 -45 13 1 -45 0 0 
27390 891 -50 -48 -50 13 1 -50 0 0 
27395 889 -50 -55 -50 13 1 -50 0 0 
27400 889 -53 -65 -53 13 1 -53 0 0 
27405 889 -53 -78 -53 13 1 -53 0 0 
27410 889 -57 -88 -57 13 1 -57 0 0 
27415 889 -60 -100 -60 13 1 -60 0 0 
27420 889 -60 -118 -60 13 1 -60 0 0 
27425 887 -65 -133 -65 13 1 -65 0 0 
27430 887 -68 -148 -68 13 1 -68 0 0 
27435 887 -72 -165 -72 13 1 -72 0 0 
27440 885 -80 -188 -80 13 1 -80 0 0 
27445 883 -80 -208 -80 13 1 -80 0 0 
27450 883 -83 -228 -83 13 1 -83 0 0 
27455 883 -87 -250 -87 13 1 -87 0 0 
27460 880 -90 -278 -90 13 1 -90 0 0 
27465 880 -95 -305 -95 13 1 -95 0 0 
27470 878 -98 -330 -98 13 1 -98 0 0 
27475 876 -102 -363 -102 13 1 -102 0 0 
27480 874 -110 -395 -110 14 1 -110 0 0 
27485 872 -117 -430 -117 14 1 -117 0 0 
27490 871 -120 -468 -120 14 1 -120 0 0 
27495 866 -128 -500 -128 14 1 -128 0 0 
27500 864 -135 -548 -135 14 1 -135 0 0 
27505 861 -140 -585 -140 14 1 -140 0 0 
27510 859 -143 -600 -143 14 1 -143 0 0 
27515 855 -150 -603 -150 14 1 -150 0 0 
27520 852 -155 -600 -155 14 1 -155 0 0 
27525 848 -158 -600 -158 14 1 -158 0 0 
27530 846 -170 -600 -170 14 1 -170 0 0 
27535 842 -180 -603 -180 14 1 -180 0 0 
27540 839 -207 -600 -207 14 1 -207 0 0 
27545 837 -230 -600 -230 14 1 -230 0 0 
27550 833 -248 -600 -248 14 1 -248 0 0 
27555 830 -275 -603 -275 14 1 -275 0 0 
27560 828 -297 -600 -297 14 1 -297 0 0 
27565 824 -312 -603 -312 14 1 -312 0 0 
27570 822 -323 -603 -323 14 1 -323 0 0 
27575 819 -327 -600 -327 14 1 -327 0 0 
27580 815 -330 -603 -330 14 1 -330 0 0 
27585 812 -335 -600 -335 14 1 -335 0 0 
27590 810 -338 -600 -338 14 1 -338 0 0 
27595 806 -350 -600 -350 14 1 -350 0 0 
27600 803 -357 -600 -357 14 1 -357 0 0 
27605 801 -372 -600 -372 14 1 -372 0 0 
27610 797 -383 -600 -383 14 1 -383 0 0 
27615 793 -390 -603 -390 14 1 -390 0 0 
27620 790 -405 -600 -405 14 1 -405 0 0 
27625 788 -417 -600 -417 14 1 -417 0 0 
27630 784 -420 -603 -420 14 1 -420 0 0 
27635 783 -428 -600 -428 14 1 -428 0 0 
27640 779 -432 -600 -432 14 1 -432 0 0 
27645 775 -435 -600 -435 14 1 -435 0 0 
27650 774 -440 -600 -440 14 1 -440 0 0 
27655 770 -443 -603 -443 14 1 -443 0 0 
27660 766 -447 -600 -447 14 1 -447 0 0 
27665 764 -450 -600 -450 14 1 -450 0 0 
27670 761 -455 -600 -455 14 1 -455 0 0 
27675 759 -458 -600 -458 14 1 -458 0 0 
27680 754 -462 -600 -462 14 1 -462 0 0 
27685 752 -465 -603 -465 14 1 -465 0 0 
27690 750 -465 -600 -465 14 1 -465 0 0 
27695 746 -465 -603 -465 14 1 -465 0 0 
27700 743 -465 -600 -465 14 1 -465 0 0 
27705 739 -465 -600 -465 14 1 -465 0 0 
27710 737 -465 -600 -465 14 1 -465 0 0 
27715 734 -465 -603 -465 14 1 -465 0 0 
27720 730 -465 -603 -465 14 1 -465 0 0 
27725 728 -465 -600 -465 14 1 -465 0 0 
27730 725 -470 -600 -470 14 1 -470 0 0 
27735 723 -473 -600 -473 14 1 -473 0 0 
27740 719 -480 -603 -480 14 1 -480 0 0 
27745 715 -485 -603 -485 14 1 -485 0 0 
27750 712 -495 -600 -495 14 1 -495 0 0 
27755 710 -503 -600 -503 14 1 -503 0 0 
27760 706 -515 -600 -515 14 1 -515 0 0 
27765 703 -522 -600 -522 14 1 -522 0 0 
27770 701 -533 -600 -533 14 1 -533 0 0 
27775 697 -545 -600 -545 14 1 -545 0 0 
27780 694 -555 -603 -555 14 1 -555 0 0 
27785 690 -563 -600 -563 14 1 -563 0 0 
27790 688 -575 -600 -575 14 1 -575 0 0 
27795 685 -582 -600 -582 14 1 -582 0 0 
27800 681 -593 -600 -593 14 1 -593 0 0 
27805 679 -605 -603 -605 14 1 -605 0 0 
27810 676 -612 -600 -612 14 1 -612 0 0 
27815 672 -623 -603 -623 14 1 -623 0 0 
27820 670 -635 -603 -635 14 1 -635 0 0 
27825 668 -645 -603 -645 14 1 -645 0 0 
27830 665 -657 -600 -657 14 1 -657 0 0 
27835 661 -668 -600 -668 14 1 -668 0 0 
27840 657 -680 -600 -680 14 1 -680 0 0 
27845 653 -690 -603 -690 14 1 -690 0 0 
27850 651 -702 -600 -702 14 1 -702 0 0 
27855 647 -705 -600 -705 14 1 -705 0 0 
27860 644 -717 -603 -717 14 1 -717 0 0 
27865 642 -725 -600 -725 14 1 -725 0 0 
27870 638 -735 -600 -735 14 1 -735 0 0 
27875 637 -743 -600 -743 14 1 -743 0 0 
27880 633 -758 -603 -758 14 1 -758 0 0 
27885 629 -770 -603 -770 14 1 -770 0 0 
27890 626 -780 -600 -780 14 1 -780 0 0 
27895 624 -792 -600 -792 14 1 -792 0 0 
27900 620 -803 -600 -803 14 1 -803 0 0 
27905 617 -810 -600 -810 14 1 -810 0 0 
27910 615 -822 -600 -822 14 1 -822 0 0 
27915 611 -825 -603 -825 14 1 -825 0 0 
27920 607 -833 -600 -833 14 1 -833 0 0 
27925 606 -840 -600 -840 14 1 -840 0 0 
27930 602 -845 -600 -845 14 1 -845 0 0 
27935 600 -848 -600 -848 14 1 -848 0 0 
27940 595 -852 -603 -852 14 1 -852 0 0 
27945 593 -852 -600 -852 14 1 -852 0 0 
27950 589 -855 -600 -855 14 1 -855 0 0 
27955 588 -855 -600 -855 14 1 -855 0 0 
27960 584 -855 -600 -855 14 1 -855 0 0 
27965 580 -855 -600 -855 14 1 -855 0 0 
27970 577 -855 -600 -855 14 1 -855 0 0 
27975 575 -852 -603 -852 14 1 -852 0 0 
27980 571 -852 -603 -852 14 1 -852 0 0 
27985 569 -848 -600 -848 14 1 -848 0 0 
27990 566 -845 -600 -845 14 1 -845 0 0 
27995 562 -840 -600 -840 14 1 -840 0 0 
28000 560 -837 -600 -837 14 1 -837 0 0 
28005 557 -830 -603 -830 14 1 -830 0 0 
28010 555 -822 -600 -822 14 1 -822 0 0 
28015 551 -822 -603 -822 14 1 -822 0 0 
28020 548 -818 -603 -818 14 1 -818 0 0 
28025 546 -815 -600 -815 14 1 -815 0 0 
28030 542 -815 -603 -815 14 1 -815 0 0 
28035 540 -815 -600 -815 14 1 -815 0 0 
28040 535 -810 -600 -810 14 1 -810 0 0 
28045 533 -803 -603 -803 14 1 -803 0 0 
28050 530 -795 -603 -795 14 1 -795 0 0 
28055 526 -792 -600 -792 14 1 -792 0 0 
28060 524 -780 -600 -780 14 1 -780 0 0 
28065 520 -777 -600 -777 14 1 -777 0 0 
28070 519 -770 -603 -770 14 1 -770 0 0 
28075 515 -765 -600 -765 14 1 -765 0 0 
28080 511 -770 -600 -770 14 1 -770 0 0 
28085 510 -770 -600 -770 14 1 -770 0 0 
28090 506 -777 -600 -777 14 1 -777 0 0 
28095 504 -780 -600 -780 14 1 -780 0 0 
28100 500 -785 -600 -785 14 1 -785 0 0 
28105 497 -785 -600 -785 14 1 -785 0 0 
28110 493 -788 -600 -788 14 1 -788 0 0 
28115 491 -785 -600 -785 14 1 -785 0 0 
28120 488 -780 -600 -780 14 1 -780 0 0 
28125 484 -780 -600 -780 14 1 -780 0 0 
28130 482 -777 -600 -777 14 1 -777 0 0 
28135 479 -773 -603 -773 14 1 -773 0 0 
28140 475 -770 -600 -770 14 1 -770 0 0 
28145 473 -770 -603 -770 14 1 -770 0 0 
28150 470 -773 -600 -773 14 1 -773 0 0 
28155 466 -777 -600 -777 14 1 -777 0 0 
28160 462 -785 -600 -785 14 1 -785 0 0 
28165 461 -792 -600 -792 14 1 -792 0 0 
28170 457 -800 -600 -800 14 1 -800 0 0 
28175 453 -807 -600 -807 14 1 -807 0 0 
28180 450 -815 -603 -815 14 1 -815 0 0 
28185 448 -818 -600 -818 14 1 -818 0 0 
28190 444 -822 -600 -822 14 1 -822 0 0 
28195 441 -825 -600 -825 14 1 -825 0 0 
28200 438 -830 -600 -830 14 1 -830 0 0 
28205 434 -833 -600 -833 14 1 -833 0 0 
28210 431 -840 -600 -840 14 1 -840 0 0 
28215 429 -845 -603 -845 14 1 -845 0 0 
28220 425 -848 -603 -848 14 1 -848 0 0 
28225 423 -852 -600 -852 14 1 -852 0 0 
28230 420 -848 -600 -848 14 1 -848 0 0 
28235 416 -848 -600 -848 14 1 -848 0 0 
28240 414 -845 -600 -845 14 1 -845 0 0 
28245 411 -840 -603 -840 14 1 -840 0 0 
28250 409 -840 -600 -840 14 1 -840 0 0 
28255 405 -840 -600 -840 14 1 -840 0 0 
28260 402 -845 -600 -845 14 1 -845 0 0 
28265 400 -852 -600 -852 14 1 -852 0 0 
28270 396 -855 -600 -855 14 1 -855 0 0 
28275 392 -860 -600 -860 14 1 -860 0 0 
28280 391 -867 -600 -867 14 1 -867 0 0 
28285 387 -867 -603 -867 14 1 -867 0 0 
28290 383 -867 -600 -867 14 1 -867 0 0 
28295 382 -863 -600 -863 14 1 -863 0 0 
28300 378 -860 -600 -860 14 1 -860 0 0 
28305 374 -860 -600 -860 14 1 -860 0 0 
28310 373 -855 -600 -855 14 1 -855 0 0 
28315 369 -855 -600 -855 14 1 -855 0 0 
28320 365 -855 -600 -855 14 1 -855 0 0 
28325 363 -848 -600 -848 14 1 -848 0 0 
28330 362 -840 -600 -840 14 1 -840 0 0 
28335 358 -833 -600 -833 14 1 -833 0 0 
28340 354 -822 -600 -822 14 1 -822 0 0 
28345 351 -815 -600 -815 14 1 -815 0 0 
28350 349 -803 -603 -803 14 1 -803 0 0 
28355 345 -800 -600 -800 14 1 -800 0 0 
28360 342 -792 -600 -792 14 1 -792 0 0 
28365 340 -792 -603 -792 14 1 -792 0 0 
28370 336 -788 -603 -788 14 1 -788 0 0 
28375 333 -792 -603 -792 14 1 -792 0 0 
28380 331 -788 -600 -788 14 1 -788 0 0 
28385 327 -788 -600 -788 14 1 -788 0 0 
28390 325 -785 -603 -785 14 1 -785 0 0 
28395 322 -780 -600 -780 14 1 -780 0 0 
28400 318 -773 -600 -773 14 1 -773 0 0 
28405 316 -765 -600 -765 14 1 -765 0 0 
28410 313 -758 -600 -758 14 1 -758 0 0 
28415 311 -750 -600 -750 14 1 -750 0 0 
28420 307 -743 -600 -743 14 1 -743 0 0 
28425 304 -732 -600 -732 14 1 -732 0 0 
28430 300 -725 -603 -725 14 1 -725 0 0 
28435 298 -717 -600 -717 14 1 -717 0 0 
28440 295 -710 -600 -710 14 1 -710 0 0 
28445 291 -702 -603 -702 14 1 -702 0 0 
28450 287 -702 -600 -702 14 1 -702 0 0 
28455 285 -702 -600 -702 14 1 -702 0 0 
28460 282 -695 -603 -695 14 1 -695 0 0 
28465 278 -690 -603 -690 14 1 -690 0 0 
28470 276 -687 -600 -687 14 1 -687 0 0 
28475 275 -683 -600 -683 14 1 -683 0 0 
28480 271 -672 -600 -672 14 1 -672 0 0 
28485 266 -665 -600 -665 14 1 -665 0 0 
28490 264 -657 -603 -657 14 1 -657 0 0 
28495 262 -645 -600 -645 14 1 -645 0 0 
28500 258 -638 -600 -638 14 1 -638 0 0 
28505 255 -627 -600 -627 14 1 -627 0 0 
28510 253 -620 -600 -620 14 1 -620 0 0 
28515 249 -612 -600 -612 14 1 -612 0 0 
28520 246 -605 -600 -605 14 1 -605 0 0 
28525 244 -600 -600 -600 14 1 -600 0 0 
28530 242 -593 -600 -593 14 1 -593 0 0 
28535 238 -590 -600 -590 14 1 -590 0 0 
28540 235 -582 -600 -582 14 1 -582 0 0 
28545 231 -578 -600 -578 14 1 -578 0 0 
28550 226 -570 -603 -570 14 1 -570 0 0 
28555 225 -563 -600 -563 14 1 -563 0 0 
28560 221 -555 -600 -555 14 1 -555 0 0 
28565 219 -552 -590 -552 14 1 -552 0 0 
28570 216 -545 -585 -545 14 1 -545 0 0 
28575 212 -545 -575 -545 14 1 -545 0 0 
28580 210 -537 -563 -537 14 1 -537 0 0 
28585 206 -533 -555 -533 14 1 -533 0 0 
28590 205 -530 -548 -530 14 1 -530 0 0 
28595 203 -525 -545 -525 14 1 -525 0 0 
28600 199 -522 -533 -522 14 1 -522 0 0 
28605 197 -518 -520 -518 14 1 -518 0 0 
28610 194 -515 -513 -515 14 1 -515 0 0 
28615 192 -507 -503 -507 14 1 -507 0 0 
28620 188 -500 -493 -500 14 1 -500 0 0 
28625 187 -495 -485 -495 14 1 -495 0 0 
28630 185 -488 -480 -488 14 1 -488 0 0 
28635 183 -480 -470 -480 14 1 -480 0 0 
28640 179 -473 -460 -473 14 1 -473 0 0 
28645 177 -465 -445 -465 14 1 -465 0 0 
28650 176 -458 -443 -458 14 1 -458 0 0 
28655 172 -450 -435 -450 14 1 -450 0 0 
28660 170 -443 -418 -443 14 1 -443 0 0 
28665 168 -435 -415 -435 14 1 -435 0 0 
28670 167 -428 -405 -428 14 1 -428 0 0 
28675 165 -425 -393 -425 14 1 -425 0 0 
28680 161 -413 -385 -413 14 1 -413 0 0 
28685 159 -405 -375 -405 14 1 -405 0 0 
28690 159 -395 -365 -395 14 1 -395 0 0 
28695 156 -390 -358 -390 14 1 -390 0 0 
28700 156 -380 -350 -380 14 1 -380 0 0 
28705 154 -368 -340 -368 14 1 -368 0 0 
28710 152 -365 -338 -365 14 1 -365 0 0 
28715 150 -353 -318 -353 14 1 -353 0 0 
28720 148 -350 -315 -350 14 1 -350 0 0 
28725 147 -338 -303 -338 14 1 -338 0 0 
28730 145 -327 -303 -327 14 1 -327 0 0 
28735 145 -320 -290 -320 14 1 -320 0 0 
28740 143 -312 -285 -312 14 1 -312 0 0 
28745 141 -305 -275 -305 14 1 -305 0 0 
28750 139 -300 -263 -300 14 1 -300 0 0 
28755 139 -293 -258 -293 14 1 -293 0 0 
28760 138 -290 -240 -290 14 1 -290 0 0 
28765 136 -282 -238 -282 14 1 -282 0 0 
28770 134 -278 -228 -278 14 1 -278 0 0 
28775 134 -270 -220 -270 14 1 -270 0 0 
28780 132 -267 -205 -267 14 1 -267 0 0 
28785 132 -260 -188 -260 14 1 -260 0 0 
28790 130 -255 -185 -255 14 1 -255 0 0 
28795 130 -252 -175 -252 14 1 -252 0 0 
28800 129 -248 -170 -248 14 1 -248 0 0 
28805 129 -245 -165 -245 14 1 -245 0 0 
28810 129 -240 -155 -240 14 1 -240 0 0 
28815 127 -240 -155 -240 14 1 -240 0 0 
28820 127 -237 -148 -237 14 1 -237 0 0 
28825 125 -233 -143 -233 14 1 -233 0 0 
28830 123 -233 -133 -233 14 1 -233 0 0 
28835 125 -230 -123 -230 14 1 -230 0 0 
28840 123 -225 -118 -225 14 1 -225 0 0 
28845 123 -218 -110 -218 14 1 -218 0 0 
28850 123 -215 -110 -215 14 1 -215 0 0 
28855 121 -207 -105 -207 14 1 -207 0 0 
28860 121 -203 -93 -203 14 1 -203 0 0 
28865 121 -200 -93 -200 14 1 -200 0 0 
28870 119 -195 -93 -195 14 1 -195 0 0 
28875 119 -192 -90 -192 14 1 -192 0 0 
28880 119 -188 -83 -188 14 1 -188 0 0 
28885 119 -180 -75 -180 14 1 -180 0 0 
28890 119 -173 -75 -173 14 1 -173 0 0 
28895 118 -165 -75 -165 14 1 -165 0 0 
28900 119 -158 -70 -158 14 1 -158 0 0 
28905 118 -147 -70 -147 14 1 -147 0 0 
28910 118 -143 -58 -143 14 1 -143 0 0 
28915 118 -140 -58 -140 14 1 -140 0 0 
28920 116 -140 -53 -140 14 1 -140 0 0 
28925 118 -135 -55 -135 14 1 -135 0 0 
28930 118 -140 -53 -140 14 1 -140 0 0 
28935 116 -135 -58 -135 14 1 -135 0 0 
28940 116 -135 -53 -135 14 1 -135 0 0 
28945 116 -128 -50 -128 14 1 -128 0 0 
28950 116 -120 -53 -120 14 1 -120 0 0 
28955 116 -113 -53 -113 14 1 -113 0 0 
28960 114 -102 -48 -102 14 1 -102 0 0 
28965 116 -87 -48 -87 14 1 -87 0 0 
28970 114 -80 -48 -80 14 1 -80 0 0 
28975 114 -68 -43 -68 14 1 -68 0 0 
28980 114 -60 -48 -60 14 1 -60 0 0 
28985 114 -53 -43 -53 14 1 -53 0 0 
28990 114 -42 -43 -42 14 1 -42 0 0 
28995 114 -38 -40 -38 14 1 -38 0 0 
29000 114 -27 -38 -27 14 1 -27 0 0 
29005 114 -20 -30 -20 14 1 -20 0 0 
29010 114 -12 -23 -12 14 1 -12 0 0 
29015 114 -0 -13 -0 14 1 -0 0 0 
29020 114 15 -3 15 14 1 15 0 0 
29025 114 27 -0 27 14 1 27 0 0 
29030 114 35 13 35 14 1 35 0 0 
29035 114 45 28 45 14 1 45 0 0 
29040 114 53 43 53 14 1 53 0 0 
29045 114 60 65 60 14 1 60 0 0 
29050 114 68 83 68 14 1 68 0 0 
29055 114 75 103 75 14 1 75 0 0 
29060 116 80 128 80 14 1 80 0 0 
29065 116 87 155 87 14 1 87 0 0 
29070 118 95 180 95 14 1 95 0 0 
29075 118 98 205 98 14 1 98 0 0 
29080 119 105 233 105 14 1 105 0 0 
29085 119 110 265 110 14 1 110 0 0 
29090 121 113 300 113 14 1 113 0 0 
29095 123 117 328 117 14 1 117 0 0 
29100 123 117 363 117 14 1 117 0 0 
29105 127 120 398 120 14 1 120 0 0 
29110 129 125 433 125 15 1 125 0 0 
29115 130 125 470 125 15 1 125 0 0 
29120 132 125 508 125 15 1 125 0 0 
29125 136 125 550 125 15 1 125 0 0 
29130 138 125 585 125 15 1 125 0 0 
29135 141 125 598 125 15 1 125 0 0 
29140 143 128 600 128 15 1 128 0 0 
29145 148 128 598 128 15 1 128 0 0 
29150 150 132 598 132 15 1 132 0 0 
29155 154 140 600 140 15 1 140 0 0 
29160 156 150 598 150 15 1 150 0 0 
29165 161 177 600 177 15 1 177 0 0 
29170 163 200 600 200 15 1 200 0 0 
29175 165 225 600 225 15 1 225 0 0 
29180 168 245 598 245 15 1 245 0 0 
29185 172 263 600 263 15 1 263 0 0 
29190 174 275 598 275 15 1 275 0 0 
29195 177 282 600 282 15 1 282 0 0 
29200 181 285 600 285 15 1 285 0 0 
29205 185 290 598 290 15 1 290 0 0 
29210 187 290 600 290 15 1 290 0 0 
29215 190 290 600 290 15 1 290 0 0 
29220 192 297 600 297 15 1 297 0 0 
29225 197 305 600 305 15 1 305 0 0 
29230 199 312 600 312 15 1 312 0 0 
29235 203 315 600 315 15 1 315 0 0 
29240 205 323 600 323 15 1 323 0 0 
29245 208 330 600 330 15 1 330 0 0 
29250 210 335 600 335 15 1 335 0 0 
29255 214 338 600 338 15 1 338 0 0 
29260 217 342 598 342 15 1 342 0 0 
29265 219 342 600 342 15 1 342 0 0 
29270 223 345 600 345 15 1 345 0 0 
29275 225 345 600 345 15 1 345 0 0 
29280 229 345 600 345 15 1 345 0 0 
29285 233 350 598 350 15 1 350 0 0 
29290 237 350 600 350 15 1 350 0 0 
29295 238 350 598 350 15 1 350 0 0 
29300 242 350 600 350 15 1 350 0 0 
29305 246 350 600 350 15 1 350 0 0 
29310 247 350 600 350 15 1 350 0 0 
29315 251 350 600 350 15 1 350 0 0 
29320 255 350 600 350 15 1 350 0 0 
29325 258 353 600 353 15 1 353 0 0 
29330 260 357 600 357 15 1 357 0 0 
29335 264 360 600 360 15 1 360 0 0 
29340 267 365 600 365 15 1 365 0 0 
29345 269 368 598 368 15 1 368 0 0 
29350 273 375 598 375 15 1 375 0 0 
29355 276 380 600 380 15 1 380 0 0 
29360 278 387 598 387 15 1 387 0 0 
29365 282 395 600 395 15 1 395 0 0 
29370 284 398 600 398 15 1 398 0 0 
29375 289 402 598 402 15 1 402 0 0 
29380 291 410 600 410 15 1 410 0 0 
29385 295 420 598 420 15 1 420 0 0 
29390 298 428 600 428 15 1 428 0 0 
29395 300 440 600 440 15 1 440 0 0 
29400 304 447 600 447 15 1 447 0 0 
29405 307 455 598 455 15 1 455 0 0 
29410 309 462 598 462 15 1 462 0 0 
29415 313 473 600 473 15 1 473 0 0 
29420 316 480 598 480 15 1 480 0 0 
29425 318 488 600 488 15 1 488 0 0 
29430 322 495 598 495 15 1 495 0 0 
29435 325 503 600 503 15 1 503 0 0 
29440 327 507 600 507 15 1 507 0 0 
29445 331 515 600 515 15 1 515 0 0 
29450 334 518 600 518 15 1 518 0 0 
29455 336 522 600 522 15 1 522 0 0 
29460 340 525 600 525 15 1 525 0 0 
29465 344 530 598 530 15 1 530 0 0 
29470 347 533 598 533 15 1 533 0 0 
29475 349 537 600 537 15 1 537 0 0 
29480 353 537 600 537 15 1 537 0 0 
29485 354 540 598 540 15 1 540 0 0 
29490 358 545 600 545 15 1 545 0 0 
29495 362 545 600 545 15 1 545 0 0 
29500 363 548 598 548 15 1 548 0 0 
29505 367 548 600 548 15 1 548 0 0 
29510 371 548 600 548 15 1 548 0 0 
29515 374 548 600 548 15 1 548 0 0 
29520 376 552 598 552 15 1 552 0 0 
29525 380 555 600 555 15 1 555 0 0 
29530 383 560 600 560 15 1 560 0 0 
29535 385 563 598 563 15 1 563 0 0 
29540 387 563 600 563 15 1 563 0 0 
29545 392 567 600 567 15 1 567 0 0 
29550 394 570 600 570 15 1 570 0 0 
29555 398 575 600 575 15 1 575 0 0 
29560 400 578 600 578 15 1 578 0 0 
29565 403 582 600 582 15 1 582 0 0 
29570 407 585 598 585 15 1 585 0 0 
29575 409 590 598 590 15 1 590 0 0 
29580 412 593 600 593 15 1 593 0 0 
29585 416 597 600 597 15 1 597 0 0 
29590 418 600 600 600 15 1 600 0 0 
29595 422 605 600 605 15 1 605 0 0 
29600 423 608 598 608 15 1 608 0 0 
29605 427 612 600 612 15 1 612 0 0 
29610 431 615 598 615 15 1 615 0 0 
29615 432 620 598 620 15 1 620 0 0 
29620 436 620 600 620 15 1 620 0 0 
29625 440 623 600 623 15 1 623 0 0 
29630 444 623 600 623 15 1 623 0 0 
29635 446 623 600 623 15 1 623 0 0 
29640 450 627 598 627 15 1 627 0 0 
29645 452 627 600 627 15 1 627 0 0 
29650 455 627 598 627 15 1 627 0 0 
29655 457 627 598 627 15 1 627 0 0 
29660 461 627 598 627 15 1 627 0 0 
29665 464 627 600 627 15 1 627 0 0 
29670 468 630 598 630 15 1 630 0 0 
29675 470 630 598 630 15 1 630 0 0 
29680 473 630 600 630 15 1 630 0 0 
29685 477 630 600 630 15 1 630 0 0 
29690 481 630 600 630 15 1 630 0 0 
29695 482 630 600 630 15 1 630 0 0 
29700 486 635 598 635 15 1 635 0 0 
29705 490 635 600 635 15 1 635 0 0 
29710 493 635 600 635 15 1 635 0 0 
29715 495 630 600 630 15 1 630 0 0 
29720 499 630 600 630 15 1 630 0 0 
29725 502 630 600 630 15 1 630 0 0 
29730 504 630 600 630 15 1 630 0 0 
29735 508 630 600 630 15 1 630 0 0 
29740 511 630 600 630 15 1 630 0 0 
29745 513 630 598 630 15 1 630 0 0 
29750 517 630 600 630 15 1 630 0 0 
29755 519 635 600 635 15 1 635 0 0 
29760 522 630 600 630 15 1 630 0 0 
29765 526 630 598 630 15 1 630 0 0 
29770 528 630 600 630 15 1 630 0 0 
29775 531 627 600 627 15 1 627 0 0 
29780 535 627 600 627 15 1 627 0 0 
29785 539 627 600 627 15 1 627 0 0 
29790 540 627 600 627 15 1 627 0 0 
29795 544 627 600 627 15 1 627 0 0 
29800 548 623 600 623 15 1 623 0 0 
29805 551 623 598 623 15 1 623 0 0 
29810 553 623 598 623 15 1 623 0 0 
29815 557 623 598 623 15 1 623 0 0 
29820 559 620 600 620 15 1 620 0 0 
29825 562 620 600 620 15 1 620 0 0 
29830 566 620 600 620 15 1 620 0 0 
29835 568 620 600 620 15 1 620 0 0 
29840 569 615 600 615 15 1 615 0 0 
29845 575 615 600 615 15 1 615 0 0 
29850 577 615 600 615 15 1 615 0 0 
29855 580 615 600 615 15 1 615 0 0 
29860 582 615 600 615 15 1 615 0 0 
29865 586 612 600 612 15 1 612 0 0 
29870 588 612 598 612 15 1 612 0 0 
29875 591 612 600 612 15 1 612 0 0 
29880 595 612 600 612 15 1 612 0 0 
29885 598 612 598 612 15 1 612 0 0 
29890 600 615 598 615 15 1 615 0 0 
29895 604 612 600 612 15 1 612 0 0 
29900 606 612 600 612 15 1 612 0 0 
29905 609 612 598 612 15 1 612 0 0 
29910 613 612 600 612 15 1 612 0 0 
29915 615 608 600 608 15 1 608 0 0 
29920 618 605 600 605 15 1 605 0 0 
29925 622 605 600 605 15 1 605 0 0 
29930 624 600 600 600 15 1 600 0 0 
29935 627 600 598 600 15 1 600 0 0 
29940 631 600 600 600 15 1 600 0 0 
29945 635 600 598 600 15 1 600 0 0 
29950 637 600 600 600 15 1 600 0 0 
29955 640 600 600 600 15 1 600 0 0 
29960 642 600 600 600 15 1 600 0 0 
29965 646 600 598 600 15 1 600 0 0 
29970 649 600 598 600 15 1 600 0 0 
29975 651 597 600 597 15 1 597 0 0 
29980 656 597 600 597 15 1 597 0 0 
29985 659 593 598 593 15 1 593 0 0 
29990 661 590 600 590 15 1 590 0 0 
29995 665 590 598 590 15 1 590 0 0 
30000 668 590 600 590 15 1 590 0 0 
30005 672 585 600 585 15 1 585 0 0 
30010 674 582 600 582 15 1 582 0 0 
30015 677 582 600 582 15 1 582 0 0 
30020 679 582 600 582 15 1 582 0 0 
30025 683 582 600 582 15 1 582 0 0 
30030 686 582 600 582 15 1 582 0 0 
30035 688 582 600 582 15 1 582 0 0 
30040 692 582 600 582 15 1 582 0 0 
30045 696 578 600 578 15 1 578 0 0 
30050 697 578 600 578 15 1 578 0 0 
30055 701 575 600 575 15 1 575 0 0 
30060 705 570 600 570 15 1 570 0 0 
30065 708 570 600 570 15 1 570 0 0 
30070 710 570 600 570 15 1 570 0 0 
30075 712 570 600 570 15 1 570 0 0 
30080 715 570 600 570 15 1 570 0 0 
30085 719 570 600 570 15 1 570 0 0 
30090 723 575 598 575 15 1 575 0 0 
30095 725 575 598 575 15 1 575 0 0 
30100 728 575 600 575 15 1 575 0 0 
30105 732 575 600 575 15 1 575 0 0 
30110 734 570 600 570 15 1 570 0 0 
30115 737 570 600 570 15 1 570 0 0 
30120 739 570 598 570 15 1 570 0 0 
30125 743 570 600 570 15 1 570 0 0 
30130 746 570 600 570 15 1 570 0 0 
30135 750 570 598 570 15 1 570 0 0 
30140 752 570 600 570 15 1 570 0 0 
30145 755 570 600 570 15 1 570 0 0 
30150 759 567 600 567 15 1 567 0 0 
30155 761 567 600 567 15 1 567 0 0 
30160 763 567 598 567 15 1 567 0 0 
30165 766 567 598 567 15 1 567 0 0 
30170 770 567 598 567 15 1 567 0 0 
30175 774 567 600 567 15 1 567 0 0 
30180 775 567 600 567 15 1 567 0 0 
30185 779 567 600 567 15 1 567 0 0 
30190 783 563 585 563 15 1 563 0 0 
30195 784 563 580 563 15 1 563 0 0 
30200 788 563 573 563 15 1 563 0 0 
30205 792 563 563 563 15 1 563 0 0 
30210 793 560 550 560 15 1 560 0 0 
30215 795 563 548 563 15 1 563 0 0 
30220 799 563 535 563 15 1 563 0 0 
30225 803 570 523 570 15 1 570 0 0 
30230 804 575 515 575 15 1 575 0 0 
30235 806 578 510 578 15 1 578 0 0 
30240 810 578 503 578 15 1 578 0 0 
30245 812 578 485 578 15 1 578 0 0 
30250 813 575 483 575 15 1 575 0 0 
30255 817 575 470 575 15 1 575 0 0 
30260 819 570 468 570 15 1 570 0 0 
30265 821 570 455 570 15 1 570 0 0 
30270 824 570 445 570 15 1 570 0 0 
30275 826 575 435 575 15 1 575 0 0 
30280 828 575 423 575 15 1 575 0 0 
30285 830 575 415 575 15 1 575 0 0 
30290 833 575 405 575 15 1 575 0 0 
30295 833 570 395 570 15 1 570 0 0 
30300 835 570 393 570 15 1 570 0 0 
30305 839 567 380 567 15 1 567 0 0 
30310 841 567 368 567 15 1 567 0 0 
30315 842 563 358 563 15 1 563 0 0 
30320 844 563 355 563 15 1 563 0 0 
30325 846 563 350 563 15 1 563 0 0 
30330 848 563 330 563 15 1 563 0 0 
30335 850 560 325 560 15 1 560 0 0 
30340 852 555 313 555 15 1 555 0 0 
30345 853 552 300 552 15 1 552 0 0 
30350 855 548 300 548 15 1 548 0 0 
30355 857 545 288 545 15 1 545 0 0 
30360 857 545 273 545 15 1 545 0 0 
30365 859 545 260 545 15 1 545 0 0 
30370 861 545 248 545 15 1 545 0 0 
30375 861 545 248 545 15 1 545 0 0 
30380 862 545 240 545 15 1 545 0 0 
30385 864 540 238 540 15 1 540 0 0 
30390 864 540 223 540 15 1 540 0 0 
30395 866 533 208 533 15 1 533 0 0 
30400 868 525 205 525 15 1 525 0 0 
30405 868 518 198 518 15 1 518 0 0 
30410 868 510 180 510 15 1 510 0 0 
30415 871 500 170 500 15 1 500 0 0 
30420 872 492 158 492 15 1 492 0 0 
30425 872 485 145 485 15 1 485 0 0 
30430 874 477 143 477 15 1 477 0 0 
30435 874 477 133 477 15 1 477 0 0 
30440 876 477 133 477 15 1 477 0 0 
30445 876 477 123 477 15 1 477 0 0 
30450 876 480 120 480 15 1 480 0 0 
30455 876 477 118 477 15 1 477 0 0 
30460 878 473 118 473 15 1 473 0 0 
30465 878 470 110 470 15 1 470 0 0 
30470 878 458 103 458 15 1 458 0 0 
30475 878 455 103 455 15 1 455 0 0 
30480 880 450 95 450 15 1 450 0 0 
30485 880 447 83 447 15 1 447 0 0 
30490 880 447 80 447 15 1 447 0 0 
30495 880 443 80 443 15 1 443 0 0 
30500 882 440 78 440 15 1 440 0 0 
30505 882 435 70 435 15 1 435 0 0 
30510 882 428 63 428 15 1 428 0 0 
30515 882 420 55 420 15 1 420 0 0 
30520 882 410 55 410 15 1 410 0 0 
30525 883 398 55 398 15 1 398 0 0 
30530 883 387 53 387 15 1 387 0 0 
30535 883 375 50 375 15 1 375 0 0 
30540 883 365 53 365 15 1 365 0 0 
30545 883 353 53 353 15 1 353 0 0 
30550 883 342 53 342 15 1 342 0 0 
30555 885 327 53 327 15 1 327 0 0 
30560 885 315 48 315 15 1 315 0 0 
30565 885 305 43 305 15 1 305 0 0 
30570 885 290 43 290 15 1 290 0 0 
30575 883 278 43 278 15 1 278 0 0 
30580 883 270 43 270 15 1 270 0 0 
30585 885 263 43 263 15 1 263 0 0 
30590 885 252 43 252 15 1 252 0 0 
30595 885 245 43 245 15 1 245 0 0 
30600 885 237 38 237 15 1 237 0 0 
30605 887 225 40 225 15 1 225 0 0 
30610 887 210 35 210 15 1 210 0 0 
30615 887 195 38 195 15 1 195 0 0 
30620 887 180 35 180 15 1 180 0 0 
30625 887 170 30 170 15 1 170 0 0 
30630 887 150 30 150 15 1 150 0 0 
30635 887 135 35 135 15 1 135 0 0 
30640 887 120 30 120 15 1 120 0 0 
30645 887 105 35 105 15 1 105 0 0 
30650 887 87 35 87 15 1 87 0 0 
30655 887 75 30 75 15 1 75 0 0 
30660 887 65 35 65 15 1 65 0 0 
30665 887 53 30 53 15 1 53 0 0 
30670 889 38 30 38 15 1 38 0 0 
30675 887 30 30 30 15 1 30 0 0 
30680 889 20 28 20 15 1 20 0 0 
30685 889 12 28 12 15 1 12 0 0 
30690 889 -0 25 -0 15 1 -0 0 0 
30695 889 -5 18 -5 15 1 -5 0 0 
30700 889 -12 18 -12 15 1 -12 0 0 
30705 889 -15 13 -15 15 1 -15 0 0 
30710 889 -23 3 -23 15 1 -23 0 0 
30715 889 -30 -0 -30 15 1 -30 0 0 
30720 889 -35 -3 -35 15 1 -35 0 0 
30725 889 -42 -13 -42 15 1 -42 0 0 
30730 889 -45 -23 -45 15 1 -45 0 0 
30735 889 -50 -30 -50 15 1 -50 0 0 
30740 889 -57 -43 -57 15 1 -57 0 0 
30745 889 -57 -55 -57 15 1 -57 0 0 
30750 889 -60 -68 -60 15 1 -60 0 0 
30755 887 -65 -78 -65 15 1 -65 0 0 
30760 887 -65 -90 -65 15 1 -65 0 0 
30765 887 -68 -108 -68 15 1 -68 0 0 
30770 887 -68 -123 -68 15 1 -68 0 0 
30775 885 -72 -143 -72 15 1 -72 0 0 
30780 883 -75 -158 -75 15 1 -75 0 0 
30785 883 -75 -175 -75 15 1 -75 0 0 
30790 883 -80 -200 -80 15 1 -80 0 0 
30795 882 -83 -223 -83 15 1 -83 0 0 
30800 882 -87 -240 -87 15 1 -87 0 0 
30805 880 -87 -263 -87 15 1 -87 0 0 
30810 878 -90 -293 -90 15 1 -90 0 0 
30815 876 -95 -315 -95 15 1 -95 0 0 
30820 874 -95 -343 -95 15 1 -95 0 0 
30825 874 -98 -368 -98 16 1 -98 0 0 
30830 872 -102 -403 -102 16 1 -102 0 0 
30835 868 -102 -430 -102 16 1 -102 0 0 
30840 866 -105 -458 -105 16 1 -105 0 0 
30845 864 -105 -485 -105 16 1 -105 0 0 
30850 862 -105 -520 -105 16 1 -105 0 0 
30855 859 -105 -548 -105 16 1 -105 0 0 
30860 857 -102 -578 -102 16 1 -102 0 0 
30865 853 -98 -598 -98 16 1 -98 0 0 
30870 850 -98 -603 -98 16 1 -98 0 0 
30875 848 -95 -603 -95 16 1 -95 0 0 
30880 844 -90 -600 -90 16 1 -90 0 0 
30885 841 -95 -600 -95 16 1 -95 0 0 
30890 839 -102 -603 -102 16 1 -102 0 0 
30895 835 -110 -600 -110 16 1 -110 0 0 
30900 832 -120 -600 -120 16 1 -120 0 0 
30905 830 -135 -600 -135 16 1 -135 0 0 
30910 824 -147 -603 -147 16 1 -147 0 0 
30915 822 -158 -600 -158 16 1 -158 0 0 
30920 821 -162 -600 -162 16 1 -162 0 0 
30925 817 -162 -600 -162 16 1 -162 0 0 
30930 813 -158 -600 -158 16 1 -158 0 0 
30935 810 -158 -603 -158 16 1 -158 0 0 
30940 808 -158 -603 -158 16 1 -158 0 0 
30945 804 -158 -603 -158 16 1 -158 0 0 
30950 801 -165 -600 -165 16 1 -165 0 0 
30955 797 -170 -600 -170 16 1 -170 0 0 
30960 795 -177 -600 -177 16 1 -177 0 0 
30965 793 -180 -603 -180 16 1 -180 0 0 
30970 790 -180 -600 -180 16 1 -180 0 0 
30975 786 -180 -600 -180 16 1 -180 0 0 
30980 784 -180 -600 -180 16 1 -180 0 0 
30985 781 -177 -603 -177 16 1 -177 0 0 
30990 777 -173 -600 -173 16 1 -173 0 0 
30995 775 -165 -600 -165 16 1 -165 0 0 
31000 772 -162 -600 -162 16 1 -162 0 0 
31005 770 -155 -600 -155 16 1 -155 0 0 
31010 766 -150 -603 -150 16 1 -150 0 0 
31015 763 -147 -603 -147 16 1 -147 0 0 
31020 761 -140 -603 -140 16 1 -140 0 0 
31025 757 -135 -600 -135 16 1 -135 0 0 
31030 754 -128 -600 -128 16 1 -128 0 0 
31035 752 -117 -600 -117 16 1 -117 0 0 
31040 748 -110 -603 -110 16 1 -110 0 0 
31045 745 -98 -603 -98 16 1 -98 0 0 
31050 743 -87 -600 -87 16 1 -87 0 0 
31055 739 -80 -603 -80 16 1 -80 0 0 
31060 735 -75 -600 -75 16 1 -75 0 0 
31065 734 -68 -600 -68 16 1 -68 0 0 
31070 730 -60 -600 -60 16 1 -60 0 0 
31075 726 -53 -603 -53 16 1 -53 0 0 
31080 725 -45 -600 -45 16 1 -45 0 0 
31085 723 -38 -598 -38 16 1 -38 0 0 
31090 717 -30 -593 -30 16 1 -30 0 0 
31095 715 -23 -590 -23 16 1 -23 0 0 
31100 712 -15 -588 -15 16 1 -15 0 0 
31105 710 -8 -585 -8 16 1 -8 0 0 
31110 706 -0 -578 -0 16 1 -0 0 0 
31115 703 5 -573 5 16 1 5 0 0 
31120 701 12 -565 12 16 1 12 0 0 
31125 697 15 -560 15 16 1 15 0 0 
31130 696 20 -548 20 16 1 20 0 0 
31135 692 23 -540 23 16 1 23 0 0 
31140 690 30 -533 30 16 1 30 0 0 
31145 686 35 -520 35 16 1 35 0 0 
31150 685 38 -503 38 16 1 38 0 0 
31155 683 42 -493 42 16 1 42 0 0 
31160 679 45 -475 45 16 1 45 0 0 
31165 677 50 -463 50 16 1 50 0 0 
31170 676 50 -445 50 16 1 50 0 0 
31175 672 53 -428 53 16 1 53 0 0 
31180 670 57 -408 57 16 1 57 0 0 
31185 668 60 -393 60 16 1 60 0 0 
31190 667 60 -370 60 16 1 60 0 0 
31195 665 60 -350 60 16 1 60 0 0 
31200 663 65 -330 65 16 1 65 0 0 
31205 661 68 -310 68 16 1 68 0 0 
31210 661 68 -285 68 16 1 68 0 0 
31215 659 72 -263 72 16 1 72 0 0 
31220 657 72 -238 72 16 1 72 0 0 
31225 656 68 -223 68 16 1 68 0 0 
31230 656 68 -195 68 16 1 68 0 0 
31235 653 65 -175 65 16 1 65 0 0 
31240 653 60 -155 60 16 1 60 0 0 
31245 651 60 -133 60 16 1 60 0 0 
31250 649 57 -108 57 16 1 57 0 0 
31255 649 53 -88 53 16 1 53 0 0 
31260 649 50 -65 50 16 1 50 0 0 
31265 649 50 -48 50 16 1 50 0 0 
31270 649 45 -18 45 16 1 45 0 0 
31275 649 45 -0 45 16 1 45 0 0 
31280 649 42 3 42 16 1 42 0 0 
31285 649 42 23 42 16 1 42 0 0 
31290 649 38 48 38 16 1 38 0 0 
31295 649 38 70 38 16 1 38 0 0 
31300 649 38 90 38 16 1 38 0 0 
31305 649 38 110 38 16 1 38 0 0 
31310 651 42 133 42 16 1 42 0 0 
31315 651 38 153 38 16 1 38 0 0 
31320 653 35 158 35 16 1 35 0 0 
31325 653 27 158 27 16 1 27 0 0 
31330 656 20 165 20 16 1 20 0 0 
31335 656 15 170 15 16 1 15 0 0 
31340 656 15 180 15 16 1 15 0 0 
31345 657 20 193 20 16 1 20 0 0 
31350 659 30 205 30 16 1 30 0 0 
31355 659 42 218 42 16 1 42 0 0 
31360 661 50 225 50 16 1 50 0 0 
31365 661 57 233 57 16 1 57 0 0 
31370 663 53 238 53 17 1 53 0 0 
31375 665 50 248 50 17 1 50 0 0 
31380 665 42 258 42 17 1 42 0 0 
31385 667 38 270 38 17 1 38 0 0 
31390 668 38 288 38 17 1 38 0 0 
31395 670 42 303 42 17 1 42 0 0 
31400 670 50 318 50 17 1 50 0 0 
31405 674 57 330 57 17 1 57 0 0 
31410 676 60 350 60 17 1 60 0 0 
31415 676 60 363 60 17 1 60 0 0 
31420 677 60 375 60 17 1 60 0 0 
31425 679 57 385 57 17 1 57 0 0 
31430 681 50 405 50 17 1 50 0 0 
31435 683 45 420 45 17 1 45 0 0 
31440 685 45 435 45 17 1 45 0 0 
31445 688 45 455 45 17 1 45 0 0 
31450 690 50 473 50 17 1 50 0 0 
31455 692 53 488 53 17 1 53 0 0 
31460 696 53 503 53 17 1 53 0 0 
31465 697 53 515 53 17 1 53 0 0 
31470 701 50 535 50 17 1 50 0 0 
31475 703 42 548 42 17 1 42 0 0 
31480 706 35 563 35 17 1 35 0 0 
31485 708 35 578 35 17 1 35 0 0 
31490 712 30 593 30 17 1 30 0 0 
31495 714 30 598 30 17 1 30 0 0 
31500 717 35 600 35 17 1 35 0 0 
31505 721 35 600 35 17 1 35 0 0 
31510 723 35 600 35 17 1 35 0 0 
31515 726 35 600 35 17 1 35 0 0 
31520 728 38 600 38 17 1 38 0 0 
31525 734 42 600 42 17 1 42 0 0 
31530 735 50 600 50 17 1 50 0 0 
31535 739 53 598 53 17 1 53 0 0 
31540 741 60 598 60 17 1 60 0 0 
31545 745 65 598 65 17 1 65 0 0 
31550 748 68 600 68 17 1 68 0 0 
31555 750 65 598 65 17 1 65 0 0 
31560 754 68 598 68 17 1 68 0 0 
31565 757 65 600 65 17 1 65 0 0 
31570 761 65 600 65 17 1 65 0 0 
31575 763 68 600 68 17 1 68 0 0 
31580 766 72 600 72 17 1 72 0 0 
31585 768 72 598 72 17 1 72 0 0 
31590 772 75 600 75 17 1 75 0 0 
31595 775 80 600 80 17 1 80 0 0 
31600 777 75 600 75 17 1 75 0 0 
31605 781 75 600 75 17 1 75 0 0 
31610 784 75 585 75 17 1 75 0 0 
31615 786 72 578 72 17 1 72 0 0 
31620 790 68 565 68 17 1 68 0 0 
31625 792 68 560 68 17 1 68 0 0 
31630 793 68 550 68 17 1 68 0 0 
31635 797 72 545 72 17 1 72 0 0 
31640 801 75 533 75 17 1 75 0 0 
31645 803 80 523 80 17 1 80 0 0 
31650 806 80 515 80 17 1 80 0 0 
31655 808 80 500 80 17 1 80 0 0 
31660 810 80 498 80 17 1 80 0 0 
31665 813 75 488 75 17 1 75 0 0 
31670 815 72 475 72 17 1 72 0 0 
31675 817 68 470 68 17 1 68 0 0 
31680 821 68 455 68 17 1 68 0 0 
31685 822 65 448 65 17 1 65 0 0 
31690 824 65 443 65 17 1 65 0 0 
31695 828 65 433 65 17 1 65 0 0 
31700 830 68 418 68 17 1 68 0 0 
31705 832 68 410 68 17 1 68 0 0 
31710 833 68 405 68 17 1 68 0 0 
31715 837 68 393 68 17 1 68 0 0 
31720 839 65 383 65 17 1 65 0 0 
31725 841 65 375 65 17 1 65 0 0 
31730 842 60 365 60 17 1 60 0 0 
31735 844 60 358 60 17 1 60 0 0 
31740 844 60 350 60 17 1 60 0 0 
31745 846 65 340 65 17 1 65 0 0 
31750 850 65 328 65 17 1 65 0 0 
31755 850 68 318 68 17 1 68 0 0 
31760 852 68 310 68 17 1 68 0 0 
31765 853 68 303 68 17 1 68 0 0 
31770 855 68 288 68 17 1 68 0 0 
31775 857 68 275 68 17 1 68 0 0 
31780 859 65 273 65 17 1 65 0 0 
31785 861 68 260 68 17 1 68 0 0 
31790 861 68 248 68 17 1 68 0 0 
31795 862 68 240 68 17 1 68 0 0 
31800 864 72 240 72 17 1 72 0 0 
31805 864 72 233 72 17 1 72 0 0 
31810 866 72 220 72 17 1 72 0 0 
31815 868 72 208 72 17 1 72 0 0 
31820 868 72 198 72 17 1 72 0 0 
31825 871 68 183 68 17 1 68 0 0 
31830 871 68 168 68 17 1 68 0 0 
31835 872 68 155 68 17 1 68 0 0 
31840 872 72 143 72 17 1 72 0 0 
31845 872 75 145 75 17 1 75 0 0 
31850 872 80 133 80 17 1 80 0 0 
31855 874 80 133 80 17 1 80 0 0 
31860 874 80 123 80 17 1 80 0 0 
31865 876 80 123 80 17 1 80 0 0 
31870 876 80 120 80 17 1 80 0 0 
31875 878 72 118 72 17 1 72 0 0 
31880 878 65 105 65 17 1 65 0 0 
31885 878 60 105 60 17 1 60 0 0 
31890 880 57 103 57 17 1 57 0 0 
31895 878 57 93 57 17 1 57 0 0 
31900 880 57 83 57 17 1 57 0 0 
31905 880 60 80 60 17 1 60 0 0 
31910 880 65 78 65 17 1 65 0 0 
31915 882 65 75 65 17 1 65 0 0 
31920 882 65 58 65 17 1 65 0 0 
31925 883 60 58 60 17 1 60 0 0 
31930 883 57 55 57 17 1 57 0 0 
31935 883 53 53 53 17 1 53 0 0 
31940 883 53 53 53 17 1 53 0 0 
31945 883 53 53 53 17 1 53 0 0 
31950 883 50 53 50 17 1 50 0 0 
31955 883 50 53 50 17 1 50 0 0 
31960 883 50 53 50 17 1 50 0 0 
31965 885 45 48 45 17 1 45 0 0 
31970 885 42 43 42 17 1 42 0 0 
31975 883 38 43 38 17 1 38 0 0 
31980 885 38 43 38 17 1 38 0 0 
31985 885 35 43 35 17 1 35 0 0 
31990 885 35 43 35 17 1 35 0 0 
31995 885 35 43 35 17 1 35 0 0 
32000 885 35 40 35 17 1 35 0 0 
32005 885 35 38 35 17 1 35 0 0 
32010 887 35 35 35 17 1 35 0 0 
32015 887 35 35 35 17 1 35 0 0 
32020 887 30 35 30 17 1 30 0 0 
32025 887 30 35 30 17 1 30 0 0 
32030 887 30 35 30 17 1 30 0 0 
32035 887 30 35 30 17 1 30 0 0 
32040 887 35 30 35 17 1 35 0 0 
32045 887 35 35 35 17 1 35 0 0 
32050 887 35 30 35 17 1 35 0 0 
32055 889 30 30 30 17 1 30 0 0 
32060 889 30 30 30 17 1 30 0 0 
32065 887 27 28 27 17 1 27 0 0 
32070 889 27 28 27 17 1 27 0 0 
32075 889 27 28 27 17 1 27 0 0 
32080 889 30 28 30 17 1 30 0 0 
32085 889 30 25 30 17 1 30 0 0 
32090 889 35 25 35 17 1 35 0 0 
32095 889 38 25 38 17 1 38 0 0 
32100 889 38 28 38 17 1 38 0 0 
32105 889 42 28 42 17 1 42 0 0 
32110 889 42 25 42 17 1 42 0 0 
32115 889 38 18 38 17 1 38 0 0 
32120 889 38 15 38 17 1 38 0 0 
32125 889 42 15 42 17 1 42 0 0 
32130 891 42 15 42 17 1 42 0 0 
32135 889 50 15 50 17 1 50 0 0 
32140 891 53 15 53 17 1 53 0 0 
32145 891 53 15 53 17 1 53 0 0 
32150 891 57 13 57 17 1 57 0 0 
32155 891 57 15 57 17 1 57 0 0 
32160 891 57 13 57 17 1 57 0 0 
32165 891 57 13 57 17 1 57 0 0 
32170 891 57 15 57 17 1 57 0 0 
32175 891 57 13 57 17 1 57 0 0 
32180 891 57 13 57 17 1 57 0 0 
32185 891 60 13 60 17 1 60 0 0 
32190 892 60 15 60 17 1 60 0 0 
32195 892 65 13 65 17 1 65 0 0 
32200 892 68 13 68 17 1 68 0 0 
32205 892 68 10 68 17 1 68 0 0 
32210 892 68 10 68 17 1 68 0 0 
32215 892 68 10 68 17 1 68 0 0 
32220 892 68 10 68 17 1 68 0 0 
32225 892 72 10 72 17 1 72 0 0 
32230 892 72 10 72 17 1 72 0 0 
32235 892 72 10 72 17 1 72 0 0 
32240 892 75 5 75 17 1 75 0 0 
32245 892 75 10 75 17 1 75 0 0 
32250 892 80 10 80 17 1 80 0 0 
32255 892 80 5 80 17 1 80 0 0 
32260 892 80 10 80 17 1 80 0 0 
32265 892 80 10 80 17 1 80 0 0 
32270 892 83 10 83 17 1 83 0 0 
32275 892 87 5 87 17 1 87 0 0 
32280 892 87 5 87 17 1 87 0 0 
32285 892 87 10 87 17 1 87 0 0 
32290 892 90 10 90 17 1 90 0 0 
32295 892 95 10 95 17 1 95 0 0 
32300 892 95 10 95 17 1 95 0 0 
32305 892 95 10 95 17 1 95 0 0 
32310 892 98 10 98 17 1 98 0 0 
32315 894 98 5 98 17 1 98 0 0 
32320 894 98 5 98 17 1 98 0 0 
32325 892 102 5 102 17 1 102 0 0 
32330 892 102 3 102 17 1 102 0 0 
32335 892 105 5 105 17 1 105 0 0 
32340 892 105 10 105 17 1 105 0 0 
32345 894 105 5 105 17 1 105 0 0 
32350 894 105 5 105 17 1 105 0 0 
32355 894 110 5 110 17 1 110 0 0 
32360 894 110 5 110 17 1 110 0 0 
32365 894 110 3 110 17 1 110 0 0 
32370 894 113 3 113 17 1 113 0 0 
32375 892 113 3 113 17 1 113 0 0 
32380 894 113 3 113 17 1 113 0 0 
32385 894 117 3 117 17 1 117 0 0 
32390 894 117 3 117 17 1 117 0 0 
32395 894 117 3 117 17 1 117 0 0 
32400 894 117 3 117 17 1 117 0 0 
32405 894 117 3 117 17 1 117 0 0 
32410 894 117 -0 117 17 1 117 0 0 
32415 894 120 3 120 17 1 120 0 0 
32420 894 120 3 120 17 1 120 0 0 
32425 894 120 -0 120 17 1 120 0 0 
32430 894 120 -0 120 17 1 120 0 0 
32435 894 125 3 125 17 1 125 0 0 
32440 894 125 -0 125 17 1 125 0 0 
32445 894 125 3 125 17 1 125 0 0 
32450 894 125 -0 125 17 1 125 0 0 
32455 894 125 3 125 17 1 125 0 0 
32460 894 125 3 125 17 1 125 0 0 
32465 894 125 -0 125 17 1 125 0 0 
32470 894 128 3 128 17 1 128 0 0 
32475 894 128 -0 128 17 1 128 0 0 
32480 894 125 3 125 17 1 125 0 0 
32485 894 125 -0 125 17 1 125 0 0 
32490 894 125 3 125 17 1 125 0 0 
32495 894 120 3 120 17 1 120 0 0 
32500 894 117 3 117 17 1 117 0 0 
32505 894 117 -0 117 17 1 117 0 0 
32510 894 113 3 113 17 1 113 0 0 
32515 894 113 3 113 17 1 113 0 0 
32520 894 110 3 110 17 1 110 0 0 
32525 894 105 3 105 17 1 105 0 0 
32530 894 102 -0 102 17 1 102 0 0 
32535 894 98 -0 98 17 1 98 0 0 
32540 894 95 -0 95 17 1 95 0 0 
32545 894 90 -0 90 17 1 90 0 0 
32550 894 87 -0 87 17 1 87 0 0 
32555 896 80 -0 80 17 1 80 0 0 
32560 896 80 -0 80 17 1 80 0 0 
32565 894 75 3 75 17 1 75 0 0 
32570 894 72 -0 72 17 1 72 0 0 
32575 894 68 -0 68 17 1 68 0 0 
32580 894 65 3 65 17 1 65 0 0 
32585 896 60 3 60 17 1 60 0 0 
32590 894 57 -0 57 17 1 57 0 0 
32595 896 50 3 50 17 1 50 0 0 
32600 896 45 -0 45 17 1 45 0 0 
32605 896 42 3 42 17 1 42 0 0 
32610 894 38 -0 38 17 1 38 0 0 
32615 894 35 -0 35 17 1 35 0 0 
32620 894 30 3 30 17 1 30 0 0 
32625 894 30 3 30 17 1 30 0 0 
32630 894 27 -0 27 17 1 27 0 0 
32635 896 23 -0 23 17 1 23 0 0 
32640 894 20 -0 20 17 1 20 0 0 
32645 894 15 -0 15 17 1 15 0 0 
32650 896 12 3 12 17 1 12 0 0 
32655 896 12 -0 12 17 1 12 0 0 
32660 894 8 3 8 17 1 8 0 0 
32665 894 8 -0 8 17 1 8 0 0 
32670 894 5 -0 5 17 1 5 0 0 
32675 896 5 -0 5 17 1 5 0 0 
32680 894 -0 -0 -0 17 1 -0 0 0 
32685 894 -0 -0 -0 17 1 -0 0 0 
32690 896 -0 3 -0 17 1 -0 0 0 
32695 896 -0 -0 -0 17 1 -0 0 0 
32700 896 -5 -0 -5 17 1 -5 0 0 
32705 896 -5 -0 -5 17 1 -5 0 0 
32710 894 -5 -0 -5 17 1 -5 0 0 
32715 896 -8 -0 -8 17 1 -8 0 0 
32720 894 -8 -0 -8 17 1 -8 0 0 
32725 894 -8 -0 -8 17 1 -8 0 0 
32730 894 -8 -0 -8 17 1 -8 0 0 
32735 896 -12 -0 -12 17 1 -12 0 0 
32740 896 -12 -0 -12 17 1 -12 0 0 
32745 894 -12 -0 -12 17 1 -12 0 0 
32750 894 -12 -0 -12 17 1 -12 0 0 
32755 894 -12 -0 -12 17 1 -12 0 0 
32760 894 -12 -0 -12 17 1 -12 0 0 
32765 896 -12 -0 -12 17 1 -12 0 0 
32770 896 -12 -0 -12 17 1 -12 0 0 
32775 894 -12 -0 -12 17 1 -12 0 0 
32780 894 -12 -0 -12 17 1 -12 0 0 
32785 894 -12 -3 -12 17 1 -12 0 0 
32790 894 -12 -3 -12 17 1 -12 0 0 
32795 894 -12 -3 -12 17 1 -12 0 0 
32800 894 -12 -3 -12 17 1 -12 0 0 
32805 896 -15 -3 -15 17 1 -15 0 0 
32810 894 -12 -0 -12 17 1 -12 0 0 
32815 894 -12 -3 -12 17 1 -12 0 0 
32820 894 -12 -3 -12 17 1 -12 0 0 
32825 896 -12 -3 -12 17 1 -12 0 0 
32830 896 -12 -3 -12 17 1 -12 0 0 
32835 894 -12 -3 -12 17 1 -12 0 0 
32840 896 -12 -3 -12 17 1 -12 0 0 
32845 894 -12 -3 -12 17 1 -12 0 0 
32850 894 -12 -3 -12 17 1 -12 0 0 
32855 894 -12 -3 -12 17 1 -12 0 0 
32860 894 -15 -3 -15 17 1 -15 0 0 
32865 894 -15 -3 -15 17 1 -15 0 0 
32870 894 -12 -3 -12 17 1 -12 0 0 
32875 894 -15 -3 -15 17 1 -15 0 0 
32880 896 -15 -3 -15 17 1 -15 0 0 
32885 896 -15 -5 -15 17 1 -15 0 0 
32890 894 -15 -3 -15 17 1 -15 0 0 
32895 894 -15 -5 -15 17 1 -15 0 0 
32900 894 -15 -5 -15 17 1 -15 0 0 
32905 894 -15 -5 -15 17 1 -15 0 0 
32910 894 -15 -5 -15 17 1 -15 0 0 
32915 894 -15 -5 -15 17 1 -15 0 0 
32920 894 -15 -5 -15 17 1 -15 0 0 
32925 894 -15 -10 -15 17 1 -15 0 0 
32930 894 -15 -10 -15 17 1 -15 0 0 
32935 894 -15 -10 -15 17 1 -15 0 0 
32940 894 -15 -10 -15 17 1 -15 0 0 
32945 894 -12 -10 -12 17 1 -12 0 0 
32950 894 -12 -10 -12 17 1 -12 0 0 
32955 894 -12 -10 -12 17 1 -12 0 0 
32960 894 -12 -10 -12 17 1 -12 0 0 
32965 894 -12 -10 -12 17 1 -12 0 0 
32970 894 -12 -13 -12 17 1 -12 0 0 
32975 892 -12 -13 -12 17 1 -12 0 0 
32980 894 -12 -13 -12 17 1 -12 0 0 
32985 892 -12 -13 -12 17 1 -12 0 0 
32990 894 -12 -13 -12 17 1 -12 0 0 
32995 894 -12 -13 -12 17 1 -12 0 0 
33000 894 -12 -13 -12 17 1 -12 0 0 
33005 892 -12 -13 -12 17 1 -12 0 0 
33010 894 -12 -13 -12 17 1 -12 0 0 
33015 894 -12 -13 -12 17 1 -12 0 0 
33020 892 -12 -13 -12 17 1 -12 0 0 
33025 892 -12 -13 -12 17 1 -12 0 0 
33030 892 -12 -15 -12 17 1 -12 0 0 
33035 892 -12 -15 -12 17 1 -12 0 0 
33040 892 -12 -15 -12 17 1 -12 0 0 
33045 892 -12 -15 -12 17 1 -12 0 0 
33050 892 -12 -15 -12 17 1 -12 0 0 
33055 892 -15 -15 -15 17 1 -15 0 0 
33060 892 -12 -15 -12 17 1 -12 0 0 
33065 892 -12 -15 -12 17 1 -12 0 0 
33070 892 -12 -15 -12 17 1 -12 0 0 
33075 892 -12 -18 -12 17 1 -12 0 0 
33080 892 -12 -18 -12 17 1 -12 0 0 
33085 892 -15 -18 -15 17 1 -15 0 0 
33090 892 -15 -18 -15 17 1 -15 0 0 
33095 892 -12 -18 -12 17 1 -12 0 0 
33100 891 -12 -18 -12 17 1 -12 0 0 
33105 891 -12 -18 -12 17 1 -12 0 0 
33110 892 -12 -18 -12 17 1 -12 0 0 
33115 891 -12 -18 -12 17 1 -12 0 0 
33120 892 -12 -18 -12 17 1 -12 0 0 
33125 891 -12 -18 -12 17 1 -12 0 0 
33130 891 -12 -18 -12 17 1 -12 0 0 
33135 891 -12 -18 -12 17 1 -12 0 0 
33140 891 -12 -23 -12 17 1 -12 0 0 
33145 891 -12 -23 -12 17 1 -12 0 0 
33150 891 -12 -23 -12 17 1 -12 0 0 
33155 889 -12 -23 -12 17 1 -12 0 0 
33160 891 -12 -18 -12 17 1 -12 0 0 
33165 891 -12 -23 -12 17 1 -12 0 0 
33170 891 -12 -23 -12 17 1 -12 0 0 
33175 891 -12 -23 -12 17 1 -12 0 0 
33180 889 -12 -23 -12 17 1 -12 0 0 
33185 889 -12 -23 -12 17 1 -12 0 0 
33190 889 -12 -23 -12 17 1 -12 0 0 
33195 889 -12 -23 -12 17 1 -12 0 0 
33200 889 -12 -23 -12 17 1 -12 0 0 
33205 891 -12 -23 -12 17 1 -12 0 0 
33210 889 -12 -23 -12 17 1 -12 0 0 
33215 889 -12 -23 -12 17 1 -12 0 0 
33220 889 -12 -25 -12 17 1 -12 0 0 
33225 889 -12 -23 -12 17 1 -12 0 0 
33230 889 -12 -23 -12 17 1 -12 0 0 
33235 889 -12 -25 -12 17 1 -12 0 0 
33240 889 -12 -23 -12 17 1 -12 0 0 
33245 887 -12 -25 -12 17 1 -12 0 0 
33250 889 -12 -25 -12 17 1 -12 0 0 
33255 889 -12 -25 -12 17 1 -12 0 0 
33260 887 -12 -25 -12 17 1 -12 0 0 
33265 887 -12 -25 -12 17 1 -12 0 0 
33270 887 -12 -25 -12 17 1 -12 0 0 
33275 887 -12 -25 -12 17 1 -12 0 0 
33280 887 -12 -23 -12 17 1 -12 0 0 
33285 887 -12 -23 -12 17 1 -12 0 0 
33290 887 -8 -23 -8 17 1 -8 0 0 
33295 887 -8 -25 -8 17 1 -8 0 0 
33300 887 -8 -25 -8 17 1 -8 0 0 
33305 887 -8 -23 -8 17 1 -8 0 0 
33310 887 -12 -23 -12 17 1 -12 0 0 
33315 885 -12 -23 -12 17 1 -12 0 0 
33320 887 -12 -23 -12 17 1 -12 0 0 
33325 887 -12 -23 -12 17 1 -12 0 0 
33330 885 -12 -23 -12 17 1 -12 0 0 
33335 885 -8 -23 -8 17 1 -8 0 0 
33340 885 -8 -23 -8 17 1 -8 0 0 
33345 885 -8 -23 -8 17 1 -8 0 0 
33350 885 -8 -23 -8 17 1 -8 0 0 
33355 885 -12 -23 -12 17 1 -12 0 0 
33360 885 -12 -23 -12 17 1 -12 0 0 
33365 885 -12 -23 -12 17 1 -12 0 0 
33370 885 -12 -23 -12 17 1 -12 0 0 
33375 885 -12 -23 -12 17 1 -12 0 0 
33380 883 -12 -23 -12 17 1 -12 0 0 
33385 883 -8 -23 -8 17 1 -8 0 0 
33390 883 -8 -23 -8 17 1 -8 0 0 
33395 883 -8 -23 -8 17 1 -8 0 0 
33400 883 -8 -23 -8 17 1 -8 0 0 
33405 885 -8 -23 -8 17 1 -8 0 0 
33410 883 -12 -23 -12 17 1 -12 0 0 
33415 883 -12 -23 -12 17 1 -12 0 0 
33420 883 -12 -18 -12 17 1 -12 0 0 
33425 883 -12 -18 -12 17 1 -12 0 0 
33430 883 -12 -18 -12 17 1 -12 0 0 
33435 883 -8 -18 -8 17 1 -8 0 0 
33440 883 -5 -18 -5 17 1 -5 0 0 
33445 883 -8 -15 -8 17 1 -8 0 0 
33450 883 -8 -18 -8 17 1 -8 0 0 
33455 883 -8 -18 -8 17 1 -8 0 0 
33460 883 -8 -18 -8 18 1 -8 0 0 
33465 883 -8 -15 -8 18 1 -8 0 0 
33470 882 -8 -15 -8 18 1 -8 0 0 
33475 882 -8 -18 -8 18 1 -8 0 0 
33480 882 -8 -15 -8 18 1 -8 0 0 
33485 883 -8 -15 -8 18 1 -8 0 0 
33490 882 -8 -15 -8 18 1 -8 0 0 
33495 882 -8 -15 -8 18 1 -8 0 0 
33500 882 -8 -15 -8 18 1 -8 0 0 
33505 882 -8 -13 -8 18 1 -8 0 0 
33510 882 -12 -13 -12 18 1 -12 0 0 
33515 882 -8 -13 -8 18 1 -8 0 0 
33520 882 -12 -13 -12 18 1 -12 0 0 
33525 882 -8 -13 -8 18 1 -8 0 0 
33530 882 -8 -13 -8 18 1 -8 0 0 
33535 882 -8 -13 -8 18 1 -8 0 0 
33540 882 -8 -10 -8 18 1 -8 0 0 
33545 882 -12 -13 -12 18 1 -12 0 0 
33550 882 -12 -10 -12 18 1 -12 0 0 
33555 882 -8 -10 -8 18 1 -8 0 0 
33560 882 -8 -10 -8 18 1 -8 0 0 
33565 880 -8 -10 -8 18 1 -8 0 0 
33570 880 -8 -10 -8 18 1 -8 0 0 
33575 882 -8 -10 -8 18 1 -8 0 0 
33580 880 -8 -10 -8 18 1 -8 0 0 
33585 880 -8 -5 -8 18 1 -8 0 0 
33590 882 -8 -5 -8 18 1 -8 0 0 
33595 880 -8 -5 -8 18 1 -8 0 0 
33600 880 -8 -5 -8 18 1 -8 0 0 
33605 880 -8 -5 -8 18 1 -8 0 0 
33610 880 -8 -3 -8 18 1 -8 0 0 
33615 880 -8 -3 -8 18 1 -8 0 0 
33620 880 -8 -3 -8 18 1 -8 0 0 
33625 880 -5 -0 -5 18 1 -5 0 0 
33630 880 -8 -0 -8 18 1 -8 0 0 
33635 880 -8 -0 -8 18 1 -8 0 0 
33640 880 -8 -0 -8 18 1 -8 0 0 
33645 880 -8 -0 -8 18 1 -8 0 0 
33650 880 -8 -0 -8 18 1 -8 0 0 
33655 880 -8 -0 -8 18 1 -8 0 0 
33660 880 -5 -0 -5 18 1 -5 0 0 
33665 880 -5 -0 -5 18 1 -5 0 0 
33670 880 -5 3 -5 18 1 -5 0 0 
33675 880 -5 -0 -5 18 1 -5 0 0 
33680 880 -5 3 -5 18 1 -5 0 0 
33685 880 -5 3 -5 18 1 -5 0 0 
33690 880 -5 3 -5 18 1 -5 0 0 
33695 880 -5 3 -5 18 1 -5 0 0 
33700 880 -0 3 -0 18 1 -0 0 0 
33705 880 -0 3 -0 18 1 -0 0 0 
33710 880 -0 3 -0 18 1 -0 0 0 
33715 880 -0 3 -0 18 1 -0 0 0 
33720 880 5 3 5 18 1 5 0 0 
33725 880 8 5 8 18 1 8 0 0 
33730 880 8 5 8 18 1 8 0 0 
33735 880 8 5 8 18 1 8 0 0 
33740 880 12 5 12 18 1 12 0 0 
33745 880 12 10 12 18 1 12 0 0 
33750 880 12 13 12 18 1 12 0 0 
33755 880 12 13 12 18 1 12 0 0 
33760 880 12 13 12 18 1 12 0 0 
33765 880 12 15 12 18 1 12 0 0 
33770 880 12 15 12 18 1 12 0 0 
33775 880 12 15 12 18 1 12 0 0 
33780 882 12 15 12 18 1 12 0 0 
33785 880 12 13 12 18 1 12 0 0 
33790 882 8 13 8 18 1 8 0 0 
33795 880 8 10 8 18 1 8 0 0 
33800 880 5 10 5 18 1 5 0 0 
33805 880 5 5 5 18 1 5 0 0 
33810 882 -0 3 -0 18 1 -0 0 0 
33815 880 -5 -0 -5 18 1 -5 0 0 
33820 880 -12 -0 -12 18 1 -12 0 0 
33825 882 -15 -3 -15 18 1 -15 0 0 
33830 882 -23 -10 -23 18 1 -23 0 0 
33835 880 -27 -15 -27 18 1 -27 0 0 
33840 880 -35 -28 -35 18 1 -35 0 0 
33845 880 -42 -38 -42 18 1 -42 0 0 
33850 880 -45 -50 -45 18 1 -45 0 0 
33855 880 -53 -63 -53 18 1 -53 0 0 
33860 880 -60 -78 -60 18 1 -60 0 0 
33865 880 -65 -93 -65 18 1 -65 0 0 
33870 878 -68 -115 -68 18 1 -68 0 0 
33875 878 -75 -133 -75 18 1 -75 0 0 
33880 878 -80 -160 -80 18 1 -80 0 0 
33885 876 -90 -185 -90 18 1 -90 0 0 
33890 876 -102 -218 -102 18 1 -102 0 0 
33895 874 -110 -240 -110 18 1 -110 0 0 
33900 872 -125 -278 -125 18 1 -125 0 0 
33905 872 -128 -313 -128 18 1 -128 0 0 
33910 871 -135 -340 -135 18 1 -135 0 0 
33915 868 -140 -375 -140 18 1 -140 0 0 
33920 866 -140 -410 -140 18 1 -140 0 0 
33925 862 -135 -448 -135 18 1 -135 0 0 
33930 861 -135 -483 -135 18 1 -135 0 0 
33935 859 -135 -515 -135 18 1 -135 0 0 
33940 857 -135 -560 -135 18 1 -135 0 0 
33945 853 -135 -590 -135 18 1 -135 0 0 
33950 850 -140 -600 -140 18 1 -140 0 0 
33955 846 -135 -600 -135 18 1 -135 0 0 
33960 844 -135 -600 -135 18 1 -135 0 0 
33965 841 -135 -600 -135 18 1 -135 0 0 
33970 839 -140 -600 -140 18 1 -140 0 0 
33975 835 -150 -600 -150 18 1 -150 0 0 
33980 832 -165 -603 -165 18 1 -165 0 0 
33985 828 -180 -600 -180 18 1 -180 0 0 
33990 826 -195 -600 -195 18 1 -195 0 0 
33995 822 -207 -600 -207 18 1 -207 0 0 
34000 819 -218 -603 -218 18 1 -218 0 0 
34005 817 -218 -600 -218 18 1 -218 0 0 
34010 813 -215 -600 -215 18 1 -215 0 0 
34015 810 -215 -600 -215 18 1 -215 0 0 
34020 806 -207 -600 -207 18 1 -207 0 0 
34025 804 -207 -600 -207 18 1 -207 0 0 
34030 801 -210 -600 -210 18 1 -210 0 0 
34035 799 -215 -603 -215 18 1 -215 0 0 
34040 795 -225 -603 -225 18 1 -225 0 0 
34045 792 -233 -600 -233 18 1 -233 0 0 
34050 790 -240 -600 -240 18 1 -240 0 0 
34055 786 -248 -603 -248 18 1 -248 0 0 
34060 783 -252 -600 -252 18 1 -252 0 0 
34065 781 -255 -600 -255 18 1 -255 0 0 
34070 777 -260 -600 -260 18 1 -260 0 0 
34075 775 -260 -600 -260 18 1 -260 0 0 
34080 770 -263 -603 -263 18 1 -263 0 0 
34085 768 -267 -603 -267 18 1 -267 0 0 
34090 764 -270 -600 -270 18 1 -270 0 0 
34095 763 -275 -603 -275 18 1 -275 0 0 
34100 759 -278 -603 -278 18 1 -278 0 0 
34105 755 -278 -600 -278 18 1 -278 0 0 
34110 754 -282 -603 -282 18 1 -282 0 0 
34115 750 -282 -600 -282 18 1 -282 0 0 
34120 748 -278 -603 -278 18 1 -278 0 0 
34125 745 -278 -600 -278 18 1 -278 0 0 
34130 741 -278 -603 -278 18 1 -278 0 0 
34135 739 -275 -600 -275 18 1 -275 0 0 
34140 734 -275 -600 -275 18 1 -275 0 0 
34145 732 -275 -600 -275 18 1 -275 0 0 
34150 728 -275 -600 -275 18 1 -275 0 0 
34155 726 -275 -600 -275 18 1 -275 0 0 
34160 723 -275 -600 -275 18 1 -275 0 0 
34165 721 -275 -600 -275 18 1 -275 0 0 
34170 717 -275 -600 -275 18 1 -275 0 0 
34175 714 -270 -603 -270 18 1 -270 0 0 
34180 710 -270 -600 -270 18 1 -270 0 0 
34185 708 -270 -603 -270 18 1 -270 0 0 
34190 705 -270 -603 -270 18 1 -270 0 0 
34195 703 -270 -600 -270 18 1 -270 0 0 
34200 699 -275 -600 -275 18 1 -275 0 0 
34205 696 -278 -603 -278 18 1 -278 0 0 
34210 692 -278 -600 -278 18 1 -278 0 0 
34215 690 -282 -600 -282 18 1 -282 0 0 
34220 686 -285 -600 -285 18 1 -285 0 0 
34225 683 -285 -600 -285 18 1 -285 0 0 
34230 681 -285 -600 -285 18 1 -285 0 0 
34235 677 -290 -600 -290 18 1 -290 0 0 
34240 674 -290 -600 -290 18 1 -290 0 0 
34245 672 -297 -600 -297 18 1 -297 0 0 
34250 668 -300 -600 -300 18 1 -300 0 0 
34255 667 -308 -603 -308 18 1 -308 0 0 
34260 663 -315 -600 -315 18 1 -315 0 0 
34265 659 -323 -603 -323 18 1 -323 0 0 
34270 656 -330 -600 -330 18 1 -330 0 0 
34275 653 -342 -600 -342 18 1 -342 0 0 
34280 649 -357 -600 -357 18 1 -357 0 0 
34285 646 -365 -603 -365 18 1 -365 0 0 
34290 644 -375 -603 -375 18 1 -375 0 0 
34295 640 -390 -600 -390 18 1 -390 0 0 
34300 637 -402 -600 -402 18 1 -402 0 0 
34305 633 -413 -600 -413 18 1 -413 0 0 
34310 631 -428 -603 -428 18 1 -428 0 0 
34315 627 -443 -603 -443 18 1 -443 0 0 
34320 624 -458 -603 -458 18 1 -458 0 0 
34325 622 -473 -600 -473 18 1 -473 0 0 
34330 618 -488 -600 -488 18 1 -488 0 0 
34335 615 -503 -600 -503 18 1 -503 0 0 
34340 613 -518 -600 -518 18 1 -518 0 0 
34345 609 -533 -603 -533 18 1 -533 0 0 
34350 606 -545 -600 -545 18 1 -545 0 0 
34355 604 -555 -603 -555 18 1 -555 0 0 
34360 600 -575 -603 -575 18 1 -575 0 0 
34365 597 -590 -600 -590 18 1 -590 0 0 
34370 595 -605 -600 -605 18 1 -605 0 0 
34375 591 -620 -600 -620 18 1 -620 0 0 
34380 588 -635 -600 -635 18 1 -635 0 0 
34385 584 -650 -600 -650 18 1 -650 0 0 
34390 582 -665 -600 -665 18 1 -665 0 0 
34395 578 -680 -603 -680 18 1 -680 0 0 
34400 575 -695 -600 -695 18 1 -695 0 0 
34405 573 -705 -600 -705 18 1 -705 0 0 
34410 569 -720 -600 -720 18 1 -720 0 0 
34415 566 -735 -600 -735 18 1 -735 0 0 
34420 564 -750 -603 -750 18 1 -750 0 0 
34425 560 -762 -600 -762 18 1 -762 0 0 
34430 559 -777 -600 -777 18 1 -777 0 0 
34435 555 -788 -600 -788 18 1 -788 0 0 
34440 551 -800 -603 -800 18 1 -800 0 0 
34445 549 -807 -600 -807 18 1 -807 0 0 
34450 546 -815 -600 -815 18 1 -815 0 0 
34455 542 -822 -600 -822 18 1 -822 0 0 
34460 539 -825 -600 -825 18 1 -825 0 0 
34465 537 -825 -600 -825 18 1 -825 0 0 
34470 533 -830 -600 -830 18 1 -830 0 0 
34475 530 -833 -603 -833 18 1 -833 0 0 
34480 526 -837 -600 -837 18 1 -837 0 0 
34485 524 -840 -603 -840 18 1 -840 0 0 
34490 520 -848 -603 -848 18 1 -848 0 0 
34495 517 -852 -600 -852 18 1 -852 0 0 
34500 515 -855 -600 -855 18 1 -855 0 0 
34505 511 -863 -600 -863 18 1 -863 0 0 
34510 510 -867 -600 -867 18 1 -867 0 0 
34515 506 -870 -603 -870 18 1 -870 0 0 
34520 502 -875 -600 -875 18 1 -875 0 0 
34525 500 -878 -600 -878 18 1 -878 0 0 
34530 497 -882 -600 -882 18 1 -882 0 0 
34535 493 -882 -600 -882 18 1 -882 0 0 
34540 490 -890 -600 -890 18 1 -890 0 0 
34545 486 -893 -603 -893 18 1 -893 0 0 
34550 484 -900 -600 -900 18 1 -900 0 0 
34555 481 -908 -603 -908 18 1 -908 0 0 
34560 477 -920 -603 -920 18 1 -920 0 0 
34565 475 -927 -600 -927 18 1 -927 0 0 
34570 471 -935 -600 -935 18 1 -935 0 0 
34575 468 -938 -600 -938 18 1 -938 0 0 
34580 464 -942 -600 -942 18 1 -942 0 0 
34585 461 -945 -600 -945 18 1 -945 0 0 
34590 459 -950 -600 -950 18 1 -950 0 0 
34595 455 -953 -600 -953 18 1 -953 0 0 
34600 452 -957 -600 -957 18 1 -957 0 0 
34605 450 -960 -600 -960 18 1 -960 0 0 
34610 446 -968 -603 -968 18 1 -968 0 0 
34615 444 -972 -600 -972 18 1 -972 0 0 
34620 440 -975 -603 -975 18 1 -975 0 0 
34625 436 -980 -600 -980 18 1 -980 0 0 
34630 434 -983 -600 -983 18 1 -983 0 0 
34635 431 -987 -600 -987 18 1 -987 0 0 
34640 427 -990 -600 -990 18 1 -990 0 0 
34645 425 -990 -600 -990 18 1 -990 0 0 
34650 422 -995 -603 -995 18 1 -995 0 0 
34655 420 -995 -600 -995 18 1 -995 0 0 
34660 416 -998 -600 -998 18 1 -998 0 0 
34665 412 -998 -603 -998 18 1 -998 0 0 
34670 411 -995 -603 -995 18 1 -995 0 0 
34675 407 -990 -600 -990 18 1 -990 0 0 
34680 405 -980 -603 -980 18 1 -980 0 0 
34685 402 -972 -600 -972 18 1 -972 0 0 
34690 398 -960 -600 -960 18 1 -960 0 0 
34695 396 -953 -603 -953 18 1 -953 0 0 
34700 391 -942 -600 -942 18 1 -942 0 0 
34705 389 -935 -600 -935 18 1 -935 0 0 
34710 385 -930 -600 -930 18 1 -930 0 0 
34715 383 -927 -600 -927 18 1 -927 0 0 
34720 380 -923 -603 -923 18 1 -923 0 0 
34725 378 -920 -600 -920 18 1 -920 0 0 
34730 374 -915 -600 -915 18 1 -915 0 0 
34735 371 -912 -600 -912 18 1 -912 0 0 
34740 367 -908 -600 -908 18 1 -908 0 0 
34745 365 -900 -603 -900 18 1 -900 0 0 
34750 362 -897 -600 -897 18 1 -897 0 0 
34755 358 -890 -600 -890 18 1 -890 0 0 
34760 354 -882 -600 -882 18 1 -882 0 0 
34765 353 -875 -600 -875 18 1 -875 0 0 
34770 351 -863 -600 -863 18 1 -863 0 0 
34775 347 -855 -600 -855 18 1 -855 0 0 
34780 344 -848 -600 -848 18 1 -848 0 0 
34785 342 -837 -600 -837 18 1 -837 0 0 
34790 338 -830 -600 -830 18 1 -830 0 0 
34795 336 -822 -600 -822 18 1 -822 0 0 
34800 331 -810 -600 -810 18 1 -810 0 0 
34805 329 -803 -600 -803 18 1 -803 0 0 
34810 327 -792 -600 -792 18 1 -792 0 0 
34815 324 -785 -600 -785 18 1 -785 0 0 
34820 320 -777 -600 -777 18 1 -777 0 0 
34825 316 -770 -600 -770 18 1 -770 0 0 
34830 314 -762 -600 -762 18 1 -762 0 0 
34835 311 -758 -600 -758 18 1 -758 0 0 
34840 307 -750 -600 -750 18 1 -750 0 0 
34845 305 -743 -600 -743 18 1 -743 0 0 
34850 302 -735 -603 -735 18 1 -735 0 0 
34855 298 -725 -600 -725 18 1 -725 0 0 
34860 296 -713 -600 -713 18 1 -713 0 0 
34865 293 -705 -603 -705 18 1 -705 0 0 
34870 291 -698 -600 -698 18 1 -698 0 0 
34875 287 -690 -600 -690 18 1 -690 0 0 
34880 284 -680 -600 -680 18 1 -680 0 0 
34885 282 -672 -600 -672 18 1 -672 0 0 
34890 278 -668 -600 -668 18 1 -668 0 0 
34895 275 -660 -600 -660 18 1 -660 0 0 
34900 271 -657 -600 -657 18 1 -657 0 0 
34905 267 -653 -603 -653 18 1 -653 0 0 
34910 266 -650 -600 -650 18 1 -650 0 0 
34915 262 -645 -600 -645 18 1 -645 0 0 
34920 260 -638 -603 -638 18 1 -638 0 0 
34925 256 -635 -600 -635 18 1 -635 0 0 
34930 253 -627 -603 -627 18 1 -627 0 0 
34935 251 -623 -600 -623 18 1 -623 0 0 
34940 247 -620 -600 -620 18 1 -620 0 0 
34945 246 -615 -600 -615 18 1 -615 0 0 
34950 242 -608 -603 -608 18 1 -608 0 0 
34955 238 -605 -600 -605 18 1 -605 0 0 
34960 237 -600 -600 -600 18 1 -600 0 0 
34965 233 -597 -600 -597 18 1 -597 0 0 
34970 229 -593 -600 -593 18 1 -593 0 0 
34975 225 -585 -600 -585 18 1 -585 0 0 
34980 221 -582 -600 -582 18 1 -582 0 0 
34985 219 -578 -598 -578 18 1 -578 0 0 
34990 216 -570 -588 -570 18 1 -570 0 0 
34995 214 -567 -578 -567 18 1 -567 0 0 
35000 210 -563 -568 -563 18 1 -563 0 0 
35005 208 -560 -563 -560 18 1 -560 0 0 
35010 205 -555 -555 -555 18 1 -555 0 0 
35015 203 -555 -545 -555 18 1 -555 0 0 
35020 199 -552 -535 -552 18 1 -552 0 0 
35025 197 -552 -523 -552 18 1 -552 0 0 
35030 196 -548 -520 -548 18 1 -548 0 0 
35035 192 -545 -510 -545 18 1 -545 0 0 
35040 190 -545 -498 -545 18 1 -545 0 0 
35045 187 -537 -488 -537 18 1 -537 0 0 
35050 185 -530 -483 -530 18 1 -530 0 0 
35055 183 -522 -473 -522 18 1 -522 0 0 
35060 179 -515 -468 -515 18 1 -515 0 0 
35065 177 -510 -450 -510 18 1 -510 0 0 
35070 176 -503 -443 -503 18 1 -503 0 0 
35075 174 -500 -438 -500 18 1 -500 0 0 
35080 170 -495 -428 -495 18 1 -495 0 0 
35085 168 -495 -410 -495 18 1 -495 0 0 
35090 167 -488 -408 -488 18 1 -488 0 0 
35095 165 -485 -395 -485 18 1 -485 0 0 
35100 163 -480 -390 -480 18 1 -480 0 0 
35105 161 -473 -380 -473 18 1 -473 0 0 
35110 159 -465 -370 -465 18 1 -465 0 0 
35115 158 -455 -363 -455 18 1 -455 0 0 
35120 154 -447 -353 -447 18 1 -447 0 0 
35125 154 -440 -340 -440 18 1 -440 0 0 
35130 152 -432 -333 -432 18 1 -432 0 0 
35135 150 -425 -328 -425 18 1 -425 0 0 
35140 148 -420 -315 -420 18 1 -420 0 0 
35145 147 -417 -303 -417 18 1 -417 0 0 
35150 145 -413 -300 -413 18 1 -413 0 0 
35155 145 -413 -290 -413 18 1 -413 0 0 
35160 143 -410 -288 -410 18 1 -410 0 0 
35165 141 -405 -275 -405 18 1 -405 0 0 
35170 139 -402 -263 -402 18 1 -402 0 0 
35175 138 -395 -258 -395 18 1 -395 0 0 
35180 136 -390 -240 -390 18 1 -390 0 0 
35185 136 -383 -233 -383 18 1 -383 0 0 
35190 134 -375 -225 -375 18 1 -375 0 0 
35195 134 -372 -218 -372 18 1 -372 0 0 
35200 132 -365 -205 -365 18 1 -365 0 0 
35205 130 -365 -188 -365 18 1 -365 0 0 
35210 130 -365 -183 -365 18 1 -365 0 0 
35215 130 -360 -170 -360 18 1 -360 0 0 
35220 129 -360 -160 -360 18 1 -360 0 0 
35225 127 -357 -160 -357 18 1 -357 0 0 
35230 127 -353 -160 -353 18 1 -353 0 0 
35235 127 -350 -155 -350 18 1 -350 0 0 
35240 125 -342 -153 -342 18 1 -342 0 0 
35245 125 -330 -140 -330 18 1 -330 0 0 
35250 125 -320 -128 -320 18 1 -320 0 0 
35255 125 -312 -128 -312 18 1 -312 0 0 
35260 123 -300 -123 -300 18 1 -300 0 0 
35265 123 -285 -110 -285 18 1 -285 0 0 
35270 121 -278 -105 -278 18 1 -278 0 0 
35275 121 -270 -95 -270 18 1 -270 0 0 
35280 121 -263 -93 -263 18 1 -263 0 0 
35285 119 -255 -90 -255 18 1 -255 0 0 
35290 119 -248 -90 -248 18 1 -248 0 0 
35295 119 -240 -80 -240 18 1 -240 0 0 
35300 119 -233 -75 -233 18 1 -233 0 0 
35305 119 -225 -75 -225 18 1 -225 0 0 
35310 118 -218 -78 -218 18 1 -218 0 0 
35315 118 -215 -70 -215 18 1 -215 0 0 
35320 118 -210 -63 -210 18 1 -210 0 0 
35325 118 -210 -63 -210 18 1 -210 0 0 
35330 118 -207 -65 -207 18 1 -207 0 0 
35335 118 -203 -63 -203 18 1 -203 0 0 
35340 118 -200 -63 -200 18 1 -200 0 0 
35345 116 -192 -63 -192 18 1 -192 0 0 
35350 116 -185 -53 -185 18 1 -185 0 0 
35355 116 -173 -50 -173 18 1 -173 0 0 
35360 116 -162 -50 -162 18 1 -162 0 0 
35365 116 -143 -50 -143 18 1 -143 0 0 
35370 116 -128 -48 -128 18 1 -128 0 0 
35375 114 -117 -48 -117 18 1 -117 0 0 
35380 114 -105 -43 -105 18 1 -105 0 0 
35385 114 -90 -43 -90 18 1 -90 0 0 
35390 114 -80 -48 -80 18 1 -80 0 0 
35395 114 -75 -48 -75 18 1 -75 0 0 
35400 114 -65 -43 -65 18 1 -65 0 0 
35405 114 -53 -43 -53 18 1 -53 0 0 
35410 114 -42 -40 -42 18 1 -42 0 0 
35415 114 -30 -38 -30 18 1 -30 0 0 
35420 114 -20 -30 -20 18 1 -20 0 0 
35425 114 -0 -18 -0 18 1 -0 0 0 
35430 114 12 -10 12 18 1 12 0 0 
35435 114 27 -0 27 18 1 27 0 0 
35440 114 38 3 38 18 1 38 0 0 
35445 114 50 23 50 18 1 50 0 0 
35450 114 57 38 57 18 1 57 0 0 
35455 114 68 58 68 18 1 68 0 0 
35460 114 75 80 75 18 1 75 0 0 
35465 114 87 110 87 18 1 87 0 0 
35470 114 98 140 98 18 1 98 0 0 
35475 116 110 165 110 18 1 110 0 0 
35480 116 117 193 117 18 1 117 0 0 
35485 118 125 233 125 18 1 125 0 0 
35490 118 132 263 132 18 1 132 0 0 
35495 119 135 300 135 18 1 135 0 0 
35500 121 140 338 140 18 1 140 0 0 
35505 123 147 385 147 18 1 147 0 0 
35510 125 150 428 150 18 1 150 0 0 
35515 127 158 470 158 19 1 158 0 0 
35520 129 165 515 165 19 1 165 0 0 
35525 132 173 573 173 19 1 173 0 0 
35530 136 173 598 173 19 1 173 0 0 
35535 138 177 600 177 19 1 177 0 0 
35540 141 180 600 180 19 1 180 0 0 
35545 145 185 600 185 19 1 185 0 0 
35550 148 192 598 192 19 1 192 0 0 
35555 150 207 600 207 19 1 207 0 0 
35560 154 230 600 230 19 1 230 0 0 
35565 158 260 600 260 19 1 260 0 0 
35570 161 290 600 290 19 1 290 0 0 
35575 163 320 600 320 19 1 320 0 0 
35580 167 345 600 345 19 1 345 0 0 
35585 168 368 600 368 19 1 368 0 0 
35590 172 383 600 383 19 1 383 0 0 
35595 176 390 600 390 19 1 390 0 0 
35600 177 398 600 398 19 1 398 0 0 
35605 181 402 598 402 19 1 402 0 0 
35610 185 405 600 405 19 1 405 0 0 
35615 187 413 600 413 19 1 413 0 0 
35620 190 420 600 420 19 1 420 0 0 
35625 194 435 598 435 19 1 435 0 0 
35630 197 447 600 447 19 1 447 0 0 
35635 199 462 598 462 19 1 462 0 0 
35640 203 477 600 477 19 1 477 0 0 
35645 206 488 600 488 19 1 488 0 0 
35650 208 500 600 500 19 1 500 0 0 
35655 210 503 598 503 19 1 503 0 0 
35660 214 510 598 510 19 1 510 0 0 
35665 217 507 600 507 19 1 507 0 0 
35670 219 507 598 507 19 1 507 0 0 
35675 223 507 600 507 19 1 507 0 0 
35680 226 507 598 507 19 1 507 0 0 
35685 231 503 600 503 19 1 503 0 0 
35690 233 507 598 507 19 1 507 0 0 
35695 237 507 600 507 19 1 507 0 0 
35700 238 510 598 510 19 1 510 0 0 
35705 242 507 600 507 19 1 507 0 0 
35710 246 507 600 507 19 1 507 0 0 
35715 247 507 600 507 19 1 507 0 0 
35720 251 503 600 503 19 1 503 0 0 
35725 255 503 600 503 19 1 503 0 0 
35730 256 503 600 503 19 1 503 0 0 
35735 260 507 600 507 19 1 507 0 0 
35740 264 507 598 507 19 1 507 0 0 
35745 266 515 600 515 19 1 515 0 0 
35750 269 515 600 515 19 1 515 0 0 
35755 273 518 600 518 19 1 518 0 0 
35760 275 522 600 522 19 1 522 0 0 
35765 280 525 598 525 19 1 525 0 0 
35770 282 530 600 530 19 1 530 0 0 
35775 285 533 600 533 19 1 533 0 0 
35780 289 540 600 540 19 1 540 0 0 
35785 293 545 600 545 19 1 545 0 0 
35790 295 548 600 548 19 1 548 0 0 
35795 298 552 600 552 19 1 552 0 0 
35800 300 555 600 555 19 1 555 0 0 
35805 304 555 598 555 19 1 555 0 0 
35810 307 555 600 555 19 1 555 0 0 
35815 309 560 600 560 19 1 560 0 0 
35820 313 560 600 560 19 1 560 0 0 
35825 316 563 600 563 19 1 563 0 0 
35830 318 563 600 563 19 1 563 0 0 
35835 322 563 600 563 19 1 563 0 0 
35840 325 563 600 563 19 1 563 0 0 
35845 327 563 598 563 19 1 563 0 0 
35850 329 563 600 563 19 1 563 0 0 
35855 333 563 600 563 19 1 563 0 0 
35860 336 563 600 563 19 1 563 0 0 
35865 340 560 600 560 19 1 560 0 0 
35870 342 560 600 560 19 1 560 0 0 
35875 345 555 598 555 19 1 555 0 0 
35880 349 555 600 555 19 1 555 0 0 
35885 351 555 600 555 19 1 555 0 0 
35890 354 552 600 552 19 1 552 0 0 
35895 358 555 600 555 19 1 555 0 0 
35900 360 555 600 555 19 1 555 0 0 
35905 363 555 600 555 19 1 555 0 0 
35910 365 555 598 555 19 1 555 0 0 
35915 369 555 598 555 19 1 555 0 0 
35920 373 555 598 555 19 1 555 0 0 
35925 376 560 600 560 19 1 560 0 0 
35930 378 563 600 563 19 1 563 0 0 
35935 382 563 600 563 19 1 563 0 0 
35940 383 563 600 563 19 1 563 0 0 
35945 387 567 600 567 19 1 567 0 0 
35950 391 567 600 567 19 1 567 0 0 
35955 392 570 600 570 19 1 570 0 0 
35960 396 575 598 575 19 1 575 0 0 
35965 400 575 600 575 19 1 575 0 0 
35970 402 578 600 578 19 1 578 0 0 
35975 405 578 600 578 19 1 578 0 0 
35980 407 578 598 578 19 1 578 0 0 
35985 411 582 600 582 19 1 582 0 0 
35990 414 582 600 582 19 1 582 0 0 
35995 416 582 600 582 19 1 582 0 0 
36000 420 585 598 585 19 1 585 0 0 
36005 423 585 600 585 19 1 585 0 0 
36010 425 590 598 590 19 1 590 0 0 
36015 429 593 600 593 19 1 593 0 0 
36020 432 593 598 593 19 1 593 0 0 
36025 436 593 600 593 19 1 593 0 0 
36030 438 593 600 593 19 1 593 0 0 
36035 441 593 600 593 19 1 593 0 0 
36040 444 590 598 590 19 1 590 0 0 
36045 448 590 600 590 19 1 590 0 0 
36050 450 590 600 590 19 1 590 0 0 
36055 453 590 598 590 19 1 590 0 0 
36060 457 590 598 590 19 1 590 0 0 
36065 461 593 600 593 19 1 593 0 0 
36070 462 593 598 593 19 1 593 0 0 
36075 464 590 598 590 19 1 590 0 0 
36080 468 590 600 590 19 1 590 0 0 
36085 473 590 598 590 19 1 590 0 0 
36090 475 585 598 585 19 1 585 0 0 
36095 479 582 600 582 19 1 582 0 0 
36100 481 582 600 582 19 1 582 0 0 
36105 484 582 600 582 19 1 582 0 0 
36110 488 582 600 582 19 1 582 0 0 
36115 490 582 600 582 19 1 582 0 0 
36120 493 582 598 582 19 1 582 0 0 
36125 497 578 600 578 19 1 578 0 0 
36130 499 578 598 578 19 1 578 0 0 
36135 502 575 598 575 19 1 575 0 0 
36140 506 575 600 575 19 1 575 0 0 
36145 510 570 600 570 19 1 570 0 0 
36150 511 570 600 570 19 1 570 0 0 
36155 515 570 598 570 19 1 570 0 0 
36160 517 570 600 570 19 1 570 0 0 
36165 520 570 598 570 19 1 570 0 0 
36170 524 570 598 570 19 1 570 0 0 
36175 526 567 600 567 19 1 567 0 0 
36180 530 570 600 570 19 1 570 0 0 
36185 533 567 600 567 19 1 567 0 0 
36190 537 567 600 567 19 1 567 0 0 
36195 539 563 600 563 19 1 563 0 0 
36200 542 563 600 563 19 1 563 0 0 
36205 546 563 600 563 19 1 563 0 0 
36210 548 563 600 563 19 1 563 0 0 
36215 551 560 598 560 19 1 560 0 0 
36220 553 560 600 560 19 1 560 0 0 
36225 557 560 600 560 19 1 560 0 0 
36230 560 560 600 560 19 1 560 0 0 
36235 562 560 600 560 19 1 560 0 0 
36240 566 563 598 563 19 1 563 0 0 
36245 568 560 600 560 19 1 560 0 0 
36250 571 560 600 560 19 1 560 0 0 
36255 575 560 600 560 19 1 560 0 0 
36260 577 560 600 560 19 1 560 0 0 
36265 580 560 600 560 19 1 560 0 0 
36270 584 560 600 560 19 1 560 0 0 
36275 586 560 600 560 19 1 560 0 0 
36280 588 560 600 560 19 1 560 0 0 
36285 593 560 600 560 19 1 560 0 0 
36290 595 560 600 560 19 1 560 0 0 
36295 598 560 598 560 19 1 560 0 0 
36300 600 560 600 560 19 1 560 0 0 
36305 604 555 600 555 19 1 555 0 0 
36310 607 555 600 555 19 1 555 0 0 
36315 611 555 598 555 19 1 555 0 0 
36320 613 555 600 555 19 1 555 0 0 
36325 617 552 600 552 19 1 552 0 0 
36330 618 552 600 552 19 1 552 0 0 
36335 622 552 600 552 19 1 552 0 0 
36340 624 548 600 548 19 1 548 0 0 
36345 629 545 598 545 19 1 545 0 0 
36350 631 545 600 545 19 1 545 0 0 
36355 635 540 600 540 19 1 540 0 0 
36360 638 540 600 540 19 1 540 0 0 
36365 640 537 600 537 19 1 537 0 0 
36370 642 537 600 537 19 1 537 0 0 
36375 646 537 600 537 19 1 537 0 0 
36380 649 533 600 533 19 1 533 0 0 
36385 653 533 598 533 19 1 533 0 0 
36390 656 530 600 530 19 1 530 0 0 
36395 659 525 600 525 19 1 525 0 0 
36400 663 522 600 522 19 1 522 0 0 
36405 667 518 600 518 19 1 518 0 0 
36410 668 515 600 515 19 1 515 0 0 
36415 670 510 600 510 19 1 510 0 0 
36420 672 507 600 507 19 1 507 0 0 
36425 677 503 598 503 19 1 503 0 0 
36430 679 500 600 500 19 1 500 0 0 
36435 683 500 600 500 19 1 500 0 0 
36440 685 495 600 495 19 1 495 0 0 
36445 688 492 600 492 19 1 492 0 0 
36450 692 492 598 492 19 1 492 0 0 
36455 694 488 598 488 19 1 488 0 0 
36460 697 485 600 485 19 1 485 0 0 
36465 701 480 598 480 19 1 480 0 0 
36470 705 480 600 480 19 1 480 0 0 
36475 706 477 600 477 19 1 477 0 0 
36480 710 477 600 477 19 1 477 0 0 
36485 714 477 600 477 19 1 477 0 0 
36490 715 477 600 477 19 1 477 0 0 
36495 719 477 600 477 19 1 477 0 0 
36500 721 477 600 477 19 1 477 0 0 
36505 725 480 598 480 19 1 480 0 0 
36510 728 480 600 480 19 1 480 0 0 
36515 730 480 598 480 19 1 480 0 0 
36520 734 477 600 477 19 1 477 0 0 
36525 737 477 600 477 19 1 477 0 0 
36530 741 477 600 477 19 1 477 0 0 
36535 743 473 600 473 19 1 473 0 0 
36540 746 473 598 473 19 1 473 0 0 
36545 748 473 600 473 19 1 473 0 0 
36550 752 473 598 473 19 1 473 0 0 
36555 755 470 600 470 19 1 470 0 0 
36560 757 473 600 473 19 1 473 0 0 
36565 761 470 598 470 19 1 470 0 0 
36570 764 470 598 470 19 1 470 0 0 
36575 766 470 600 470 19 1 470 0 0 
36580 770 470 600 470 19 1 470 0 0 
36585 774 470 600 470 19 1 470 0 0 
36590 775 470 600 470 19 1 470 0 0 
36595 779 465 598 465 19 1 465 0 0 
36600 781 462 593 462 19 1 462 0 0 
36605 784 458 585 458 19 1 458 0 0 
36610 788 458 578 458 19 1 458 0 0 
36615 790 455 565 455 19 1 455 0 0 
36620 793 455 560 455 19 1 455 0 0 
36625 795 450 550 450 19 1 450 0 0 
36630 797 455 540 455 19 1 455 0 0 
36635 801 458 528 458 19 1 458 0 0 
36640 803 462 520 462 19 1 462 0 0 
36645 806 465 513 465 19 1 465 0 0 
36650 810 465 500 465 19 1 465 0 0 
36655 812 465 493 465 19 1 465 0 0 
36660 813 462 485 462 19 1 462 0 0 
36665 817 465 475 465 19 1 465 0 0 
36670 819 465 468 465 19 1 465 0 0 
36675 821 465 455 465 19 1 465 0 0 
36680 822 465 448 465 19 1 465 0 0 
36685 826 465 443 465 19 1 465 0 0 
36690 828 470 428 470 19 1 470 0 0 
36695 830 470 418 470 19 1 470 0 0 
36700 832 470 408 470 19 1 470 0 0 
36705 833 473 403 473 19 1 473 0 0 
36710 835 473 393 473 19 1 473 0 0 
36715 839 473 383 473 19 1 473 0 0 
36720 841 470 375 470 19 1 470 0 0 
36725 842 470 363 470 19 1 470 0 0 
36730 844 465 353 465 19 1 465 0 0 
36735 846 465 350 465 19 1 465 0 0 
36740 848 462 340 462 19 1 462 0 0 
36745 848 462 328 462 19 1 462 0 0 
36750 852 458 315 458 19 1 458 0 0 
36755 852 455 305 455 19 1 455 0 0 
36760 853 450 300 450 19 1 450 0 0 
36765 855 443 288 443 19 1 443 0 0 
36770 857 443 278 443 19 1 443 0 0 
36775 859 440 273 440 19 1 440 0 0 
36780 859 440 260 440 19 1 440 0 0 
36785 861 440 250 440 19 1 440 0 0 
36790 862 440 240 440 19 1 440 0 0 
36795 862 435 238 435 19 1 435 0 0 
36800 864 428 235 428 19 1 428 0 0 
36805 866 420 223 420 19 1 420 0 0 
36810 866 413 210 413 19 1 413 0 0 
36815 868 402 200 402 19 1 402 0 0 
36820 871 398 188 398 19 1 398 0 0 
36825 871 395 173 395 19 1 395 0 0 
36830 871 390 155 390 19 1 390 0 0 
36835 872 395 148 395 19 1 395 0 0 
36840 872 395 145 395 19 1 395 0 0 
36845 874 402 135 402 19 1 402 0 0 
36850 874 405 133 405 19 1 405 0 0 
36855 874 410 130 410 19 1 410 0 0 
36860 876 410 120 410 19 1 410 0 0 
36865 876 405 118 405 19 1 405 0 0 
36870 878 398 118 398 19 1 398 0 0 
36875 878 390 110 390 19 1 390 0 0 
36880 878 380 105 380 19 1 380 0 0 
36885 880 372 100 372 19 1 372 0 0 
36890 880 365 100 365 19 1 365 0 0 
36895 880 360 90 360 19 1 360 0 0 
36900 880 353 80 353 19 1 353 0 0 
36905 880 350 83 350 19 1 350 0 0 
36910 882 342 80 342 19 1 342 0 0 
36915 882 338 78 338 19 1 338 0 0 
36920 882 330 68 330 19 1 330 0 0 
36925 882 327 55 327 19 1 327 0 0 
36930 883 327 58 327 19 1 327 0 0 
36935 883 323 55 323 19 1 323 0 0 
36940 883 323 53 323 19 1 323 0 0 
36945 883 327 53 327 19 1 327 0 0 
36950 883 327 53 327 19 1 327 0 0 
36955 883 327 50 327 19 1 327 0 0 
36960 883 323 53 323 19 1 323 0 0 
36965 883 320 53 320 19 1 320 0 0 
36970 883 308 53 308 19 1 308 0 0 
36975 885 305 50 305 19 1 305 0 0 
36980 883 297 43 297 19 1 297 0 0 
36985 885 293 43 293 19 1 293 0 0 
36990 885 293 43 293 19 1 293 0 0 
36995 885 297 40 297 19 1 297 0 0 
37000 885 300 43 300 19 1 300 0 0 
37005 885 305 43 305 19 1 305 0 0 
37010 885 308 40 308 19 1 308 0 0 
37015 887 305 35 305 19 1 305 0 0 
37020 887 305 38 305 19 1 305 0 0 
37025 887 297 35 297 19 1 297 0 0 
37030 887 293 35 293 19 1 293 0 0 
37035 887 285 30 285 19 1 285 0 0 
37040 887 282 35 282 19 1 282 0 0 
37045 887 278 35 278 19 1 278 0 0 
37050 887 275 30 275 19 1 275 0 0 
37055 887 275 35 275 19 1 275 0 0 
37060 887 270 35 270 19 1 270 0 0 
37065 887 263 35 263 19 1 263 0 0 
37070 889 255 30 255 19 1 255 0 0 
37075 889 252 28 252 19 1 252 0 0 
37080 889 245 28 245 19 1 245 0 0 
37085 889 240 28 240 19 1 240 0 0 
37090 889 237 28 237 19 1 237 0 0 
37095 889 230 28 230 19 1 230 0 0 
37100 889 225 28 225 19 1 225 0 0 
37105 889 218 28 218 19 1 218 0 0 
37110 889 215 28 215 19 1 215 0 0 
37115 889 207 28 207 19 1 207 0 0 
37120 889 200 28 200 19 1 200 0 0 
37125 889 192 25 192 19 1 192 0 0 
37130 891 185 18 185 19 1 185 0 0 
37135 889 177 25 177 19 1 177 0 0 
37140 889 170 25 170 19 1 170 0 0 
37145 891 162 18 162 19 1 162 0 0 
37150 889 155 25 155 19 1 155 0 0 
37155 891 147 28 147 19 1 147 0 0 
37160 889 143 18 143 19 1 143 0 0 
37165 889 140 15 140 19 1 140 0 0 
37170 891 135 18 135 19 1 135 0 0 
37175 891 132 15 132 19 1 132 0 0 
37180 891 128 15 128 19 1 128 0 0 
37185 891 120 15 120 19 1 120 0 0 
37190 891 117 15 117 19 1 117 0 0 
37195 891 113 15 113 19 1 113 0 0 
37200 891 105 15 105 19 1 105 0 0 
37205 891 102 15 102 19 1 102 0 0 
37210 891 98 13 98 19 1 98 0 0 
37215 891 90 15 90 19 1 90 0 0 
37220 891 87 15 87 19 1 87 0 0 
37225 891 83 13 83 19 1 83 0 0 
37230 891 80 15 80 19 1 80 0 0 
37235 891 75 13 75 19 1 75 0 0 
37240 891 72 15 72 19 1 72 0 0 
37245 891 68 15 68 19 1 68 0 0 
37250 892 65 13 65 19 1 65 0 0 
37255 891 65 15 65 19 1 65 0 0 
37260 891 60 13 60 19 1 60 0 0 
37265 891 60 13 60 19 1 60 0 0 
37270 892 60 13 60 19 1 60 0 0 
37275 891 60 13 60 19 1 60 0 0 
37280 892 60 13 60 19 1 60 0 0 
37285 891 57 10 57 19 1 57 0 0 
37290 892 57 13 57 19 1 57 0 0 
37295 891 53 10 53 19 1 53 0 0 
37300 892 50 10 50 19 1 50 0 0 
37305 892 50 10 50 19 1 50 0 0 
37310 892 45 10 45 19 1 45 0 0 
37315 892 45 10 45 19 1 45 0 0 
37320 892 45 10 45 19 1 45 0 0 
37325 892 45 10 45 19 1 45 0 0 
37330 892 45 10 45 19 1 45 0 0 
37335 892 45 10 45 19 1 45 0 0 
37340 892 45 5 45 19 1 45 0 0 
37345 892 45 5 45 19 1 45 0 0 
37350 892 42 10 42 19 1 42 0 0 
37355 891 42 5 42 19 1 42 0 0 
37360 892 42 10 42 19 1 42 0 0 
37365 892 42 5 42 19 1 42 0 0 
37370 892 42 10 42 19 1 42 0 0 
37375 892 42 10 42 19 1 42 0 0 
37380 892 42 5 42 19 1 42 0 0 
37385 892 42 10 42 19 1 42 0 0 
37390 892 42 5 42 19 1 42 0 0 
37395 892 38 10 38 19 1 38 0 0 
37400 892 38 10 38 19 1 38 0 0 
37405 892 38 10 38 19 1 38 0 0 
37410 892 38 10 38 19 1 38 0 0 
37415 892 38 10 38 19 1 38 0 0 
37420 892 35 5 35 19 1 35 0 0 
37425 892 35 10 35 19 1 35 0 0 
37430 892 30 10 30 19 1 30 0 0 
37435 892 30 5 30 19 1 30 0 0 
37440 892 30 10 30 19 1 30 0 0 
37445 892 27 5 27 19 1 27 0 0 
37450 892 23 10 23 19 1 23 0 0 
37455 892 23 10 23 19 1 23 0 0 
37460 892 20 5 20 19 1 20 0 0 
37465 892 20 5 20 19 1 20 0 0 
37470 892 20 5 20 19 1 20 0 0 
37475 892 15 3 15 19 1 15 0 0 
37480 892 15 3 15 19 1 15 0 0 
37485 894 12 3 12 19 1 12 0 0 
37490 892 12 3 12 19 1 12 0 0 
37495 892 12 3 12 19 1 12 0 0 
37500 892 12 3 12 19 1 12 0 0 
37505 894 12 3 12 19 1 12 0 0 
37510 894 12 3 12 19 1 12 0 0 
37515 894 8 3 8 19 1 8 0 0 
37520 892 8 3 8 19 1 8 0 0 
37525 892 8 3 8 19 1 8 0 0 
37530 894 5 -0 5 19 1 5 0 0 
37535 894 5 3 5 19 1 5 0 0 
37540 892 5 3 5 19 1 5 0 0 
37545 892 -0 3 -0 19 1 -0 0 0 
37550 892 -0 -0 -0 19 1 -0 0 0 
37555 894 5 -0 5 19 1 5 0 0 
37560 894 -0 3 -0 19 1 -0 0 0 
37565 892 -0 -0 -0 19 1 -0 0 0 
37570 894 -0 -0 -0 19 1 -0 0 0 
37575 892 -0 -0 -0 19 1 -0 0 0 
37580 894 -5 -0 -5 19 1 -5 0 0 
37585 894 -0 -0 -0 19 1 -0 0 0 
37590 892 -5 -0 -5 19 1 -5 0 0 
37595 894 -5 -0 -5 19 1 -5 0 0 
37600 894 -5 -0 -5 19 1 -5 0 0 
37605 894 -5 -0 -5 19 1 -5 0 0 
37610 892 -5 -0 -5 19 1 -5 0 0 
37615 892 -5 -0 -5 19 1 -5 0 0 
37620 894 -8 -0 -8 19 1 -8 0 0 
37625 894 -8 -0 -8 19 1 -8 0 0 
37630 894 -8 -0 -8 19 1 -8 0 0 
37635 894 -8 -0 -8 19 1 -8 0 0 
37640 894 -8 -0 -8 19 1 -8 0 0 
37645 894 -12 -0 -12 19 1 -12 0 0 
37650 894 -12 -0 -12 19 1 -12 0 0 
37655 894 -12 -0 -12 19 1 -12 0 0 
37660 892 -12 -0 -12 19 1 -12 0 0 
37665 892 -12 -0 -12 19 1 -12 0 0 
37670 892 -12 -0 -12 19 1 -12 0 0 
37675 894 -12 -0 -12 19 1 -12 0 0 
37680 894 -12 -0 -12 19 1 -12 0 0 
37685 894 -12 -0 -12 19 1 -12 0 0 
37690 894 -12 -0 -12 19 1 -12 0 0 
37695 892 -12 -0 -12 19 1 -12 0 0 
37700 892 -12 -0 -12 19 1 -12 0 0 
37705 892 -12 -0 -12 19 1 -12 0 0 
37710 894 -12 -0 -12 19 1 -12 0 0 
37715 894 -12 -0 -12 19 1 -12 0 0 
37720 892 -12 -0 -12 19 1 -12 0 0 
37725 892 -12 -0 -12 19 1 -12 0 0 
37730 894 -12 -0 -12 19 1 -12 0 0 
37735 892 -12 -0 -12 19 1 -12 0 0 
37740 892 -12 -0 -12 19 1 -12 0 0 
37745 894 -12 -0 -12 19 1 -12 0 0 
37750 894 -12 -0 -12 19 1 -12 0 0 
37755 894 -12 -0 -12 19 1 -12 0 0 
37760 892 -12 -0 -12 19 1 -12 0 0 
37765 892 -12 -0 -12 19 1 -12 0 0 
37770 894 -12 -3 -12 19 1 -12 0 0 
37775 892 -12 -3 -12 19 1 -12 0 0 
37780 892 -12 -3 -12 19 1 -12 0 0 
37785 892 -12 -3 -12 19 1 -12 0 0 
37790 894 -12 -3 -12 19 1 -12 0 0 
37795 892 -12 -3 -12 19 1 -12 0 0 
37800 894 -12 -3 -12 19 1 -12 0 0 
37805 894 -12 -3 -12 19 1 -12 0 0 
37810 892 -12 -3 -12 19 1 -12 0 0 
37815 892 -12 -3 -12 19 1 -12 0 0 
37820 892 -12 -3 -12 19 1 -12 0 0 
37825 892 -12 -5 -12 19 1 -12 0 0 
37830 892 -12 -5 -12 19 1 -12 0 0 
37835 892 -12 -5 -12 19 1 -12 0 0 
37840 892 -12 -5 -12 19 1 -12 0 0 
37845 892 -12 -5 -12 19 1 -12 0 0 
37850 892 -12 -5 -12 19 1 -12 0 0 
37855 892 -12 -5 -12 19 1 -12 0 0 
37860 892 -12 -5 -12 19 1 -12 0 0 
37865 892 -12 -5 -12 19 1 -12 0 0 
37870 892 -12 -5 -12 19 1 -12 0 0 
37875 892 -12 -10 -12 19 1 -12 0 0 
37880 892 -12 -13 -12 19 1 -12 0 0 
37885 892 -12 -13 -12 19 1 -12 0 0 
37890 892 -12 -13 -12 19 1 -12 0 0 
37895 892 -12 -13 -12 19 1 -12 0 0 
37900 892 -12 -13 -12 19 1 -12 0 0 
37905 892 -12 -13 -12 19 1 -12 0 0 
37910 892 -12 -15 -12 19 1 -12 0 0 
37915 891 -12 -13 -12 19 1 -12 0 0 
37920 892 -12 -15 -12 19 1 -12 0 0 
37925 892 -12 -15 -12 19 1 -12 0 0 
37930 891 -12 -15 -12 19 1 -12 0 0 
37935 892 -12 -15 -12 19 1 -12 0 0 
37940 891 -12 -15 -12 19 1 -12 0 0 
37945 892 -12 -15 -12 19 1 -12 0 0 
37950 891 -12 -18 -12 19 1 -12 0 0 
37955 891 -12 -18 -12 19 1 -12 0 0 
37960 891 -12 -18 -12 19 1 -12 0 0 
37965 891 -12 -18 -12 19 1 -12 0 0 
37970 891 -12 -18 -12 19 1 -12 0 0 
37975 891 -12 -23 -12 19 1 -12 0 0 
37980 891 -12 -23 -12 19 1 -12 0 0 
37985 891 -12 -23 -12 19 1 -12 0 0 
37990 891 -12 -23 -12 19 1 -12 0 0 
37995 891 -12 -23 -12 19 1 -12 0 0 
38000 891 -12 -23 -12 19 1 -12 0 0 
38005 889 -12 -25 -12 19 1 -12 0 0 
38010 891 -12 -23 -12 19 1 -12 0 0 
38015 891 -12 -25 -12 19 1 -12 0 0 
38020 889 -12 -25 -12 19 1 -12 0 0 
38025 889 -12 -25 -12 19 1 -12 0 0 
38030 889 -12 -28 -12 19 1 -12 0 0 
38035 889 -12 -28 -12 19 1 -12 0 0 
38040 889 -12 -28 -12 19 1 -12 0 0 
38045 889 -12 -28 -12 19 1 -12 0 0 
38050 889 -12 -28 -12 19 1 -12 0 0 
38055 889 -12 -30 -12 19 1 -12 0 0 
38060 889 -12 -28 -12 19 1 -12 0 0 
38065 889 -12 -30 -12 19 1 -12 0 0 
38070 889 -12 -30 -12 19 1 -12 0 0 
38075 887 -12 -30 -12 19 1 -12 0 0 
38080 887 -12 -35 -12 19 1 -12 0 0 
38085 887 -12 -35 -12 19 1 -12 0 0 
38090 887 -12 -35 -12 19 1 -12 0 0 
38095 887 -15 -35 -15 19 1 -15 0 0 
38100 887 -12 -35 -12 19 1 -12 0 0 
38105 887 -12 -35 -12 19 1 -12 0 0 
38110 887 -12 -35 -12 19 1 -12 0 0 
38115 887 -12 -35 -12 19 1 -12 0 0 
38120 887 -12 -40 -12 19 1 -12 0 0 
38125 887 -12 -38 -12 19 1 -12 0 0 
38130 885 -12 -40 -12 19 1 -12 0 0 
38135 885 -12 -40 -12 19 1 -12 0 0 
38140 885 -15 -40 -15 19 1 -15 0 0 
38145 885 -12 -40 -12 19 1 -12 0 0 
38150 885 -12 -40 -12 19 1 -12 0 0 
38155 885 -12 -40 -12 19 1 -12 0 0 
38160 885 -12 -40 -12 19 1 -12 0 0 
38165 883 -12 -40 -12 19 1 -12 0 0 
38170 883 -12 -40 -12 19 1 -12 0 0 
38175 883 -12 -43 -12 19 1 -12 0 0 
38180 883 -12 -43 -12 19 1 -12 0 0 
38185 883 -12 -43 -12 19 1 -12 0 0 
38190 883 -12 -43 -12 19 1 -12 0 0 
38195 883 -12 -43 -12 19 1 -12 0 0 
38200 883 -8 -43 -8 19 1 -8 0 0 
38205 883 -8 -43 -8 19 1 -8 0 0 
38210 882 -8 -43 -8 19 1 -8 0 0 
38215 882 -8 -48 -8 19 1 -8 0 0 
38220 882 -8 -43 -8 19 1 -8 0 0 
38225 882 -12 -48 -12 19 1 -12 0 0 
38230 882 -12 -48 -12 19 1 -12 0 0 
38235 882 -12 -43 -12 19 1 -12 0 0 
38240 880 -12 -43 -12 19 1 -12 0 0 
38245 882 -8 -48 -8 20 1 -8 0 0 
38250 880 -8 -48 -8 20 1 -8 0 0 
38255 880 -8 -48 -8 20 1 -8 0 0 
38260 880 -8 -48 -8 20 1 -8 0 0 
38265 880 -8 -48 -8 20 1 -8 0 0 
38270 880 -8 -48 -8 20 1 -8 0 0 
38275 878 -8 -43 -8 20 1 -8 0 0 
38280 878 -8 -43 -8 20 1 -8 0 0 
38285 878 -8 -43 -8 20 1 -8 0 0 
38290 878 -8 -43 -8 20 1 -8 0 0 
38295 878 -5 -43 -5 20 1 -5 0 0 
38300 878 -5 -40 -5 20 1 -5 0 0 
38305 878 -5 -40 -5 20 1 -5 0 0 
38310 876 -5 -40 -5 20 1 -5 0 0 
38315 876 -8 -40 -8 20 1 -8 0 0 
38320 876 -8 -40 -8 20 1 -8 0 0 
38325 878 -8 -40 -8 20 1 -8 0 0 
38330 876 -8 -38 -8 20 1 -8 0 0 
38335 876 -5 -38 -5 20 1 -5 0 0 
38340 876 -5 -38 -5 20 1 -5 0 0 
38345 876 -5 -35 -5 20 1 -5 0 0 
38350 876 -5 -35 -5 20 1 -5 0 0 
38355 876 -5 -30 -5 20 1 -5 0 0 
38360 876 -5 -30 -5 20 1 -5 0 0 
38365 874 -8 -30 -8 20 1 -8 0 0 
38370 874 -5 -28 -5 20 1 -5 0 0 
38375 874 -8 -30 -8 20 1 -8 0 0 
38380 874 -8 -28 -8 20 1 -8 0 0 
38385 874 -8 -25 -8 20 1 -8 0 0 
38390 874 -5 -23 -5 20 1 -5 0 0 
38395 874 -5 -23 -5 20 1 -5 0 0 
38400 874 -5 -23 -5 20 1 -5 0 0 
38405 874 -5 -18 -5 20 1 -5 0 0 
38410 874 -5 -18 -5 20 1 -5 0 0 
38415 874 -8 -18 -8 20 1 -8 0 0 
38420 874 -8 -15 -8 20 1 -8 0 0 
38425 874 -8 -13 -8 20 1 -8 0 0 
38430 874 -8 -10 -8 20 1 -8 0 0 
38435 872 -5 -10 -5 20 1 -5 0 0 
38440 872 -5 -5 -5 20 1 -5 0 0 
38445 872 -5 -3 -5 20 1 -5 0 0 
38450 872 -0 -3 -0 20 1 -0 0 0 
38455 872 -5 -3 -5 20 1 -5 0 0 
38460 872 -5 -0 -5 20 1 -5 0 0 
38465 872 -5 -0 -5 20 1 -5 0 0 
38470 872 -8 -0 -8 20 1 -8 0 0 
38475 872 -8 -0 -8 20 1 -8 0 0 
38480 874 -8 -0 -8 20 1 -8 0 0 
38485 872 -8 -0 -8 20 1 -8 0 0 
38490 874 -5 3 -5 20 1 -5 0 0 
38495 874 -5 -0 -5 20 1 -5 0 0 
38500 872 -5 3 -5 20 1 -5 0 0 
38505 872 -5 3 -5 20 1 -5 0 0 
38510 872 -5 3 -5 20 1 -5 0 0 
38515 874 -5 -0 -5 20 1 -5 0 0 
38520 872 -5 3 -5 20 1 -5 0 0 
38525 872 -5 -0 -5 20 1 -5 0 0 
38530 872 -0 3 -0 20 1 -0 0 0 
38535 874 -0 3 -0 20 1 -0 0 0 
38540 874 -0 3 -0 20 1 -0 0 0 
38545 872 -0 3 -0 20 1 -0 0 0 
38550 872 -0 -0 -0 20 1 -0 0 0 
38555 874 -0 3 -0 20 1 -0 0 0 
38560 872 -0 -0 -0 20 1 -0 0 0 
38565 872 -0 3 -0 20 1 -0 0 0 
38570 872 -0 3 -0 20 1 -0 0 0 
38575 872 -0 3 -0 20 1 -0 0 0 
38580 872 -0 -0 -0 20 1 -0 0 0 
38585 874 -0 3 -0 20 1 -0 0 0 
38590 874 -0 -0 -0 20 1 -0 0 0 
38595 874 -0 -0 -0 20 1 -0 0 0 
38600 874 -0 -0 -0 20 1 -0 0 0 
38605 874 -0 3 -0 20 1 -0 0 0 
38610 872 -0 3 -0 20 1 -0 0 0 
38615 874 -0 -0 -0 20 1 -0 0 0 
38620 872 -0 -0 -0 20 1 -0 0 0 
38625 872 -0 -0 -0 20 1 -0 0 0 
38630 872 -0 -0 -0 20 1 -0 0 0 
38635 872 -0 -0 -0 20 1 -0 0 0 
38640 874 -5 3 -5 20 1 -5 0 0 
38645 874 -5 3 -5 20 1 -5 0 0 
38650 874 -0 3 -0 20 1 -0 0 0 
38655 872 -0 3 -0 20 1 -0 0 0 
38660 872 -0 3 -0 20 1 -0 0 0 
38665 872 -0 3 -0 20 1 -0 0 0 
38670 874 -0 3 -0 20 1 -0 0 0 
38675 872 -0 3 -0 20 1 -0 0 0 
38680 874 -0 3 -0 20 1 -0 0 0 
38685 874 -0 3 -0 20 1 -0 0 0 
38690 872 -0 3 -0 20 1 -0 0 0 
38695 874 -0 3 -0 20 1 -0 0 0 
38700 874 -0 3 -0 20 1 -0 0 0 
38705 872 -0 3 -0 20 1 -0 0 0 
38710 872 -0 3 -0 20 1 -0 0 0 
38715 872 -0 -0 -0 20 1 -0 0 0 
38720 872 -0 3 -0 20 1 -0 0 0 
38725 874 -0 3 -0 20 1 -0 0 0 
38730 872 -0 -0 -0 20 1 -0 0 0 
38735 872 -0 -0 -0 20 1 -0 0 0 
38740 874 -0 -0 -0 20 1 -0 0 0 
38745 874 -0 3 -0 20 1 -0 0 0 
38750 874 -0 3 -0 20 1 -0 0 0 
38755 872 -0 -0 -0 20 1 -0 0 0 
38760 872 -0 3 -0 20 1 -0 0 0 
38765 872 -0 -0 -0 20 1 -0 0 0 
38770 872 -0 -0 -0 20 1 -0 0 0 
38775 874 -0 3 -0 20 1 -0 0 0 
38780 874 -0 3 -0 20 1 -0 0 0 
38785 872 -0 3 -0 20 1 -0 0 0 
38790 872 -0 3 -0 20 1 -0 0 0 
38795 874 -0 3 -0 20 1 -0 0 0 
38800 872 -0 3 -0 20 1 -0 0 0 
38805 872 -0 3 -0 20 1 -0 0 0 
38810 872 -0 -0 -0 20 1 -0 0 0 
38815 874 -0 3 -0 20 1 -0 0 0 
38820 872 -0 -0 -0 20 1 -0 0 0 
38825 872 -0 -0 -0 20 1 -0 0 0 
38830 872 -5 3 -5 20 1 -5 0 0 
38835 874 -0 -0 -0 20 1 -0 0 0 
38840 874 -0 -0 -0 20 1 -0 0 0 
38845 872 -0 3 -0 20 1 -0 0 0 
38850 874 -0 -0 -0 20 1 -0 0 0 
38855 872 -0 3 -0 20 1 -0 0 0 
38860 874 -0 -0 -0 20 1 -0 0 0 
38865 874 -0 -0 -0 20 1 -0 0 0 
38870 872 -0 -0 -0 20 1 -0 0 0 
38875 872 -5 3 -5 20 1 -5 0 0 
38880 872 -5 3 -5 20 1 -5 0 0 
38885 874 -5 3 -5 20 1 -5 0 0 
38890 872 -5 -0 -5 20 1 -5 0 0 
38895 874 -0 3 -0 20 1 -0 0 0 
38900 874 -5 -0 -5 20 1 -5 0 0 
38905 874 -0 3 -0 20 1 -0 0 0 
38910 874 -0 -0 -0 20 1 -0 0 0 
38915 874 -0 -0 -0 20 1 -0 0 0 
38920 874 -0 3 -0 20 1 -0 0 0 
38925 874 -0 3 -0 20 1 -0 0 0 
38930 874 -0 3 -0 20 1 -0 0 0 
38935 874 -0 -0 -0 20 1 -0 0 0 
38940 874 -0 -0 -0 20 1 -0 0 0 
38945 874 -0 -0 -0 20 1 -0 0 0 
38950 874 -5 -0 -5 20 1 -5 0 0 
38955 872 -0 -0 -0 20 1 -0 0 0 
38960 874 -0 3 -0 20 1 -0 0 0 
38965 874 -0 -0 -0 20 1 -0 0 0 
38970 874 -0 3 -0 20 1 -0 0 0 
38975 874 -0 3 -0 20 1 -0 0 0 
38980 874 -5 3 -5 20 1 -5 0 0 
38985 874 -5 3 -5 20 1 -5 0 0 
38990 874 -0 -0 -0 20 1 -0 0 0 
38995 874 -0 -0 -0 20 1 -0 0 0 
39000 874 -5 3 -5 20 1 -5 0 0 
39005 874 -5 3 -5 20 1 -5 0 0 
39010 874 -0 3 -0 20 1 -0 0 0 
39015 874 -5 3 -5 20 1 -5 0 0 
39020 874 -5 3 -5 20 1 -5 0 0 
39025 874 -5 3 -5 20 1 -5 0 0 
39030 874 -5 5 -5 20 1 -5 0 0 
39035 874 -5 3 -5 20 1 -5 0 0 
39040 874 -0 3 -0 20 1 -0 0 0 
39045 874 -5 3 -5 20 1 -5 0 0 
39050 874 -5 3 -5 20 1 -5 0 0 
39055 874 -0 3 -0 20 1 -0 0 0 
39060 874 -0 -0 -0 20 1 -0 0 0 
39065 874 -0 -0 -0 20 1 -0 0 0 
39070 874 -0 -0 -0 20 1 -0 0 0 
39075 874 -0 3 -0 20 1 -0 0 0 
39080 874 -0 -0 -0 20 1 -0 0 0 
39085 874 -0 -0 -0 20 1 -0 0 0 
39090 874 -5 -0 -5 20 1 -5 0 0 
39095 874 -5 -0 -5 20 1 -5 0 0 
39100 874 -5 3 -5 20 1 -5 0 0 
39105 874 -0 -0 -0 20 1 -0 0 0 
39110 874 -5 -0 -5 20 1 -5 0 0 
39115 874 -0 -0 -0 20 1 -0 0 0 
39120 874 -0 3 -0 20 1 -0 0 0 
39125 874 -0 -0 -0 20 1 -0 0 0 
39130 874 -5 -0 -5 20 1 -5 0 0 
39135 874 -5 3 -5 20 1 -5 0 0 
39140 874 -5 3 -5 20 1 -5 0 0 
39145 874 -5 3 -5 20 1 -5 0 0 
39150 874 -5 3 -5 20 1 -5 0 0 
39155 874 -5 -0 -5 20 1 -5 0 0 
39160 874 -5 3 -5 20 1 -5 0 0 
39165 874 -5 -0 -5 20 1 -5 0 0 
39170 874 -0 3 -0 20 1 -0 0 0 
39175 874 -0 3 -0 20 1 -0 0 0 
39180 874 -5 3 -5 20 1 -5 0 0 
39185 874 -5 -0 -5 20 1 -5 0 0 
39190 874 -5 3 -5 20 1 -5 0 0 
39195 874 -0 3 -0 20 1 -0 0 0 
39200 874 -5 3 -5 20 1 -5 0 0 
39205 874 -5 -0 -5 20 1 -5 0 0 
39210 874 -0 -0 -0 20 1 -0 0 0 
39215 874 -0 -0 -0 20 1 -0 0 0 
39220 874 -0 3 -0 20 1 -0 0 0 
39225 874 -5 -0 -5 20 1 -5 0 0 
39230 874 -5 3 -5 20 1 -5 0 0 
39235 874 -0 -0 -0 20 1 -0 0 0 
39240 874 -5 3 -5 20 1 -5 0 0 
39245 874 -5 3 -5 20 1 -5 0 0 
39250 874 -5 3 -5 20 1 -5 0 0 
39255 874 -5 3 -5 20 1 -5 0 0 
39260 874 -5 3 -5 20 1 -5 0 0 
39265 874 -5 3 -5 20 1 -5 0 0 
39270 874 -5 -0 -5 20 1 -5 0 0 
39275 874 -5 3 -5 20 1 -5 0 0 
39280 874 -0 3 -0 20 1 -0 0 0 
39285 874 -5 -0 -5 20 1 -5 0 0 
39290 874 -5 -0 -5 20 1 -5 0 0 
39295 874 -5 -0 -5 20 1 -5 0 0 
39300 874 -5 -0 -5 20 1 -5 0 0 
39305 874 -0 3 -0 20 1 -0 0 0 
39310 874 -5 3 -5 20 1 -5 0 0 
39315 874 -5 -0 -5 20 1 -5 0 0 
39320 874 -5 3 -5 20 1 -5 0 0 
39325 874 -5 3 -5 20 1 -5 0 0 
39330 874 -5 3 -5 20 1 -5 0 0 
39335 874 -5 3 -5 20 1 -5 0 0 
39340 874 -5 -0 -5 20 1 -5 0 0 
39345 874 -0 3 -0 20 1 -0 0 0 
39350 874 -5 -0 -5 20 1 -5 0 0 
39355 874 -5 3 -5 20 1 -5 0 0 
39360 874 -0 3 -0 20 1 -0 0 0 
39365 874 -5 -0 -5 20 1 -5 0 0 
39370 874 -5 -0 -5 20 1 -5 0 0 
39375 874 -5 3 -5 20 1 -5 0 0 
39380 874 -5 -0 -5 20 1 -5 0 0 
39385 874 -5 3 -5 20 1 -5 0 0 
39390 874 -0 3 -0 20 1 -0 0 0 
39395 874 -0 -0 -0 20 1 -0 0 0 
39400 874 -0 3 -0 20 1 -0 0 0 
39405 874 -0 -0 -0 20 1 -0 0 0 
39410 874 -5 3 -5 20 1 -5 0 0 
39415 874 -0 3 -0 20 1 -0 0 0 
39420 874 -5 -0 -5 20 1 -5 0 0 
39425 874 -5 3 -5 20 1 -5 0 0 
39430 874 -5 -0 -5 20 1 -5 0 0 
39435 874 -5 3 -5 20 1 -5 0 0 
39440 874 -0 3 -0 20 1 -0 0 0 
39445 874 -0 3 -0 20 1 -0 0 0 
39450 874 -5 3 -5 20 1 -5 0 0 
39455 874 -5 3 -5 20 1 -5 0 0 
39460 874 -5 3 -5 20 1 -5 0 0 
39465 874 -5 3 -5 20 1 -5 0 0 
39470 874 -0 -0 -0 20 1 -0 0 0 
39475 874 -5 3 -5 20 1 -5 0 0 
39480 874 -5 -0 -5 20 1 -5 0 0 
39485 874 -5 3 -5 20 1 -5 0 0 
39490 874 -5 -0 -5 20 1 -5 0 0 
39495 874 -5 3 -5 20 1 -5 0 0 
39500 874 -5 -0 -5 20 1 -5 0 0 
39505 874 -5 -0 -5 20 1 -5 0 0 
39510 874 -5 3 -5 20 1 -5 0 0 
39515 874 -5 -0 -5 20 1 -5 0 0 
39520 874 -5 3 -5 20 1 -5 0 0 
39525 874 -5 3 -5 20 1 -5 0 0 
39530 874 -5 3 -5 20 1 -5 0 0 
39535 874 -5 -0 -5 20 1 -5 0 0 
39540 874 -5 3 -5 20 1 -5 0 0 
39545 874 -5 3 -5 20 1 -5 0 0 
39550 874 -5 3 -5 20 1 -5 0 0 
39555 874 -5 3 -5 20 1 -5 0 0 
39560 874 -5 3 -5 20 1 -5 0 0 
39565 874 -5 3 -5 20 1 -5 0 0 
39570 874 -5 3 -5 20 1 -5 0 0 
39575 874 -5 3 -5 20 1 -5 0 0 
39580 874 -5 -0 -5 20 1 -5 0 0 
39585 874 -0 -0 -0 20 1 -0 0 0 
39590 874 -5 -0 -5 20 1 -5 0 0 
39595 874 -5 3 -5 20 1 -5 0 0 
39600 874 -5 -0 -5 20 1 -5 0 0 
39605 874 -5 3 -5 20 1 -5 0 0 
39610 874 -5 -0 -5 20 1 -5 0 0 
39615 876 -5 -0 -5 20 1 -5 0 0 
39620 874 -5 -0 -5 20 1 -5 0 0 
39625 874 -5 3 -5 20 1 -5 0 0 
39630 874 -5 -0 -5 20 1 -5 0 0 
39635 874 -5 -0 -5 20 1 -5 0 0 
39640 874 -5 3 -5 20 1 -5 0 0 
39645 874 -5 -0 -5 20 1 -5 0 0 
39650 874 -5 -0 -5 20 1 -5 0 0 
39655 874 -5 3 -5 20 1 -5 0 0 
39660 874 -5 -0 -5 20 1 -5 0 0 
39665 874 -5 -0 -5 20 1 -5 0 0 
39670 874 -5 3 -5 20 1 -5 0 0 
39675 874 -5 -0 -5 20 1 -5 0 0 
39680 874 -5 -0 -5 20 1 -5 0 0 
39685 874 -5 3 -5 20 1 -5 0 0 
39690 874 -5 3 -5 20 1 -5 0 0 
39695 874 -5 3 -5 20 1 -5 0 0 
39700 874 -5 3 -5 20 1 -5 0 0 
39705 874 -5 3 -5 20 1 -5 0 0 
39710 874 -5 -0 -5 20 1 -5 0 0 
39715 874 -5 3 -5 20 1 -5 0 0 
39720 874 -5 3 -5 20 1 -5 0 0 
39725 874 -5 -0 -5 20 1 -5 0 0 
39730 874 -5 3 -5 20 1 -5 0 0 
39735 874 -5 3 -5 20 1 -5 0 0 
39740 874 -5 -0 -5 20 1 -5 0 0 
39745 874 -0 -0 -0 20 1 -0 0 0 
39750 874 -5 -0 -5 20 1 -5 0 0 
39755 874 -5 3 -5 20 1 -5 0 0 
39760 874 -5 3 -5 20 1 -5 0 0 
39765 874 -5 3 -5 20 1 -5 0 0 
39770 874 -5 3 -5 20 1 -5 0 0 
39775 874 -5 3 -5 20 1 -5 0 0 
39780 874 -5 3 -5 20 1 -5 0 0 
39785 874 -5 3 -5 20 1 -5 0 0 
39790 874 -5 -0 -5 20 1 -5 0 0 
39795 874 -5 3 -5 20 1 -5 0 0 
39800 874 -5 3 -5 20 1 -5 0 0 
39805 874 -5 -0 -5 20 1 -5 0 0 
39810 874 -5 -0 -5 20 1 -5 0 0 
39815 874 -5 -0 -5 20 1 -5 0 0 
39820 874 -5 -0 -5 20 1 -5 0 0 
39825 874 -5 3 -5 20 1 -5 0 0 
39830 874 -5 -0 -5 20 1 -5 0 0 
39835 874 -5 -0 -5 20 1 -5 0 0 
39840 874 -5 3 -5 20 1 -5 0 0 
39845 874 -5 -0 -5 20 1 -5 0 0 
39850 874 -5 3 -5 20 1 -5 0 0 
39855 874 -5 3 -5 20 1 -5 0 0 
39860 874 -5 3 -5 20 1 -5 0 0 
39865 874 -5 -0 -5 20 1 -5 0 0 
39870 874 -5 -0 -5 20 1 -5 0 0 
39875 876 -5 -0 -5 20 1 -5 0 0 
39880 874 -5 -0 -5 20 1 -5 0 0 
39885 874 -5 -0 -5 20 1 -5 0 0 
39890 874 -5 3 -5 20 1 -5 0 0 
39895 874 -5 3 -5 20 1 -5 0 0 
39900 874 -5 -0 -5 20 1 -5 0 0 
39905 874 -5 -0 -5 20 1 -5 0 0 
39910 874 -5 3 -5 20 1 -5 0 0 
39915 874 -5 -0 -5 20 1 -5 0 0 
39920 874 -5 3 -5 20 1 -5 0 0 
39925 874 -5 -0 -5 20 1 -5 0 0 
39930 874 -0 -0 -0 20 1 -0 0 0 
39935 874 -5 -0 -5 20 1 -5 0 0 
39940 876 -5 -0 -5 20 1 -5 0 0 
39945 874 -5 -0 -5 20 1 -5 0 0 
39950 874 -5 -0 -5 20 1 -5 0 0 
39955 874 -5 -0 -5 20 1 -5 0 0 
39960 874 -5 3 -5 20 1 -5 0 0 
39965 874 -5 -0 -5 20 1 -5 0 0 
39970 874 -5 3 -5 20 1 -5 0 0 
39975 874 -5 -0 -5 20 1 -5 0 0 
39980 874 -5 -0 -5 20 1 -5 0 0 
39985 874 -5 3 -5 20 1 -5 0 0 
39990 874 -5 5 -5 20 1 -5 0 0 
39995 874 -5 3 -5 20 1 -5 0 0 
40000 874 -5 3 -5 20 1 -5 0 0 
40005 874 -5 3 -5 20 1 -5 0 0 
40010 876 -5 3 -5 20 1 -5 0 0 
40015 874 -5 3 -5 20 1 -5 0 0 
40020 874 -0 3 -0 20 1 -0 0 0 
40025 874 -5 -0 -5 20 1 -5 0 0 
40030 876 -0 3 -0 20 1 -0 0 0 
40035 874 -0 3 -0 20 1 -0 0 0 
40040 874 -0 -0 -0 20 1 -0 0 0 
40045 876 -0 -0 -0 20 1 -0 0 0 
40050 874 -5 3 -5 20 1 -5 0 0 
40055 876 -5 -0 -5 20 1 -5 0 0 
40060 874 -5 3 -5 20 1 -5 0 0 
40065 874 -5 -0 -5 20 1 -5 0 0 
40070 874 -5 3 -5 20 1 -5 0 0 
40075 874 -5 3 -5 20 1 -5 0 0 
40080 874 -5 -0 -5 20 1 -5 0 0 
40085 876 -5 3 -5 20 1 -5 0 0 
40090 874 -5 3 -5 20 1 -5 0 0 
40095 876 -5 3 -5 20 1 -5 0 0 
40100 874 -5 -0 -5 20 1 -5 0 0 
40105 874 -5 3 -5 20 1 -5 0 0 
40110 876 -5 -0 -5 20 1 -5 0 0 
40115 874 -5 3 -5 20 1 -5 0 0 
40120 874 -5 -0 -5 20 1 -5 0 0 
40125 876 -5 3 -5 20 1 -5 0 0 
40130 874 -5 3 -5 20 1 -5 0 0 
40135 874 -5 3 -5 20 1 -5 0 0 
40140 874 -5 3 -5 20 1 -5 0 0 
40145 874 -5 -0 -5 20 1 -5 0 0 
40150 874 -5 -0 -5 20 1 -5 0 0 
40155 874 -5 3 -5 20 1 -5 0 0 
40160 874 -5 -0 -5 20 1 -5 0 0 
40165 874 -5 -0 -5 20 1 -5 0 0 
40170 874 -5 3 -5 20 1 -5 0 0 
40175 876 -5 3 -5 20 1 -5 0 0 
40180 874 -5 -0 -5 20 1 -5 0 0 
40185 874 -5 -0 -5 20 1 -5 0 0 
40190 874 -5 -0 -5 20 1 -5 0 0 
40195 874 -5 -0 -5 20 1 -5 0 0 
40200 874 -5 -0 -5 20 1 -5 0 0 
40205 874 -5 3 -5 20 1 -5 0 0 
40210 876 -5 3 -5 20 1 -5 0 0 
40215 874 -5 -0 -5 20 1 -5 0 0 
40220 874 -5 3 -5 20 1 -5 0 0 
40225 874 -5 3 -5 20 1 -5 0 0 
40230 874 -5 3 -5 20 1 -5 0 0 
40235 874 -5 -0 -5 20 1 -5 0 0 
40240 874 -5 -0 -5 20 1 -5 0 0 
40245 874 -5 -0 -5 20 1 -5 0 0 
40250 874 -5 3 -5 20 1 -5 0 0 
40255 874 -5 3 -5 20 1 -5 0 0 
40260 874 -5 -0 -5 20 1 -5 0 0 
40265 874 -5 -0 -5 20 1 -5 0 0 
40270 874 -5 3 -5 20 1 -5 0 0 
40275 874 -5 -0 -5 20 1 -5 0 0 
40280 874 -5 -0 -5 20 1 -5 0 0 
40285 876 -5 -0 -5 20 1 -5 0 0 
40290 874 -5 3 -5 20 1 -5 0 0 
40295 874 -5 -0 -5 20 1 -5 0 0 
40300 874 -5 -0 -5 20 1 -5 0 0 
40305 874 -5 -0 -5 20 1 -5 0 0 
40310 874 -5 3 -5 20 1 -5 0 0 
40315 876 -5 3 -5 20 1 -5 0 0 
40320 874 -5 3 -5 20 1 -5 0 0 
40325 874 -5 -0 -5 20 1 -5 0 0 
40330 874 -5 -0 -5 20 1 -5 0 0 
40335 874 -5 -0 -5 20 1 -5 0 0 
40340 874 -5 3 -5 20 1 -5 0 0 
40345 876 -5 -0 -5 20 1 -5 0 0 
40350 874 -5 -0 -5 20 1 -5 0 0 
40355 876 -5 3 -5 20 1 -5 0 0 
40360 874 -5 3 -5 20 1 -5 0 0 
40365 874 -5 3 -5 20 1 -5 0 0 
40370 874 -5 3 -5 20 1 -5 0 0 
40375 876 -5 -0 -5 20 1 -5 0 0 
40380 874 -5 -0 -5 20 1 -5 0 0 
40385 874 -5 3 -5 20 1 -5 0 0 
40390 874 -5 3 -5 20 1 -5 0 0 
40395 874 -5 -0 -5 20 1 -5 0 0 
40400 874 -5 3 -5 20 1 -5 0 0 
40405 874 -5 -0 -5 20 1 -5 0 0 
40410 876 -5 -0 -5 20 1 -5 0 0 
40415 874 -5 3 -5 20 1 -5 0 0 
40420 874 -5 -0 -5 20 1 -5 0 0 
40425 874 -5 -0 -5 20 1 -5 0 0 
40430 874 -5 -0 -5 20 1 -5 0 0 
40435 874 -5 3 -5 20 1 -5 0 0 
40440 874 -5 3 -5 20 1 -5 0 0 
40445 874 -5 -0 -5 20 1 -5 0 0 
40450 874 -5 3 -5 20 1 -5 0 0 
40455 874 -5 -0 -5 20 1 -5 0 0 
40460 874 -5 3 -5 20 1 -5 0 0 
40465 874 -5 3 -5 20 1 -5 0 0 
40470 874 -5 -0 -5 20 1 -5 0 0 
40475 874 -5 3 -5 20 1 -5 0 0 
40480 874 -5 3 -5 20 1 -5 0 0 
40485 874 -5 -0 -5 20 1 -5 0 0 
40490 876 -5 3 -5 20 1 -5 0 0 
40495 876 -5 -0 -5 20 1 -5 0 0 
40500 874 -5 -0 -5 20 1 -5 0 0 
40505 876 -5 3 -5 20 1 -5 0 0 
40510 874 -5 3 -5 20 1 -5 0 0 
40515 876 -5 3 -5 20 1 -5 0 0 
40520 874 -5 3 -5 20 1 -5 0 0 
40525 874 -5 -0 -5 20 1 -5 0 0 
40530 874 -5 3 -5 20 1 -5 0 0 
40535 874 -5 3 -5 20 1 -5 0 0 
40540 874 -5 3 -5 20 1 -5 0 0 
40545 876 -5 3 -5 20 1 -5 0 0 
40550 874 -5 3 -5 20 1 -5 0 0 
40555 874 -5 3 -5 20 1 -5 0 0 
40560 874 -5 3 -5 20 1 -5 0 0 
40565 874 -5 -0 -5 20 1 -5 0 0 
40570 876 -5 3 -5 20 1 -5 0 0 
40575 874 -5 3 -5 20 1 -5 0 0 
40580 874 -5 3 -5 20 1 -5 0 0 
40585 874 -5 -0 -5 20 1 -5 0 0 
40590 874 -5 3 -5 20 1 -5 0 0 
40595 876 -5 -0 -5 20 1 -5 0 0 
40600 874 -5 -0 -5 20 1 -5 0 0 
40605 874 -5 -0 -5 20 1 -5 0 0 
40610 874 -5 3 -5 20 1 -5 0 0 
40615 874 -5 3 -5 20 1 -5 0 0 
40620 874 -5 -0 -5 20 1 -5 0 0 
40625 874 -5 -0 -5 20 1 -5 0 0 
40630 874 -5 -0 -5 20 1 -5 0 0 
40635 874 -5 3 -5 20 1 -5 0 0 
40640 876 -5 -0 -5 20 1 -5 0 0 
40645 874 -5 3 -5 20 1 -5 0 0 
40650 874 -5 3 -5 20 1 -5 0 0 
40655 874 -5 3 -5 20 1 -5 0 0 
40660 874 -5 -0 -5 20 1 -5 0 0 
40665 876 -5 -0 -5 20 1 -5 0 0 
40670 874 -5 3 -5 20 1 -5 0 0 
40675 876 -5 3 -5 20 1 -5 0 0 
40680 874 -5 -0 -5 20 1 -5 0 0 
40685 874 -5 3 -5 20 1 -5 0 0 
40690 874 -5 -0 -5 20 1 -5 0 0 
40695 874 -5 3 -5 20 1 -5 0 0 
40700 874 -5 -0 -5 20 1 -5 0 0 
40705 874 -5 3 -5 20 1 -5 0 0 
40710 876 -5 -0 -5 20 1 -5 0 0 
40715 876 -5 3 -5 20 1 -5 0 0 
40720 874 -5 -0 -5 20 1 -5 0 0 
40725 874 -5 3 -5 20 1 -5 0 0 
40730 874 -5 -0 -5 20 1 -5 0 0 
40735 876 -5 -0 -5 20 1 -5 0 0 
40740 876 -5 -0 -5 20 1 -5 0 0 
40745 876 -5 -0 -5 20 1 -5 0 0 
40750 874 -5 -0 -5 20 1 -5 0 0 
40755 876 -5 -0 -5 20 1 -5 0 0 
40760 874 -5 3 -5 20 1 -5 0 0 
40765 874 -5 -0 -5 20 1 -5 0 0 
40770 876 -5 3 -5 20 1 -5 0 0 
40775 876 -5 3 -5 20 1 -5 0 0 
40780 874 -5 -0 -5 20 1 -5 0 0 
40785 874 -5 3 -5 20 1 -5 0 0 
40790 874 -5 3 -5 20 1 -5 0 0 
40795 876 -5 3 -5 20 1 -5 0 0 
40800 874 -5 3 -5 20 1 -5 0 0 
40805 874 -5 3 -5 20 1 -5 0 0 
40810 874 -5 3 -5 20 1 -5 0 0 
40815 874 -5 -0 -5 20 1 -5 0 0 
40820 874 -5 -0 -5 20 1 -5 0 0 
40825 874 -5 -0 -5 20 1 -5 0 0 
40830 876 -5 3 -5 20 1 -5 0 0 
40835 874 -5 -0 -5 20 1 -5 0 0 
40840 874 -5 3 -5 20 1 -5 0 0 
40845 874 -5 -0 -5 20 1 -5 0 0 
40850 876 -5 3 -5 20 1 -5 0 0 
40855 876 -5 3 -5 20 1 -5 0 0 
40860 874 -5 -0 -5 20 1 -5 0 0 
40865 874 -5 -0 -5 20 1 -5 0 0 
40870 874 -5 3 -5 20 1 -5 0 0 
40875 876 -5 3 -5 20 1 -5 0 0 
40880 874 -5 3 -5 20 1 -5 0 0 
40885 876 -5 -0 -5 20 1 -5 0 0 
40890 876 -5 -0 -5 20 1 -5 0 0 
40895 876 -5 -0 -5 20 1 -5 0 0 
40900 874 -5 3 -5 20 1 -5 0 0 
40905 874 -5 3 -5 20 1 -5 0 0 
40910 876 -8 3 -8 20 1 -8 0 0 
40915 876 -5 3 -5 20 1 -5 0 0 
40920 876 -5 -0 -5 20 1 -5 0 0 
40925 874 -8 -0 -8 20 1 -8 0 0 
40930 876 -5 3 -5 20 1 -5 0 0 
40935 876 -8 3 -8 20 1 -8 0 0 
40940 874 -5 -0 -5 20 1 -5 0 0 
40945 874 -5 -0 -5 20 1 -5 0 0 
40950 874 -5 3 -5 20 1 -5 0 0 
40955 876 -5 3 -5 20 1 -5 0 0 
40960 874 -5 3 -5 20 1 -5 0 0 
40965 876 -5 3 -5 20 1 -5 0 0 
40970 876 -5 3 -5 20 1 -5 0 0 
40975 874 -5 -0 -5 20 1 -5 0 0 
40980 874 -5 3 -5 20 1 -5 0 0 
40985 876 -5 -0 -5 20 1 -5 0 0 
40990 876 -5 3 -5 20 1 -5 0 0 
40995 874 -5 -0 -5 20 1 -5 0 0 
41000 874 -5 -0 -5 20 1 -5 0 0 
41005 874 -5 -0 -5 20 1 -5 0 0 
41010 874 -5 -0 -5 20 1 -5 0 0 
41015 876 -5 3 -5 20 1 -5 0 0 
41020 876 -5 -0 -5 20 1 -5 0 0 
41025 874 -8 -0 -8 20 1 -8 0 0 
41030 876 -5 -0 -5 20 1 -5 0 0 
41035 874 -5 3 -5 20 1 -5 0 0 
41040 874 -5 -0 -5 20 1 -5 0 0 
41045 874 -5 -0 -5 20 1 -5 0 0 
41050 874 -5 -0 -5 20 1 -5 0 0 
41055 874 -5 -0 -5 20 1 -5 0 0 
41060 874 -5 -0 -5 20 1 -5 0 0 
41065 876 -5 3 -5 20 1 -5 0 0 
41070 876 -5 -0 -5 20 1 -5 0 0 
41075 874 -5 -0 -5 20 1 -5 0 0 
41080 874 -5 3 -5 20 1 -5 0 0 
41085 876 -5 -0 -5 20 1 -5 0 0 
41090 876 -5 3 -5 20 1 -5 0 0 
41095 876 -5 -0 -5 20 1 -5 0 0 
41100 874 -5 -0 -5 20 1 -5 0 0 
41105 876 -5 3 -5 20 1 -5 0 0 
41110 874 -5 -0 -5 20 1 -5 0 0 
41115 874 -5 -0 -5 20 1 -5 0 0 
41120 874 -5 3 -5 20 1 -5 0 0 
41125 874 -5 3 -5 20 1 -5 0 0 
41130 874 -5 -0 -5 20 1 -5 0 0 
41135 874 -5 -0 -5 20 1 -5 0 0 
41140 874 -5 -0 -5 20 1 -5 0 0 
41145 874 -5 -0 -5 20 1 -5 0 0 
41150 874 -5 -0 -5 20 1 -5 0 0 
41155 874 -5 -0 -5 20 1 -5 0 0 
41160 874 -5 3 -5 20 1 -5 0 0 
41165 874 -5 3 -5 20 1 -5 0 0 
41170 874 -5 3 -5 20 1 -5 0 0 
41175 874 -5 -0 -5 20 1 -5 0 0 
41180 874 -5 -0 -5 20 1 -5 0 0 
41185 876 -5 3 -5 20 1 -5 0 0 
41190 874 -5 3 -5 20 1 -5 0 0 
41195 876 -5 -0 -5 20 1 -5 0 0 
41200 874 -5 3 -5 20 1 -5 0 0 
41205 876 -5 3 -5 20 1 -5 0 0 
41210 876 -5 3 -5 20 1 -5 0 0 
41215 876 -5 -0 -5 20 1 -5 0 0 
41220 874 -5 -0 -5 20 1 -5 0 0 
41225 876 -5 3 -5 20 1 -5 0 0 
41230 876 -5 -0 -5 20 1 -5 0 0 
41235 874 -5 3 -5 20 1 -5 0 0 
41240 876 -5 3 -5 20 1 -5 0 0 
41245 876 -5 -0 -5 20 1 -5 0 0 
41250 874 -0 3 -0 20 1 -0 0 0 
41255 874 -5 3 -5 20 1 -5 0 0 
41260 874 -5 -0 -5 20 1 -5 0 0 
41265 876 -5 -0 -5 20 1 -5 0 0 
41270 876 -5 3 -5 20 1 -5 0 0 
41275 874 -5 -0 -5 20 1 -5 0 0 
41280 876 -5 -0 -5 20 1 -5 0 0 
41285 874 -5 3 -5 20 1 -5 0 0 
41290 876 -5 3 -5 20 1 -5 0 0 
41295 876 -5 -0 -5 20 1 -5 0 0 
41300 876 -5 -0 -5 20 1 -5 0 0 
41305 874 -5 3 -5 20 1 -5 0 0 
41310 874 -5 3 -5 20 1 -5 0 0 
41315 876 -5 -0 -5 20 1 -5 0 0 
41320 874 -5 -0 -5 20 1 -5 0 0 
41325 876 -5 -0 -5 20 1 -5 0 0 
41330 876 -5 -0 -5 20 1 -5 0 0 
41335 876 -5 -0 -5 20 1 -5 0 0 
41340 874 -5 3 -5 20 1 -5 0 0 
41345 874 -5 3 -5 20 1 -5 0 0 
41350 876 -5 3 -5 20 1 -5 0 0 
41355 874 -5 3 -5 20 1 -5 0 0 
41360 876 -5 3 -5 20 1 -5 0 0 
41365 876 -5 3 -5 20 1 -5 0 0 
41370 874 -5 3 -5 20 1 -5 0 0 
41375 874 -5 -0 -5 20 1 -5 0 0 
41380 876 -5 3 -5 20 1 -5 0 0 
41385 874 -5 -0 -5 20 1 -5 0 0 
41390 876 -5 3 -5 20 1 -5 0 0 
41395 876 -5 3 -5 20 1 -5 0 0 
41400 874 -5 3 -5 20 1 -5 0 0 
41405 874 -5 -0 -5 20 1 -5 0 0 
41410 876 -5 3 -5 20 1 -5 0 0 
41415 874 -5 -0 -5 20 1 -5 0 0 
41420 876 -5 3 -5 20 1 -5 0 0 
41425 876 -5 -0 -5 20 1 -5 0 0 
41430 876 -5 3 -5 20 1 -5 0 0 
41435 874 -5 3 -5 20 1 -5 0 0 
41440 876 -5 3 -5 20 1 -5 0 0 
41445 874 -5 -0 -5 20 1 -5 0 0 
41450 876 -5 3 -5 20 1 -5 0 0 
41455 874 -5 3 -5 20 1 -5 0 0 
41460 876 -5 3 -5 20 1 -5 0 0 
41465 874 -5 3 -5 20 1 -5 0 0 
41470 876 -5 -0 -5 20 1 -5 0 0 
41475 874 -5 -0 -5 20 1 -5 0 0 
41480 874 -5 3 -5 20 1 -5 0 0 
41485 874 -5 -0 -5 20 1 -5 0 0 
41490 874 -5 3 -5 20 1 -5 0 0 
41495 874 -5 3 -5 20 1 -5 0 0 
41500 874 -5 -0 -5 20 1 -5 0 0 
41505 874 -5 3 -5 20 1 -5 0 0 
41510 876 -5 3 -5 20 1 -5 0 0 
41515 874 -5 3 -5 20 1 -5 0 0 
41520 874 -0 3 -0 20 1 -0 0 0 
41525 874 -5 -0 -5 20 1 -5 0 0 
41530 876 -5 5 -5 20 1 -5 0 0 
41535 876 -5 3 -5 20 1 -5 0 0 
41540 874 -5 3 -5 20 1 -5 0 0 
41545 874 -5 3 -5 20 1 -5 0 0 
41550 874 -5 -0 -5 20 1 -5 0 0 
41555 876 -5 3 -5 20 1 -5 0 0 
41560 876 -5 3 -5 20 1 -5 0 0 
41565 876 -5 -0 -5 20 1 -5 0 0 
41570 876 -0 3 -0 20 1 -0 0 0 
41575 876 -0 3 -0 20 1 -0 0 0 
41580 874 -5 3 -5 20 1 -5 0 0 
41585 876 -5 -0 -5 20 1 -5 0 0 
41590 874 -5 -0 -5 20 1 -5 0 0 
41595 874 -5 3 -5 20 1 -5 0 0 
41600 876 -5 3 -5 20 1 -5 0 0 
41605 874 -5 -0 -5 20 1 -5 0 0 
41610 874 -5 3 -5 20 1 -5 0 0 
41615 876 -5 3 -5 20 1 -5 0 0 
41620 874 -5 -0 -5 20 1 -5 0 0 
41625 874 -5 3 -5 20 1 -5 0 0 
41630 876 -5 3 -5 20 1 -5 0 0 
41635 876 -5 3 -5 20 1 -5 0 0 
41640 876 -5 3 -5 20 1 -5 0 0 
41645 876 -5 -0 -5 20 1 -5 0 0 
41650 874 -5 -0 -5 20 1 -5 0 0 
41655 874 -5 3 -5 20 1 -5 0 0 
41660 876 -5 3 -5 20 1 -5 0 0 
41665 876 -5 -0 -5 20 1 -5 0 0 
41670 876 -5 3 -5 20 1 -5 0 0 
41675 876 -5 3 -5 20 1 -5 0 0 
41680 876 -5 -0 -5 20 1 -5 0 0 
41685 874 -5 3 -5 20 1 -5 0 0 
41690 876 -5 -0 -5 20 1 -5 0 0 
41695 876 -5 -0 -5 20 1 -5 0 0 
41700 876 -5 -0 -5 20 1 -5 0 0 
41705 876 -5 3 -5 20 1 -5 0 0 
41710 874 -5 -0 -5 20 1 -5 0 0 
41715 874 -5 3 -5 20 1 -5 0 0 
41720 876 -5 -0 -5 20 1 -5 0 0 
41725 876 -5 3 -5 20 1 -5 0 0 
41730 874 -5 3 -5 20 1 -5 0 0 
41735 876 -5 3 -5 20 1 -5 0 0 
41740 874 -5 -0 -5 20 1 -5 0 0 
41745 874 -5 3 -5 20 1 -5 0 0 
41750 876 -5 -0 -5 20 1 -5 0 0 
41755 874 -5 3 -5 20 1 -5 0 0 
41760 876 -5 -0 -5 20 1 -5 0 0 
41765 876 -5 -0 -5 20 1 -5 0 0 
41770 874 -5 -0 -5 20 1 -5 0 0 
41775 876 -5 3 -5 20 1 -5 0 0 
41780 876 -5 -0 -5 20 1 -5 0 0 
41785 874 -5 3 -5 20 1 -5 0 0 
41790 876 -5 3 -5 20 1 -5 0 0 
41795 874 -5 -0 -5 20 1 -5 0 0 
41800 876 -5 3 -5 20 1 -5 0 0 
41805 876 -5 -0 -5 20 1 -5 0 0 
41810 876 -5 3 -5 20 1 -5 0 0 
41815 874 -5 3 -5 20 1 -5 0 0 
41820 876 -5 -0 -5 20 1 -5 0 0 
41825 876 -5 -0 -5 20 1 -5 0 0 
41830 876 -5 3 -5 20 1 -5 0 0 
41835 876 -5 -0 -5 20 1 -5 0 0 
41840 876 -5 -0 -5 20 1 -5 0 0 
41845 874 -5 3 -5 20 1 -5 0 0 
41850 876 -5 -0 -5 20 1 -5 0 0 
41855 876 -5 -0 -5 20 1 -5 0 0 
41860 874 -5 -0 -5 20 1 -5 0 0 
41865 876 -5 3 -5 20 1 -5 0 0 
41870 874 -5 -0 -5 20 1 -5 0 0 
41875 876 -5 3 -5 20 1 -5 0 0 
41880 874 -5 -0 -5 20 1 -5 0 0 
41885 876 -0 -0 -0 20 1 -0 0 0 
41890 876 -5 3 -5 20 1 -5 0 0 
41895 874 -5 3 -5 20 1 -5 0 0 
41900 874 -5 -0 -5 20 1 -5 0 0 
41905 874 -5 3 -5 20 1 -5 0 0 
41910 874 -5 -0 -5 20 1 -5 0 0 
41915 874 -5 3 -5 20 1 -5 0 0 
41920 876 -5 3 -5 20 1 -5 0 0 
41925 876 -5 3 -5 20 1 -5 0 0 
41930 876 -5 3 -5 20 1 -5 0 0 
41935 874 -0 3 -0 20 1 -0 0 0 
41940 874 -5 3 -5 20 1 -5 0 0 
41945 874 -5 3 -5 20 1 -5 0 0 
41950 874 -5 -0 -5 20 1 -5 0 0 
41955 874 -5 3 -5 20 1 -5 0 0 
41960 874 -5 -0 -5 20 1 -5 0 0 
41965 874 -5 -0 -5 20 1 -5 0 0 
41970 874 -5 3 -5 20 1 -5 0 0 
41975 876 -5 3 -5 20 1 -5 0 0 
41980 876 -5 3 -5 20 1 -5 0 0 
41985 874 -5 3 -5 20 1 -5 0 0 
41990 876 -5 3 -5 20 1 -5 0 0 
41995 874 -5 -0 -5 20 1 -5 0 0 
42000 876 -5 -0 -5 20 1 -5 0 0 
42005 876 -5 3 -5 20 1 -5 0 0 
42010 874 -5 -0 -5 20 1 -5 0 0 
42015 874 -5 3 -5 20 1 -5 0 0 
42020 874 -5 3 -5 20 1 -5 0 0 
42025 874 -5 -0 -5 20 1 -5 0 0 
42030 874 -0 3 -0 20 1 -0 0 0 
42035 874 -0 3 -0 20 1 -0 0 0 
42040 874 -5 3 -5 20 1 -5 0 0 
42045 874 -5 -0 -5 20 1 -5 0 0 
42050 874 -5 3 -5 20 1 -5 0 0 
42055 874 -5 -0 -5 20 1 -5 0 0 
42060 874 -5 3 -5 20 1 -5 0 0 
42065 876 -0 -0 -0 20 1 -0 0 0 
42070 874 -5 3 -5 20 1 -5 0 0 
42075 874 -5 3 -5 20 1 -5 0 0 
42080 874 -5 -0 -5 20 1 -5 0 0 
42085 876 -0 3 -0 20 1 -0 0 0 
42090 874 -5 3 -5 20 1 -5 0 0 
42095 874 -5 3 -5 20 1 -5 0 0 
42100 874 -5 3 -5 20 1 -5 0 0 
42105 874 -5 -0 -5 20 1 -5 0 0 
42110 876 -5 -0 -5 20 1 -5 0 0 
42115 874 -5 3 -5 20 1 -5 0 0 
42120 874 -0 -0 -0 20 1 -0 0 0 
42125 874 -0 -0 -0 20 1 -0 0 0 
42130 874 -0 3 -0 20 1 -0 0 0 
42135 876 -5 -0 -5 20 1 -5 0 0 
42140 876 -5 -0 -5 20 1 -5 0 0 
42145 874 -5 3 -5 20 1 -5 0 0 
42150 876 -5 -0 -5 20 1 -5 0 0 
42155 874 -5 3 -5 20 1 -5 0 0 
42160 874 -5 3 -5 20 1 -5 0 0 
42165 874 -5 3 -5 20 1 -5 0 0 
42170 874 -5 3 -5 20 1 -5 0 0 
42175 876 -5 -0 -5 20 1 -5 0 0 
42180 874 -5 3 -5 20 1 -5 0 0 
42185 874 -5 -0 -5 20 1 -5 0 0 
42190 874 -5 -0 -5 20 1 -5 0 0 
42195 876 -5 3 -5 20 1 -5 0 0 
42200 874 -0 -0 -0 20 1 -0 0 0 
42205 874 -5 -0 -5 20 1 -5 0 0 
42210 874 -5 3 -5 20 1 -5 0 0 
42215 874 -0 3 -0 20 1 -0 0 0 
42220 874 -0 -0 -0 20 1 -0 0 0 
42225 874 -0 -0 -0 20 1 -0 0 0 
42230 874 -0 -0 -0 20 1 -0 0 0 
42235 876 -5 3 -5 20 1 -5 0 0 
42240 874 -0 -0 -0 20 1 -0 0 0 
42245 876 -5 3 -5 20 1 -5 0 0 
42250 874 -5 3 -5 20 1 -5 0 0 
42255 874 -5 -0 -5 20 1 -5 0 0 
42260 874 -5 3 -5 20 1 -5 0 0 
42265 874 -5 3 -5 20 1 -5 0 0 
42270 874 -5 -0 -5 20 1 -5 0 0 
42275 874 -5 -0 -5 20 1 -5 0 0 
42280 874 -5 -0 -5 20 1 -5 0 0 
42285 874 -5 3 -5 20 1 -5 0 0 
42290 874 -5 -0 -5 20 1 -5 0 0 
42295 874 -0 -0 -0 20 1 -0 0 0 
42300 874 -5 3 -5 20 1 -5 0 0 
42305 874 -5 -0 -5 20 1 -5 0 0 
42310 874 -5 3 -5 20 1 -5 0 0 
42315 874 -5 3 -5 20 1 -5 0 0 
42320 874 -0 -0 -0 20 1 -0 0 0 
42325 874 -5 3 -5 20 1 -5 0 0 
42330 874 -5 3 -5 20 1 -5 0 0 
42335 874 -0 -0 -0 20 1 -0 0 0 
42340 874 -5 -0 -5 20 1 -5 0 0 
42345 874 -0 3 -0 20 1 -0 0 0 
42350 874 -0 -0 -0 20 1 -0 0 0 
42355 874 -0 3 -0 20 1 -0 0 0 
42360 876 -0 -0 -0 20 1 -0 0 0 
42365 874 -5 3 -5 20 1 -5 0 0 
42370 874 -0 -0 -0 20 1 -0 0 0 
42375 874 -0 -0 -0 20 1 -0 0 0 
42380 874 -5 3 -5 20 1 -5 0 0 
42385 874 -5 -0 -5 20 1 -5 0 0 
42390 874 -0 -0 -0 20 1 -0 0 0 
42395 874 -5 3 -5 20 1 -5 0 0 
42400 874 -5 -0 -5 20 1 -5 0 0 
42405 874 -0 3 -0 20 1 -0 0 0 
42410 874 -5 3 -5 20 1 -5 0 0 
42415 874 -5 -0 -5 20 1 -5 0 0 
42420 876 -5 3 -5 20 1 -5 0 0 
42425 874 -5 3 -5 20 1 -5 0 0 
42430 874 -5 -0 -5 20 1 -5 0 0 
42435 874 -0 3 -0 20 1 -0 0 0 
42440 874 -5 -0 -5 20 1 -5 0 0 
42445 874 -0 3 -0 20 1 -0 0 0 
42450 874 -0 3 -0 20 1 -0 0 0 
42455 874 -5 3 -5 20 1 -5 0 0 
42460 874 -5 3 -5 20 1 -5 0 0 
42465 874 -5 3 -5 20 1 -5 0 0 
42470 876 -5 3 -5 20 1 -5 0 0 
42475 874 -5 -0 -5 20 1 -5 0 0 
42480 874 -5 3 -5 20 1 -5 0 0 
42485 874 -5 -0 -5 20 1 -5 0 0 
42490 874 -5 3 -5 20 1 -5 0 0 
42495 876 -5 -0 -5 20 1 -5 0 0 
42500 874 -0 -0 -0 20 1 -0 0 0 
42505 874 -5 3 -5 20 1 -5 0 0 
42510 874 -5 -0 -5 20 1 -5 0 0 
42515 874 -5 -0 -5 20 1 -5 0 0 
42520 876 -5 -0 -5 20 1 -5 0 0 
42525 874 -5 3 -5 20 1 -5 0 0 
42530 874 -5 3 -5 20 1 -5 0 0 
42535 874 -5 -0 -5 20 1 -5 0 0 
42540 874 -0 3 -0 20 1 -0 0 0 
42545 874 -0 -0 -0 20 1 -0 0 0 
42550 874 -0 3 -0 20 1 -0 0 0 
42555 874 -5 -0 -5 20 1 -5 0 0 
42560 876 -5 -0 -5 20 1 -5 0 0 
42565 874 -0 -0 -0 20 1 -0 0 0 
42570 874 -5 3 -5 20 1 -5 0 0 
42575 874 -5 3 -5 20 1 -5 0 0 
42580 874 -5 -0 -5 20 1 -5 0 0 
42585 874 -0 -0 -0 20 1 -0 0 0 
42590 874 -0 -0 -0 20 1 -0 0 0 
42595 876 -5 3 -5 20 1 -5 0 0 
42600 874 -5 3 -5 20 1 -5 0 0 
42605 874 -5 -0 -5 20 1 -5 0 0 
42610 876 -0 3 -0 20 1 -0 0 0 
42615 874 -5 -0 -5 20 1 -5 0 0 
42620 874 -0 3 -0 20 1 -0 0 0 
42625 874 -0 -0 -0 20 1 -0 0 0 
42630 874 -5 3 -5 20 1 -5 0 0 
42635 874 -5 -0 -5 20 1 -5 0 0 
42640 874 -0 3 -0 20 1 -0 0 0 
42645 874 -5 -0 -5 20 1 -5 0 0 
42650 874 -5 3 -5 20 1 -5 0 0 
42655 874 -5 -0 -5 20 1 -5 0 0 
42660 876 -5 3 -5 20 1 -5 0 0 
42665 874 -5 3 -5 20 1 -5 0 0 
42670 874 -0 -0 -0 20 1 -0 0 0 
42675 874 -0 3 -0 20 1 -0 0 0 
42680 874 -0 3 -0 20 1 -0 0 0 
42685 874 -0 -0 -0 20 1 -0 0 0 
42690 874 -0 3 -0 20 1 -0 0 0 
42695 874 -5 3 -5 20 1 -5 0 0 
42700 874 -5 3 -5 20 1 -5 0 0 
42705 874 -5 -0 -5 20 1 -5 0 0 
42710 874 -5 -0 -5 20 1 -5 0 0 
42715 874 -5 3 -5 20 1 -5 0 0 
42720 874 -0 3 -0 20 1 -0 0 0 
42725 874 -5 -0 -5 20 1 -5 0 0 
42730 874 -0 3 -0 20 1 -0 0 0 
42735 874 -5 3 -5 20 1 -5 0 0 
42740 876 -5 3 -5 20 1 -5 0 0 
42745 874 -5 3 -5 20 1 -5 0 0 
42750 874 -5 -0 -5 20 1 -5 0 0 
42755 874 -5 3 -5 20 1 -5 0 0 
42760 874 -5 3 -5 20 1 -5 0 0 
42765 874 -5 -0 -5 20 1 -5 0 0 
42770 874 -5 3 -5 20 1 -5 0 0 
42775 874 -5 -0 -5 20 1 -5 0 0 
42780 874 -0 3 -0 20 1 -0 0 0 
42785 876 -5 3 -5 20 1 -5 0 0 
42790 874 -0 3 -0 20 1 -0 0 0 
42795 876 -0 3 -0 20 1 -0 0 0 
42800 874 -0 -0 -0 20 1 -0 0 0 
42805 874 -5 -0 -5 20 1 -5 0 0 
42810 874 -0 3 -0 20 1 -0 0 0 
42815 874 -5 3 -5 20 1 -5 0 0 
42820 876 -5 3 -5 20 1 -5 0 0 
42825 874 -5 3 -5 20 1 -5 0 0 
42830 874 -5 3 -5 20 1 -5 0 0 
42835 876 -5 3 -5 20 1 -5 0 0 
42840 874 -5 -0 -5 20 1 -5 0 0 
42845 874 -5 -0 -5 20 1 -5 0 0 
42850 874 -5 3 -5 20 1 -5 0 0 
42855 874 -5 -0 -5 20 1 -5 0 0 
42860 874 -5 3 -5 20 1 -5 0 0 
42865 876 -5 -0 -5 20 1 -5 0 0 
42870 876 -5 3 -5 20 1 -5 0 0 
42875 874 -5 3 -5 20 1 -5 0 0 
42880 874 -5 -0 -5 20 1 -5 0 0 
42885 874 -5 -0 -5 20 1 -5 0 0 
42890 874 -5 -0 -5 20 1 -5 0 0 
42895 874 -0 -0 -0 20 1 -0 0 0 
42900 876 -5 -0 -5 20 1 -5 0 0 
42905 874 -5 -0 -5 20 1 -5 0 0 
42910 876 -5 3 -5 20 1 -5 0 0 
42915 874 -0 -0 -0 20 1 -0 0 0 
42920 876 -5 -0 -5 20 1 -5 0 0 
42925 874 -5 3 -5 20 1 -5 0 0 
42930 874 -5 3 -5 20 1 -5 0 0 
42935 874 -5 -0 -5 20 1 -5 0 0 
42940 874 -5 3 -5 20 1 -5 0 0 
42945 874 -5 3 -5 20 1 -5 0 0 
42950 876 -5 -0 -5 20 1 -5 0 0 
42955 874 -5 3 -5 20 1 -5 0 0 
42960 874 -5 -0 -5 20 1 -5 0 0 
42965 874 -5 3 -5 20 1 -5 0 0 
42970 874 -5 3 -5 20 1 -5 0 0 
42975 874 -5 -0 -5 20 1 -5 0 0 
42980 874 -5 -0 -5 20 1 -5 0 0 
42985 874 -5 -0 -5 20 1 -5 0 0 
42990 874 -5 -0 -5 20 1 -5 0 0 
42995 874 -5 3 -5 20 1 -5 0 0 
43000 874 -5 3 -5 20 1 -5 0 0 
43005 874 -5 -0 -5 20 1 -5 0 0 
43010 874 -5 -0 -5 20 1 -5 0 0 
43015 874 -5 -0 -5 20 1 -5 0 0 
43020 874 -5 -0 -5 20 1 -5 0 0 
43025 876 -5 3 -5 20 1 -5 0 0 
43030 874 -5 -0 -5 20 1 -5 0 0 
43035 874 -5 -0 -5 20 1 -5 0 0 
43040 874 -5 -0 -5 20 1 -5 0 0 
43045 874 -5 3 -5 20 1 -5 0 0 
43050 874 -5 3 -5 20 1 -5 0 0 
43055 874 -5 -0 -5 20 1 -5 0 0 
43060 874 -5 -0 -5 20 1 -5 0 0 
43065 876 -5 3 -5 20 1 -5 0 0 
43070 874 -5 -0 -5 20 1 -5 0 0 
43075 874 -5 3 -5 20 1 -5 0 0 
43080 874 -5 3 -5 20 1 -5 0 0 
43085 876 -5 -0 -5 20 1 -5 0 0 
43090 874 -5 -0 -5 20 1 -5 0 0 
43095 874 -5 -0 -5 20 1 -5 0 0 
43100 874 -5 3 -5 20 1 -5 0 0 
43105 874 -5 -0 -5 20 1 -5 0 0 
43110 874 -5 3 -5 20 1 -5 0 0 
43115 874 -5 3 -5 20 1 -5 0 0 
43120 876 -5 3 -5 20 1 -5 0 0 
43125 874 -5 -0 -5 20 1 -5 0 0 
43130 876 -5 3 -5 20 1 -5 0 0 
43135 876 -5 3 -5 20 1 -5 0 0 
43140 874 -5 -0 -5 20 1 -5 0 0 
43145 874 -5 3 -5 20 1 -5 0 0 
43150 874 -5 3 -5 20 1 -5 0 0 
43155 874 -5 -0 -5 20 1 -5 0 0 
43160 874 -5 -0 -5 20 1 -5 0 0 
43165 874 -5 3 -5 20 1 -5 0 0 
43170 876 -5 3 -5 20 1 -5 0 0 
43175 874 -5 3 -5 20 1 -5 0 0 
43180 874 -5 -0 -5 20 1 -5 0 0 
43185 874 -5 -0 -5 20 1 -5 0 0 
43190 874 -5 3 -5 20 1 -5 0 0 
43195 874 -5 3 -5 20 1 -5 0 0 
43200 874 -5 3 -5 20 1 -5 0 0 
43205 874 -5 3 -5 20 1 -5 0 0 
43210 874 -5 3 -5 20 1 -5 0 0 
43215 876 -5 -0 -5 20 1 -5 0 0 
43220 874 -5 3 -5 20 1 -5 0 0 
43225 874 -5 -0 -5 20 1 -5 0 0 
43230 874 -5 3 -5 20 1 -5 0 0 
43235 874 -5 -0 -5 20 1 -5 0 0 
43240 876 -5 3 -5 20 1 -5 0 0 
43245 876 -5 3 -5 20 1 -5 0 0 
43250 876 -5 -0 -5 20 1 -5 0 0 
43255 876 -5 3 -5 20 1 -5 0 0 
43260 876 -5 3 -5 20 1 -5 0 0 
43265 874 -5 3 -5 20 1 -5 0 0 
43270 874 -5 -0 -5 20 1 -5 0 0 
43275 874 -5 3 -5 20 1 -5 0 0 
43280 876 -5 3 -5 20 1 -5 0 0 
43285 876 -5 3 -5 20 1 -5 0 0 
43290 874 -5 3 -5 20 1 -5 0 0 
43295 874 -5 3 -5 20 1 -5 0 0 
43300 874 -5 -0 -5 20 1 -5 0 0 
43305 876 -5 3 -5 20 1 -5 0 0 
43310 876 -5 3 -5 20 1 -5 0 0 
43315 874 -5 3 -5 20 1 -5 0 0 
43320 876 -0 -0 -0 20 1 -0 0 0 
43325 874 -5 3 -5 20 1 -5 0 0 
43330 874 -5 -0 -5 20 1 -5 0 0 
43335 874 -5 -0 -5 20 1 -5 0 0 
43340 874 -5 -0 -5 20 1 -5 0 0 
43345 876 -5 -0 -5 20 1 -5 0 0 
43350 874 -5 3 -5 20 1 -5 0 0 
43355 876 -5 -0 -5 20 1 -5 0 0 
43360 874 -5 -0 -5 20 1 -5 0 0 
43365 876 -5 -0 -5 20 1 -5 0 0 
43370 876 -5 -0 -5 20 1 -5 0 0 
43375 876 -5 -0 -5 20 1 -5 0 0 
43380 876 -5 3 -5 20 1 -5 0 0 
43385 876 -5 -0 -5 20 1 -5 0 0 
43390 874 -5 3 -5 20 1 -5 0 0 
43395 874 -5 3 -5 20 1 -5 0 0 
43400 876 -5 3 -5 20 1 -5 0 0 
43405 874 -5 3 -5 20 1 -5 0 0 
43410 874 -5 3 -5 20 1 -5 0 0 
43415 874 -5 3 -5 20 1 -5 0 0 
43420 874 -5 -0 -5 20 1 -5 0 0 
43425 876 -5 -0 -5 20 1 -5 0 0 
43430 874 -5 3 -5 20 1 -5 0 0 
43435 874 -5 3 -5 20 1 -5 0 0 
43440 874 -5 -0 -5 20 1 -5 0 0 
43445 874 -5 3 -5 20 1 -5 0 0 
43450 876 -5 3 -5 20 1 -5 0 0 
43455 874 -5 -0 -5 20 1 -5 0 0 
43460 874 -5 -0 -5 20 1 -5 0 0 
43465 874 -5 3 -5 20 1 -5 0 0 
43470 874 -5 -0 -5 20 1 -5 0 0 
43475 874 -5 3 -5 20 1 -5 0 0 
43480 874 -5 -0 -5 20 1 -5 0 0 
43485 876 -5 3 -5 20 1 -5 0 0 
43490 874 -5 -0 -5 20 1 -5 0 0 
43495 876 -5 -0 -5 20 1 -5 0 0 
43500 874 -5 3 -5 20 1 -5 0 0 
43505 876 -5 -0 -5 20 1 -5 0 0 
43510 874 -5 3 -5 20 1 -5 0 0 
43515 874 -5 3 -5 20 1 -5 0 0 
43520 876 -5 -0 -5 20 1 -5 0 0 
43525 876 -5 3 -5 20 1 -5 0 0 
43530 876 -5 -0 -5 20 1 -5 0 0 
43535 876 -5 -0 -5 20 1 -5 0 0 
43540 874 -5 3 -5 20 1 -5 0 0 
43545 876 -5 3 -5 20 1 -5 0 0 
43550 876 -5 3 -5 20 1 -5 0 0 
43555 876 -5 3 -5 20 1 -5 0 0 
43560 874 -5 -0 -5 20 1 -5 0 0 
43565 874 -5 -0 -5 20 1 -5 0 0 
43570 876 -5 -0 -5 20 1 -5 0 0 
43575 876 -5 -0 -5 20 1 -5 0 0 
43580 876 -5 -0 -5 20 1 -5 0 0 
43585 874 -5 -0 -5 20 1 -5 0 0 
43590 876 -5 -0 -5 20 1 -5 0 0 
43595 874 -5 -0 -5 20 1 -5 0 0 
43600 876 -5 -0 -5 20 1 -5 0 0 
43605 874 -5 -0 -5 20 1 -5 0 0 
43610 874 -5 -0 -5 20 1 -5 0 0 
43615 876 -5 -0 -5 20 1 -5 0 0 
43620 876 -5 -0 -5 20 1 -5 0 0 
43625 876 -5 -0 -5 20 1 -5 0 0 
43630 874 -5 -0 -5 20 1 -5 0 0 
43635 876 -5 3 -5 20 1 -5 0 0 
43640 874 -5 -0 -5 20 1 -5 0 0 
43645 874 -5 3 -5 20 1 -5 0 0 
43650 876 -5 3 -5 20 1 -5 0 0 
43655 874 -5 3 -5 20 1 -5 0 0 
43660 874 -5 3 -5 20 1 -5 0 0 
43665 874 -5 3 -5 20 1 -5 0 0 
43670 874 -5 -0 -5 20 1 -5 0 0 
43675 874 -5 3 -5 20 1 -5 0 0 
43680 874 -5 3 -5 20 1 -5 0 0 
43685 874 -5 3 -5 20 1 -5 0 0 
43690 876 -5 3 -5 20 1 -5 0 0 
43695 874 -5 -0 -5 20 1 -5 0 0 
43700 876 -5 3 -5 20 1 -5 0 0 
43705 874 -5 3 -5 20 1 -5 0 0 
43710 876 -5 3 -5 20 1 -5 0 0 
43715 874 -5 3 -5 20 1 -5 0 0 
43720 876 -5 3 -5 20 1 -5 0 0 
43725 876 -5 3 -5 20 1 -5 0 0 
43730 876 -8 -0 -8 20 1 -8 0 0 
43735 876 -5 3 -5 20 1 -5 0 0 
43740 876 -5 -0 -5 20 1 -5 0 0 
43745 874 -5 3 -5 20 1 -5 0 0 
43750 876 -5 3 -5 20 1 -5 0 0 
43755 876 -5 3 -5 20 1 -5 0 0 
43760 876 -5 3 -5 20 1 -5 0 0 
43765 876 -5 3 -5 20 1 -5 0 0 
43770 874 -5 3 -5 20 1 -5 0 0 
43775 874 -5 3 -5 20 1 -5 0 0 
43780 876 -5 3 -5 20 1 -5 0 0 
43785 876 -5 3 -5 20 1 -5 0 0 
43790 876 -5 3 -5 20 1 -5 0 0 
43795 874 -5 -0 -5 20 1 -5 0 0 
43800 874 -5 3 -5 20 1 -5 0 0 
43805 874 -5 3 -5 20 1 -5 0 0 
43810 876 -5 -0 -5 20 1 -5 0 0 
43815 874 -5 3 -5 20 1 -5 0 0 
43820 874 -5 -0 -5 20 1 -5 0 0 
43825 876 -5 3 -5 20 1 -5 0 0 
43830 874 -5 3 -5 20 1 -5 0 0 
43835 876 -5 3 -5 20 1 -5 0 0 
43840 874 -5 3 -5 20 1 -5 0 0 
43845 876 -5 3 -5 20 1 -5 0 0 
43850 876 -5 3 -5 20 1 -5 0 0 
43855 874 -5 3 -5 20 1 -5 0 0 
43860 874 -5 3 -5 20 1 -5 0 0 
43865 876 -5 -0 -5 20 1 -5 0 0 
43870 874 -5 3 -5 20 1 -5 0 0 
43875 876 -5 3 -5 20 1 -5 0 0 
43880 876 -5 -0 -5 20 1 -5 0 0 
43885 876 -5 3 -5 20 1 -5 0 0 
43890 874 -5 3 -5 20 1 -5 0 0 
43895 874 -5 -0 -5 20 1 -5 0 0 
43900 874 -5 3 -5 20 1 -5 0 0 
43905 874 -5 3 -5 20 1 -5 0 0 
43910 876 -5 -0 -5 20 1 -5 0 0 
43915 876 -5 3 -5 20 1 -5 0 0 
43920 876 -5 3 -5 20 1 -5 0 0 
43925 874 -5 3 -5 20 1 -5 0 0 
43930 874 -5 -0 -5 20 1 -5 0 0 
43935 876 -5 3 -5 20 1 -5 0 0 
43940 876 -5 3 -5 20 1 -5 0 0 
43945 874 -5 -0 -5 20 1 -5 0 0 
43950 876 -5 -0 -5 20 1 -5 0 0 
43955 874 -5 3 -5 20 1 -5 0 0 
43960 876 -5 -0 -5 20 1 -5 0 0 
43965 876 -5 -0 -5 20 1 -5 0 0 
43970 876 -5 -0 -5 20 1 -5 0 0 
43975 876 -5 3 -5 20 1 -5 0 0 
43980 874 -5 3 -5 20 1 -5 0 0 
43985 874 -5 3 -5 20 1 -5 0 0 
43990 876 -5 3 -5 20 1 -5 0 0 
43995 874 -5 -0 -5 20 1 -5 0 0 
44000 874 -5 -0 -5 20 1 -5 0 0 
44005 876 -5 3 -5 20 1 -5 0 0 
44010 874 -5 -0 -5 20 1 -5 0 0 
44015 876 -5 3 -5 20 1 -5 0 0 
44020 876 -5 3 -5 20 1 -5 0 0 
44025 876 -5 -0 -5 20 1 -5 0 0 
44030 876 -5 3 -5 20 1 -5 0 0 
44035 876 -5 3 -5 20 1 -5 0 0 
44040 876 -5 3 -5 20 1 -5 0 0 
44045 874 -5 3 -5 20 1 -5 0 0 
44050 874 -5 3 -5 20 1 -5 0 0 
44055 876 -5 3 -5 20 1 -5 0 0 
44060 876 -5 -0 -5 20 1 -5 0 0 
44065 876 -5 -0 -5 20 1 -5 0 0 
44070 876 -5 -0 -5 20 1 -5 0 0 
44075 874 -5 -0 -5 20 1 -5 0 0 
44080 874 -5 3 -5 20 1 -5 0 0 
44085 876 -5 3 -5 20 1 -5 0 0 
44090 876 -5 3 -5 20 1 -5 0 0 
44095 874 -5 3 -5 20 1 -5 0 0 
44100 876 -5 -0 -5 20 1 -5 0 0 
44105 874 -5 3 -5 20 1 -5 0 0 
44110 876 -5 -0 -5 20 1 -5 0 0 
44115 874 -5 -0 -5 20 1 -5 0 0 
44120 876 -5 -0 -5 20 1 -5 0 0 
44125 876 -5 3 -5 20 1 -5 0 0 
44130 874 -5 3 -5 20 1 -5 0 0 
44135 874 -5 -0 -5 20 1 -5 0 0 
44140 874 -5 -0 -5 20 1 -5 0 0 
44145 876 -5 -0 -5 20 1 -5 0 0 
44150 874 -5 3 -5 20 1 -5 0 0 
44155 874 -5 -0 -5 20 1 -5 0 0 
44160 876 -5 3 -5 20 1 -5 0 0 
44165 874 -5 -0 -5 20 1 -5 0 0 
44170 874 -5 3 -5 20 1 -5 0 0 
44175 874 -5 -0 -5 20 1 -5 0 0 
44180 876 -5 3 -5 20 1 -5 0 0 
44185 874 -5 3 -5 20 1 -5 0 0 
44190 876 -5 -0 -5 20 1 -5 0 0 
44195 874 -5 3 -5 20 1 -5 0 0 
44200 874 -5 -0 -5 20 1 -5 0 0 
44205 876 -5 -0 -5 20 1 -5 0 0 
44210 876 -0 -0 -0 20 1 -0 0 0 
44215 874 -5 -0 -5 20 1 -5 0 0 
44220 874 -5 3 -5 20 1 -5 0 0 
44225 876 -5 -0 -5 20 1 -5 0 0 
44230 874 -5 -0 -5 20 1 -5 0 0 
44235 874 -0 -0 -0 20 1 -0 0 0 
44240 876 -5 -0 -5 20 1 -5 0 0 
44245 874 -5 3 -5 20 1 -5 0 0 
44250 874 -5 -0 -5 20 1 -5 0 0 
44255 874 -5 -0 -5 20 1 -5 0 0 
44260 874 -5 3 -5 20 1 -5 0 0 
44265 874 -5 3 -5 20 1 -5 0 0 
44270 874 -5 -0 -5 20 1 -5 0 0 
44275 874 -5 3 -5 20 1 -5 0 0 
44280 876 -5 -0 -5 20 1 -5 0 0 
44285 876 -5 3 -5 20 1 -5 0 0 
44290 874 -5 -0 -5 20 1 -5 0 0 
44295 874 -5 -0 -5 20 1 -5 0 0 
44300 876 -5 3 -5 20 1 -5 0 0 
44305 874 -5 -0 -5 20 1 -5 0 0 
44310 874 -5 3 -5 20 1 -5 0 0 
44315 874 -5 3 -5 20 1 -5 0 0 
44320 876 -5 3 -5 20 1 -5 0 0 
44325 876 -5 -0 -5 20 1 -5 0 0 
44330 876 -5 3 -5 20 1 -5 0 0 
44335 874 -5 -0 -5 20 1 -5 0 0 
44340 876 -5 3 -5 20 1 -5 0 0 
44345 874 -5 3 -5 20 1 -5 0 0 
44350 874 -5 3 -5 20 1 -5 0 0 
44355 874 -5 3 -5 20 1 -5 0 0 
44360 874 -5 -0 -5 20 1 -5 0 0 
44365 874 -5 3 -5 20 1 -5 0 0 
44370 876 -5 3 -5 20 1 -5 0 0 
44375 874 -5 3 -5 20 1 -5 0 0 
44380 876 -5 3 -5 20 1 -5 0 0 
44385 874 -5 -0 -5 20 1 -5 0 0 
44390 874 -5 -0 -5 20 1 -5 0 0 
44395 874 -5 3 -5 20 1 -5 0 0 
44400 876 -5 3 -5 20 1 -5 0 0 
44405 874 -5 -0 -5 20 1 -5 0 0 
44410 874 -5 3 -5 20 1 -5 0 0 
44415 874 -5 3 -5 20 1 -5 0 0 
44420 874 -5 -0 -5 20 1 -5 0 0 
44425 874 -5 3 -5 20 1 -5 0 0 
44430 876 -5 3 -5 20 1 -5 0 0 
44435 874 -5 3 -5 20 1 -5 0 0 
44440 876 -5 3 -5 20 1 -5 0 0 
44445 876 -5 3 -5 20 1 -5 0 0 
44450 874 -5 -0 -5 20 1 -5 0 0 
44455 874 -5 3 -5 20 1 -5 0 0 
44460 874 -5 3 -5 20 1 -5 0 0 
44465 876 -5 -0 -5 20 1 -5 0 0 
44470 876 -5 3 -5 20 1 -5 0 0 
44475 874 -5 -0 -5 20 1 -5 0 0 
44480 874 -5 3 -5 20 1 -5 0 0 
44485 874 -5 3 -5 20 1 -5 0 0 
44490 876 -5 -0 -5 20 1 -5 0 0 
44495 876 -5 3 -5 20 1 -5 0 0 
44500 874 -5 3 -5 20 1 -5 0 0 
44505 876 -5 3 -5 20 1 -5 0 0 
44510 876 -5 3 -5 20 1 -5 0 0 
44515 876 -5 3 -5 20 1 -5 0 0 
44520 876 -5 3 -5 20 1 -5 0 0 
44525 876 -5 3 -5 20 1 -5 0 0 
44530 874 -5 3 -5 20 1 -5 0 0 
44535 876 -5 -0 -5 20 1 -5 0 0 
44540 874 -5 3 -5 20 1 -5 0 0 
44545 874 -5 3 -5 20 1 -5 0 0 
44550 874 -0 3 -0 20 1 -0 0 0 
44555 874 -5 3 -5 20 1 -5 0 0 
44560 874 -5 3 -5 20 1 -5 0 0 
44565 874 -0 3 -0 20 1 -0 0 0 
44570 874 -5 3 -5 20 1 -5 0 0 
44575 874 -5 3 -5 20 1 -5 0 0 
44580 874 -5 -0 -5 20 1 -5 0 0 
44585 876 -5 3 -5 20 1 -5 0 0 
44590 874 -5 3 -5 20 1 -5 0 0 
44595 874 -5 3 -5 20 1 -5 0 0 
44600 874 -0 3 -0 20 1 -0 0 0 
44605 874 -5 3 -5 20 1 -5 0 0 
44610 874 -5 3 -5 20 1 -5 0 0 
44615 874 -5 -0 -5 20 1 -5 0 0 
44620 876 -5 3 -5 20 1 -5 0 0 
44625 874 -5 3 -5 20 1 -5 0 0 
44630 874 -5 -0 -5 20 1 -5 0 0 
44635 874 -5 3 -5 20 1 -5 0 0 
44640 874 -5 -0 -5 20 1 -5 0 0 
44645 874 -5 3 -5 20 1 -5 0 0 
44650 876 -5 3 -5 20 1 -5 0 0 
44655 874 -5 -0 -5 20 1 -5 0 0 
44660 874 -5 -0 -5 20 1 -5 0 0 
44665 874 -5 3 -5 20 1 -5 0 0 
44670 874 -5 3 -5 20 1 -5 0 0 
44675 876 -5 3 -5 20 1 -5 0 0 
44680 874 -5 -0 -5 20 1 -5 0 0 
44685 876 -5 3 -5 20 1 -5 0 0 
44690 876 -5 3 -5 20 1 -5 0 0 
44695 874 -5 -0 -5 20 1 -5 0 0 
44700 874 -5 3 -5 20 1 -5 0 0 
44705 874 -5 3 -5 20 1 -5 0 0 
44710 876 -5 3 -5 20 1 -5 0 0 
44715 874 -5 -0 -5 20 1 -5 0 0 
44720 874 -5 -0 -5 20 1 -5 0 0 
44725 874 -5 3 -5 20 1 -5 0 0 
44730 874 -5 3 -5 20 1 -5 0 0 
44735 876 -5 3 -5 20 1 -5 0 0 
44740 874 -5 3 -5 20 1 -5 0 0 
44745 876 -5 -0 -5 20 1 -5 0 0 
44750 874 -5 3 -5 20 1 -5 0 0 
44755 876 -5 -0 -5 20 1 -5 0 0 
44760 876 -5 -0 -5 20 1 -5 0 0 
44765 876 -5 3 -5 20 1 -5 0 0 
44770 874 -5 3 -5 20 1 -5 0 0 
44775 876 -5 3 -5 20 1 -5 0 0 
44780 874 -5 -0 -5 20 1 -5 0 0 
44785 876 -5 -0 -5 20 1 -5 0 0 
44790 876 -5 3 -5 20 1 -5 0 0 
44795 874 -5 3 -5 20 1 -5 0 0 
44800 874 -5 -0 -5 20 1 -5 0 0 
44805 876 -5 3 -5 20 1 -5 0 0 
44810 874 -5 -0 -5 20 1 -5 0 0 
44815 876 -5 3 -5 20 1 -5 0 0 
44820 874 -5 3 -5 20 1 -5 0 0 
44825 876 -5 -0 -5 20 1 -5 0 0 
44830 876 -5 -0 -5 20 1 -5 0 0 
44835 874 -5 3 -5 20 1 -5 0 0 
44840 874 -5 -0 -5 20 1 -5 0 0 
44845 874 -5 3 -5 20 1 -5 0 0 
44850 874 -5 -0 -5 20 1 -5 0 0 
44855 874 -5 -0 -5 20 1 -5 0 0 
44860 874 -5 3 -5 20 1 -5 0 0 
44865 876 -5 -0 -5 20 1 -5 0 0 
44870 874 -5 -0 -5 20 1 -5 0 0 
44875 874 -5 3 -5 20 1 -5 0 0 
44880 876 -5 -0 -5 20 1 -5 0 0 
44885 874 -5 3 -5 20 1 -5 0 0 
44890 874 -5 -0 -5 20 1 -5 0 0 
44895 876 -5 3 -5 20 1 -5 0 0 
44900 876 -5 3 -5 20 1 -5 0 0 
44905 876 -5 -0 -5 20 1 -5 0 0 
44910 874 -5 3 -5 20 1 -5 0 0 
44915 876 -5 3 -5 20 1 -5 0 0 
44920 874 -5 3 -5 20 1 -5 0 0 
44925 876 -5 3 -5 20 1 -5 0 0 
44930 876 -5 -0 -5 20 1 -5 0 0 
44935 874 -5 3 -5 20 1 -5 0 0 
44940 876 -5 -0 -5 20 1 -5 0 0 
44945 876 -5 3 -5 20 1 -5 0 0 
44950 876 -5 -0 -5 20 1 -5 0 0 
44955 874 -5 3 -5 20 1 -5 0 0 
44960 874 -5 -0 -5 20 1 -5 0 0 
44965 874 -5 3 -5 20 1 -5 0 0 
44970 874 -5 -0 -5 20 1 -5 0 0 
44975 876 -5 3 -5 20 1 -5 0 0 
44980 874 -5 3 -5 20 1 -5 0 0 
44985 874 -5 3 -5 20 1 -5 0 0 
44990 874 -5 3 -5 20 1 -5 0 0 
44995 876 -5 5 -5 20 1 -5 0 0 
45000 876 -5 3 -5 20 1 -5 0 0 
45005 874 -5 3 -5 20 1 -5 0 0 
45010 874 -5 3 -5 20 1 -5 0 0 
45015 876 -5 -0 -5 20 1 -5 0 0 
45020 874 -5 3 -5 20 1 -5 0 0 
45025 876 -5 -0 -5 20 1 -5 0 0 
45030 876 -5 3 -5 20 1 -5 0 0 
45035 874 -5 3 -5 20 1 -5 0 0 
45040 876 -5 3 -5 20 1 -5 0 0 
45045 874 -5 3 -5 20 1 -5 0 0 
45050 876 -5 3 -5 20 1 -5 0 0 
45055 876 -5 3 -5 20 1 -5 0 0 
45060 874 -5 3 -5 20 1 -5 0 0 
45065 876 -5 3 -5 20 1 -5 0 0 
45070 876 -5 -0 -5 20 1 -5 0 0 
45075 874 -5 3 -5 20 1 -5 0 0 
45080 876 -5 3 -5 20 1 -5 0 0 
45085 874 -5 3 -5 20 1 -5 0 0 
45090 874 -5 -0 -5 20 1 -5 0 0 
45095 876 -5 -0 -5 20 1 -5 0 0 
45100 874 -5 3 -5 20 1 -5 0 0 
45105 874 -5 3 -5 20 1 -5 0 0 
45110 876 -5 3 -5 20 1 -5 0 0 
45115 876 -5 -0 -5 20 1 -5 0 0 
45120 874 -5 -0 -5 20 1 -5 0 0 
45125 874 -5 -0 -5 20 1 -5 0 0 
45130 876 -5 -0 -5 20 1 -5 0 0 
45135 876 -5 3 -5 20 1 -5 0 0 
45140 874 -5 3 -5 20 1 -5 0 0 
45145 874 -5 3 -5 20 1 -5 0 0 
45150 874 -5 -0 -5 20 1 -5 0 0 
45155 876 -5 3 -5 20 1 -5 0 0 
45160 874 -5 -0 -5 20 1 -5 0 0 
45165 876 -5 -0 -5 20 1 -5 0 0 
45170 874 -5 3 -5 20 1 -5 0 0 
45175 876 -5 3 -5 20 1 -5 0 0 
45180 876 -5 3 -5 20 1 -5 0 0 
45185 874 -5 -0 -5 20 1 -5 0 0 
45190 874 -5 3 -5 20 1 -5 0 0 
45195 874 -5 3 -5 20 1 -5 0 0 
45200 874 -5 3 -5 20 1 -5 0 0 
45205 874 -5 -0 -5 20 1 -5 0 0 
45210 874 -5 -0 -5 20 1 -5 0 0 
45215 874 -5 -0 -5 20 1 -5 0 0 
45220 876 -5 3 -5 20 1 -5 0 0 
45225 876 -5 -0 -5 20 1 -5 0 0 
45230 876 -5 -0 -5 20 1 -5 0 0 
45235 876 -5 3 -5 20 1 -5 0 0 
45240 874 -5 3 -5 20 1 -5 0 0 
45245 876 -5 3 -5 20 1 -5 0 0 
45250 876 -5 -0 -5 20 1 -5 0 0 
45255 874 -5 -0 -5 20 1 -5 0 0 
45260 874 -5 3 -5 20 1 -5 0 0 
45265 874 -5 -0 -5 20 1 -5 0 0 
45270 876 -5 -0 -5 20 1 -5 0 0 
45275 874 -5 3 -5 20 1 -5 0 0 
45280 876 -5 3 -5 20 1 -5 0 0 
45285 876 -5 3 -5 20 1 -5 0 0 
45290 876 -5 3 -5 20 1 -5 0 0 
45295 874 -5 -0 -5 20 1 -5 0 0 
45300 874 -5 -0 -5 20 1 -5 0 0 
45305 876 -5 -0 -5 20 1 -5 0 0 
45310 874 -5 -0 -5 20 1 -5 0 0 
45315 876 -5 -0 -5 20 1 -5 0 0 
45320 874 -5 -0 -5 20 1 -5 0 0 
45325 876 -5 3 -5 20 1 -5 0 0 
45330 876 -5 -0 -5 20 1 -5 0 0 
45335 876 -5 3 -5 20 1 -5 0 0 
45340 874 -5 -0 -5 20 1 -5 0 0 
45345 876 -5 -0 -5 20 1 -5 0 0 
45350 876 -5 3 -5 20 1 -5 0 0 
45355 874 -5 -0 -5 20 1 -5 0 0 
45360 876 -5 -0 -5 20 1 -5 0 0 
45365 874 -5 -0 -5 20 1 -5 0 0 
45370 874 -5 -0 -5 20 1 -5 0 0 
45375 876 -5 3 -5 20 1 -5 0 0 
45380 876 -5 -0 -5 20 1 -5 0 0 
45385 874 -5 -0 -5 20 1 -5 0 0 
45390 874 -5 3 -5 20 1 -5 0 0 
45395 876 -5 3 -5 20 1 -5 0 0 
45400 874 -5 -0 -5 20 1 -5 0 0 
45405 874 -5 -0 -5 20 1 -5 0 0 
45410 874 -0 -0 -0 20 1 -0 0 0 
45415 874 -5 3 -5 20 1 -5 0 0 
45420 876 -5 -0 -5 20 1 -5 0 0 
45425 876 -5 -0 -5 20 1 -5 0 0 
45430 874 -5 3 -5 20 1 -5 0 0 
45435 874 -5 3 -5 20 1 -5 0 0 
45440 874 -5 -0 -5 20 1 -5 0 0 
45445 876 -5 3 -5 20 1 -5 0 0 
45450 876 -5 -0 -5 20 1 -5 0 0 
45455 874 -5 3 -5 20 1 -5 0 0 
45460 874 -5 3 -5 20 1 -5 0 0 
45465 876 -5 -0 -5 20 1 -5 0 0 
45470 874 -5 -0 -5 20 1 -5 0 0 
45475 876 -5 3 -5 20 1 -5 0 0 
45480 876 -5 -0 -5 20 1 -5 0 0 
45485 876 -5 3 -5 20 1 -5 0 0 
45490 874 -5 -0 -5 20 1 -5 0 0 
45495 876 -0 3 -0 20 1 -0 0 0 
45500 874 -5 3 -5 20 1 -5 0 0 
45505 874 -5 -0 -5 20 1 -5 0 0 
45510 876 -5 -0 -5 20 1 -5 0 0 
45515 874 -5 3 -5 20 1 -5 0 0 
45520 874 -5 3 -5 20 1 -5 0 0 
45525 874 -5 3 -5 20 1 -5 0 0 
45530 874 -5 3 -5 20 1 -5 0 0 
45535 874 -5 -0 -5 20 1 -5 0 0 
45540 874 -5 3 -5 20 1 -5 0 0 
45545 876 -5 -0 -5 20 1 -5 0 0 
45550 876 -5 3 -5 20 1 -5 0 0 
45555 874 -5 -0 -5 20 1 -5 0 0 
45560 874 -5 3 -5 20 1 -5 0 0 
45565 874 -5 3 -5 20 1 -5 0 0 
45570 876 -5 -0 -5 20 1 -5 0 0 
45575 874 -5 -0 -5 20 1 -5 0 0 
45580 874 -5 3 -5 20 1 -5 0 0 
45585 876 -5 3 -5 20 1 -5 0 0 
45590 876 -5 3 -5 20 1 -5 0 0 
45595 874 -5 3 -5 20 1 -5 0 0 
45600 874 -5 3 -5 20 1 -5 0 0 
45605 874 -5 3 -5 20 1 -5 0 0 
45610 876 -5 3 -5 20 1 -5 0 0 
45615 874 -5 3 -5 20 1 -5 0 0 
45620 876 -5 3 -5 20 1 -5 0 0 
45625 874 -5 3 -5 20 1 -5 0 0 
45630 874 -5 3 -5 20 1 -5 0 0 
45635 874 -5 3 -5 20 1 -5 0 0 
45640 874 -5 3 -5 20 1 -5 0 0 
45645 876 -5 3 -5 20 1 -5 0 0 
45650 874 -5 3 -5 20 1 -5 0 0 
45655 876 -5 3 -5 20 1 -5 0 0 
45660 874 -5 -0 -5 20 1 -5 0 0 
45665 874 -5 3 -5 20 1 -5 0 0 
45670 874 -5 3 -5 20 1 -5 0 0 
45675 876 -5 -0 -5 20 1 -5 0 0 
45680 874 -5 -0 -5 20 1 -5 0 0 
45685 876 -5 3 -5 20 1 -5 0 0 
45690 874 -5 -0 -5 20 1 -5 0 0 
45695 874 -5 -0 -5 20 1 -5 0 0 
45700 876 -5 3 -5 20 1 -5 0 0 
45705 874 -5 3 -5 20 1 -5 0 0 
45710 876 -5 3 -5 20 1 -5 0 0 
45715 876 -5 3 -5 20 1 -5 0 0 
45720 876 -5 3 -5 20 1 -5 0 0 
45725 876 -5 3 -5 20 1 -5 0 0 
45730 874 -5 -0 -5 20 1 -5 0 0 
45735 876 -5 -0 -5 20 1 -5 0 0 
45740 876 -5 3 -5 20 1 -5 0 0 
45745 874 -5 3 -5 20 1 -5 0 0 
45750 876 -5 3 -5 20 1 -5 0 0 
45755 874 -5 3 -5 20 1 -5 0 0 
45760 874 -5 3 -5 20 1 -5 0 0 
45765 874 -5 5 -5 20 1 -5 0 0 
45770 874 -5 3 -5 20 1 -5 0 0 
45775 876 -5 3 -5 20 1 -5 0 0 
45780 874 -5 3 -5 20 1 -5 0 0 
45785 874 -5 -0 -5 20 1 -5 0 0 
45790 874 -5 3 -5 20 1 -5 0 0 
45795 874 -5 -0 -5 20 1 -5 0 0 
45800 876 -5 3 -5 20 1 -5 0 0 
45805 876 -5 3 -5 20 1 -5 0 0 
45810 876 -5 3 -5 20 1 -5 0 0 
45815 874 -5 -0 -5 20 1 -5 0 0 
45820 876 -5 -0 -5 20 1 -5 0 0 
45825 876 -5 3 -5 20 1 -5 0 0 
45830 874 -5 3 -5 20 1 -5 0 0 
45835 874 -5 3 -5 20 1 -5 0 0 
45840 874 -5 -0 -5 20 1 -5 0 0 
45845 876 -5 3 -5 20 1 -5 0 0 
45850 874 -5 3 -5 20 1 -5 0 0 
45855 874 -5 3 -5 20 1 -5 0 0 
45860 874 -5 3 -5 20 1 -5 0 0 
45865 874 -5 3 -5 20 1 -5 0 0 
45870 874 -5 3 -5 20 1 -5 0 0 
45875 876 -5 3 -5 20 1 -5 0 0 
45880 874 -5 3 -5 20 1 -5 0 0 
45885 874 -5 3 -5 20 1 -5 0 0 
45890 874 -5 -0 -5 20 1 -5 0 0 
45895 874 -5 -0 -5 20 1 -5 0 0 
45900 874 -5 3 -5 20 1 -5 0 0 
45905 874 -5 3 -5 20 1 -5 0 0 
45910 874 -5 3 -5 20 1 -5 0 0 
45915 876 -5 3 -5 20 1 -5 0 0 
45920 874 -5 -0 -5 20 1 -5 0 0 
45925 874 -5 3 -5 20 1 -5 0 0 
45930 874 -5 3 -5 20 1 -5 0 0 
45935 874 -5 3 -5 20 1 -5 0 0 
45940 876 -5 3 -5 20 1 -5 0 0 
45945 876 -5 -0 -5 20 1 -5 0 0 
45950 876 -5 -0 -5 20 1 -5 0 0 
45955 876 -5 -0 -5 20 1 -5 0 0 
45960 876 -5 -0 -5 20 1 -5 0 0 
45965 874 -5 3 -5 20 1 -5 0 0 
45970 874 -5 3 -5 20 1 -5 0 0 
45975 874 -5 -0 -5 20 1 -5 0 0 
45980 876 -5 3 -5 20 1 -5 0 0 
45985 874 -5 3 -5 20 1 -5 0 0 
45990 876 -5 -0 -5 20 1 -5 0 0 
45995 876 -5 -0 -5 20 1 -5 0 0 
46000 874 -5 -0 -5 20 1 -5 0 0 
46005 874 -5 -0 -5 20 1 -5 0 0 
46010 876 -5 -0 -5 20 1 -5 0 0 
46015 874 -5 -0 -5 20 1 -5 0 0 
46020 874 -5 3 -5 20 1 -5 0 0 
46025 876 -5 -0 -5 20 1 -5 0 0 
46030 876 -5 -0 -5 20 1 -5 0 0 
46035 874 -5 3 -5 20 1 -5 0 0 
46040 874 -5 3 -5 20 1 -5 0 0 
46045 874 -5 -0 -5 20 1 -5 0 0 
46050 876 -5 3 -5 20 1 -5 0 0 
46055 876 -5 -0 -5 20 1 -5 0 0 
46060 874 -5 3 -5 20 1 -5 0 0 
46065 874 -5 -0 -5 20 1 -5 0 0 
46070 874 -5 3 -5 20 1 -5 0 0 
46075 874 -5 -0 -5 20 1 -5 0 0 
46080 874 -5 -0 -5 20 1 -5 0 0 
46085 874 -5 3 -5 20 1 -5 0 0 
46090 874 -5 3 -5 20 1 -5 0 0 
46095 876 -5 -0 -5 20 1 -5 0 0 
46100 874 -5 -0 -5 20 1 -5 0 0 
46105 874 -0 -0 -0 20 1 -0 0 0 
46110 874 -5 -0 -5 20 1 -5 0 0 
46115 874 -5 3 -5 20 1 -5 0 0 
46120 874 -5 -0 -5 20 1 -5 0 0 
46125 874 -5 3 -5 20 1 -5 0 0 
46130 874 -5 -0 -5 20 1 -5 0 0 
46135 874 -0 -0 -0 20 1 -0 0 0 
46140 876 -5 -0 -5 20 1 -5 0 0 
46145 874 -5 3 -5 20 1 -5 0 0 
46150 874 -5 -0 -5 20 1 -5 0 0 
46155 874 -5 -0 -5 20 1 -5 0 0 
46160 874 -5 3 -5 20 1 -5 0 0 
46165 874 -5 3 -5 20 1 -5 0 0 
46170 874 -5 3 -5 20 1 -5 0 0 
46175 874 -5 -0 -5 20 1 -5 0 0 
46180 874 -5 3 -5 20 1 -5 0 0 
46185 874 -5 -0 -5 20 1 -5 0 0 
46190 874 -5 3 -5 20 1 -5 0 0 
46195 874 -5 3 -5 20 1 -5 0 0 
46200 874 -5 -0 -5 20 1 -5 0 0 
46205 874 -5 3 -5 20 1 -5 0 0 
46210 874 -5 3 -5 20 1 -5 0 0 
46215 874 -5 -0 -5 20 1 -5 0 0 
46220 874 -5 3 -5 20 1 -5 0 0 
46225 876 -5 -0 -5 20 1 -5 0 0 
46230 874 -5 3 -5 20 1 -5 0 0 
46235 874 -5 3 -5 20 1 -5 0 0 
46240 874 -5 -0 -5 20 1 -5 0 0 
46245 874 -5 3 -5 20 1 -5 0 0 
46250 874 -5 3 -5 20 1 -5 0 0 
46255 874 -5 3 -5 20 1 -5 0 0 
46260 874 -5 -0 -5 20 1 -5 0 0 
46265 874 -0 3 -0 20 1 -0 0 0 
46270 874 -5 3 -5 20 1 -5 0 0 
46275 874 -5 3 -5 20 1 -5 0 0 
46280 874 -5 3 -5 20 1 -5 0 0 
46285 874 -5 3 -5 20 1 -5 0 0 
46290 874 -5 3 -5 20 1 -5 0 0 
46295 874 -5 -0 -5 20 1 -5 0 0 
46300 874 -5 -0 -5 20 1 -5 0 0 
46305 876 -5 -0 -5 20 1 -5 0 0 
46310 874 -5 3 -5 20 1 -5 0 0 
46315 874 -5 3 -5 20 1 -5 0 0 
46320 874 -5 3 -5 20 1 -5 0 0 
46325 876 -5 3 -5 20 1 -5 0 0 
46330 874 -5 3 -5 20 1 -5 0 0 
46335 874 -5 3 -5 20 1 -5 0 0 
46340 874 -0 3 -0 20 1 -0 0 0 
46345 874 -0 3 -0 20 1 -0 0 0 
46350 874 -0 3 -0 20 1 -0 0 0 
46355 874 -0 3 -0 20 1 -0 0 0 
46360 874 -0 3 -0 20 1 -0 0 0 
46365 874 -0 3 -0 20 1 -0 0 0 
46370 874 -0 3 -0 20 1 -0 0 0 
46375 874 -0 3 -0 20 1 -0 0 0 
46380 874 -0 3 -0 20 1 -0 0 0 
46385 874 -0 3 -0 20 1 -0 0 0 
46390 874 -0 3 -0 20 1 -0 0 0 
46395 874 -0 3 -0 20 1 -0 0 0 
46400 874 -0 3 -0 20 1 -0 0 0 
46405 874 -0 3 -0 20 1 -0 0 0 
46410 874 -0 3 -0 20 1 -0 0 0 
46415 876 -0 3 -0 20 1 -0 0 0 
46420 874 -0 3 -0 20 1 -0 0 0 
46425 874 -5 3 -5 20 1 -5 0 0 
46430 874 -0 3 -0 20 1 -0 0 0 
46435 874 -0 3 -0 20 1 -0 0 0 
46440 874 -0 3 -0 20 1 -0 0 0 
46445 874 -0 3 -0 20 1 -0 0 0 
46450 874 -0 3 -0 20 1 -0 0 0 
46455 874 -5 3 -5 20 1 -5 0 0 
46460 874 -5 3 -5 20 1 -5 0 0 
46465 874 -0 3 -0 20 1 -0 0 0 
46470 874 -5 3 -5 20 1 -5 0 0 
46475 874 -0 3 -0 20 1 -0 0 0 
46480 874 -0 3 -0 20 1 -0 0 0 
46485 876 -0 -0 -0 20 1 -0 0 0 
46490 874 -0 3 -0 20 1 -0 0 0 
46495 874 -0 3 -0 20 1 -0 0 0 
46500 874 -0 3 -0 20 1 -0 0 0 
46505 874 -0 -0 -0 20 1 -0 0 0 
46510 874 -0 3 -0 20 1 -0 0 0 
46515 874 -5 3 -5 20 1 -5 0 0 
46520 874 -0 3 -0 20 1 -0 0 0 
46525 874 -0 3 -0 20 1 -0 0 0 
46530 874 -0 -0 -0 20 1 -0 0 0 
46535 874 -0 3 -0 20 1 -0 0 0 
46540 876 -0 3 -0 20 1 -0 0 0 
46545 874 -0 -0 -0 20 1 -0 0 0 
46550 876 -0 -0 -0 20 1 -0 0 0 
46555 874 -5 3 -5 20 1 -5 0 0 
46560 874 -5 3 -5 20 1 -5 0 0 
46565 874 -5 3 -5 20 1 -5 0 0 
46570 876 -5 3 -5 20 1 -5 0 0 
46575 874 -5 -0 -5 20 1 -5 0 0 
46580 874 -0 3 -0 20 1 -0 0 0 
46585 874 -0 3 -0 20 1 -0 0 0 
46590 874 -0 3 -0 20 1 -0 0 0 
46595 876 -0 3 -0 20 1 -0 0 0 
46600 874 -0 3 -0 20 1 -0 0 0 
46605 874 -0 3 -0 20 1 -0 0 0 
46610 874 -0 3 -0 20 1 -0 0 0 
46615 874 -0 3 -0 20 1 -0 0 0 
46620 874 -5 3 -5 20 1 -5 0 0 
46625 874 -5 3 -5 20 1 -5 0 0 
46630 874 -5 3 -5 20 1 -5 0 0 
46635 874 -0 3 -0 20 1 -0 0 0 
46640 874 -5 3 -5 20 1 -5 0 0 
46645 876 -0 3 -0 20 1 -0 0 0 
46650 874 -0 -0 -0 20 1 -0 0 0 
46655 874 -0 3 -0 20 1 -0 0 0 
46660 874 -0 3 -0 20 1 -0 0 0 
46665 874 -5 -0 -5 20 1 -5 0 0 
46670 876 -5 3 -5 20 1 -5 0 0 
46675 874 -5 3 -5 20 1 -5 0 0 
46680 874 -0 3 -0 20 1 -0 0 0 
46685 874 -0 3 -0 20 1 -0 0 0 
46690 876 -5 3 -5 20 1 -5 0 0 
46695 874 -5 3 -5 20 1 -5 0 0 
46700 874 -5 3 -5 20 1 -5 0 0 
46705 874 -5 3 -5 20 1 -5 0 0 
46710 874 -5 3 -5 20 1 -5 0 0 
46715 874 -0 3 -0 20 1 -0 0 0 
46720 874 -0 -0 -0 20 1 -0 0 0 
46725 876 -5 -0 -5 20 1 -5 0 0 
46730 874 -5 3 -5 20 1 -5 0 0 
46735 874 -0 3 -0 20 1 -0 0 0 
46740 874 -0 3 -0 20 1 -0 0 0 
46745 874 -0 3 -0 20 1 -0 0 0 
46750 874 -0 3 -0 20 1 -0 0 0 
46755 876 -0 -0 -0 20 1 -0 0 0 
46760 876 -0 -0 -0 20 1 -0 0 0 
46765 876 -0 3 -0 20 1 -0 0 0 
46770 874 -0 -0 -0 20 1 -0 0 0 
46775 874 -0 3 -0 20 1 -0 0 0 
46780 876 -0 -0 -0 20 1 -0 0 0 
46785 874 -0 3 -0 20 1 -0 0 0 
46790 876 -5 3 -5 20 1 -5 0 0 
46795 874 -5 3 -5 20 1 -5 0 0 
46800 874 -5 -0 -5 20 1 -5 0 0 
46805 874 -0 3 -0 20 1 -0 0 0 
46810 874 -5 -0 -5 20 1 -5 0 0 
46815 874 -5 -0 -5 20 1 -5 0 0 
46820 874 -5 -0 -5 20 1 -5 0 0 
46825 874 -5 -0 -5 20 1 -5 0 0 
46830 874 -5 -0 -5 20 1 -5 0 0 
46835 874 -5 -0 -5 20 1 -5 0 0 
46840 874 -5 3 -5 20 1 -5 0 0 
46845 874 -5 3 -5 20 1 -5 0 0 
46850 874 -5 3 -5 20 1 -5 0 0 
46855 874 -5 -0 -5 20 1 -5 0 0 
46860 874 -5 3 -5 20 1 -5 0 0 
46865 874 -5 3 -5 20 1 -5 0 0 
46870 876 -5 -0 -5 20 1 -5 0 0 
46875 874 -5 3 -5 20 1 -5 0 0 
46880 874 -5 -0 -5 20 1 -5 0 0 
46885 874 -5 -0 -5 20 1 -5 0 0 
46890 874 -0 -0 -0 20 1 -0 0 0 
46895 876 -5 -0 -5 20 1 -5 0 0 
46900 874 -5 3 -5 20 1 -5 0 0 
46905 874 -5 3 -5 20 1 -5 0 0 
46910 874 -5 -0 -5 20 1 -5 0 0 
46915 876 -5 3 -5 20 1 -5 0 0 
46920 874 -5 -0 -5 20 1 -5 0 0 
46925 874 -5 -0 -5 20 1 -5 0 0 
46930 876 -5 -0 -5 20 1 -5 0 0 
46935 874 -5 3 -5 20 1 -5 0 0 
46940 874 -5 -0 -5 20 1 -5 0 0 
46945 874 -5 -0 -5 20 1 -5 0 0 
46950 874 -5 -0 -5 20 1 -5 0 0 
46955 874 -5 -0 -5 20 1 -5 0 0 
46960 874 -5 -0 -5 20 1 -5 0 0 
46965 874 -5 3 -5 20 1 -5 0 0 
46970 874 -5 -0 -5 20 1 -5 0 0 
46975 874 -5 3 -5 20 1 -5 0 0 
46980 874 -5 3 -5 20 1 -5 0 0 
46985 876 -5 -0 -5 20 1 -5 0 0 
46990 876 -5 3 -5 20 1 -5 0 0 
46995 874 -5 -0 -5 20 1 -5 0 0 
47000 874 -5 -0 -5 20 1 -5 0 0 
47005 874 -5 3 -5 20 1 -5 0 0 
47010 874 -5 3 -5 20 1 -5 0 0 
47015 876 -5 3 -5 20 1 -5 0 0 
47020 874 -5 3 -5 20 1 -5 0 0 
47025 876 -5 -0 -5 20 1 -5 0 0 
47030 876 -5 -0 -5 20 1 -5 0 0 
47035 876 -5 3 -5 20 1 -5 0 0 
47040 876 -5 -0 -5 20 1 -5 0 0 
47045 874 -5 3 -5 20 1 -5 0 0 
47050 874 -5 -0 -5 20 1 -5 0 0 
47055 874 -5 3 -5 20 1 -5 0 0 
47060 874 -5 -0 -5 20 1 -5 0 0 
47065 876 -5 -0 -5 20 1 -5 0 0 
47070 874 -5 3 -5 20 1 -5 0 0 
47075 876 -5 3 -5 20 1 -5 0 0 
47080 876 -5 -0 -5 20 1 -5 0 0 
47085 874 -5 -0 -5 20 1 -5 0 0 
47090 876 -5 3 -5 20 1 -5 0 0 
47095 874 -5 3 -5 20 1 -5 0 0 
47100 874 -5 3 -5 20 1 -5 0 0 
47105 874 -5 3 -5 20 1 -5 0 0 
47110 876 -5 3 -5 20 1 -5 0 0 
47115 874 -5 3 -5 20 1 -5 0 0 
47120 874 -5 -0 -5 20 1 -5 0 0 
47125 874 -5 3 -5 20 1 -5 0 0 
47130 874 -5 3 -5 20 1 -5 0 0 
47135 876 -5 3 -5 20 1 -5 0 0 
47140 874 -5 -0 -5 20 1 -5 0 0 
47145 874 -5 -0 -5 20 1 -5 0 0 
47150 874 -5 -0 -5 20 1 -5 0 0 
47155 874 -5 -0 -5 20 1 -5 0 0 
47160 876 -5 -0 -5 20 1 -5 0 0 
47165 876 -5 3 -5 20 1 -5 0 0 
47170 874 -5 3 -5 20 1 -5 0 0 
47175 874 -5 3 -5 20 1 -5 0 0 
47180 874 -8 -0 -8 20 1 -8 0 0 
47185 874 -8 -0 -8 20 1 -8 0 0 
47190 874 -5 3 -5 20 1 -5 0 0 
47195 874 -8 -0 -8 20 1 -8 0 0 
47200 874 -5 3 -5 20 1 -5 0 0 
47205 874 -8 3 -8 20 1 -8 0 0 
47210 874 -8 -0 -8 20 1 -8 0 0 
47215 876 -8 3 -8 20 1 -8 0 0 
47220 874 -8 3 -8 20 1 -8 0 0 
47225 876 -5 3 -5 20 1 -5 0 0 
47230 874 -5 -0 -5 20 1 -5 0 0 
47235 874 -5 -0 -5 20 1 -5 0 0 
47240 874 -5 -0 -5 20 1 -5 0 0 
47245 874 -5 3 -5 20 1 -5 0 0 
47250 874 -5 -0 -5 20 1 -5 0 0 
47255 874 -5 -0 -5 20 1 -5 0 0 
47260 874 -5 -0 -5 20 1 -5 0 0 
47265 874 -5 -0 -5 20 1 -5 0 0 
47270 874 -5 -0 -5 20 1 -5 0 0 
47275 876 -8 -0 -8 20 1 -8 0 0 
47280 874 -5 -0 -5 20 1 -5 0 0 
47285 874 -8 3 -8 20 1 -8 0 0 
47290 874 -8 3 -8 20 1 -8 0 0 
47295 874 -8 -0 -8 20 1 -8 0 0 
47300 876 -8 3 -8 20 1 -8 0 0 
47305 874 -8 -0 -8 20 1 -8 0 0 
47310 876 -8 -0 -8 20 1 -8 0 0 
47315 874 -5 3 -5 20 1 -5 0 0 
47320 876 -5 3 -5 20 1 -5 0 0 
47325 874 -5 3 -5 20 1 -5 0 0 
47330 874 -5 -0 -5 20 1 -5 0 0 
47335 876 -5 -0 -5 20 1 -5 0 0 
47340 874 -5 -0 -5 20 1 -5 0 0 
47345 874 -5 -0 -5 20 1 -5 0 0 
47350 874 -5 3 -5 20 1 -5 0 0 
47355 876 -5 3 -5 20 1 -5 0 0 
47360 874 -5 3 -5 20 1 -5 0 0 
47365 874 -5 -0 -5 20 1 -5 0 0 
47370 874 -0 3 -0 20 1 -0 0 0 
47375 874 -5 3 -5 20 1 -5 0 0 
47380 874 -5 3 -5 20 1 -5 0 0 
47385 874 -5 3 -5 20 1 -5 0 0 
47390 874 -5 3 -5 20 1 -5 0 0 
47395 874 -5 -0 -5 20 1 -5 0 0 
47400 876 -5 3 -5 20 1 -5 0 0 
47405 876 -5 3 -5 20 1 -5 0 0 
47410 876 -5 -0 -5 20 1 -5 0 0 
47415 874 -5 -0 -5 20 1 -5 0 0 
47420 874 -5 3 -5 20 1 -5 0 0 
47425 874 -5 3 -5 20 1 -5 0 0 
47430 874 -5 -0 -5 20 1 -5 0 0 
47435 874 -5 -0 -5 20 1 -5 0 0 
47440 874 -5 3 -5 20 1 -5 0 0 
47445 874 -5 3 -5 20 1 -5 0 0 
47450 876 -5 3 -5 20 1 -5 0 0 
47455 876 -5 3 -5 20 1 -5 0 0 
47460 874 -5 3 -5 20 1 -5 0 0 
47465 874 -0 -0 -0 20 1 -0 0 0 
47470 874 -5 3 -5 20 1 -5 0 0 
47475 874 -5 -0 -5 20 1 -5 0 0 
47480 874 -5 -0 -5 20 1 -5 0 0 
47485 874 -5 -0 -5 20 1 -5 0 0 
47490 874 -5 3 -5 20 1 -5 0 0 
47495 876 -5 -0 -5 20 1 -5 0 0 
47500 876 -5 -0 -5 20 1 -5 0 0 
47505 876 -5 -0 -5 20 1 -5 0 0 
47510 876 -5 3 -5 20 1 -5 0 0 
47515 874 -5 -0 -5 20 1 -5 0 0 
47520 874 -5 -0 -5 20 1 -5 0 0 
47525 874 -5 3 -5 20 1 -5 0 0 
47530 874 -5 -0 -5 20 1 -5 0 0 
47535 876 -5 -0 -5 20 1 -5 0 0 
47540 876 -5 3 -5 20 1 -5 0 0 
47545 876 -5 -0 -5 20 1 -5 0 0 
47550 876 -5 3 -5 20 1 -5 0 0 
47555 874 -5 -0 -5 20 1 -5 0 0 
47560 874 -5 -0 -5 20 1 -5 0 0 
47565 874 -5 3 -5 20 1 -5 0 0 
47570 874 -5 -0 -5 20 1 -5 0 0 
47575 874 -5 3 -5 20 1 -5 0 0 
47580 874 -5 -0 -5 20 1 -5 0 0 
47585 874 -5 -0 -5 20 1 -5 0 0 
47590 874 -5 -0 -5 20 1 -5 0 0 
47595 874 -5 -0 -5 20 1 -5 0 0 
47600 876 -5 3 -5 20 1 -5 0 0 
47605 876 -5 3 -5 20 1 -5 0 0 
47610 874 -5 -0 -5 20 1 -5 0 0 
47615 874 -5 -0 -5 20 1 -5 0 0 
47620 874 -5 3 -5 20 1 -5 0 0 
47625 874 -5 3 -5 20 1 -5 0 0 
47630 874 -5 -0 -5 20 1 -5 0 0 
47635 874 -5 -0 -5 20 1 -5 0 0 
47640 874 -5 3 -5 20 1 -5 0 0 
47645 876 -5 3 -5 20 1 -5 0 0 
47650 874 -5 -0 -5 20 1 -5 0 0 
47655 874 -5 3 -5 20 1 -5 0 0 
47660 874 -5 -0 -5 20 1 -5 0 0 
47665 874 -5 3 -5 20 1 -5 0 0 
47670 874 -5 -0 -5 20 1 -5 0 0 
47675 874 -5 -0 -5 20 1 -5 0 0 
47680 874 -5 -0 -5 20 1 -5 0 0 
47685 874 -5 3 -5 20 1 -5 0 0 
47690 876 -5 -0 -5 20 1 -5 0 0 
47695 876 -5 3 -5 20 1 -5 0 0 
47700 874 -5 -0 -5 20 1 -5 0 0 
47705 874 -5 -0 -5 20 1 -5 0 0 
47710 874 -5 3 -5 20 1 -5 0 0 
47715 876 -5 3 -5 20 1 -5 0 0 
47720 874 -0 3 -0 20 1 -0 0 0 
47725 874 -5 3 -5 20 1 -5 0 0 
47730 874 -5 3 -5 20 1 -5 0 0 
47735 876 -5 3 -5 20 1 -5 0 0 
47740 876 -5 3 -5 20 1 -5 0 0 
47745 874 -5 -0 -5 20 1 -5 0 0 
47750 874 -5 -0 -5 20 1 -5 0 0 
47755 874 -0 3 -0 20 1 -0 0 0 
47760 876 -5 -0 -5 20 1 -5 0 0 
47765 876 -5 3 -5 20 1 -5 0 0 
47770 874 -0 3 -0 20 1 -0 0 0 
47775 874 -0 3 -0 20 1 -0 0 0 
47780 876 -0 -0 -0 20 1 -0 0 0 
47785 874 -0 -0 -0 20 1 -0 0 0 
47790 876 -0 3 -0 20 1 -0 0 0 
47795 874 -5 3 -5 20 1 -5 0 0 
47800 874 -5 3 -5 20 1 -5 0 0 
47805 874 -5 3 -5 20 1 -5 0 0 
47810 874 -5 -0 -5 20 1 -5 0 0 
47815 874 -5 3 -5 20 1 -5 0 0 
47820 874 -5 3 -5 20 1 -5 0 0 
47825 874 -5 3 -5 20 1 -5 0 0 
47830 876 -5 -0 -5 20 1 -5 0 0 
47835 874 -5 -0 -5 20 1 -5 0 0 
47840 874 -5 3 -5 20 1 -5 0 0 
47845 874 -5 3 -5 20 1 -5 0 0 
47850 874 -5 3 -5 20 1 -5 0 0 
47855 874 -5 -0 -5 20 1 -5 0 0 
47860 876 -5 3 -5 20 1 -5 0 0 
47865 874 -5 3 -5 20 1 -5 0 0 
47870 874 -5 -0 -5 20 1 -5 0 0 
47875 874 -5 -0 -5 20 1 -5 0 0 
47880 874 -5 3 -5 20 1 -5 0 0 
47885 876 -5 3 -5 20 1 -5 0 0 
47890 874 -5 -0 -5 20 1 -5 0 0 
47895 874 -5 3 -5 20 1 -5 0 0 
47900 874 -5 -0 -5 20 1 -5 0 0 
47905 876 -5 -0 -5 20 1 -5 0 0 
47910 874 -5 -0 -5 20 1 -5 0 0 
47915 874 -5 -0 -5 20 1 -5 0 0 
47920 874 -5 -0 -5 20 1 -5 0 0 
47925 876 -8 3 -8 20 1 -8 0 0 
47930 874 -5 -0 -5 20 1 -5 0 0 
47935 874 -5 -0 -5 20 1 -5 0 0 
47940 874 -8 -0 -8 20 1 -8 0 0 
47945 874 -8 -0 -8 20 1 -8 0 0 
47950 876 -8 -0 -8 20 1 -8 0 0 
47955 874 -8 -0 -8 20 1 -8 0 0 
47960 874 -8 3 -8 20 1 -8 0 0 
47965 874 -8 -0 -8 20 1 -8 0 0 
47970 876 -8 -0 -8 20 1 -8 0 0 
47975 874 -8 3 -8 20 1 -8 0 0 
47980 874 -8 -0 -8 20 1 -8 0 0 
47985 874 -8 -0 -8 20 1 -8 0 0 
47990 874 -8 -0 -8 20 1 -8 0 0 
47995 874 -8 3 -8 20 1 -8 0 0 
48000 876 -8 -0 -8 20 1 -8 0 0 
48005 876 -8 -0 -8 20 1 -8 0 0 
48010 874 -8 -0 -8 20 1 -8 0 0 
48015 874 -8 -0 -8 20 1 -8 0 0 
48020 874 -5 -0 -5 20 1 -5 0 0 
48025 874 -5 -0 -5 20 1 -5 0 0 
48030 874 -5 -0 -5 20 1 -5 0 0 
48035 874 -8 -0 -8 20 1 -8 0 0 
48040 874 -8 3 -8 20 1 -8 0 0 
48045 876 -5 -0 -5 20 1 -5 0 0 
48050 874 -5 3 -5 20 1 -5 0 0 
48055 874 -5 -0 -5 20 1 -5 0 0 
48060 874 -5 -0 -5 20 1 -5 0 0 
48065 876 -5 -0 -5 20 1 -5 0 0 
48070 874 -5 3 -5 20 1 -5 0 0 
48075 874 -5 -0 -5 20 1 -5 0 0 
48080 874 -5 -0 -5 20 1 -5 0 0 
48085 876 -5 -0 -5 20 1 -5 0 0 
48090 874 -5 -0 -5 20 1 -5 0 0 
48095 874 -5 -0 -5 20 1 -5 0 0 
48100 874 -8 -0 -8 20 1 -8 0 0 
48105 874 -5 3 -5 20 1 -5 0 0 
48110 874 -8 -0 -8 20 1 -8 0 0 
48115 874 -5 3 -5 20 1 -5 0 0 
48120 874 -8 -0 -8 20 1 -8 0 0 
48125 874 -8 3 -8 20 1 -8 0 0 
48130 874 -8 -0 -8 20 1 -8 0 0 
48135 876 -8 3 -8 20 1 -8 0 0 
48140 874 -5 -0 -5 20 1 -5 0 0 
48145 874 -8 3 -8 20 1 -8 0 0 
48150 874 -5 3 -5 20 1 -5 0 0 
48155 874 -8 -0 -8 20 1 -8 0 0 
48160 874 -5 3 -5 20 1 -5 0 0 
48165 874 -5 3 -5 20 1 -5 0 0 
48170 874 -5 -0 -5 20 1 -5 0 0 
48175 874 -5 -0 -5 20 1 -5 0 0 
48180 874 -5 3 -5 20 1 -5 0 0 
48185 874 -5 -0 -5 20 1 -5 0 0 
48190 874 -5 3 -5 20 1 -5 0 0 
48195 876 -5 3 -5 20 1 -5 0 0 
48200 874 -5 3 -5 20 1 -5 0 0 
48205 874 -5 -0 -5 20 1 -5 0 0 
48210 874 -5 3 -5 20 1 -5 0 0 
48215 874 -5 3 -5 20 1 -5 0 0 
48220 874 -5 3 -5 20 1 -5 0 0 
48225 874 -5 -0 -5 20 1 -5 0 0 
48230 874 -5 -0 -5 20 1 -5 0 0 
48235 874 -5 -0 -5 20 1 -5 0 0 
48240 874 -5 -0 -5 20 1 -5 0 0 
48245 874 -8 3 -8 20 1 -8 0 0 
48250 874 -5 -0 -5 20 1 -5 0 0 
48255 874 -8 3 -8 20 1 -8 0 0 
48260 874 -8 -0 -8 20 1 -8 0 0 
48265 874 -5 3 -5 20 1 -5 0 0 
48270 874 -5 3 -5 20 1 -5 0 0 
48275 874 -5 -0 -5 20 1 -5 0 0 
48280 874 -5 -0 -5 20 1 -5 0 0 
48285 874 -5 3 -5 20 1 -5 0 0 
48290 874 -5 3 -5 20 1 -5 0 0 
48295 874 -5 -0 -5 20 1 -5 0 0 
48300 874 -5 3 -5 20 1 -5 0 0 
48305 874 -0 -0 -0 20 1 -0 0 0 
48310 876 -0 3 -0 20 1 -0 0 0 
48315 874 -0 3 -0 20 1 -0 0 0 
48320 874 -5 -0 -5 20 1 -5 0 0 
48325 876 -5 3 -5 20 1 -5 0 0 
48330 874 -5 -0 -5 20 1 -5 0 0 
48335 876 -5 -0 -5 20 1 -5 0 0 
48340 874 -5 -0 -5 20 1 -5 0 0 
48345 876 -5 -0 -5 20 1 -5 0 0 
48350 876 -8 -0 -8 20 1 -8 0 0 
48355 874 -5 3 -5 20 1 -5 0 0 
48360 874 -5 3 -5 20 1 -5 0 0 
48365 874 -5 -0 -5 20 1 -5 0 0 
48370 874 -5 -0 -5 20 1 -5 0 0 
48375 874 -5 3 -5 20 1 -5 0 0 
48380 874 -5 -0 -5 20 1 -5 0 0 
48385 874 -5 3 -5 20 1 -5 0 0 
48390 874 -5 -0 -5 20 1 -5 0 0 
48395 874 -5 3 -5 20 1 -5 0 0 
48400 874 -5 -0 -5 20 1 -5 0 0 
48405 874 -5 3 -5 20 1 -5 0 0 
48410 874 -5 -0 -5 20 1 -5 0 0 
48415 874 -5 3 -5 20 1 -5 0 0 
48420 874 -5 -0 -5 20 1 -5 0 0 
48425 874 -5 -0 -5 20 1 -5 0 0 
48430 874 -5 3 -5 20 1 -5 0 0 
48435 874 -5 -0 -5 20 1 -5 0 0 
48440 876 -5 3 -5 20 1 -5 0 0 
48445 876 -5 3 -5 20 1 -5 0 0 
48450 874 -5 -0 -5 20 1 -5 0 0 
48455 874 -5 3 -5 20 1 -5 0 0 
48460 874 -5 -0 -5 20 1 -5 0 0 
48465 874 -5 -0 -5 20 1 -5 0 0 
48470 874 -5 3 -5 20 1 -5 0 0 
48475 874 -5 -0 -5 20 1 -5 0 0 
48480 874 -5 3 -5 20 1 -5 0 0 
48485 874 -5 3 -5 20 1 -5 0 0 
48490 874 -5 -0 -5 20 1 -5 0 0 
48495 874 -5 -0 -5 20 1 -5 0 0 
48500 874 -5 -0 -5 20 1 -5 0 0 
48505 876 -5 3 -5 20 1 -5 0 0 
48510 874 -5 3 -5 20 1 -5 0 0 
48515 874 -5 -0 -5 20 1 -5 0 0 
48520 874 -5 3 -5 20 1 -5 0 0 
48525 874 -5 -0 -5 20 1 -5 0 0 
48530 874 -5 3 -5 20 1 -5 0 0 
48535 874 -5 -0 -5 20 1 -5 0 0 
48540 874 -5 -0 -5 20 1 -5 0 0 
48545 874 -5 3 -5 20 1 -5 0 0 
48550 876 -5 3 -5 20 1 -5 0 0 
48555 874 -5 -0 -5 20 1 -5 0 0 
48560 874 -5 3 -5 20 1 -5 0 0 
48565 874 -5 -0 -5 20 1 -5 0 0 
48570 876 -5 3 -5 20 1 -5 0 0 
48575 874 -5 3 -5 20 1 -5 0 0 
48580 874 -5 -0 -5 20 1 -5 0 0 
48585 874 -8 -0 -8 20 1 -8 0 0 
48590 874 -5 -0 -5 20 1 -5 0 0 
48595 874 -5 3 -5 20 1 -5 0 0 
48600 874 -5 3 -5 20 1 -5 0 0 
48605 874 -5 -0 -5 20 1 -5 0 0 
48610 874 -5 3 -5 20 1 -5 0 0 
48615 874 -5 3 -5 20 1 -5 0 0 
48620 876 -5 3 -5 20 1 -5 0 0 
48625 874 -5 3 -5 20 1 -5 0 0 
48630 874 -5 3 -5 20 1 -5 0 0 
48635 876 -5 3 -5 20 1 -5 0 0 
48640 874 -5 3 -5 20 1 -5 0 0 
48645 874 -5 -0 -5 20 1 -5 0 0 
48650 874 -5 3 -5 20 1 -5 0 0 
48655 874 -5 -0 -5 20 1 -5 0 0 
48660 874 -5 -0 -5 20 1 -5 0 0 
48665 874 -5 -0 -5 20 1 -5 0 0 
48670 874 -5 -0 -5 20 1 -5 0 0 
48675 874 -5 -0 -5 20 1 -5 0 0 
48680 876 -5 -0 -5 20 1 -5 0 0 
48685 874 -5 -0 -5 20 1 -5 0 0 
48690 874 -5 3 -5 20 1 -5 0 0 
48695 874 -5 -0 -5 20 1 -5 0 0 
48700 874 -5 -0 -5 20 1 -5 0 0 
48705 874 -8 3 -8 20 1 -8 0 0 
48710 874 -8 3 -8 20 1 -8 0 0 
48715 874 -5 3 -5 20 1 -5 0 0 
48720 874 -5 -0 -5 20 1 -5 0 0 
48725 874 -5 3 -5 20 1 -5 0 0 
48730 874 -5 -0 -5 20 1 -5 0 0 
48735 874 -5 -0 -5 20 1 -5 0 0 
48740 874 -5 -0 -5 20 1 -5 0 0 
48745 876 -5 -0 -5 20 1 -5 0 0 
48750 874 -8 -0 -8 20 1 -8 0 0 
48755 874 -5 -0 -5 20 1 -5 0 0 
48760 874 -5 -0 -5 20 1 -5 0 0 
48765 876 -5 -0 -5 20 1 -5 0 0 
48770 876 -5 -0 -5 20 1 -5 0 0 
48775 874 -5 3 -5 20 1 -5 0 0 
48780 876 -5 -0 -5 20 1 -5 0 0 
48785 874 -5 3 -5 20 1 -5 0 0 
48790 874 -5 3 -5 20 1 -5 0 0 
48795 874 -5 -0 -5 20 1 -5 0 0 
48800 874 -5 3 -5 20 1 -5 0 0 
48805 874 -5 3 -5 20 1 -5 0 0 
48810 874 -5 -0 -5 20 1 -5 0 0 
48815 874 -5 -0 -5 20 1 -5 0 0 
48820 874 -5 3 -5 20 1 -5 0 0 
48825 874 -5 -0 -5 20 1 -5 0 0 
48830 876 -5 3 -5 20 1 -5 0 0 
48835 874 -5 -0 -5 20 1 -5 0 0 
48840 874 -5 -0 -5 20 1 -5 0 0 
48845 874 -5 3 -5 20 1 -5 0 0 
48850 874 -5 3 -5 20 1 -5 0 0 
48855 876 -5 3 -5 20 1 -5 0 0 
48860 876 -5 3 -5 20 1 -5 0 0 
48865 876 -5 3 -5 20 1 -5 0 0 
48870 874 -5 3 -5 20 1 -5 0 0 
48875 874 -5 -0 -5 20 1 -5 0 0 
48880 874 -5 -0 -5 20 1 -5 0 0 
48885 874 -5 3 -5 20 1 -5 0 0 
48890 876 -5 3 -5 20 1 -5 0 0 
48895 874 -5 3 -5 20 1 -5 0 0 
48900 874 -5 3 -5 20 1 -5 0 0 
48905 874 -5 3 -5 20 1 -5 0 0 
48910 876 -5 -0 -5 20 1 -5 0 0 
48915 876 -5 3 -5 20 1 -5 0 0 
48920 874 -5 -0 -5 20 1 -5 0 0 
48925 876 -5 3 -5 20 1 -5 0 0 
48930 874 -5 3 -5 20 1 -5 0 0 
48935 874 -5 3 -5 20 1 -5 0 0 
48940 874 -5 -0 -5 20 1 -5 0 0 
48945 874 -5 -0 -5 20 1 -5 0 0 
48950 874 -5 3 -5 20 1 -5 0 0 
48955 874 -5 -0 -5 20 1 -5 0 0 
48960 874 -5 3 -5 20 1 -5 0 0 
48965 874 -5 3 -5 20 1 -5 0 0 
48970 874 -5 -0 -5 20 1 -5 0 0 
48975 874 -5 3 -5 20 1 -5 0 0 
48980 874 -5 3 -5 20 1 -5 0 0 
48985 874 -5 3 -5 20 1 -5 0 0 
48990 874 -5 -0 -5 20 1 -5 0 0 
48995 874 -5 3 -5 20 1 -5 0 0 
49000 874 -5 -0 -5 20 1 -5 0 0 
49005 874 -5 -0 -5 20 1 -5 0 0 
49010 874 -5 3 -5 20 1 -5 0 0 
49015 876 -5 3 -5 20 1 -5 0 0 
49020 874 -5 3 -5 20 1 -5 0 0 
49025 874 -5 3 -5 20 1 -5 0 0 
49030 874 -5 3 -5 20 1 -5 0 0 
49035 874 -5 -0 -5 20 1 -5 0 0 
49040 876 -5 -0 -5 20 1 -5 0 0 
49045 874 -5 -0 -5 20 1 -5 0 0 
49050 874 -5 -0 -5 20 1 -5 0 0 
49055 876 -5 -0 -5 20 1 -5 0 0 
49060 874 -5 -0 -5 20 1 -5 0 0 
49065 874 -5 -0 -5 20 1 -5 0 0 
49070 874 -5 -0 -5 20 1 -5 0 0 
49075 876 -5 3 -5 20 1 -5 0 0 
49080 874 -5 3 -5 20 1 -5 0 0 
49085 874 -5 3 -5 20 1 -5 0 0 
49090 874 -5 -0 -5 20 1 -5 0 0 
49095 876 -5 -0 -5 20 1 -5 0 0 
49100 874 -5 -0 -5 20 1 -5 0 0 
49105 874 -5 -0 -5 20 1 -5 0 0 
49110 876 -5 3 -5 20 1 -5 0 0 
49115 874 -5 -0 -5 20 1 -5 0 0 
49120 874 -5 3 -5 20 1 -5 0 0 
49125 876 -5 -0 -5 20 1 -5 0 0 
49130 874 -5 -0 -5 20 1 -5 0 0 
49135 874 -5 -0 -5 20 1 -5 0 0 
49140 876 -5 -0 -5 20 1 -5 0 0 
49145 874 -5 3 -5 20 1 -5 0 0 
49150 876 -5 -0 -5 20 1 -5 0 0 
49155 874 -5 3 -5 20 1 -5 0 0 
49160 874 -5 -0 -5 20 1 -5 0 0 
49165 876 -5 -0 -5 20 1 -5 0 0 
49170 876 -5 -0 -5 20 1 -5 0 0 
49175 876 -5 -0 -5 20 1 -5 0 0 
49180 874 -5 -0 -5 20 1 -5 0 0 
49185 874 -5 -0 -5 20 1 -5 0 0 
49190 876 -5 -0 -5 20 1 -5 0 0 
49195 874 -5 -0 -5 20 1 -5 0 0 
49200 876 -5 3 -5 20 1 -5 0 0 
49205 874 -5 3 -5 20 1 -5 0 0 
49210 876 -5 -0 -5 20 1 -5 0 0 
49215 874 -5 3 -5 20 1 -5 0 0 
49220 874 -5 3 -5 20 1 -5 0 0 
49225 876 -5 -0 -5 20 1 -5 0 0 
49230 876 -5 -0 -5 20 1 -5 0 0 
49235 874 -5 -0 -5 20 1 -5 0 0 
49240 874 -5 3 -5 20 1 -5 0 0 
49245 874 -5 3 -5 20 1 -5 0 0 
49250 874 -5 -0 -5 20 1 -5 0 0 
49255 874 -5 3 -5 20 1 -5 0 0 
49260 874 -8 -0 -8 20 1 -8 0 0 
49265 874 -5 -0 -5 20 1 -5 0 0 
49270 874 -5 -0 -5 20 1 -5 0 0 
49275 876 -5 -0 -5 20 1 -5 0 0 
49280 874 -5 -0 -5 20 1 -5 0 0 
49285 874 -5 3 -5 20 1 -5 0 0 
49290 874 -5 -0 -5 20 1 -5 0 0 
49295 874 -5 3 -5 20 1 -5 0 0 
49300 876 -5 -0 -5 20 1 -5 0 0 
49305 874 -5 -0 -5 20 1 -5 0 0 
49310 876 -5 -0 -5 20 1 -5 0 0 
49315 874 -5 -0 -5 20 1 -5 0 0 
49320 874 -5 -0 -5 20 1 -5 0 0 
49325 876 -5 3 -5 20 1 -5 0 0 
49330 874 -5 3 -5 20 1 -5 0 0 
49335 874 -5 -0 -5 20 1 -5 0 0 
49340 874 -5 3 -5 20 1 -5 0 0 
49345 876 -8 3 -8 20 1 -8 0 0 
49350 874 -8 -0 -8 20 1 -8 0 0 
49355 874 -5 -0 -5 20 1 -5 0 0 
49360 876 -5 -0 -5 20 1 -5 0 0 
49365 876 -5 -0 -5 20 1 -5 0 0 
49370 874 -5 -0 -5 20 1 -5 0 0 
49375 874 -5 -0 -5 20 1 -5 0 0 
49380 876 -5 3 -5 20 1 -5 0 0 
49385 874 -5 -0 -5 20 1 -5 0 0 
49390 876 -5 -0 -5 20 1 -5 0 0 
49395 874 -5 -0 -5 20 1 -5 0 0 
49400 874 -5 -0 -5 20 1 -5 0 0 
49405 876 -5 -0 -5 20 1 -5 0 0 
49410 876 -5 -0 -5 20 1 -5 0 0 
49415 874 -5 -0 -5 20 1 -5 0 0 
49420 874 -5 -0 -5 20 1 -5 0 0 
49425 874 -5 3 -5 20 1 -5 0 0 
49430 876 -5 -0 -5 20 1 -5 0 0 
49435 874 -8 3 -8 20 1 -8 0 0 
49440 876 -5 -0 -5 20 1 -5 0 0 
49445 876 -8 -0 -8 20 1 -8 0 0 
49450 876 -8 3 -8 20 1 -8 0 0 
49455 874 -8 -0 -8 20 1 -8 0 0 
49460 874 -8 -0 -8 20 1 -8 0 0 
49465 874 -5 -0 -5 20 1 -5 0 0 
49470 876 -5 3 -5 20 1 -5 0 0 
49475 874 -5 -0 -5 20 1 -5 0 0 
49480 874 -5 -0 -5 20 1 -5 0 0 
49485 874 -5 -0 -5 20 1 -5 0 0 
49490 874 -5 3 -5 20 1 -5 0 0 
49495 876 -5 -0 -5 20 1 -5 0 0 
49500 876 -8 -0 -8 20 1 -8 0 0 
49505 874 -5 -0 -5 20 1 -5 0 0 
49510 876 -8 3 -8 20 1 -8 0 0 
49515 876 -5 -0 -5 20 1 -5 0 0 
49520 876 -5 3 -5 20 1 -5 0 0 
49525 876 -5 3 -5 20 1 -5 0 0 
49530 876 -5 -0 -5 20 1 -5 0 0 
49535 876 -5 -0 -5 20 1 -5 0 0 
49540 876 -5 -0 -5 20 1 -5 0 0 
49545 876 -5 -0 -5 20 1 -5 0 0 
49550 876 -5 -0 -5 20 1 -5 0 0 
49555 876 -5 -0 -5 20 1 -5 0 0 
49560 876 -8 -0 -8 20 1 -8 0 0 
49565 874 -8 3 -8 20 1 -8 0 0 
49570 874 -8 -0 -8 20 1 -8 0 0 
49575 874 -8 -0 -8 20 1 -8 0 0 
49580 874 -8 -0 -8 20 1 -8 0 0 
49585 876 -8 3 -8 20 1 -8 0 0 
49590 874 -8 3 -8 20 1 -8 0 0 
49595 876 -8 3 -8 20 1 -8 0 0 
49600 876 -8 3 -8 20 1 -8 0 0 
49605 874 -5 3 -5 20 1 -5 0 0 
49610 876 -5 3 -5 20 1 -5 0 0 
49615 876 -5 3 -5 20 1 -5 0 0 
49620 874 -5 3 -5 20 1 -5 0 0 
49625 876 -5 -0 -5 20 1 -5 0 0 
49630 874 -5 -0 -5 20 1 -5 0 0 
49635 874 -5 -0 -5 20 1 -5 0 0 
49640 876 -5 3 -5 20 1 -5 0 0 
49645 876 -5 -0 -5 20 1 -5 0 0 
49650 876 -5 3 -5 20 1 -5 0 0 
49655 874 -5 -0 -5 20 1 -5 0 0 
49660 876 -5 -0 -5 20 1 -5 0 0 
49665 876 -5 -0 -5 20 1 -5 0 0 
49670 874 -5 3 -5 20 1 -5 0 0 
49675 876 -5 3 -5 20 1 -5 0 0 
49680 876 -5 3 -5 20 1 -5 0 0 
49685 876 -5 -0 -5 20 1 -5 0 0 
49690 876 -5 3 -5 20 1 -5 0 0 
49695 876 -5 -0 -5 20 1 -5 0 0 
49700 876 -5 3 -5 20 1 -5 0 0 
49705 876 -8 -0 -8 20 1 -8 0 0 
49710 876 -5 3 -5 20 1 -5 0 0 
49715 874 -5 3 -5 20 1 -5 0 0 
49720 876 -5 -0 -5 20 1 -5 0 0 
49725 876 -5 3 -5 20 1 -5 0 0 
49730 876 -5 3 -5 20 1 -5 0 0 
49735 876 -5 3 -5 20 1 -5 0 0 
49740 876 -5 -0 -5 20 1 -5 0 0 
49745 876 -5 3 -5 20 1 -5 0 0 
49750 876 -5 3 -5 20 1 -5 0 0 
49755 876 -5 3 -5 20 1 -5 0 0 
49760 876 -5 -0 -5 20 1 -5 0 0 
49765 876 -5 3 -5 20 1 -5 0 0 
49770 876 -5 -0 -5 20 1 -5 0 0 
49775 876 -5 3 -5 20 1 -5 0 0 
49780 876 -5 3 -5 20 1 -5 0 0 
49785 876 -5 3 -5 20 1 -5 0 0 
49790 876 -5 -0 -5 20 1 -5 0 0 
49795 876 -5 -0 -5 20 1 -5 0 0 
49800 876 -5 -0 -5 20 1 -5 0 0 
49805 874 -5 3 -5 20 1 -5 0 0 
49810 876 -5 3 -5 20 1 -5 0 0 
49815 876 -5 -0 -5 20 1 -5 0 0 
49820 876 -5 -0 -5 20 1 -5 0 0 
49825 876 -8 3 -8 20 1 -8 0 0 
49830 876 -5 -0 -5 20 1 -5 0 0 
49835 876 -5 -0 -5 20 1 -5 0 0 
49840 876 -5 3 -5 20 1 -5 0 0 
49845 876 -5 3 -5 20 1 -5 0 0 
49850 876 -5 3 -5 20 1 -5 0 0 
49855 876 -5 -0 -5 20 1 -5 0 0 
49860 876 -5 -0 -5 20 1 -5 0 0 
49865 876 -5 3 -5 20 1 -5 0 0 
49870 874 -5 3 -5 20 1 -5 0 0 
49875 876 -0 -0 -0 20 1 -0 0 0 
49880 876 -5 3 -5 20 1 -5 0 0 
49885 876 -5 3 -5 20 1 -5 0 0 
49890 876 -0 -0 -0 20 1 -0 0 0 
49895 876 -5 -0 -5 20 1 -5 0 0 
49900 876 -5 3 -5 20 1 -5 0 0 
49905 876 -5 3 -5 20 1 -5 0 0 
49910 876 -5 3 -5 20 1 -5 0 0 
49915 874 -5 -0 -5 20 1 -5 0 0 
49920 876 -5 -0 -5 20 1 -5 0 0 
49925 874 -5 3 -5 20 1 -5 0 0 
49930 876 -5 -0 -5 20 1 -5 0 0 
49935 876 -5 3 -5 20 1 -5 0 0 
49940 876 -5 -0 -5 20 1 -5 0 0 
49945 876 -5 -0 -5 20 1 -5 0 0 
49950 876 -5 3 -5 20 1 -5 0 0 
49955 876 -5 3 -5 20 1 -5 0 0 
49960 876 -5 3 -5 20 1 -5 0 0 
49965 876 -5 3 -5 20 1 -5 0 0 
49970 876 -5 -0 -5 20 1 -5 0 0 
49975 876 -5 3 -5 20 1 -5 0 0 
49980 876 -5 3 -5 20 1 -5 0 0 
49985 876 -5 3 -5 20 1 -5 0 0 
49990 876 -5 3 -5 20 1 -5 0 0 
49995 876 -5 3 -5 20 1 -5 0 0 
50000 876 -0 3 -0 20 1 -0 0 0 
50005 874 -0 -0 -0 20 1 -0 0 0 
50010 876 -0 -0 -0 20 1 -0 0 0 
50015 876 -0 3 -0 20 1 -0 0 0 
50020 876 -0 3 -0 20 1 -0 0 0 
50025 876 -0 -0 -0 20 1 -0 0 0 
50030 876 -5 3 -5 20 1 -5 0 0 
50035 876 -0 -0 -0 20 1 -0 0 0 
50040 876 -5 3 -5 20 1 -5 0 0 
50045 876 -5 -0 -5 20 1 -5 0 0 
50050 874 -0 -0 -0 20 1 -0 0 0 
50055 876 -0 3 -0 20 1 -0 0 0 
50060 876 -5 3 -5 20 1 -5 0 0 
50065 876 -5 3 -5 20 1 -5 0 0 
50070 874 -5 -0 -5 20 1 -5 0 0 
50075 876 -5 3 -5 20 1 -5 0 0 
50080 876 -5 -0 -5 20 1 -5 0 0 
50085 876 -5 3 -5 20 1 -5 0 0 
50090 874 -5 -0 -5 20 1 -5 0 0 
50095 876 -5 -0 -5 20 1 -5 0 0 
50100 876 -5 3 -5 20 1 -5 0 0 
50105 876 -5 3 -5 20 1 -5 0 0 
50110 874 -5 3 -5 20 1 -5 0 0 
50115 876 -5 3 -5 20 1 -5 0 0 
50120 876 -5 -0 -5 20 1 -5 0 0 
50125 876 -0 3 -0 20 1 -0 0 0 
50130 876 -0 -0 -0 20 1 -0 0 0 
50135 874 -0 -0 -0 20 1 -0 0 0 
50140 876 -0 -0 -0 20 1 -0 0 0 
50145 874 -0 3 -0 20 1 -0 0 0 
50150 876 -0 3 -0 20 1 -0 0 0 
50155 876 -0 3 -0 20 1 -0 0 0 
50160 876 -5 -0 -5 20 1 -5 0 0 
50165 876 -5 3 -5 20 1 -5 0 0 
50170 876 -5 3 -5 20 1 -5 0 0 
50175 876 -5 3 -5 20 1 -5 0 0 
50180 876 -5 3 -5 20 1 -5 0 0 
50185 876 -5 3 -5 20 1 -5 0 0 
50190 876 -5 -0 -5 20 1 -5 0 0 
50195 876 -5 3 -5 20 1 -5 0 0 
50200 876 -5 -0 -5 20 1 -5 0 0 
50205 874 -5 -0 -5 20 1 -5 0 0 
50210 876 -5 3 -5 20 1 -5 0 0 
50215 876 -5 3 -5 20 1 -5 0 0 
50220 874 -5 -0 -5 20 1 -5 0 0 
50225 874 -5 3 -5 20 1 -5 0 0 
50230 876 -8 3 -8 20 1 -8 0 0 
50235 876 -8 3 -8 20 1 -8 0 0 
50240 876 -5 -0 -5 20 1 -5 0 0 
50245 874 -5 3 -5 20 1 -5 0 0 
50250 876 -5 -0 -5 20 1 -5 0 0 
50255 876 -5 3 -5 20 1 -5 0 0 
50260 876 -5 3 -5 20 1 -5 0 0 
50265 874 -5 -0 -5 20 1 -5 0 0 
50270 876 -5 -0 -5 20 1 -5 0 0 
50275 876 -5 -0 -5 20 1 -5 0 0 
50280 876 -5 -0 -5 20 1 -5 0 0 
50285 876 -5 3 -5 20 1 -5 0 0 
50290 876 -5 -0 -5 20 1 -5 0 0 
50295 876 -5 -0 -5 20 1 -5 0 0 
50300 876 -5 -0 -5 20 1 -5 0 0 
50305 874 -5 -0 -5 20 1 -5 0 0 
50310 874 -5 3 -5 20 1 -5 0 0 
50315 876 -5 3 -5 20 1 -5 0 0 
50320 876 -5 -0 -5 20 1 -5 0 0 
50325 876 -5 3 -5 20 1 -5 0 0 
50330 876 -5 3 -5 20 1 -5 0 0 
50335 876 -5 3 -5 20 1 -5 0 0 
50340 876 -5 3 -5 20 1 -5 0 0 
50345 874 -5 3 -5 20 1 -5 0 0 
50350 876 -5 -0 -5 20 1 -5 0 0 
50355 874 -5 -0 -5 20 1 -5 0 0 
50360 876 -5 3 -5 20 1 -5 0 0 
50365 874 -5 -0 -5 20 1 -5 0 0 
50370 876 -5 -0 -5 20 1 -5 0 0 
50375 874 -5 3 -5 20 1 -5 0 0 
50380 876 -5 -0 -5 20 1 -5 0 0 
50385 874 -5 3 -5 20 1 -5 0 0 
50390 876 -5 3 -5 20 1 -5 0 0 
50395 874 -5 3 -5 20 1 -5 0 0 
50400 874 -5 3 -5 20 1 -5 0 0 
50405 874 -5 -0 -5 20 1 -5 0 0 
50410 874 -5 3 -5 20 1 -5 0 0 
50415 874 -5 -0 -5 20 1 -5 0 0 
50420 874 -5 -0 -5 20 1 -5 0 0 
50425 876 -5 -0 -5 20 1 -5 0 0 
50430 876 -5 -0 -5 20 1 -5 0 0 
50435 874 -5 -0 -5 20 1 -5 0 0 
50440 876 -5 -0 -5 20 1 -5 0 0 
50445 874 -5 3 -5 20 1 -5 0 0 
50450 874 -5 -0 -5 20 1 -5 0 0 
50455 874 -5 -0 -5 20 1 -5 0 0 
50460 874 -5 3 -5 20 1 -5 0 0 
50465 874 -5 3 -5 20 1 -5 0 0 
50470 874 -5 -0 -5 20 1 -5 0 0 
50475 874 -5 -0 -5 20 1 -5 0 0 
50480 874 -5 3 -5 20 1 -5 0 0 
50485 876 -5 3 -5 20 1 -5 0 0 
50490 874 -0 -0 -0 20 1 -0 0 0 
50495 874 -5 3 -5 20 1 -5 0 0 
50500 874 -5 -0 -5 20 1 -5 0 0 
50505 874 -5 -0 -5 20 1 -5 0 0 
50510 876 -5 3 -5 20 1 -5 0 0 
50515 874 -5 -0 -5 20 1 -5 0 0 
50520 874 -5 -0 -5 20 1 -5 0 0 
50525 874 -0 3 -0 20 1 -0 0 0 
50530 874 -0 3 -0 20 1 -0 0 0 
50535 874 -0 3 -0 20 1 -0 0 0 
50540 876 -0 -0 -0 20 1 -0 0 0 
50545 876 -0 3 -0 20 1 -0 0 0 
50550 874 -0 -0 -0 20 1 -0 0 0 
50555 876 -0 -0 -0 20 1 -0 0 0 
50560 876 -5 3 -5 20 1 -5 0 0 
50565 874 -5 -0 -5 20 1 -5 0 0 
50570 874 -0 3 -0 20 1 -0 0 0 
50575 874 -5 -0 -5 20 1 -5 0 0 
50580 874 -5 -0 -5 20 1 -5 0 0 
50585 874 -0 -0 -0 20 1 -0 0 0 
50590 874 -0 -0 -0 20 1 -0 0 0 
50595 874 -0 -0 -0 20 1 -0 0 0 
50600 874 -0 -0 -0 20 1 -0 0 0 
50605 874 -0 3 -0 20 1 -0 0 0 
50610 874 -5 -0 -5 20 1 -5 0 0 
50615 874 -5 -0 -5 20 1 -5 0 0 
50620 874 -5 -0 -5 20 1 -5 0 0 
50625 874 -5 3 -5 20 1 -5 0 0 
50630 874 -5 3 -5 20 1 -5 0 0 
50635 874 -5 -0 -5 20 1 -5 0 0 
50640 874 -5 3 -5 20 1 -5 0 0 
50645 874 -5 3 -5 20 1 -5 0 0 
50650 874 -0 -0 -0 20 1 -0 0 0 
50655 874 -5 3 -5 20 1 -5 0 0 
50660 874 -5 -0 -5 20 1 -5 0 0 
50665 874 -5 3 -5 20 1 -5 0 0 
50670 874 -0 3 -0 20 1 -0 0 0 
50675 874 -0 -0 -0 20 1 -0 0 0 
50680 874 -0 3 -0 20 1 -0 0 0 
50685 874 -0 -0 -0 20 1 -0 0 0 
50690 876 -0 -0 -0 20 1 -0 0 0 
50695 874 -5 3 -5 20 1 -5 0 0 
50700 874 -5 3 -5 20 1 -5 0 0 
50705 874 -5 3 -5 20 1 -5 0 0 
50710 874 -5 -0 -5 20 1 -5 0 0 
50715 874 -5 -0 -5 20 1 -5 0 0 
50720 874 -5 3 -5 20 1 -5 0 0 
50725 874 -5 -0 -5 20 1 -5 0 0 
50730 874 -5 -0 -5 20 1 -5 0 0 
50735 874 -5 3 -5 20 1 -5 0 0 
50740 874 -5 -0 -5 20 1 -5 0 0 
50745 874 -5 3 -5 20 1 -5 0 0 
50750 874 -5 -0 -5 20 1 -5 0 0 
50755 874 -5 -0 -5 20 1 -5 0 0 
50760 874 -5 -0 -5 20 1 -5 0 0 
50765 876 -5 3 -5 20 1 -5 0 0 
50770 874 -5 -0 -5 20 1 -5 0 0 
50775 874 -5 3 -5 20 1 -5 0 0 
50780 876 -5 3 -5 20 1 -5 0 0 
50785 876 -0 -0 -0 20 1 -0 0 0 
50790 874 -5 3 -5 20 1 -5 0 0 
50795 874 -0 3 -0 20 1 -0 0 0 
50800 874 -0 3 -0 20 1 -0 0 0 
50805 876 -5 -0 -5 20 1 -5 0 0 
50810 876 -5 3 -5 20 1 -5 0 0 
50815 874 -5 3 -5 20 1 -5 0 0 
50820 874 -0 3 -0 20 1 -0 0 0 
50825 874 -5 3 -5 20 1 -5 0 0 
50830 874 -5 3 -5 20 1 -5 0 0 
50835 874 -5 3 -5 20 1 -5 0 0 
50840 874 -5 3 -5 20 1 -5 0 0 
50845 876 -5 3 -5 20 1 -5 0 0 
50850 876 -5 3 -5 20 1 -5 0 0 
50855 874 -5 3 -5 20 1 -5 0 0 
50860 874 -5 3 -5 20 1 -5 0 0 
50865 876 -5 -0 -5 20 1 -5 0 0 
50870 874 -0 -0 -0 20 1 -0 0 0 
50875 874 -5 3 -5 20 1 -5 0 0 
50880 874 -5 -0 -5 20 1 -5 0 0 
50885 874 -5 3 -5 20 1 -5 0 0 
50890 874 -5 -0 -5 20 1 -5 0 0 
50895 874 -5 -0 -5 20 1 -5 0 0 
50900 874 -5 -0 -5 20 1 -5 0 0 
50905 874 -5 3 -5 20 1 -5 0 0 
50910 874 -5 3 -5 20 1 -5 0 0 
50915 874 -5 3 -5 20 1 -5 0 0 
50920 874 -5 3 -5 20 1 -5 0 0 
50925 874 -5 -0 -5 20 1 -5 0 0 
50930 874 -5 -0 -5 20 1 -5 0 0 
50935 874 -5 3 -5 20 1 -5 0 0 
50940 874 -5 -0 -5 20 1 -5 0 0 
50945 874 -0 -0 -0 20 1 -0 0 0 
50950 874 -0 -0 -0 20 1 -0 0 0 
50955 874 -5 3 -5 20 1 -5 0 0 
50960 874 -5 -0 -5 20 1 -5 0 0 
50965 874 -0 -0 -0 20 1 -0 0 0 
50970 874 -5 -0 -5 20 1 -5 0 0 
50975 874 -5 3 -5 20 1 -5 0 0 
50980 874 -5 -0 -5 20 1 -5 0 0 
50985 874 -5 -0 -5 20 1 -5 0 0 
50990 874 -5 3 -5 20 1 -5 0 0 
50995 874 -5 -0 -5 20 1 -5 0 0 
51000 874 -5 -0 -5 20 1 -5 0 0 
51005 874 -5 3 -5 20 1 -5 0 0 
51010 874 -5 -0 -5 20 1 -5 0 0 
51015 876 -5 3 -5 20 1 -5 0 0 
51020 874 -5 -0 -5 20 1 -5 0 0 
51025 874 -5 -0 -5 20 1 -5 0 0 
51030 874 -5 -0 -5 20 1 -5 0 0 
51035 876 -5 3 -5 20 1 -5 0 0 
51040 874 -0 3 -0 20 1 -0 0 0 
51045 874 -5 3 -5 20 1 -5 0 0 
51050 876 -5 -0 -5 20 1 -5 0 0 
51055 874 -5 -0 -5 20 1 -5 0 0 
51060 874 -5 3 -5 20 1 -5 0 0 
51065 874 -5 -0 -5 20 1 -5 0 0 
51070 874 -0 3 -0 20 1 -0 0 0 
51075 874 -5 3 -5 20 1 -5 0 0 
51080 874 -5 -0 -5 20 1 -5 0 0 
51085 874 -5 3 -5 20 1 -5 0 0 
51090 874 -0 -0 -0 20 1 -0 0 0 
51095 874 -5 3 -5 20 1 -5 0 0 
51100 876 -5 -0 -5 20 1 -5 0 0 
51105 874 -5 -0 -5 20 1 -5 0 0 
51110 874 -5 -0 -5 20 1 -5 0 0 
51115 874 -5 3 -5 20 1 -5 0 0 
51120 876 -5 3 -5 20 1 -5 0 0 
51125 874 -5 -0 -5 20 1 -5 0 0 
51130 874 -5 3 -5 20 1 -5 0 0 
51135 874 -5 3 -5 20 1 -5 0 0 
51140 874 -5 -0 -5 20 1 -5 0 0 
51145 876 -5 -0 -5 20 1 -5 0 0 
51150 874 -5 5 -5 20 1 -5 0 0 
51155 874 -0 3 -0 20 1 -0 0 0 
51160 874 -0 3 -0 20 1 -0 0 0 
51165 874 -5 3 -5 20 1 -5 0 0 
51170 874 -0 3 -0 20 1 -0 0 0 
51175 874 -0 3 -0 20 1 -0 0 0 
51180 874 -5 -0 -5 20 1 -5 0 0 
51185 874 -0 3 -0 20 1 -0 0 0 
51190 876 -0 3 -0 20 1 -0 0 0 
51195 874 -0 -0 -0 20 1 -0 0 0 
51200 874 -0 3 -0 20 1 -0 0 0 
51205 874 -0 3 -0 20 1 -0 0 0 
51210 874 -5 -0 -5 20 1 -5 0 0 
51215 874 -5 3 -5 20 1 -5 0 0 
51220 874 -5 -0 -5 20 1 -5 0 0 
51225 874 -5 3 -5 20 1 -5 0 0 
51230 874 -5 -0 -5 20 1 -5 0 0 
51235 874 -0 -0 -0 20 1 -0 0 0 
51240 874 -5 -0 -5 20 1 -5 0 0 
51245 874 -0 3 -0 20 1 -0 0 0 
51250 874 -5 -0 -5 20 1 -5 0 0 
51255 874 -5 3 -5 20 1 -5 0 0 
51260 874 -0 3 -0 20 1 -0 0 0 
51265 876 -5 -0 -5 20 1 -5 0 0 
51270 874 -0 3 -0 20 1 -0 0 0 
51275 874 -0 -0 -0 20 1 -0 0 0 
51280 874 -0 3 -0 20 1 -0 0 0 
51285 874 -0 -0 -0 20 1 -0 0 0 
51290 874 -0 3 -0 20 1 -0 0 0 
51295 876 -0 -0 -0 20 1 -0 0 0 
51300 874 -0 -0 -0 20 1 -0 0 0 
51305 874 -5 3 -5 20 1 -5 0 0 
51310 874 -5 3 -5 20 1 -5 0 0 
51315 876 -5 3 -5 20 1 -5 0 0 
51320 874 -5 3 -5 20 1 -5 0 0 
51325 874 -5 -0 -5 20 1 -5 0 0 
51330 876 -0 -0 -0 20 1 -0 0 0 
51335 874 -5 3 -5 20 1 -5 0 0 
51340 874 -0 3 -0 20 1 -0 0 0 
51345 874 -5 3 -5 20 1 -5 0 0 
51350 874 -5 3 -5 20 1 -5 0 0 
51355 874 -5 -0 -5 20 1 -5 0 0 
51360 874 -0 3 -0 20 1 -0 0 0 
51365 874 -0 3 -0 20 1 -0 0 0 
51370 874 -5 3 -5 20 1 -5 0 0 
51375 874 -5 -0 -5 20 1 -5 0 0 
51380 874 -5 -0 -5 20 1 -5 0 0 
51385 874 -0 3 -0 20 1 -0 0 0 
51390 874 -5 3 -5 20 1 -5 0 0 
51395 874 -0 3 -0 20 1 -0 0 0 
51400 874 -0 3 -0 20 1 -0 0 0 
51405 874 -5 -0 -5 20 1 -5 0 0 
51410 874 -0 3 -0 20 1 -0 0 0 
51415 874 -0 3 -0 20 1 -0 0 0 
51420 874 -0 3 -0 20 1 -0 0 0 
51425 874 -0 -0 -0 20 1 -0 0 0 
51430 874 -0 3 -0 20 1 -0 0 0 
51435 876 -0 3 -0 20 1 -0 0 0 
51440 874 -0 3 -0 20 1 -0 0 0 
51445 874 -0 -0 -0 20 1 -0 0 0 
51450 874 -0 3 -0 20 1 -0 0 0 
51455 874 -5 -0 -5 20 1 -5 0 0 
51460 874 -0 -0 -0 20 1 -0 0 0 
51465 874 -5 3 -5 20 1 -5 0 0 
51470 874 -5 3 -5 20 1 -5 0 0 
51475 874 -5 -0 -5 20 1 -5 0 0 
51480 876 -5 3 -5 20 1 -5 0 0 
51485 874 -5 -0 -5 20 1 -5 0 0 
51490 874 -5 -0 -5 20 1 -5 0 0 
51495 874 -5 3 -5 20 1 -5 0 0 
51500 874 -5 -0 -5 20 1 -5 0 0 
51505 874 -0 3 -0 20 1 -0 0 0 
51510 874 -5 3 -5 20 1 -5 0 0 
51515 874 -0 -0 -0 20 1 -0 0 0 
51520 876 -0 3 -0 20 1 -0 0 0 
51525 874 -0 -0 -0 20 1 -0 0 0 
51530 874 -0 -0 -0 20 1 -0 0 0 
51535 874 -0 -0 -0 20 1 -0 0 0 
51540 874 -0 -0 -0 20 1 -0 0 0 
51545 874 -5 -0 -5 20 1 -5 0 0 
51550 874 -0 3 -0 20 1 -0 0 0 
51555 874 -0 -0 -0 20 1 -0 0 0 
51560 874 -5 3 -5 20 1 -5 0 0 
51565 874 -5 3 -5 20 1 -5 0 0 
51570 874 -5 3 -5 20 1 -5 0 0 
51575 874 -0 3 -0 20 1 -0 0 0 
51580 874 -5 -0 -5 20 1 -5 0 0 
51585 874 -5 3 -5 20 1 -5 0 0 
51590 874 -0 -0 -0 20 1 -0 0 0 
51595 874 -5 3 -5 20 1 -5 0 0 
51600 874 -5 -0 -5 20 1 -5 0 0 
51605 874 -0 3 -0 20 1 -0 0 0 
51610 874 -5 3 -5 20 1 -5 0 0 
51615 874 -5 3 -5 20 1 -5 0 0 
51620 874 -0 -0 -0 20 1 -0 0 0 
51625 872 -0 3 -0 20 1 -0 0 0 
51630 874 -0 3 -0 20 1 -0 0 0 
51635 874 -0 -0 -0 20 1 -0 0 0 
51640 874 -0 3 -0 20 1 -0 0 0 
51645 874 -0 -0 -0 20 1 -0 0 0 
51650 874 -0 3 -0 20 1 -0 0 0 
51655 874 -0 -0 -0 20 1 -0 0 0 
51660 874 -0 3 -0 20 1 -0 0 0 
51665 874 -0 3 -0 20 1 -0 0 0 
51670 874 -5 3 -5 20 1 -5 0 0 
51675 874 -0 3 -0 20 1 -0 0 0 
51680 874 -5 3 -5 20 1 -5 0 0 
51685 874 -0 3 -0 20 1 -0 0 0 
51690 874 -0 3 -0 20 1 -0 0 0 
51695 874 -5 3 -5 20 1 -5 0 0 
51700 874 -5 -0 -5 20 1 -5 0 0 
51705 874 -0 3 -0 20 1 -0 0 0 
51710 874 -0 3 -0 20 1 -0 0 0 
51715 874 -0 3 -0 20 1 -0 0 0 
51720 874 -0 3 -0 20 1 -0 0 0 
51725 874 -5 3 -5 20 1 -5 0 0 
51730 874 -0 3 -0 20 1 -0 0 0 
51735 874 -0 3 -0 20 1 -0 0 0 
51740 874 -0 3 -0 20 1 -0 0 0 
51745 874 -0 3 -0 20 1 -0 0 0 
51750 874 -0 3 -0 20 1 -0 0 0 
51755 874 -0 3 -0 20 1 -0 0 0 
51760 874 -0 -0 -0 20 1 -0 0 0 
51765 874 -0 -0 -0 20 1 -0 0 0 
51770 874 -0 -0 -0 20 1 -0 0 0 
51775 874 -0 3 -0 20 1 -0 0 0 
51780 874 -0 -0 -0 20 1 -0 0 0 
51785 874 -0 3 -0 20 1 -0 0 0 
51790 874 -5 3 -5 20 1 -5 0 0 
51795 874 -0 -0 -0 20 1 -0 0 0 
51800 874 -5 3 -5 20 1 -5 0 0 
51805 874 -0 3 -0 20 1 -0 0 0 
51810 874 -0 3 -0 20 1 -0 0 0 
51815 874 -5 3 -5 20 1 -5 0 0 
51820 876 -0 -0 -0 20 1 -0 0 0 
51825 874 -0 -0 -0 20 1 -0 0 0 
51830 874 -0 3 -0 20 1 -0 0 0 
51835 874 -5 3 -5 20 1 -5 0 0 
51840 874 -0 3 -0 20 1 -0 0 0 
51845 874 -0 3 -0 20 1 -0 0 0 
51850 874 -0 3 -0 20 1 -0 0 0 
51855 874 -0 3 -0 20 1 -0 0 0 
51860 874 -0 -0 -0 20 1 -0 0 0 
51865 874 -0 3 -0 20 1 -0 0 0 
51870 874 -0 3 -0 20 1 -0 0 0 
51875 874 -0 -0 -0 20 1 -0 0 0 
51880 874 -0 3 -0 20 1 -0 0 0 
51885 874 -0 -0 -0 20 1 -0 0 0 
51890 874 -0 3 -0 20 1 -0 0 0 
51895 874 -0 3 -0 20 1 -0 0 0 
51900 874 -0 3 -0 20 1 -0 0 0 
51905 874 -0 -0 -0 20 1 -0 0 0 
51910 874 -0 3 -0 20 1 -0 0 0 
51915 874 -0 3 -0 20 1 -0 0 0 
51920 874 -0 -0 -0 20 1 -0 0 0 
51925 874 -0 3 -0 20 1 -0 0 0 
51930 874 -0 -0 -0 20 1 -0 0 0 
51935 874 -0 3 -0 20 1 -0 0 0 
51940 874 -5 -0 -5 20 1 -5 0 0 
51945 874 -0 3 -0 20 1 -0 0 0 
51950 874 -0 3 -0 20 1 -0 0 0 
51955 874 -0 -0 -0 20 1 -0 0 0 
51960 874 -0 3 -0 20 1 -0 0 0 
51965 874 -0 3 -0 20 1 -0 0 0 
51970 874 -0 3 -0 20 1 -0 0 0 
51975 874 -0 3 -0 20 1 -0 0 0 
51980 874 -5 -0 -5 20 1 -5 0 0 
51985 874 -0 -0 -0 20 1 -0 0 0 
51990 874 -0 3 -0 20 1 -0 0 0 
51995 874 -0 -0 -0 20 1 -0 0 0 
52000 874 -0 -0 -0 20 1 -0 0 0 
52005 874 -0 3 -0 20 1 -0 0 0 
52010 874 -0 3 -0 20 1 -0 0 0 
52015 874 -0 3 -0 20 1 -0 0 0 
52020 874 -5 -0 -5 20 1 -5 0 0 
52025 874 -0 3 -0 20 1 -0 0 0 
52030 874 -0 -0 -0 20 1 -0 0 0 
52035 874 -0 3 -0 20 1 -0 0 0 
52040 874 -0 3 -0 20 1 -0 0 0 
52045 874 -0 -0 -0 20 1 -0 0 0 
52050 874 -0 -0 -0 20 1 -0 0 0 
52055 874 -0 3 -0 20 1 -0 0 0 
52060 874 -0 3 -0 20 1 -0 0 0 
52065 874 -5 3 -5 20 1 -5 0 0 
52070 874 -0 -0 -0 20 1 -0 0 0 
52075 876 -0 3 -0 20 1 -0 0 0 
52080 874 -0 3 -0 20 1 -0 0 0 
52085 874 -0 3 -0 20 1 -0 0 0 
52090 874 -0 3 -0 20 1 -0 0 0 
52095 874 -0 3 -0 20 1 -0 0 0 
52100 874 -0 -0 -0 20 1 -0 0 0 
52105 874 -0 3 -0 20 1 -0 0 0 
52110 874 -0 3 -0 20 1 -0 0 0 
52115 874 -0 -0 -0 20 1 -0 0 0 
52120 876 -0 3 -0 20 1 -0 0 0 
52125 874 -0 -0 -0 20 1 -0 0 0 
52130 874 -0 -0 -0 20 1 -0 0 0 
52135 874 -0 3 -0 20 1 -0 0 0 
52140 874 -0 3 -0 20 1 -0 0 0 
52145 874 -0 -0 -0 20 1 -0 0 0 
52150 874 -0 -0 -0 20 1 -0 0 0 
52155 874 -0 -0 -0 20 1 -0 0 0 
52160 874 -0 3 -0 20 1 -0 0 0 
52165 876 -0 3 -0 20 1 -0 0 0 
52170 874 -0 3 -0 20 1 -0 0 0 
52175 874 -0 -0 -0 20 1 -0 0 0 
52180 874 -0 3 -0 20 1 -0 0 0 
52185 874 -0 -0 -0 20 1 -0 0 0 
52190 874 -0 3 -0 20 1 -0 0 0 
52195 874 -0 -0 -0 20 1 -0 0 0 
52200 876 -0 -0 -0 20 1 -0 0 0 
52205 874 -0 3 -0 20 1 -0 0 0 
52210 874 -0 3 -0 20 1 -0 0 0 
52215 874 -0 3 -0 20 1 -0 0 0 
52220 874 -0 -0 -0 20 1 -0 0 0 
52225 874 -0 -0 -0 20 1 -0 0 0 
52230 874 -0 3 -0 20 1 -0 0 0 
52235 874 -0 3 -0 20 1 -0 0 0 
52240 874 -0 3 -0 20 1 -0 0 0 
52245 874 -0 3 -0 20 1 -0 0 0 
52250 874 -0 3 -0 20 1 -0 0 0 
52255 874 -0 -0 -0 20 1 -0 0 0 
52260 874 -0 -0 -0 20 1 -0 0 0 
52265 874 -0 -0 -0 20 1 -0 0 0 
52270 874 -0 3 -0 20 1 -0 0 0 
52275 874 -0 -0 -0 20 1 -0 0 0 
52280 874 -0 -0 -0 20 1 -0 0 0 
52285 874 -5 -0 -5 20 1 -5 0 0 
52290 874 -0 3 -0 20 1 -0 0 0 
52295 874 -0 3 -0 20 1 -0 0 0 
52300 874 -0 -0 -0 20 1 -0 0 0 
52305 874 -0 3 -0 20 1 -0 0 0 
52310 874 -0 3 -0 20 1 -0 0 0 
52315 874 -0 3 -0 20 1 -0 0 0 
52320 874 -0 3 -0 20 1 -0 0 0 
52325 874 -0 -0 -0 20 1 -0 0 0 
52330 874 -0 -0 -0 20 1 -0 0 0 
52335 874 -0 -0 -0 20 1 -0 0 0 
52340 874 -0 3 -0 20 1 -0 0 0 
52345 874 -0 3 -0 20 1 -0 0 0 
52350 874 -0 -0 -0 20 1 -0 0 0 
52355 874 -0 3 -0 20 1 -0 0 0 
52360 874 -0 3 -0 20 1 -0 0 0 
52365 876 -0 -0 -0 20 1 -0 0 0 
52370 876 -0 3 -0 20 1 -0 0 0 
52375 874 -0 3 -0 20 1 -0 0 0 
52380 874 -0 3 -0 20 1 -0 0 0 
52385 874 -0 3 -0 20 1 -0 0 0 
52390 874 -0 3 -0 20 1 -0 0 0 
52395 874 -0 -0 -0 20 1 -0 0 0 
52400 874 -0 3 -0 20 1 -0 0 0 
52405 874 -5 3 -5 20 1 -5 0 0 
52410 874 -5 3 -5 20 1 -5 0 0 
52415 874 -0 3 -0 20 1 -0 0 0 
52420 874 -0 -0 -0 20 1 -0 0 0 
52425 876 -0 3 -0 20 1 -0 0 0 
52430 874 -0 -0 -0 20 1 -0 0 0 
52435 874 -0 -0 -0 20 1 -0 0 0 
52440 876 -0 3 -0 20 1 -0 0 0 
52445 874 -0 3 -0 20 1 -0 0 0 
52450 874 -0 3 -0 20 1 -0 0 0 
52455 874 -0 3 -0 20 1 -0 0 0 
52460 874 -0 -0 -0 20 1 -0 0 0 
52465 874 -0 -0 -0 20 1 -0 0 0 
52470 874 -5 -0 -5 20 1 -5 0 0 
52475 874 -0 -0 -0 20 1 -0 0 0 
52480 874 -0 3 -0 20 1 -0 0 0 
52485 874 -0 3 -0 20 1 -0 0 0 
52490 876 -0 3 -0 20 1 -0 0 0 
52495 874 -0 3 -0 20 1 -0 0 0 
52500 874 -0 -0 -0 20 1 -0 0 0 
52505 874 -0 -0 -0 20 1 -0 0 0 
52510 874 -0 -0 -0 20 1 -0 0 0 
52515 874 -0 -0 -0 20 1 -0 0 0 
52520 874 -0 3 -0 20 1 -0 0 0 
52525 874 -0 -0 -0 20 1 -0 0 0 
52530 874 -0 3 -0 20 1 -0 0 0 
52535 874 -0 3 -0 20 1 -0 0 0 
52540 874 -0 -0 -0 20 1 -0 0 0 
52545 874 -0 -0 -0 20 1 -0 0 0 
52550 874 -0 3 -0 20 1 -0 0 0 
52555 874 -5 -0 -5 20 1 -5 0 0 
52560 874 -0 3 -0 20 1 -0 0 0 
52565 874 -0 -0 -0 20 1 -0 0 0 
52570 874 -0 3 -0 20 1 -0 0 0 
52575 876 -0 -0 -0 20 1 -0 0 0 
52580 874 -5 -0 -5 20 1 -5 0 0 
52585 874 -0 3 -0 20 1 -0 0 0 
52590 874 -0 -0 -0 20 1 -0 0 0 
52595 874 -0 3 -0 20 1 -0 0 0 
52600 876 -0 3 -0 20 1 -0 0 0 
52605 874 -0 -0 -0 20 1 -0 0 0 
52610 874 -0 -0 -0 20 1 -0 0 0 
52615 874 -0 3 -0 20 1 -0 0 0 
52620 874 -0 -0 -0 20 1 -0 0 0 
52625 874 -0 -0 -0 20 1 -0 0 0 
52630 874 -0 -0 -0 20 1 -0 0 0 
52635 874 -0 -0 -0 20 1 -0 0 0 
52640 874 -5 3 -5 20 1 -5 0 0 
52645 874 -0 -0 -0 20 1 -0 0 0 
52650 874 -0 3 -0 20 1 -0 0 0 
52655 874 -0 -0 -0 20 1 -0 0 0 
52660 876 -0 -0 -0 20 1 -0 0 0 
52665 876 -5 -0 -5 20 1 -5 0 0 
52670 874 -0 -0 -0 20 1 -0 0 0 
52675 874 -0 -0 -0 20 1 -0 0 0 
52680 874 -0 3 -0 20 1 -0 0 0 
52685 876 -0 3 -0 20 1 -0 0 0 
52690 874 -0 3 -0 20 1 -0 0 0 
52695 876 -0 -0 -0 20 1 -0 0 0 
52700 876 -0 3 -0 20 1 -0 0 0 
52705 876 -0 3 -0 20 1 -0 0 0 
52710 874 -0 3 -0 20 1 -0 0 0 
52715 874 -5 -0 -5 20 1 -5 0 0 
52720 876 -0 3 -0 20 1 -0 0 0 
52725 876 -0 3 -0 20 1 -0 0 0 
52730 876 -0 3 -0 20 1 -0 0 0 
52735 876 -0 3 -0 20 1 -0 0 0 
52740 876 -0 3 -0 20 1 -0 0 0 
52745 876 -5 -0 -5 20 1 -5 0 0 
52750 874 -0 3 -0 20 1 -0 0 0 
52755 874 -0 3 -0 20 1 -0 0 0 
52760 876 -0 3 -0 20 1 -0 0 0 
52765 876 -5 3 -5 20 1 -5 0 0 
52770 876 -0 3 -0 20 1 -0 0 0 
52775 876 -0 3 -0 20 1 -0 0 0 
52780 874 -0 -0 -0 20 1 -0 0 0 
52785 874 -0 3 -0 20 1 -0 0 0 
52790 876 -0 -0 -0 20 1 -0 0 0 
52795 876 -0 3 -0 20 1 -0 0 0 
52800 874 -0 3 -0 20 1 -0 0 0 
52805 874 -0 3 -0 20 1 -0 0 0 
52810 876 -0 3 -0 20 1 -0 0 0 
52815 876 -0 3 -0 20 1 -0 0 0 
52820 876 -0 -0 -0 20 1 -0 0 0 
52825 876 -0 3 -0 20 1 -0 0 0 
52830 876 -0 3 -0 20 1 -0 0 0 
52835 876 -0 -0 -0 20 1 -0 0 0 
52840 874 -5 3 -5 20 1 -5 0 0 
52845 876 -0 3 -0 20 1 -0 0 0 
52850 876 -5 -0 -5 20 1 -5 0 0 
52855 876 -0 3 -0 20 1 -0 0 0 
52860 876 -0 -0 -0 20 1 -0 0 0 
52865 876 -0 3 -0 20 1 -0 0 0 
52870 874 -5 -0 -5 20 1 -5 0 0 
52875 876 -5 -0 -5 20 1 -5 0 0 
52880 876 -0 3 -0 20 1 -0 0 0 
52885 874 -0 5 -0 20 1 -0 0 0 
52890 874 -5 3 -5 20 1 -5 0 0 
52895 874 -5 3 -5 20 1 -5 0 0 
52900 876 -5 3 -5 20 1 -5 0 0 
52905 874 -0 3 -0 20 1 -0 0 0 
52910 876 -5 3 -5 20 1 -5 0 0 
52915 874 -0 3 -0 20 1 -0 0 0 
52920 876 -0 3 -0 20 1 -0 0 0 
52925 876 -0 -0 -0 20 1 -0 0 0 
52930 874 -0 3 -0 20 1 -0 0 0 
52935 876 -0 3 -0 20 1 -0 0 0 
52940 876 -5 -0 -5 20 1 -5 0 0 
52945 876 -0 3 -0 20 1 -0 0 0 
52950 876 -5 3 -5 20 1 -5 0 0 
52955 874 -0 -0 -0 20 1 -0 0 0 
52960 876 -5 3 -5 20 1 -5 0 0 
52965 876 -0 3 -0 20 1 -0 0 0 
52970 874 -5 3 -5 20 1 -5 0 0 
52975 874 -5 3 -5 20 1 -5 0 0 
52980 876 -5 3 -5 20 1 -5 0 0 
52985 874 -5 -0 -5 20 1 -5 0 0 
52990 874 -5 -0 -5 20 1 -5 0 0 
52995 874 -5 3 -5 20 1 -5 0 0 
53000 876 -5 -0 -5 20 1 -5 0 0 
53005 874 -5 -0 -5 20 1 -5 0 0 
53010 876 -5 -0 -5 20 1 -5 0 0 
53015 876 -5 -0 -5 20 1 -5 0 0 
53020 874 -5 -0 -5 20 1 -5 0 0 
53025 876 -5 -0 -5 20 1 -5 0 0 
53030 874 -5 -0 -5 20 1 -5 0 0 
53035 874 -5 3 -5 20 1 -5 0 0 
53040 876 -0 -0 -0 20 1 -0 0 0 
53045 874 -0 3 -0 20 1 -0 0 0 
53050 874 -0 3 -0 20 1 -0 0 0 
53055 876 -0 -0 -0 20 1 -0 0 0 
53060 876 -0 -0 -0 20 1 -0 0 0 
53065 876 -5 3 -5 20 1 -5 0 0 
53070 874 -5 -0 -5 20 1 -5 0 0 
53075 876 -5 3 -5 20 1 -5 0 0 
53080 876 -5 3 -5 20 1 -5 0 0 
53085 876 -5 -0 -5 20 1 -5 0 0 
53090 876 -5 3 -5 20 1 -5 0 0 
53095 876 -5 3 -5 20 1 -5 0 0 
53100 874 -5 -0 -5 20 1 -5 0 0 
53105 876 -5 3 -5 20 1 -5 0 0 
53110 876 -5 -0 -5 20 1 -5 0 0 
53115 876 -5 3 -5 20 1 -5 0 0 
53120 874 -5 3 -5 20 1 -5 0 0 
53125 874 -0 3 -0 20 1 -0 0 0 
53130 876 -5 3 -5 20 1 -5 0 0 
53135 874 -0 3 -0 20 1 -0 0 0 
53140 874 -0 -0 -0 20 1 -0 0 0 
53145 874 -5 3 -5 20 1 -5 0 0 
53150 876 -5 3 -5 20 1 -5 0 0 
53155 874 -5 -0 -5 20 1 -5 0 0 
53160 874 -5 3 -5 20 1 -5 0 0 
53165 876 -0 3 -0 20 1 -0 0 0 
53170 876 -5 3 -5 20 1 -5 0 0 
53175 876 -5 3 -5 20 1 -5 0 0 
53180 874 -5 3 -5 20 1 -5 0 0 
53185 876 -5 3 -5 20 1 -5 0 0 
53190 876 -5 3 -5 20 1 -5 0 0 
53195 876 -5 -0 -5 20 1 -5 0 0 
53200 876 -5 3 -5 20 1 -5 0 0 
53205 874 -5 3 -5 20 1 -5 0 0 
53210 876 -0 3 -0 20 1 -0 0 0 
53215 876 -5 3 -5 20 1 -5 0 0 
53220 876 -0 -0 -0 20 1 -0 0 0 
53225 876 -0 3 -0 20 1 -0 0 0 
53230 876 -0 3 -0 20 1 -0 0 0 
53235 876 -0 3 -0 20 1 -0 0 0 
53240 874 -0 3 -0 20 1 -0 0 0 
53245 874 -0 -0 -0 20 1 -0 0 0 
53250 876 -0 3 -0 20 1 -0 0 0 
53255 876 -0 3 -0 20 1 -0 0 0 
53260 876 -5 3 -5 20 1 -5 0 0 
53265 876 -0 3 -0 20 1 -0 0 0 
53270 876 -0 3 -0 20 1 -0 0 0 
53275 874 -0 3 -0 20 1 -0 0 0 
53280 874 -0 3 -0 20 1 -0 0 0 
53285 876 -0 -0 -0 20 1 -0 0 0 
53290 876 -5 3 -5 20 1 -5 0 0 
53295 876 -5 3 -5 20 1 -5 0 0 
53300 874 -0 3 -0 20 1 -0 0 0 
53305 876 -0 3 -0 20 1 -0 0 0 
53310 876 -0 -0 -0 20 1 -0 0 0 
53315 874 -0 -0 -0 20 1 -0 0 0 
53320 874 -0 -0 -0 20 1 -0 0 0 
53325 876 -0 3 -0 20 1 -0 0 0 
53330 876 -5 3 -5 20 1 -5 0 0 
53335 874 -0 -0 -0 20 1 -0 0 0 
53340 876 -0 3 -0 20 1 -0 0 0 
53345 874 -0 3 -0 20 1 -0 0 0 
53350 876 -0 3 -0 20 1 -0 0 0 
53355 874 -0 -0 -0 20 1 -0 0 0 
53360 876 -0 3 -0 20 1 -0 0 0 
53365 874 -0 3 -0 20 1 -0 0 0 
53370 874 -0 -0 -0 20 1 -0 0 0 
53375 876 -0 -0 -0 20 1 -0 0 0 
53380 876 -0 3 -0 20 1 -0 0 0 
53385 874 -0 3 -0 20 1 -0 0 0 
53390 874 -0 -0 -0 20 1 -0 0 0 
53395 876 -0 3 -0 20 1 -0 0 0 
53400 874 -0 3 -0 20 1 -0 0 0 
53405 876 -0 3 -0 20 1 -0 0 0 
53410 876 -0 -0 -0 20 1 -0 0 0 
53415 876 -0 3 -0 20 1 -0 0 0 
53420 876 -0 -0 -0 20 1 -0 0 0 
53425 874 -0 -0 -0 20 1 -0 0 0 
53430 874 -0 -0 -0 20 1 -0 0 0 
53435 874 -5 3 -5 20 1 -5 0 0 
53440 876 -0 3 -0 20 1 -0 0 0 
53445 876 -0 3 -0 20 1 -0 0 0 
53450 876 -5 -0 -5 20 1 -5 0 0 
53455 874 -0 3 -0 20 1 -0 0 0 
53460 874 -0 -0 -0 20 1 -0 0 0 
53465 874 -0 -0 -0 20 1 -0 0 0 
53470 876 -0 3 -0 20 1 -0 0 0 
53475 874 -0 3 -0 20 1 -0 0 0 
53480 874 -0 3 -0 20 1 -0 0 0 
53485 876 -0 3 -0 20 1 -0 0 0 
53490 874 -0 3 -0 20 1 -0 0 0 
53495 874 -0 3 -0 20 1 -0 0 0 
53500 876 -0 3 -0 20 1 -0 0 0 
53505 874 -0 3 -0 20 1 -0 0 0 
53510 874 -5 3 -5 20 1 -5 0 0 
53515 874 -0 3 -0 20 1 -0 0 0 
53520 874 -0 3 -0 20 1 -0 0 0 
53525 874 -0 -0 -0 20 1 -0 0 0 
53530 874 -0 3 -0 20 1 -0 0 0 
53535 876 -0 3 -0 20 1 -0 0 0 
53540 876 -0 3 -0 20 1 -0 0 0 
53545 876 -0 -0 -0 20 1 -0 0 0 
53550 874 -0 3 -0 20 1 -0 0 0 
53555 874 -0 3 -0 20 1 -0 0 0 
53560 874 -0 3 -0 20 1 -0 0 0 
53565 874 -0 3 -0 20 1 -0 0 0 
53570 874 -0 3 -0 20 1 -0 0 0 
53575 876 -0 3 -0 20 1 -0 0 0 
53580 874 -0 -0 -0 20 1 -0 0 0 
53585 874 -0 3 -0 20 1 -0 0 0 
53590 874 -0 3 -0 20 1 -0 0 0 
53595 874 -0 3 -0 20 1 -0 0 0 
53600 876 -0 3 -0 20 1 -0 0 0 
53605 876 -0 3 -0 20 1 -0 0 0 
53610 874 -0 3 -0 20 1 -0 0 0 
53615 874 -0 3 -0 20 1 -0 0 0 
53620 874 -0 3 -0 20 1 -0 0 0 
53625 874 -0 -0 -0 20 1 -0 0 0 
53630 874 -0 3 -0 20 1 -0 0 0 
53635 874 -0 3 -0 20 1 -0 0 0 
53640 874 -0 -0 -0 20 1 -0 0 0 
53645 874 -0 3 -0 20 1 -0 0 0 
53650 876 -0 3 -0 20 1 -0 0 0 
53655 874 -0 5 -0 20 1 -0 0 0 
53660 874 -0 3 -0 20 1 -0 0 0 
53665 876 -0 3 -0 20 1 -0 0 0 
53670 874 -0 -0 -0 20 1 -0 0 0 
53675 876 -0 3 -0 20 1 -0 0 0 
53680 876 -5 3 -5 20 1 -5 0 0 
53685 876 -0 -0 -0 20 1 -0 0 0 
53690 874 -0 3 -0 20 1 -0 0 0 
53695 876 -0 -0 -0 20 1 -0 0 0 
53700 876 -0 3 -0 20 1 -0 0 0 
53705 874 -0 3 -0 20 1 -0 0 0 
53710 876 -0 -0 -0 20 1 -0 0 0 
53715 876 -0 3 -0 20 1 -0 0 0 
53720 876 -0 3 -0 20 1 -0 0 0 
53725 874 -0 3 -0 20 1 -0 0 0 
53730 874 -0 3 -0 20 1 -0 0 0 
53735 874 -0 3 -0 20 1 -0 0 0 
53740 874 -0 3 -0 20 1 -0 0 0 
53745 874 -0 3 -0 20 1 -0 0 0 
53750 876 -0 -0 -0 20 1 -0 0 0 
53755 874 -0 3 -0 20 1 -0 0 0 
53760 874 -0 3 -0 20 1 -0 0 0 
53765 874 -0 -0 -0 20 1 -0 0 0 
53770 876 -0 -0 -0 20 1 -0 0 0 
53775 874 -0 3 -0 20 1 -0 0 0 
53780 874 -0 3 -0 20 1 -0 0 0 
53785 874 -0 3 -0 20 1 -0 0 0 
53790 874 -0 -0 -0 20 1 -0 0 0 
53795 874 -0 3 -0 20 1 -0 0 0 
53800 874 -0 3 -0 20 1 -0 0 0 
53805 876 -0 3 -0 20 1 -0 0 0 
53810 874 -0 3 -0 20 1 -0 0 0 
53815 876 -0 -0 -0 20 1 -0 0 0 
53820 874 -0 3 -0 20 1 -0 0 0 
53825 874 -5 -0 -5 20 1 -5 0 0 
53830 874 -0 3 -0 20 1 -0 0 0 
53835 874 -0 3 -0 20 1 -0 0 0 
53840 876 -0 3 -0 20 1 -0 0 0 
53845 876 -0 -0 -0 20 1 -0 0 0 
53850 874 -0 -0 -0 20 1 -0 0 0 
53855 874 -0 3 -0 20 1 -0 0 0 
53860 874 -0 3 -0 20 1 -0 0 0 
53865 874 -0 3 -0 20 1 -0 0 0 
53870 874 -0 -0 -0 20 1 -0 0 0 
53875 874 -0 -0 -0 20 1 -0 0 0 
53880 876 -5 3 -5 20 1 -5 0 0 
53885 876 -0 3 -0 20 1 -0 0 0 
53890 874 -0 3 -0 20 1 -0 0 0 
53895 876 -0 3 -0 20 1 -0 0 0 
53900 874 -0 -0 -0 20 1 -0 0 0 
53905 874 -0 3 -0 20 1 -0 0 0 
53910 874 -0 -0 -0 20 1 -0 0 0 
53915 876 -0 -0 -0 20 1 -0 0 0 
53920 876 -0 3 -0 20 1 -0 0 0 
53925 874 -0 3 -0 20 1 -0 0 0 
53930 874 -0 3 -0 20 1 -0 0 0 
53935 876 -0 3 -0 20 1 -0 0 0 
53940 874 -0 -0 -0 20 1 -0 0 0 
53945 876 -0 3 -0 20 1 -0 0 0 
53950 876 -0 -0 -0 20 1 -0 0 0 
53955 874 -0 3 -0 20 1 -0 0 0 
53960 874 -0 -0 -0 20 1 -0 0 0 
53965 876 -0 3 -0 20 1 -0 0 0 
53970 874 -0 3 -0 20 1 -0 0 0 
53975 874 -0 -0 -0 20 1 -0 0 0 
53980 874 -0 3 -0 20 1 -0 0 0 
53985 874 -0 3 -0 20 1 -0 0 0 
53990 874 -0 3 -0 20 1 -0 0 0 
53995 874 -0 -0 -0 20 1 -0 0 0 
54000 876 -0 3 -0 20 1 -0 0 0 
54005 874 -0 3 -0 20 1 -0 0 0 
54010 874 -0 -0 -0 20 1 -0 0 0 
54015 874 -0 -0 -0 20 1 -0 0 0 
54020 874 -0 -0 -0 20 1 -0 0 0 
54025 874 -0 3 -0 20 1 -0 0 0 
54030 874 -0 3 -0 20 1 -0 0 0 
54035 876 -0 3 -0 20 1 -0 0 0 
54040 874 -0 3 -0 20 1 -0 0 0 
54045 874 -0 3 -0 20 1 -0 0 0 
54050 874 -0 3 -0 20 1 -0 0 0 
54055 874 -0 3 -0 20 1 -0 0 0 
54060 876 -0 3 -0 20 1 -0 0 0 
54065 874 -0 3 -0 20 1 -0 0 0 
54070 874 -0 -0 -0 20 1 -0 0 0 
54075 874 -0 3 -0 20 1 -0 0 0 
54080 876 -0 3 -0 20 1 -0 0 0 
54085 874 -0 -0 -0 20 1 -0 0 0 
54090 874 -0 3 -0 20 1 -0 0 0 
54095 874 -0 -0 -0 20 1 -0 0 0 
54100 874 -5 -0 -5 20 1 -5 0 0 
54105 874 -0 3 -0 20 1 -0 0 0 
54110 874 -0 3 -0 20 1 -0 0 0 
54115 874 -0 3 -0 20 1 -0 0 0 
54120 874 -0 3 -0 20 1 -0 0 0 
54125 874 -0 3 -0 20 1 -0 0 0 
54130 874 -0 3 -0 20 1 -0 0 0 
54135 874 -0 3 -0 20 1 -0 0 0 
54140 874 -0 3 -0 20 1 -0 0 0 
54145 874 -0 -0 -0 20 1 -0 0 0 
54150 874 -0 3 -0 20 1 -0 0 0 
54155 874 -0 -0 -0 20 1 -0 0 0 
54160 874 -0 -0 -0 20 1 -0 0 0 
54165 874 -0 -0 -0 20 1 -0 0 0 
54170 876 -0 3 -0 20 1 -0 0 0 
54175 874 -0 -0 -0 20 1 -0 0 0 
54180 874 -0 3 -0 20 1 -0 0 0 
54185 874 -0 -0 -0 20 1 -0 0 0 
54190 874 -0 -0 -0 20 1 -0 0 0 
54195 874 -0 3 -0 20 1 -0 0 0 
54200 874 -0 3 -0 20 1 -0 0 0 
54205 876 -0 -0 -0 20 1 -0 0 0 
54210 874 -0 -0 -0 20 1 -0 0 0 
54215 874 -0 3 -0 20 1 -0 0 0 
54220 874 -0 -0 -0 20 1 -0 0 0 
54225 874 -0 3 -0 20 1 -0 0 0 
54230 874 -0 -0 -0 20 1 -0 0 0 
54235 874 -5 -0 -5 20 1 -5 0 0 
54240 874 -0 -0 -0 20 1 -0 0 0 
54245 876 -0 -0 -0 20 1 -0 0 0 
54250 874 -0 -0 -0 20 1 -0 0 0 
54255 874 -0 3 -0 20 1 -0 0 0 
54260 874 -0 -0 -0 20 1 -0 0 0 
54265 874 -0 3 -0 20 1 -0 0 0 
54270 874 -0 3 -0 20 1 -0 0 0 
54275 874 -5 -0 -5 20 1 -5 0 0 
54280 874 -0 3 -0 20 1 -0 0 0 
54285 874 -0 3 -0 20 1 -0 0 0 
54290 874 -5 3 -5 20 1 -5 0 0 
54295 874 -0 3 -0 20 1 -0 0 0 
54300 876 -0 3 -0 20 1 -0 0 0 
54305 874 -0 3 -0 20 1 -0 0 0 
54310 874 -0 3 -0 20 1 -0 0 0 
54315 874 -0 3 -0 20 1 -0 0 0 
54320 874 -5 -0 -5 20 1 -5 0 0 
54325 874 -0 3 -0 20 1 -0 0 0 
54330 874 -0 3 -0 20 1 -0 0 0 
54335 874 -0 3 -0 20 1 -0 0 0 
54340 874 -0 3 -0 20 1 -0 0 0 
54345 874 -0 3 -0 20 1 -0 0 0 
54350 874 -0 3 -0 20 1 -0 0 0 
54355 874 -0 3 -0 20 1 -0 0 0 
54360 874 -0 3 -0 20 1 -0 0 0 
54365 874 -0 3 -0 20 1 -0 0 0 
54370 874 -0 3 -0 20 1 -0 0 0 
54375 876 -0 3 -0 20 1 -0 0 0 
54380 874 -0 3 -0 20 1 -0 0 0 
54385 874 -5 3 -5 20 1 -5 0 0 
54390 874 -0 3 -0 20 1 -0 0 0 
54395 876 -0 3 -0 20 1 -0 0 0 
54400 874 -0 3 -0 20 1 -0 0 0 
54405 874 -0 3 -0 20 1 -0 0 0 
54410 874 -0 3 -0 20 1 -0 0 0 
54415 874 -0 -0 -0 20 1 -0 0 0 
54420 876 -5 3 -5 20 1 -5 0 0 
54425 874 -0 -0 -0 20 1 -0 0 0 
54430 874 -0 3 -0 20 1 -0 0 0 
54435 874 -0 -0 -0 20 1 -0 0 0 
54440 874 -0 -0 -0 20 1 -0 0 0 
54445 874 -0 3 -0 20 1 -0 0 0 
54450 874 -0 3 -0 20 1 -0 0 0 
54455 874 -0 -0 -0 20 1 -0 0 0 
54460 874 -0 3 -0 20 1 -0 0 0 
54465 874 -5 -0 -5 20 1 -5 0 0 
54470 874 -0 -0 -0 20 1 -0 0 0 
54475 874 -0 -0 -0 20 1 -0 0 0 
54480 874 -0 3 -0 20 1 -0 0 0 
54485 876 -5 3 -5 20 1 -5 0 0 
54490 874 -0 3 -0 20 1 -0 0 0 
54495 874 -0 3 -0 20 1 -0 0 0 
54500 874 -0 -0 -0 20 1 -0 0 0 
54505 874 -0 3 -0 20 1 -0 0 0 
54510 874 -5 3 -5 20 1 -5 0 0 
54515 874 -5 3 -5 20 1 -5 0 0 
54520 874 -0 3 -0 20 1 -0 0 0 
54525 874 -0 3 -0 20 1 -0 0 0 
54530 874 -0 3 -0 20 1 -0 0 0 
54535 874 -0 -0 -0 20 1 -0 0 0 
54540 874 -0 3 -0 20 1 -0 0 0 
54545 874 -0 -0 -0 20 1 -0 0 0 
54550 874 -0 3 -0 20 1 -0 0 0 
54555 874 -0 -0 -0 20 1 -0 0 0 
54560 874 -0 3 -0 20 1 -0 0 0 
54565 874 -0 3 -0 20 1 -0 0 0 
54570 874 -0 -0 -0 20 1 -0 0 0 
54575 874 -0 -0 -0 20 1 -0 0 0 
54580 874 -0 -0 -0 20 1 -0 0 0 
54585 874 -0 3 -0 20 1 -0 0 0 
54590 874 -0 3 -0 20 1 -0 0 0 
54595 874 -0 3 -0 20 1 -0 0 0 
54600 874 -0 -0 -0 20 1 -0 0 0 
54605 874 -0 3 -0 20 1 -0 0 0 
54610 874 -0 3 -0 20 1 -0 0 0 
54615 874 -0 -0 -0 20 1 -0 0 0 
54620 874 -0 3 -0 20 1 -0 0 0 
54625 874 -0 3 -0 20 1 -0 0 0 
54630 874 -0 3 -0 20 1 -0 0 0 
54635 874 -0 -0 -0 20 1 -0 0 0 
54640 874 -0 3 -0 20 1 -0 0 0 
54645 874 -0 3 -0 20 1 -0 0 0 
54650 874 -0 3 -0 20 1 -0 0 0 
54655 874 -0 3 -0 20 1 -0 0 0 
54660 874 -0 3 -0 20 1 -0 0 0 
54665 874 -0 3 -0 20 1 -0 0 0 
54670 874 -0 3 -0 20 1 -0 0 0 
54675 874 -0 3 -0 20 1 -0 0 0 
54680 874 -0 3 -0 20 1 -0 0 0 
54685 874 -0 3 -0 20 1 -0 0 0 
54690 874 -0 3 -0 20 1 -0 0 0 
54695 874 -0 -0 -0 20 1 -0 0 0 
54700 874 -0 3 -0 20 1 -0 0 0 
54705 874 -0 3 -0 20 1 -0 0 0 
54710 874 -0 3 -0 20 1 -0 0 0 
54715 874 -0 3 -0 20 1 -0 0 0 
54720 874 -0 -0 -0 20 1 -0 0 0 
54725 874 -0 -0 -0 20 1 -0 0 0 
54730 874 -0 3 -0 20 1 -0 0 0 
54735 874 -0 -0 -0 20 1 -0 0 0 
54740 874 -0 -0 -0 20 1 -0 0 0 
54745 874 -0 3 -0 20 1 -0 0 0 
54750 874 -0 3 -0 20 1 -0 0 0 
54755 874 -0 -0 -0 20 1 -0 0 0 
54760 874 -0 -0 -0 20 1 -0 0 0 
54765 874 -0 3 -0 20 1 -0 0 0 
54770 874 -0 3 -0 20 1 -0 0 0 
54775 874 -0 -0 -0 20 1 -0 0 0 
54780 874 -0 3 -0 20 1 -0 0 0 
54785 874 -0 3 -0 20 1 -0 0 0 
54790 874 -0 3 -0 20 1 -0 0 0 
54795 874 -0 3 -0 20 1 -0 0 0 
54800 874 -0 3 -0 20 1 -0 0 0 
54805 874 -0 5 -0 20 1 -0 0 0 
54810 874 -0 3 -0 20 1 -0 0 0 
54815 874 -0 3 -0 20 1 -0 0 0 
54820 874 -0 3 -0 20 1 -0 0 0 
54825 874 -0 3 -0 20 1 -0 0 0 
54830 874 -0 3 -0 20 1 -0 0 0 
54835 874 -0 -0 -0 20 1 -0 0 0 
54840 874 -0 -0 -0 20 1 -0 0 0 
54845 874 -0 3 -0 20 1 -0 0 0 
54850 874 -0 3 -0 20 1 -0 0 0 
54855 874 -0 -0 -0 20 1 -0 0 0 
54860 874 -0 3 -0 20 1 -0 0 0 
54865 874 -0 3 -0 20 1 -0 0 0 
54870 874 -0 3 -0 20 1 -0 0 0 
54875 874 -0 3 -0 20 1 -0 0 0 
54880 874 -0 3 -0 20 1 -0 0 0 
54885 874 -0 -0 -0 20 1 -0 0 0 
54890 874 -0 3 -0 20 1 -0 0 0 
54895 874 -0 -0 -0 20 1 -0 0 0 
54900 874 -0 3 -0 20 1 -0 0 0 
54905 874 -5 3 -5 20 1 -5 0 0 
54910 874 -0 3 -0 20 1 -0 0 0 
54915 874 -0 3 -0 20 1 -0 0 0 
54920 874 -0 3 -0 20 1 -0 0 0 
54925 874 -0 -0 -0 20 1 -0 0 0 
54930 874 -0 -0 -0 20 1 -0 0 0 
54935 874 -0 3 -0 20 1 -0 0 0 
54940 874 -0 3 -0 20 1 -0 0 0 
54945 874 -0 3 -0 20 1 -0 0 0 
54950 874 -0 -0 -0 20 1 -0 0 0 
54955 874 -0 3 -0 20 1 -0 0 0 
54960 874 -0 -0 -0 20 1 -0 0 0 
54965 874 -0 3 -0 20 1 -0 0 0 
54970 874 -0 3 -0 20 1 -0 0 0 
54975 874 -0 -0 -0 20 1 -0 0 0 
54980 874 -0 3 -0 20 1 -0 0 0 
54985 874 -0 -0 -0 20 1 -0 0 0 
54990 874 -0 3 -0 20 1 -0 0 0 
54995 874 -0 -0 -0 20 1 -0 0 0 
55000 874 -0 -0 -0 20 1 -0 0 0 
55005 874 -0 -0 -0 20 1 -0 0 0 
55010 874 -0 3 -0 20 1 -0 0 0 
55015 876 -0 3 -0 20 1 -0 0 0 
55020 874 -0 3 -0 20 1 -0 0 0 
55025 874 -0 3 -0 20 1 -0 0 0 
55030 874 -0 3 -0 20 1 -0 0 0 
55035 874 -0 3 -0 20 1 -0 0 0 
55040 874 -0 -0 -0 20 1 -0 0 0 
55045 874 -0 3 -0 20 1 -0 0 0 
55050 874 -0 3 -0 20 1 -0 0 0 
55055 874 -0 3 -0 20 1 -0 0 0 
55060 874 -0 3 -0 20 1 -0 0 0 
55065 874 -0 3 -0 20 1 -0 0 0 
55070 874 -0 3 -0 20 1 -0 0 0 
55075 874 -0 3 -0 20 1 -0 0 0 
55080 874 -0 3 -0 20 1 -0 0 0 
55085 874 -0 -0 -0 20 1 -0 0 0 
55090 874 -0 -0 -0 20 1 -0 0 0 
55095 874 -0 3 -0 20 1 -0 0 0 
55100 874 -0 3 -0 20 1 -0 0 0 
55105 874 -0 3 -0 20 1 -0 0 0 
55110 874 -0 3 -0 20 1 -0 0 0 
55115 874 -0 -0 -0 20 1 -0 0 0 
55120 874 -0 3 -0 20 1 -0 0 0 
55125 874 -0 3 -0 20 1 -0 0 0 
55130 874 -0 3 -0 20 1 -0 0 0 
55135 874 -0 3 -0 20 1 -0 0 0 
55140 874 -0 3 -0 20 1 -0 0 0 
55145 874 -0 3 -0 20 1 -0 0 0 
55150 876 -0 -0 -0 20 1 -0 0 0 
55155 874 -0 3 -0 20 1 -0 0 0 
55160 874 -0 3 -0 20 1 -0 0 0 
55165 874 -0 3 -0 20 1 -0 0 0 
55170 874 -0 3 -0 20 1 -0 0 0 
55175 874 -0 3 -0 20 1 -0 0 0 
55180 874 -0 3 -0 20 1 -0 0 0 
55185 874 -0 -0 -0 20 1 -0 0 0 
55190 874 -0 -0 -0 20 1 -0 0 0 
55195 874 -0 -0 -0 20 1 -0 0 0 
55200 874 -0 -0 -0 20 1 -0 0 0 
55205 874 -0 -0 -0 20 1 -0 0 0 
55210 876 -0 -0 -0 20 1 -0 0 0 
55215 876 -0 3 -0 20 1 -0 0 0 
55220 874 -0 3 -0 20 1 -0 0 0 
55225 874 -0 3 -0 20 1 -0 0 0 
55230 874 -0 -0 -0 20 1 -0 0 0 
55235 874 -0 3 -0 20 1 -0 0 0 
55240 874 -0 -0 -0 20 1 -0 0 0 
55245 874 -0 3 -0 20 1 -0 0 0 
55250 874 -0 3 -0 20 1 -0 0 0 
55255 874 -0 -0 -0 20 1 -0 0 0 
55260 874 -0 3 -0 20 1 -0 0 0 
55265 874 -0 3 -0 20 1 -0 0 0 
55270 874 -0 3 -0 20 1 -0 0 0 
55275 874 -0 3 -0 20 1 -0 0 0 
55280 874 -0 3 -0 20 1 -0 0 0 
55285 874 -0 3 -0 20 1 -0 0 0 
55290 874 -0 -0 -0 20 1 -0 0 0 
55295 874 -0 3 -0 20 1 -0 0 0 
55300 874 -0 3 -0 20 1 -0 0 0 
55305 874 -0 -0 -0 20 1 -0 0 0 
55310 874 -0 3 -0 20 1 -0 0 0 
55315 874 -0 -0 -0 20 1 -0 0 0 
55320 874 -0 3 -0 20 1 -0 0 0 
55325 874 -0 -0 -0 20 1 -0 0 0 
55330 874 -0 3 -0 20 1 -0 0 0 
55335 874 -0 3 -0 20 1 -0 0 0 
55340 874 -0 3 -0 20 1 -0 0 0 
55345 874 -0 3 -0 20 1 -0 0 0 
55350 874 -0 3 -0 20 1 -0 0 0 
55355 874 -0 3 -0 20 1 -0 0 0 
55360 874 -0 3 -0 20 1 -0 0 0 
55365 874 -0 -0 -0 20 1 -0 0 0 
55370 874 -0 -0 -0 20 1 -0 0 0 
55375 874 -0 3 -0 20 1 -0 0 0 
55380 874 -0 3 -0 20 1 -0 0 0 
55385 874 -0 3 -0 20 1 -0 0 0 
55390 874 -0 3 -0 20 1 -0 0 0 
55395 874 -0 3 -0 20 1 -0 0 0 
55400 874 -0 3 -0 20 1 -0 0 0 
55405 874 -0 3 -0 20 1 -0 0 0 
55410 874 -0 3 -0 20 1 -0 0 0 
55415 876 -0 3 -0 20 1 -0 0 0 
55420 874 -0 3 -0 20 1 -0 0 0 
55425 874 -0 3 -0 20 1 -0 0 0 
55430 874 -0 3 -0 20 1 -0 0 0 
55435 874 -0 3 -0 20 1 -0 0 0 
55440 874 -0 3 -0 20 1 -0 0 0 
55445 876 -0 3 -0 20 1 -0 0 0 
55450 874 -0 3 -0 20 1 -0 0 0 
55455 874 -0 3 -0 20 1 -0 0 0 
55460 874 -0 3 -0 20 1 -0 0 0 
55465 874 -0 3 -0 20 1 -0 0 0 
55470 874 -0 3 -0 20 1 -0 0 0 
55475 874 -0 3 -0 20 1 -0 0 0 
55480 874 -0 3 -0 20 1 -0 0 0 
55485 874 -0 3 -0 20 1 -0 0 0 
55490 874 -0 3 -0 20 1 -0 0 0 
55495 874 -0 3 -0 20 1 -0 0 0 
55500 876 -0 3 -0 20 1 -0 0 0 
55505 874 -0 3 -0 20 1 -0 0 0 
55510 874 -0 3 -0 20 1 -0 0 0 
55515 876 -0 3 -0 20 1 -0 0 0 
55520 874 -0 -0 -0 20 1 -0 0 0 
55525 874 -0 3 -0 20 1 -0 0 0 
55530 874 -0 3 -0 20 1 -0 0 0 
55535 874 -0 3 -0 20 1 -0 0 0 
55540 876 -0 3 -0 20 1 -0 0 0 
55545 874 -0 3 -0 20 1 -0 0 0 
55550 874 -0 3 -0 20 1 -0 0 0 
55555 874 -0 3 -0 20 1 -0 0 0 
55560 874 -0 3 -0 20 1 -0 0 0 
55565 874 -0 3 -0 20 1 -0 0 0 
55570 874 -0 -0 -0 20 1 -0 0 0 
55575 874 -0 -0 -0 20 1 -0 0 0 
55580 874 -0 -0 -0 20 1 -0 0 0 
55585 876 -0 3 -0 20 1 -0 0 0 
55590 874 -0 -0 -0 20 1 -0 0 0 
55595 876 -0 3 -0 20 1 -0 0 0 
55600 874 -0 -0 -0 20 1 -0 0 0 
55605 874 -0 3 -0 20 1 -0 0 0 
55610 874 -0 -0 -0 20 1 -0 0 0 
55615 876 -0 -0 -0 20 1 -0 0 0 
55620 874 -0 3 -0 20 1 -0 0 0 
55625 874 -0 3 -0 20 1 -0 0 0 
55630 874 -0 -0 -0 20 1 -0 0 0 
55635 874 -0 3 -0 20 1 -0 0 0 
55640 876 -0 -0 -0 20 1 -0 0 0 
55645 874 -0 -0 -0 20 1 -0 0 0 
55650 874 -0 3 -0 20 1 -0 0 0 
55655 874 -0 3 -0 20 1 -0 0 0 
55660 874 -0 3 -0 20 1 -0 0 0 
55665 874 -0 3 -0 20 1 -0 0 0 
55670 874 -0 -0 -0 20 1 -0 0 0 
55675 874 -0 3 -0 20 1 -0 0 0 
55680 874 -0 3 -0 20 1 -0 0 0 
55685 874 -0 -0 -0 20 1 -0 0 0 
55690 874 -0 3 -0 20 1 -0 0 0 
55695 874 -0 3 -0 20 1 -0 0 0 
55700 874 -0 3 -0 20 1 -0 0 0 
55705 874 -0 3 -0 20 1 -0 0 0 
55710 874 -0 -0 -0 20 1 -0 0 0 
55715 874 -0 3 -0 20 1 -0 0 0 
55720 874 -0 -0 -0 20 1 -0 0 0 
55725 874 -0 3 -0 20 1 -0 0 0 
55730 874 -0 3 -0 20 1 -0 0 0 
55735 876 -0 3 -0 20 1 -0 0 0 
55740 874 -0 -0 -0 20 1 -0 0 0 
55745 874 -0 -0 -0 20 1 -0 0 0 
55750 874 -0 3 -0 20 1 -0 0 0 
55755 874 -0 -0 -0 20 1 -0 0 0 
55760 874 -0 3 -0 20 1 -0 0 0 
55765 874 -0 3 -0 20 1 -0 0 0 
55770 876 -0 3 -0 20 1 -0 0 0 
55775 874 -0 -0 -0 20 1 -0 0 0 
55780 874 -0 3 -0 20 1 -0 0 0 
55785 874 -0 -0 -0 20 1 -0 0 0 
55790 874 -5 -0 -5 20 1 -5 0 0 
55795 874 -0 3 -0 20 1 -0 0 0 
55800 874 -0 3 -0 20 1 -0 0 0 
55805 874 -0 -0 -0 20 1 -0 0 0 
55810 874 -0 3 -0 20 1 -0 0 0 
55815 876 -0 3 -0 20 1 -0 0 0 
55820 874 -0 3 -0 20 1 -0 0 0 
55825 874 -0 3 -0 20 1 -0 0 0 
55830 876 -0 -0 -0 20 1 -0 0 0 
55835 874 -0 3 -0 20 1 -0 0 0 
55840 874 -0 -0 -0 20 1 -0 0 0 
55845 874 -0 3 -0 20 1 -0 0 0 
55850 874 -0 3 -0 20 1 -0 0 0 
55855 874 -0 -0 -0 20 1 -0 0 0 
55860 876 -0 3 -0 20 1 -0 0 0 
55865 874 -0 3 -0 20 1 -0 0 0 
55870 876 -0 -0 -0 20 1 -0 0 0 
55875 874 -0 -0 -0 20 1 -0 0 0 
55880 874 -0 3 -0 20 1 -0 0 0 
55885 876 -5 -0 -5 20 1 -5 0 0 
55890 874 -0 3 -0 20 1 -0 0 0 
55895 876 -0 -0 -0 20 1 -0 0 0 
55900 874 -5 3 -5 20 1 -5 0 0 
55905 874 -0 3 -0 20 1 -0 0 0 
55910 874 -0 -0 -0 20 1 -0 0 0 
55915 874 -0 3 -0 20 1 -0 0 0 
55920 874 -5 -0 -5 20 1 -5 0 0 
55925 876 -0 3 -0 20 1 -0 0 0 
55930 874 -0 3 -0 20 1 -0 0 0 
55935 874 -0 3 -0 20 1 -0 0 0 
55940 876 -0 3 -0 20 1 -0 0 0 
55945 876 -0 -0 -0 20 1 -0 0 0 
55950 876 -0 3 -0 20 1 -0 0 0 
55955 876 -0 3 -0 20 1 -0 0 0 
55960 874 -0 3 -0 20 1 -0 0 0 
55965 876 -5 3 -5 20 1 -5 0 0 
55970 876 -0 3 -0 20 1 -0 0 0 
55975 876 -0 -0 -0 20 1 -0 0 0 
55980 876 -0 -0 -0 20 1 -0 0 0 
55985 876 -5 3 -5 20 1 -5 0 0 
55990 874 -5 3 -5 20 1 -5 0 0 
55995 874 -0 3 -0 20 1 -0 0 0 
56000 876 -0 3 -0 20 1 -0 0 0 
56005 876 -0 3 -0 20 1 -0 0 0 
56010 874 -0 3 -0 20 1 -0 0 0 
56015 876 -0 3 -0 20 1 -0 0 0 
56020 874 -0 -0 -0 20 1 -0 0 0 
56025 874 -0 -0 -0 20 1 -0 0 0 
56030 874 -0 3 -0 20 1 -0 0 0 
56035 876 -0 3 -0 20 1 -0 0 0 
56040 876 -0 3 -0 20 1 -0 0 0 
56045 876 -0 -0 -0 20 1 -0 0 0 
56050 874 -0 -0 -0 20 1 -0 0 0 
56055 876 -0 3 -0 20 1 -0 0 0 
56060 874 -0 3 -0 20 1 -0 0 0 
56065 874 -0 -0 -0 20 1 -0 0 0 
56070 874 -0 -0 -0 20 1 -0 0 0 
56075 874 -5 3 -5 20 1 -5 0 0 
56080 876 -0 3 -0 20 1 -0 0 0 
56085 874 -5 -0 -5 20 1 -5 0 0 
56090 874 -5 3 -5 20 1 -5 0 0 
56095 874 -0 3 -0 20 1 -0 0 0 
56100 874 -5 3 -5 20 1 -5 0 0 
56105 874 -5 3 -5 20 1 -5 0 0 
56110 874 -0 3 -0 20 1 -0 0 0 
56115 876 -5 -0 -5 20 1 -5 0 0 
56120 874 -0 -0 -0 20 1 -0 0 0 
56125 874 -0 -0 -0 20 1 -0 0 0 
56130 874 -0 3 -0 20 1 -0 0 0 
56135 874 -0 -0 -0 20 1 -0 0 0 
56140 874 -0 3 -0 20 1 -0 0 0 
56145 874 -0 3 -0 20 1 -0 0 0 
56150 874 -0 -0 -0 20 1 -0 0 0 
56155 874 -0 -0 -0 20 1 -0 0 0 
56160 874 -0 -0 -0 20 1 -0 0 0 
56165 876 -0 -0 -0 20 1 -0 0 0 
56170 876 -0 3 -0 20 1 -0 0 0 
56175 874 -5 -0 -5 20 1 -5 0 0 
56180 874 -0 3 -0 20 1 -0 0 0 
56185 874 -5 -0 -5 20 1 -5 0 0 
56190 874 -0 3 -0 20 1 -0 0 0 
56195 876 -0 3 -0 20 1 -0 0 0 
56200 876 -0 3 -0 20 1 -0 0 0 
56205 874 -5 -0 -5 20 1 -5 0 0 
56210 876 -0 3 -0 20 1 -0 0 0 
56215 876 -0 3 -0 20 1 -0 0 0 
56220 876 -0 -0 -0 20 1 -0 0 0 
56225 874 -0 3 -0 20 1 -0 0 0 
56230 874 -0 -0 -0 20 1 -0 0 0 
56235 874 -0 3 -0 20 1 -0 0 0 
56240 876 -0 3 -0 20 1 -0 0 0 
56245 876 -0 3 -0 20 1 -0 0 0 
56250 874 -0 3 -0 20 1 -0 0 0 
56255 874 -0 -0 -0 20 1 -0 0 0 
56260 874 -0 3 -0 20 1 -0 0 0 
56265 874 -0 3 -0 20 1 -0 0 0 
56270 876 -0 -0 -0 20 1 -0 0 0 
56275 876 -0 3 -0 20 1 -0 0 0 
56280 876 -0 3 -0 20 1 -0 0 0 
56285 876 -0 3 -0 20 1 -0 0 0 
56290 874 -0 -0 -0 20 1 -0 0 0 
56295 874 -0 -0 -0 20 1 -0 0 0 
56300 874 -0 3 -0 20 1 -0 0 0 
56305 876 -0 3 -0 20 1 -0 0 0 
56310 874 -0 3 -0 20 1 -0 0 0 
56315 874 -0 -0 -0 20 1 -0 0 0 
56320 876 -0 3 -0 20 1 -0 0 0 
56325 874 -0 3 -0 20 1 -0 0 0 
56330 874 -0 -0 -0 20 1 -0 0 0 
56335 876 -0 -0 -0 20 1 -0 0 0 
56340 874 -0 3 -0 20 1 -0 0 0 
56345 874 -0 3 -0 20 1 -0 0 0 
56350 874 -0 3 -0 20 1 -0 0 0 
56355 874 -0 3 -0 20 1 -0 0 0 
56360 874 -0 -0 -0 20 1 -0 0 0 
56365 876 -5 3 -5 20 1 -5 0 0 
56370 874 -0 -0 -0 20 1 -0 0 0 
56375 874 -0 3 -0 20 1 -0 0 0 
56380 876 -0 3 -0 20 1 -0 0 0 
56385 874 -0 -0 -0 20 1 -0 0 0 
56390 874 -5 3 -5 20 1 -5 0 0 
56395 874 -5 3 -5 20 1 -5 0 0 
56400 874 -5 3 -5 20 1 -5 0 0 
56405 874 -0 3 -0 20 1 -0 0 0 
56410 876 -0 3 -0 20 1 -0 0 0 
56415 876 -0 -0 -0 20 1 -0 0 0 
56420 874 -0 3 -0 20 1 -0 0 0 
56425 874 -0 -0 -0 20 1 -0 0 0 
56430 874 -0 3 -0 20 1 -0 0 0 
56435 874 -0 3 -0 20 1 -0 0 0 
56440 876 -0 -0 -0 20 1 -0 0 0 
56445 876 -0 3 -0 20 1 -0 0 0 
56450 876 -0 -0 -0 20 1 -0 0 0 
56455 874 -0 3 -0 20 1 -0 0 0 
56460 874 -0 3 -0 20 1 -0 0 0 
56465 874 -0 3 -0 20 1 -0 0 0 
56470 874 -5 -0 -5 20 1 -5 0 0 
56475 874 -0 3 -0 20 1 -0 0 0 
56480 876 -5 -0 -5 20 1 -5 0 0 
56485 874 -0 3 -0 20 1 -0 0 0 
56490 874 -0 -0 -0 20 1 -0 0 0 
56495 874 -0 -0 -0 20 1 -0 0 0 
56500 874 -0 3 -0 20 1 -0 0 0 
56505 874 -0 3 -0 20 1 -0 0 0 
56510 876 -5 -0 -5 20 1 -5 0 0 
56515 874 -0 3 -0 20 1 -0 0 0 
56520 876 -0 -0 -0 20 1 -0 0 0 
56525 874 -0 3 -0 20 1 -0 0 0 
56530 874 -0 3 -0 20 1 -0 0 0 
56535 876 -0 3 -0 20 1 -0 0 0 
56540 876 -0 3 -0 20 1 -0 0 0 
56545 874 -0 3 -0 20 1 -0 0 0 
56550 874 -0 3 -0 20 1 -0 0 0 
56555 876 -0 3 -0 20 1 -0 0 0 
56560 874 -0 3 -0 20 1 -0 0 0 
56565 876 -0 -0 -0 20 1 -0 0 0 
56570 874 -0 3 -0 20 1 -0 0 0 
56575 874 -0 -0 -0 20 1 -0 0 0 
56580 876 -0 3 -0 20 1 -0 0 0 
56585 874 -0 3 -0 20 1 -0 0 0 
56590 874 -0 3 -0 20 1 -0 0 0 
56595 874 -0 3 -0 20 1 -0 0 0 
56600 874 -5 3 -5 20 1 -5 0 0 
56605 876 -0 3 -0 20 1 -0 0 0 
56610 876 -0 3 -0 20 1 -0 0 0 
56615 874 -5 3 -5 20 1 -5 0 0 
56620 874 -0 3 -0 20 1 -0 0 0 
56625 876 -0 3 -0 20 1 -0 0 0 
56630 876 -0 -0 -0 20 1 -0 0 0 
56635 876 -5 3 -5 20 1 -5 0 0 
56640 874 -0 3 -0 20 1 -0 0 0 
56645 876 -5 3 -5 20 1 -5 0 0 
56650 874 -0 3 -0 20 1 -0 0 0 
56655 874 -5 -0 -5 20 1 -5 0 0 
56660 874 -5 3 -5 20 1 -5 0 0 
56665 874 -5 -0 -5 20 1 -5 0 0 
56670 874 -0 -0 -0 20 1 -0 0 0 
56675 874 -5 3 -5 20 1 -5 0 0 
56680 874 -0 -0 -0 20 1 -0 0 0 
56685 876 -0 3 -0 20 1 -0 0 0 
56690 876 -0 3 -0 20 1 -0 0 0 
56695 874 -5 3 -5 20 1 -5 0 0 
56700 876 -0 3 -0 20 1 -0 0 0 
56705 876 -5 -0 -5 20 1 -5 0 0 
56710 876 -0 3 -0 20 1 -0 0 0 
56715 874 -0 3 -0 20 1 -0 0 0 
56720 874 -0 3 -0 20 1 -0 0 0 
56725 874 -0 3 -0 20 1 -0 0 0 
56730 874 -0 3 -0 20 1 -0 0 0 
56735 874 -5 3 -5 20 1 -5 0 0 
56740 876 -5 -0 -5 20 1 -5 0 0 
56745 874 -0 3 -0 20 1 -0 0 0 
56750 874 -5 3 -5 20 1 -5 0 0 
56755 874 -5 3 -5 20 1 -5 0 0 
56760 874 -0 -0 -0 20 1 -0 0 0 
56765 876 -0 3 -0 20 1 -0 0 0 
56770 876 -0 3 -0 20 1 -0 0 0 
56775 874 -0 3 -0 20 1 -0 0 0 
56780 874 -0 3 -0 20 1 -0 0 0 
56785 874 -5 3 -5 20 1 -5 0 0 
56790 874 -5 -0 -5 20 1 -5 0 0 
56795 874 -0 3 -0 20 1 -0 0 0 
56800 876 -0 -0 -0 20 1 -0 0 0 
56805 876 -0 3 -0 20 1 -0 0 0 
56810 876 -0 3 -0 20 1 -0 0 0 
56815 876 -0 -0 -0 20 1 -0 0 0 
56820 874 -0 3 -0 20 1 -0 0 0 
56825 874 -0 3 -0 20 1 -0 0 0 
56830 874 -0 3 -0 20 1 -0 0 0 
56835 874 -0 3 -0 20 1 -0 0 0 
56840 874 -0 -0 -0 20 1 -0 0 0 
56845 876 -0 3 -0 20 1 -0 0 0 
56850 876 -0 3 -0 20 1 -0 0 0 
56855 874 -0 -0 -0 20 1 -0 0 0 
56860 876 -0 -0 -0 20 1 -0 0 0 
56865 876 -0 3 -0 20 1 -0 0 0 
56870 874 -0 3 -0 20 1 -0 0 0 
56875 874 -0 -0 -0 20 1 -0 0 0 
56880 874 -0 -0 -0 20 1 -0 0 0 
56885 876 -5 -0 -5 20 1 -5 0 0 
56890 876 -0 3 -0 20 1 -0 0 0 
56895 876 -0 3 -0 20 1 -0 0 0 
56900 874 -0 3 -0 20 1 -0 0 0 
56905 876 -0 3 -0 20 1 -0 0 0 
56910 874 -0 -0 -0 20 1 -0 0 0 
56915 874 -0 3 -0 20 1 -0 0 0 
56920 874 -0 3 -0 20 1 -0 0 0 
56925 874 -5 -0 -5 20 1 -5 0 0 
56930 876 -0 3 -0 20 1 -0 0 0 
56935 874 -0 3 -0 20 1 -0 0 0 
56940 874 -0 -0 -0 20 1 -0 0 0 
56945 874 -0 3 -0 20 1 -0 0 0 
56950 876 -0 3 -0 20 1 -0 0 0 
56955 876 -0 3 -0 20 1 -0 0 0 
56960 876 -0 3 -0 20 1 -0 0 0 
56965 876 -0 3 -0 20 1 -0 0 0 
56970 874 -5 3 -5 20 1 -5 0 0 
56975 874 -0 3 -0 20 1 -0 0 0 
56980 876 -0 3 -0 20 1 -0 0 0 
56985 874 -0 3 -0 20 1 -0 0 0 
56990 874 -0 3 -0 20 1 -0 0 0 
56995 876 -0 3 -0 20 1 -0 0 0 
57000 876 -0 -0 -0 20 1 -0 0 0 
57005 874 -0 3 -0 20 1 -0 0 0 
57010 876 -0 3 -0 20 1 -0 0 0 
57015 876 -0 3 -0 20 1 -0 0 0 
57020 874 -0 -0 -0 20 1 -0 0 0 
57025 876 -0 -0 -0 20 1 -0 0 0 
57030 874 -0 3 -0 20 1 -0 0 0 
57035 874 -0 -0 -0 20 1 -0 0 0 
57040 876 -0 3 -0 20 1 -0 0 0 
57045 874 -0 3 -0 20 1 -0 0 0 
57050 874 -0 3 -0 20 1 -0 0 0 
57055 876 -0 3 -0 20 1 -0 0 0 
57060 876 -0 3 -0 20 1 -0 0 0 
57065 876 -0 3 -0 20 1 -0 0 0 
57070 874 -0 -0 -0 20 1 -0 0 0 
57075 874 -0 3 -0 20 1 -0 0 0 
57080 876 -0 3 -0 20 1 -0 0 0 
57085 876 -0 -0 -0 20 1 -0 0 0 
57090 876 -0 -0 -0 20 1 -0 0 0 
57095 874 -5 3 -5 20 1 -5 0 0 
57100 874 -0 3 -0 20 1 -0 0 0 
57105 876 -0 3 -0 20 1 -0 0 0 
57110 876 -0 -0 -0 20 1 -0 0 0 
57115 876 -0 3 -0 20 1 -0 0 0 
57120 874 -0 -0 -0 20 1 -0 0 0 
57125 874 -5 -0 -5 20 1 -5 0 0 
57130 874 -0 3 -0 20 1 -0 0 0 
57135 874 -0 -0 -0 20 1 -0 0 0 
57140 876 -5 3 -5 20 1 -5 0 0 
57145 874 -0 3 -0 20 1 -0 0 0 
57150 874 -5 -0 -5 20 1 -5 0 0 
57155 874 -0 -0 -0 20 1 -0 0 0 
57160 874 -0 3 -0 20 1 -0 0 0 
57165 876 -5 3 -5 20 1 -5 0 0 
57170 876 -0 3 -0 20 1 -0 0 0 
57175 876 -5 3 -5 20 1 -5 0 0 
57180 874 -0 -0 -0 20 1 -0 0 0 
57185 874 -5 3 -5 20 1 -5 0 0 
57190 874 -0 -0 -0 20 1 -0 0 0 
57195 874 -0 3 -0 20 1 -0 0 0 
57200 876 -0 3 -0 20 1 -0 0 0 
57205 876 -0 3 -0 20 1 -0 0 0 
57210 876 -0 3 -0 20 1 -0 0 0 
57215 874 -0 -0 -0 20 1 -0 0 0 
57220 876 -0 3 -0 20 1 -0 0 0 
57225 876 -5 -0 -5 20 1 -5 0 0 
57230 876 -0 3 -0 20 1 -0 0 0 
57235 874 -0 3 -0 20 1 -0 0 0 
57240 874 -0 3 -0 20 1 -0 0 0 
57245 876 -0 -0 -0 20 1 -0 0 0 
57250 874 -0 3 -0 20 1 -0 0 0 
57255 876 -0 3 -0 20 1 -0 0 0 
57260 874 -0 -0 -0 20 1 -0 0 0 
57265 876 -0 3 -0 20 1 -0 0 0 
57270 876 -0 -0 -0 20 1 -0 0 0 
57275 874 -5 3 -5 20 1 -5 0 0 
57280 874 -0 -0 -0 20 1 -0 0 0 
57285 876 -0 3 -0 20 1 -0 0 0 
57290 874 -0 3 -0 20 1 -0 0 0 
57295 874 -0 -0 -0 20 1 -0 0 0 
57300 874 -0 -0 -0 20 1 -0 0 0 
57305 876 -0 -0 -0 20 1 -0 0 0 
57310 874 -0 3 -0 20 1 -0 0 0 
57315 874 -0 3 -0 20 1 -0 0 0 
57320 876 -0 3 -0 20 1 -0 0 0 
57325 874 -0 3 -0 20 1 -0 0 0 
57330 876 -0 -0 -0 20 1 -0 0 0 
57335 874 -0 3 -0 20 1 -0 0 0 
57340 876 -0 -0 -0 20 1 -0 0 0 
57345 874 -0 3 -0 20 1 -0 0 0 
57350 874 -0 3 -0 20 1 -0 0 0 
57355 874 -0 3 -0 20 1 -0 0 0 
57360 874 -0 3 -0 20 1 -0 0 0 
57365 874 -0 3 -0 20 1 -0 0 0 
57370 874 -5 -0 -5 20 1 -5 0 0 
57375 876 -0 3 -0 20 1 -0 0 0 
57380 876 -0 3 -0 20 1 -0 0 0 
57385 874 -0 3 -0 20 1 -0 0 0 
57390 876 -0 -0 -0 20 1 -0 0 0 
57395 876 -0 3 -0 20 1 -0 0 0 
57400 876 -0 -0 -0 20 1 -0 0 0 
57405 874 -5 3 -5 20 1 -5 0 0 
57410 874 -5 3 -5 20 1 -5 0 0 
57415 874 -0 -0 -0 20 1 -0 0 0 
57420 874 -5 -0 -5 20 1 -5 0 0 
57425 874 -5 -0 -5 20 1 -5 0 0 
57430 874 -0 -0 -0 20 1 -0 0 0 
57435 876 -0 3 -0 20 1 -0 0 0 
57440 876 -0 3 -0 20 1 -0 0 0 
57445 874 -0 -0 -0 20 1 -0 0 0 
57450 874 -5 -0 -5 20 1 -5 0 0 
57455 876 -0 3 -0 20 1 -0 0 0 
57460 876 -0 3 -0 20 1 -0 0 0 
57465 874 -0 -0 -0 20 1 -0 0 0 
57470 876 -0 3 -0 20 1 -0 0 0 
57475 874 -5 3 -5 20 1 -5 0 0 
57480 874 -0 3 -0 20 1 -0 0 0 
57485 876 -0 -0 -0 20 1 -0 0 0 
57490 876 -0 3 -0 20 1 -0 0 0 
57495 874 -0 3 -0 20 1 -0 0 0 
57500 874 -0 3 -0 20 1 -0 0 0 
57505 874 -0 -0 -0 20 1 -0 0 0 
57510 876 -0 3 -0 20 1 -0 0 0 
57515 876 -0 3 -0 20 1 -0 0 0 
57520 876 -5 -0 -5 20 1 -5 0 0 
57525 874 -0 3 -0 20 1 -0 0 0 
57530 874 -0 3 -0 20 1 -0 0 0 
57535 874 -0 3 -0 20 1 -0 0 0 
57540 874 -0 3 -0 20 1 -0 0 0 
57545 874 -0 -0 -0 20 1 -0 0 0 
57550 876 -5 3 -5 20 1 -5 0 0 
57555 874 -5 3 -5 20 1 -5 0 0 
57560 874 -0 -0 -0 20 1 -0 0 0 
57565 874 -0 -0 -0 20 1 -0 0 0 
57570 876 -0 -0 -0 20 1 -0 0 0 
57575 874 -0 -0 -0 20 1 -0 0 0 
57580 874 -0 3 -0 20 1 -0 0 0 
57585 874 -0 -0 -0 20 1 -0 0 0 
57590 874 -0 3 -0 20 1 -0 0 0 
57595 876 -0 3 -0 20 1 -0 0 0 
57600 874 -0 -0 -0 20 1 -0 0 0 
57605 874 -0 3 -0 20 1 -0 0 0 
57610 876 -5 -0 -5 20 1 -5 0 0 
57615 874 -0 -0 -0 20 1 -0 0 0 
57620 876 -0 3 -0 20 1 -0 0 0 
57625 876 -0 3 -0 20 1 -0 0 0 
57630 874 -0 -0 -0 20 1 -0 0 0 
57635 874 -0 3 -0 20 1 -0 0 0 
57640 876 -0 3 -0 20 1 -0 0 0 
57645 874 -0 -0 -0 20 1 -0 0 0 
57650 876 -5 3 -5 20 1 -5 0 0 
57655 874 -0 3 -0 20 1 -0 0 0 
57660 876 -0 3 -0 20 1 -0 0 0 
57665 874 -0 3 -0 20 1 -0 0 0 
57670 874 -0 -0 -0 20 1 -0 0 0 
57675 876 -0 3 -0 20 1 -0 0 0 
57680 874 -0 3 -0 20 1 -0 0 0 
57685 874 -0 3 -0 20 1 -0 0 0 
57690 874 -5 3 -5 20 1 -5 0 0 
57695 876 -0 -0 -0 20 1 -0 0 0 
57700 874 -0 -0 -0 20 1 -0 0 0 
57705 874 -0 -0 -0 20 1 -0 0 0 
57710 874 -0 3 -0 20 1 -0 0 0 
57715 874 -0 3 -0 20 1 -0 0 0 
57720 876 -5 3 -5 20 1 -5 0 0 
57725 874 -5 -0 -5 20 1 -5 0 0 
57730 874 -5 -0 -5 20 1 -5 0 0 
57735 876 -5 -0 -5 20 1 -5 0 0 
57740 876 -5 3 -5 20 1 -5 0 0 
57745 874 -0 3 -0 20 1 -0 0 0 
57750 874 -5 -0 -5 20 1 -5 0 0 
57755 874 -5 3 -5 20 1 -5 0 0 
57760 876 -0 3 -0 20 1 -0 0 0 
57765 876 -5 3 -5 20 1 -5 0 0 
57770 874 -5 3 -5 20 1 -5 0 0 
57775 874 -0 -0 -0 20 1 -0 0 0 
57780 874 -5 -0 -5 20 1 -5 0 0 
57785 874 -0 -0 -0 20 1 -0 0 0 
57790 876 -5 3 -5 20 1 -5 0 0 
57795 876 -0 3 -0 20 1 -0 0 0 
57800 876 -0 3 -0 20 1 -0 0 0 
57805 876 -0 3 -0 20 1 -0 0 0 
57810 874 -0 3 -0 20 1 -0 0 0 
57815 876 -0 -0 -0 20 1 -0 0 0 
57820 874 -0 3 -0 20 1 -0 0 0 
57825 874 -0 -0 -0 20 1 -0 0 0 
57830 876 -0 3 -0 20 1 -0 0 0 
57835 876 -0 -0 -0 20 1 -0 0 0 
57840 876 -5 3 -5 20 1 -5 0 0 
57845 874 -0 -0 -0 20 1 -0 0 0 
57850 874 -5 -0 -5 20 1 -5 0 0 
57855 874 -0 -0 -0 20 1 -0 0 0 
57860 874 -5 3 -5 20 1 -5 0 0 
57865 874 -0 3 -0 20 1 -0 0 0 
57870 874 -0 -0 -0 20 1 -0 0 0 
57875 874 -0 3 -0 20 1 -0 0 0 
57880 874 -0 3 -0 20 1 -0 0 0 
57885 876 -0 3 -0 20 1 -0 0 0 
57890 874 -0 3 -0 20 1 -0 0 0 
57895 874 -0 -0 -0 20 1 -0 0 0 
57900 874 -5 3 -5 20 1 -5 0 0 
57905 874 -0 -0 -0 20 1 -0 0 0 
57910 874 -0 3 -0 20 1 -0 0 0 
57915 874 -5 3 -5 20 1 -5 0 0 
57920 876 -0 -0 -0 20 1 -0 0 0 
57925 874 -0 -0 -0 20 1 -0 0 0 
57930 876 -5 -0 -5 20 1 -5 0 0 
57935 874 -5 3 -5 20 1 -5 0 0 
57940 874 -0 3 -0 20 1 -0 0 0 
57945 876 -0 -0 -0 20 1 -0 0 0 
57950 876 -0 3 -0 20 1 -0 0 0 
57955 874 -0 -0 -0 20 1 -0 0 0 
57960 874 -0 3 -0 20 1 -0 0 0 
57965 876 -0 -0 -0 20 1 -0 0 0 
57970 876 -5 -0 -5 20 1 -5 0 0 
57975 874 -0 3 -0 20 1 -0 0 0 
57980 874 -0 3 -0 20 1 -0 0 0 
57985 874 -0 -0 -0 20 1 -0 0 0 
57990 874 -0 -0 -0 20 1 -0 0 0 
57995 874 -0 3 -0 20 1 -0 0 0 
58000 876 -0 3 -0 20 1 -0 0 0 
58005 874 -0 3 -0 20 1 -0 0 0 
58010 874 -0 3 -0 20 1 -0 0 0 
58015 874 -0 -0 -0 20 1 -0 0 0 
58020 874 -0 3 -0 20 1 -0 0 0 
58025 874 -0 -0 -0 20 1 -0 0 0 
58030 874 -0 3 -0 20 1 -0 0 0 
58035 874 -0 3 -0 20 1 -0 0 0 
58040 874 -0 -0 -0 20 1 -0 0 0 
58045 874 -5 3 -5 20 1 -5 0 0 
58050 874 -0 3 -0 20 1 -0 0 0 
58055 874 -0 -0 -0 20 1 -0 0 0 
58060 874 -0 3 -0 20 1 -0 0 0 
58065 874 -0 -0 -0 20 1 -0 0 0 
58070 874 -0 3 -0 20 1 -0 0 0 
58075 874 -0 -0 -0 20 1 -0 0 0 
58080 874 -0 -0 -0 20 1 -0 0 0 
58085 874 -0 3 -0 20 1 -0 0 0 
58090 874 -0 3 -0 20 1 -0 0 0 
58095 876 -0 -0 -0 20 1 -0 0 0 
58100 874 -0 -0 -0 20 1 -0 0 0 
58105 874 -0 3 -0 20 1 -0 0 0 
58110 874 -0 3 -0 20 1 -0 0 0 
58115 874 -0 -0 -0 20 1 -0 0 0 
58120 874 -0 3 -0 20 1 -0 0 0 
58125 874 -0 3 -0 20 1 -0 0 0 
58130 874 -0 -0 -0 20 1 -0 0 0 
58135 874 -0 3 -0 20 1 -0 0 0 
58140 874 -0 3 -0 20 1 -0 0 0 
58145 874 -0 -0 -0 20 1 -0 0 0 
58150 874 -0 3 -0 20 1 -0 0 0 
58155 874 -5 3 -5 20 1 -5 0 0 
58160 874 -0 -0 -0 20 1 -0 0 0 
58165 874 -0 3 -0 20 1 -0 0 0 
58170 874 -0 -0 -0 20 1 -0 0 0 
58175 874 -0 3 -0 20 1 -0 0 0 
58180 874 -0 3 -0 20 1 -0 0 0 
58185 874 -0 -0 -0 20 1 -0 0 0 
58190 874 -0 3 -0 20 1 -0 0 0 
58195 874 -0 3 -0 20 1 -0 0 0 
58200 874 -0 3 -0 20 1 -0 0 0 
58205 874 -0 3 -0 20 1 -0 0 0 
58210 874 -0 3 -0 20 1 -0 0 0 
58215 874 -0 3 -0 20 1 -0 0 0 
58220 874 -0 3 -0 20 1 -0 0 0 
58225 874 -0 3 -0 20 1 -0 0 0 
58230 874 -0 3 -0 20 1 -0 0 0 
58235 874 -0 3 -0 20 1 -0 0 0 
58240 874 -0 -0 -0 20 1 -0 0 0 
58245 874 -0 3 -0 20 1 -0 0 0 
58250 874 -0 3 -0 20 1 -0 0 0 
58255 874 -0 3 -0 20 1 -0 0 0 
58260 874 -0 3 -0 20 1 -0 0 0 
58265 874 -0 3 -0 20 1 -0 0 0 
58270 874 -0 3 -0 20 1 -0 0 0 
58275 874 -0 3 -0 20 1 -0 0 0 
58280 874 -0 3 -0 20 1 -0 0 0 
58285 874 -0 3 -0 20 1 -0 0 0 
58290 874 -0 3 -0 20 1 -0 0 0 
58295 874 -0 5 -0 20 1 -0 0 0 
58300 874 -0 3 -0 20 1 -0 0 0 
58305 874 -0 3 -0 20 1 -0 0 0 
58310 874 -0 3 -0 20 1 -0 0 0 
58315 874 -0 5 -0 20 1 -0 0 0 
58320 874 -0 3 -0 20 1 -0 0 0 
58325 874 -0 3 -0 20 1 -0 0 0 
58330 874 -0 3 -0 20 1 -0 0 0 
58335 874 -0 3 -0 20 1 -0 0 0 
58340 874 -0 3 -0 20 1 -0 0 0 
58345 874 -0 3 -0 20 1 -0 0 0 
58350 876 -0 3 -0 20 1 -0 0 0 
58355 874 -0 3 -0 20 1 -0 0 0 
58360 874 -0 3 -0 20 1 -0 0 0 
58365 874 -0 3 -0 20 1 -0 0 0 
58370 874 -0 3 -0 20 1 -0 0 0 
58375 874 -0 3 -0 20 1 -0 0 0 
58380 874 -0 3 -0 20 1 -0 0 0 
58385 874 -0 3 -0 20 1 -0 0 0 
58390 874 -0 5 -0 20 1 -0 0 0 
58395 874 -0 5 -0 20 1 -0 0 0 
58400 874 -0 3 -0 20 1 -0 0 0 
58405 874 -0 5 -0 20 1 -0 0 0 
58410 874 -0 3 -0 20 1 -0 0 0 
58415 874 -0 3 -0 20 1 -0 0 0 
58420 876 -0 3 -0 20 1 -0 0 0 
58425 874 -0 3 -0 20 1 -0 0 0 
58430 874 -0 3 -0 20 1 -0 0 0 
58435 874 -0 3 -0 20 1 -0 0 0 
58440 874 -0 3 -0 20 1 -0 0 0 
58445 874 -0 5 -0 20 1 -0 0 0 
58450 874 -0 3 -0 20 1 -0 0 0 
58455 874 -0 3 -0 20 1 -0 0 0 
58460 874 -0 5 -0 20 1 -0 0 0 
58465 876 -0 3 -0 20 1 -0 0 0 
58470 874 -0 3 -0 20 1 -0 0 0 
58475 876 -0 3 -0 20 1 -0 0 0 
58480 874 -0 3 -0 20 1 -0 0 0 
58485 876 -0 3 -0 20 1 -0 0 0 
58490 876 5 3 5 20 1 5 0 0 
58495 874 5 3 5 20 1 5 0 0 
58500 874 -0 3 -0 20 1 -0 0 0 
58505 874 5 3 5 20 1 5 0 0 
58510 874 -0 3 -0 20 1 -0 0 0 
58515 876 5 3 5 20 1 5 0 0 
58520 874 -0 3 -0 20 1 -0 0 0 
58525 876 -0 3 -0 20 1 -0 0 0 
58530 874 -0 3 -0 20 1 -0 0 0 
58535 876 -0 3 -0 20 1 -0 0 0 
58540 874 -0 3 -0 20 1 -0 0 0 
58545 874 -0 3 -0 20 1 -0 0 0 
58550 874 -0 3 -0 20 1 -0 0 0 
58555 876 -0 3 -0 20 1 -0 0 0 
58560 874 -0 3 -0 20 1 -0 0 0 
58565 874 -0 3 -0 20 1 -0 0 0 
58570 874 -0 3 -0 20 1 -0 0 0 
58575 874 -0 3 -0 20 1 -0 0 0 
58580 874 -0 3 -0 20 1 -0 0 0 
58585 876 -0 3 -0 20 1 -0 0 0 
58590 876 -0 3 -0 20 1 -0 0 0 
58595 874 -0 3 -0 20 1 -0 0 0 
58600 874 -0 3 -0 20 1 -0 0 0 
58605 876 -0 3 -0 20 1 -0 0 0 
58610 876 -0 3 -0 20 1 -0 0 0 
58615 876 -0 -0 -0 20 1 -0 0 0 
58620 874 -0 3 -0 20 1 -0 0 0 
58625 874 -0 3 -0 20 1 -0 0 0 
58630 876 -0 3 -0 20 1 -0 0 0 
58635 874 -0 3 -0 20 1 -0 0 0 
58640 874 5 3 5 20 1 5 0 0 
58645 876 -0 3 -0 20 1 -0 0 0 
58650 874 5 3 5 20 1 5 0 0 
58655 876 -0 -0 -0 20 1 -0 0 0 
58660 876 -0 3 -0 20 1 -0 0 0 
58665 876 -0 3 -0 20 1 -0 0 0 
58670 874 -0 -0 -0 20 1 -0 0 0 
58675 876 -0 3 -0 20 1 -0 0 0 
58680 876 -0 -0 -0 20 1 -0 0 0 
58685 876 -0 3 -0 20 1 -0 0 0 
58690 876 -0 3 -0 20 1 -0 0 0 
58695 876 -0 -0 -0 20 1 -0 0 0 
58700 876 -0 -0 -0 20 1 -0 0 0 
58705 876 -0 -0 -0 20 1 -0 0 0 
58710 874 -0 3 -0 20 1 -0 0 0 
58715 876 -0 3 -0 20 1 -0 0 0 
58720 874 -0 -0 -0 20 1 -0 0 0 
58725 876 -0 -0 -0 20 1 -0 0 0 
58730 876 -0 3 -0 20 1 -0 0 0 
58735 876 -0 3 -0 20 1 -0 0 0 
58740 874 -0 3 -0 20 1 -0 0 0 
58745 874 -0 -0 -0 20 1 -0 0 0 
58750 876 -0 3 -0 20 1 -0 0 0 
58755 874 -0 -0 -0 20 1 -0 0 0 
58760 876 -0 3 -0 20 1 -0 0 0 
58765 874 -0 3 -0 20 1 -0 0 0 
58770 876 -0 3 -0 20 1 -0 0 0 
58775 876 -0 -0 -0 20 1 -0 0 0 
58780 876 -0 3 -0 20 1 -0 0 0 
58785 874 -0 3 -0 20 1 -0 0 0 
58790 876 -0 -0 -0 20 1 -0 0 0 
58795 876 -0 3 -0 20 1 -0 0 0 
58800 876 -0 -0 -0 20 1 -0 0 0 
58805 874 -0 -0 -0 20 1 -0 0 0 
58810 876 -5 3 -5 20 1 -5 0 0 
58815 876 -5 -0 -5 20 1 -5 0 0 
58820 876 -5 3 -5 20 1 -5 0 0 
58825 874 -5 -0 -5 20 1 -5 0 0 
58830 876 -0 3 -0 20 1 -0 0 0 
58835 876 -0 3 -0 20 1 -0 0 0 
58840 876 -0 -0 -0 20 1 -0 0 0 
58845 876 -0 3 -0 20 1 -0 0 0 
58850 876 -0 5 -0 20 1 -0 0 0 
58855 876 -0 3 -0 20 1 -0 0 0 
58860 876 -0 3 -0 20 1 -0 0 0 
58865 876 -0 3 -0 20 1 -0 0 0 
58870 876 -0 3 -0 20 1 -0 0 0 
58875 876 -0 3 -0 20 1 -0 0 0 
58880 874 -0 3 -0 20 1 -0 0 0 
58885 874 -0 3 -0 20 1 -0 0 0 
58890 874 -0 -0 -0 20 1 -0 0 0 
58895 876 -0 3 -0 20 1 -0 0 0 
58900 876 -5 3 -5 20 1 -5 0 0 
58905 874 -0 -0 -0 20 1 -0 0 0 
58910 876 -0 -0 -0 20 1 -0 0 0 
58915 876 -0 3 -0 20 1 -0 0 0 
58920 876 -5 -0 -5 20 1 -5 0 0 
58925 874 -5 -0 -5 20 1 -5 0 0 
58930 874 -0 3 -0 20 1 -0 0 0 
58935 876 -5 3 -5 20 1 -5 0 0 
58940 876 -5 3 -5 20 1 -5 0 0 
58945 874 -5 -0 -5 20 1 -5 0 0 
58950 876 -0 -0 -0 20 1 -0 0 0 
58955 876 -0 -0 -0 20 1 -0 0 0 
58960 876 -5 3 -5 20 1 -5 0 0 
58965 876 -5 3 -5 20 1 -5 0 0 
58970 876 -0 -0 -0 20 1 -0 0 0 
58975 876 -5 3 -5 20 1 -5 0 0 
58980 876 -5 3 -5 20 1 -5 0 0 
58985 876 -0 3 -0 20 1 -0 0 0 
58990 876 -0 3 -0 20 1 -0 0 0 
58995 876 -0 3 -0 20 1 -0 0 0 
59000 874 -0 3 -0 20 1 -0 0 0 
59005 876 -0 3 -0 20 1 -0 0 0 
59010 876 -0 3 -0 20 1 -0 0 0 
59015 876 -5 -0 -5 20 1 -5 0 0 
59020 874 -5 -0 -5 20 1 -5 0 0 
59025 876 -0 -0 -0 20 1 -0 0 0 
59030 876 -0 3 -0 20 1 -0 0 0 
59035 874 -0 -0 -0 20 1 -0 0 0 
59040 874 -5 -0 -5 20 1 -5 0 0 
59045 874 -5 3 -5 20 1 -5 0 0 
59050 876 -0 -0 -0 20 1 -0 0 0 
59055 876 -5 3 -5 20 1 -5 0 0 
59060 874 -5 3 -5 20 1 -5 0 0 
59065 876 -0 -0 -0 20 1 -0 0 0 
59070 876 -0 3 -0 20 1 -0 0 0 
59075 876 -5 -0 -5 20 1 -5 0 0 
59080 876 -0 3 -0 20 1 -0 0 0 
59085 874 -0 -0 -0 20 1 -0 0 0 
59090 874 -0 -0 -0 20 1 -0 0 0 
59095 876 -0 3 -0 20 1 -0 0 0 
59100 876 -0 3 -0 20 1 -0 0 0 
59105 876 -0 -0 -0 20 1 -0 0 0 
59110 874 -0 3 -0 20 1 -0 0 0 
59115 876 -0 -0 -0 20 1 -0 0 0 
59120 874 -0 -0 -0 20 1 -0 0 0 
59125 876 -0 -0 -0 20 1 -0 0 0 
59130 876 -0 -0 -0 20 1 -0 0 0 
59135 874 -0 3 -0 20 1 -0 0 0 
59140 876 -0 3 -0 20 1 -0 0 0 
59145 876 -0 -0 -0 20 1 -0 0 0 
59150 876 -0 -0 -0 20 1 -0 0 0 
59155 874 -5 3 -5 20 1 -5 0 0 
59160 876 -5 -0 -5 20 1 -5 0 0 
59165 876 -0 3 -0 20 1 -0 0 0 
59170 876 -5 3 -5 20 1 -5 0 0 
59175 874 -5 -0 -5 20 1 -5 0 0 
59180 874 -5 3 -5 20 1 -5 0 0 
59185 874 -0 -0 -0 20 1 -0 0 0 
59190 876 -0 -0 -0 20 1 -0 0 0 
59195 874 -0 -0 -0 20 1 -0 0 0 
59200 874 -0 -0 -0 20 1 -0 0 0 
59205 876 -0 3 -0 20 1 -0 0 0 
59210 876 -0 -0 -0 20 1 -0 0 0 
59215 874 -0 -0 -0 20 1 -0 0 0 
59220 876 -0 3 -0 20 1 -0 0 0 
59225 876 -0 -0 -0 20 1 -0 0 0 
59230 876 -5 3 -5 20 1 -5 0 0 
59235 874 -5 3 -5 20 1 -5 0 0 
59240 876 -5 3 -5 20 1 -5 0 0 
59245 876 -5 3 -5 20 1 -5 0 0 
59250 876 -5 3 -5 20 1 -5 0 0 
59255 876 -5 3 -5 20 1 -5 0 0 
59260 876 -5 3 -5 20 1 -5 0 0 
59265 874 -5 -0 -5 20 1 -5 0 0 
59270 874 -5 3 -5 20 1 -5 0 0 
59275 876 -5 3 -5 20 1 -5 0 0 
59280 876 -0 3 -0 20 1 -0 0 0 
59285 876 -0 -0 -0 20 1 -0 0 0 
59290 874 -0 -0 -0 20 1 -0 0 0 
59295 876 -5 3 -5 20 1 -5 0 0 
59300 874 -0 3 -0 20 1 -0 0 0 
59305 874 -5 -0 -5 20 1 -5 0 0 
59310 876 -0 -0 -0 20 1 -0 0 0 
59315 874 -0 3 -0 20 1 -0 0 0 
59320 876 -0 -0 -0 20 1 -0 0 0 
59325 876 -0 3 -0 20 1 -0 0 0 
59330 876 -0 3 -0 20 1 -0 0 0 
59335 876 -5 3 -5 20 1 -5 0 0 
59340 874 -5 3 -5 20 1 -5 0 0 
59345 876 -5 -0 -5 20 1 -5 0 0 
59350 874 -5 3 -5 20 1 -5 0 0 
59355 876 -5 3 -5 20 1 -5 0 0 
59360 876 -5 -0 -5 20 1 -5 0 0 
59365 876 -5 3 -5 20 1 -5 0 0 
59370 876 -5 3 -5 20 1 -5 0 0 
59375 876 -5 3 -5 20 1 -5 0 0 
59380 874 -5 3 -5 20 1 -5 0 0 
59385 874 -5 3 -5 20 1 -5 0 0 
59390 874 -5 -0 -5 20 1 -5 0 0 
59395 874 -0 -0 -0 20 1 -0 0 0 
59400 876 -5 3 -5 20 1 -5 0 0 
59405 874 -0 3 -0 20 1 -0 0 0 
59410 876 -5 3 -5 20 1 -5 0 0 
59415 876 -5 3 -5 20 1 -5 0 0 
59420 874 -0 -0 -0 20 1 -0 0 0 
59425 876 -5 -0 -5 20 1 -5 0 0 
59430 876 -0 -0 -0 20 1 -0 0 0 
59435 874 -0 3 -0 20 1 -0 0 0 
59440 876 -0 -0 -0 20 1 -0 0 0 
59445 874 -0 3 -0 20 1 -0 0 0 
59450 874 -0 -0 -0 20 1 -0 0 0 
59455 876 -0 3 -0 20 1 -0 0 0 
59460 876 -0 -0 -0 20 1 -0 0 0 
59465 874 -5 3 -5 20 1 -5 0 0 
59470 874 -5 -0 -5 20 1 -5 0 0 
59475 876 -5 -0 -5 20 1 -5 0 0 
59480 876 -5 -0 -5 20 1 -5 0 0 
59485 874 -5 3 -5 20 1 -5 0 0 
59490 876 -0 3 -0 20 1 -0 0 0 
59495 876 -5 3 -5 20 1 -5 0 0 
59500 876 -5 3 -5 20 1 -5 0 0 
59505 874 -5 -0 -5 20 1 -5 0 0 
59510 876 -5 3 -5 20 1 -5 0 0 
59515 876 -0 -0 -0 20 1 -0 0 0 
59520 874 -0 3 -0 20 1 -0 0 0 
59525 874 -0 3 -0 20 1 -0 0 0 
59530 876 -0 -0 -0 20 1 -0 0 0 
59535 874 -0 3 -0 20 1 -0 0 0 
59540 874 -5 3 -5 20 1 -5 0 0 
59545 874 -0 3 -0 20 1 -0 0 0 
59550 876 -0 -0 -0 20 1 -0 0 0 
59555 876 -0 3 -0 20 1 -0 0 0 
59560 874 -0 -0 -0 20 1 -0 0 0 
59565 876 -0 -0 -0 20 1 -0 0 0 
59570 874 -5 -0 -5 20 1 -5 0 0 
59575 874 -5 3 -5 20 1 -5 0 0 
59580 874 -5 -0 -5 20 1 -5 0 0 
59585 876 -5 -0 -5 20 1 -5 0 0 
59590 876 -5 -0 -5 20 1 -5 0 0 
59595 876 -5 3 -5 20 1 -5 0 0 
59600 874 -5 -0 -5 20 1 -5 0 0 
59605 876 -5 -0 -5 20 1 -5 0 0 
59610 876 -5 -0 -5 20 1 -5 0 0 
59615 876 -5 3 -5 20 1 -5 0 0 
59620 874 -5 3 -5 20 1 -5 0 0 
59625 876 -0 3 -0 20 1 -0 0 0 
59630 876 -0 3 -0 20 1 -0 0 0 
59635 874 -0 -0 -0 20 1 -0 0 0 
59640 876 -5 3 -5 20 1 -5 0 0 
59645 876 -0 3 -0 20 1 -0 0 0 
59650 874 -0 -0 -0 20 1 -0 0 0 
59655 874 -0 3 -0 20 1 -0 0 0 
59660 876 -5 3 -5 20 1 -5 0 0 
59665 876 -5 3 -5 20 1 -5 0 0 
59670 874 -5 3 -5 20 1 -5 0 0 
59675 874 -5 3 -5 20 1 -5 0 0 
59680 876 -0 3 -0 20 1 -0 0 0 
59685 876 -5 3 -5 20 1 -5 0 0 
59690 876 -5 3 -5 20 1 -5 0 0 
59695 876 -5 -0 -5 20 1 -5 0 0 
59700 874 -5 3 -5 20 1 -5 0 0 
59705 876 -0 3 -0 20 1 -0 0 0 
59710 874 -0 3 -0 20 1 -0 0 0 
59715 874 -0 -0 -0 20 1 -0 0 0 
59720 874 -0 3 -0 20 1 -0 0 0 
59725 874 -0 3 -0 20 1 -0 0 0 
59730 874 -0 3 -0 20 1 -0 0 0 
59735 874 -0 3 -0 20 1 -0 0 0 
59740 874 -5 3 -5 20 1 -5 0 0 
59745 876 -0 3 -0 20 1 -0 0 0 
59750 876 -0 3 -0 20 1 -0 0 0 
59755 874 -0 3 -0 20 1 -0 0 0 
59760 876 -0 3 -0 20 1 -0 0 0 
59765 874 -0 3 -0 20 1 -0 0 0 
59770 874 -5 3 -5 20 1 -5 0 0 
59775 876 -5 3 -5 20 1 -5 0 0 
59780 874 -5 3 -5 20 1 -5 0 0 
59785 874 -0 3 -0 20 1 -0 0 0 
59790 874 -5 -0 -5 20 1 -5 0 0 
59795 876 -0 3 -0 20 1 -0 0 0 
59800 876 -0 3 -0 20 1 -0 0 0 
59805 874 -0 -0 -0 20 1 -0 0 0 
59810 876 -0 -0 -0 20 1 -0 0 0 
59815 876 -5 -0 -5 20 1 -5 0 0 
59820 874 -0 3 -0 20 1 -0 0 0 
59825 874 -0 -0 -0 20 1 -0 0 0 
59830 876 -0 -0 -0 20 1 -0 0 0 
59835 874 -0 -0 -0 20 1 -0 0 0 
59840 874 -0 -0 -0 20 1 -0 0 0 
59845 874 -5 3 -5 20 1 -5 0 0 
59850 874 -0 3 -0 20 1 -0 0 0 
59855 876 -5 3 -5 20 1 -5 0 0 
59860 874 -0 3 -0 20 1 -0 0 0 
59865 874 -0 3 -0 20 1 -0 0 0 
59870 876 -5 3 -5 20 1 -5 0 0 
59875 876 -0 3 -0 20 1 -0 0 0 
59880 874 -0 3 -0 20 1 -0 0 0 
59885 874 -0 -0 -0 20 1 -0 0 0 
59890 874 -0 3 -0 20 1 -0 0 0 
59895 874 -0 3 -0 20 1 -0 0 0 
59900 874 -0 3 -0 20 1 -0 0 0 
59905 874 -0 -0 -0 20 1 -0 0 0 
59910 874 -0 3 -0 20 1 -0 0 0 
59915 874 -0 -0 -0 20 1 -0 0 0 
59920 874 -0 3 -0 20 1 -0 0 0 
59925 876 -0 3 -0 20 1 -0 0 0 
59930 874 -0 -0 -0 20 1 -0 0 0 
59935 874 -0 3 -0 20 1 -0 0 0 
59940 874 -0 3 -0 20 1 -0 0 0 
59945 874 -0 3 -0 20 1 -0 0 0 
59950 874 -0 3 -0 20 1 -0 0 0 
59955 874 -0 3 -0 20 1 -0 0 0 
59960 876 -0 -0 -0 20 1 -0 0 0 
59965 874 -0 3 -0 20 1 -0 0 0 
59970 874 -0 3 -0 20 1 -0 0 0 
59975 876 -0 -0 -0 20 1 -0 0 0 
59980 874 -0 3 -0 20 1 -0 0 0 
59985 874 -0 -0 -0 20 1 -0 0 0 
59990 876 -0 3 -0 20 1 -0 0 0 
59995 874 -0 3 -0 20 1 -0 0 0 
60000 876 -0 3 -0 20 1 -0 0 0 
60005 874 -0 3 -0 20 1 -0 0 0 
60010 874 -5 3 -5 20 1 -5 0 0 
60015 876 -5 3 -5 20 1 -5 0 0 
60020 874 -0 3 -0 20 1 -0 0 0 
60025 876 -0 3 -0 20 1 -0 0 0 
60030 876 -0 3 -0 20 1 -0 0 0 
60035 876 -0 -0 -0 20 1 -0 0 0 
60040 874 -0 3 -0 20 1 -0 0 0 
60045 874 -0 3 -0 20 1 -0 0 0 
60050 874 -0 3 -0 20 1 -0 0 0 
60055 874 -0 3 -0 20 1 -0 0 0 
60060 874 -0 3 -0 20 1 -0 0 0 
60065 876 -0 -0 -0 20 1 -0 0 0 
60070 876 -0 3 -0 20 1 -0 0 0 
60075 874 -0 -0 -0 20 1 -0 0 0 
60080 876 -0 -0 -0 20 1 -0 0 0 
60085 874 -0 3 -0 20 1 -0 0 0 
60090 874 -0 3 -0 20 1 -0 0 0 
60095 876 -0 3 -0 20 1 -0 0 0 
60100 874 -0 3 -0 20 1 -0 0 0 
60105 874 -0 -0 -0 20 1 -0 0 0 
60110 876 -0 3 -0 20 1 -0 0 0 
60115 874 -0 -0 -0 20 1 -0 0 0 
60120 874 -5 3 -5 20 1 -5 0 0 
60125 876 -0 3 -0 20 1 -0 0 0 
60130 874 -0 -0 -0 20 1 -0 0 0 
60135 874 -0 -0 -0 20 1 -0 0 0 
60140 874 -0 3 -0 20 1 -0 0 0 
60145 874 -0 3 -0 20 1 -0 0 0 
60150 876 -0 -0 -0 20 1 -0 0 0 
60155 876 -0 3 -0 20 1 -0 0 0 
60160 876 -5 3 -5 20 1 -5 0 0 
60165 876 -0 3 -0 20 1 -0 0 0 
60170 874 -0 3 -0 20 1 -0 0 0 
60175 874 -0 3 -0 20 1 -0 0 0 
60180 876 -0 3 -0 20 1 -0 0 0 
60185 876 -0 3 -0 20 1 -0 0 0 
60190 874 -0 3 -0 20 1 -0 0 0 
60195 874 -0 3 -0 20 1 -0 0 0 
60200 874 -0 -0 -0 20 1 -0 0 0 
60205 874 -0 3 -0 20 1 -0 0 0 
60210 876 -0 3 -0 20 1 -0 0 0 
60215 874 -0 3 -0 20 1 -0 0 0 
60220 874 -0 3 -0 20 1 -0 0 0 
60225 874 -0 3 -0 20 1 -0 0 0 
60230 874 -0 3 -0 20 1 -0 0 0 
60235 874 -0 -0 -0 20 1 -0 0 0 
60240 876 -0 3 -0 20 1 -0 0 0 
60245 876 -0 3 -0 20 1 -0 0 0 
60250 874 -0 -0 -0 20 1 -0 0 0 
60255 876 -0 3 -0 20 1 -0 0 0 
60260 874 -0 3 -0 20 1 -0 0 0 
60265 874 -0 -0 -0 20 1 -0 0 0 
60270 874 -0 -0 -0 20 1 -0 0 0 
60275 876 -0 3 -0 20 1 -0 0 0 
60280 874 -0 3 -0 20 1 -0 0 0 
60285 876 -0 -0 -0 20 1 -0 0 0 
60290 876 -0 -0 -0 20 1 -0 0 0 
60295 874 -0 3 -0 20 1 -0 0 0 
60300 874 -0 3 -0 20 1 -0 0 0 
60305 876 -0 3 -0 20 1 -0 0 0 
60310 874 -0 3 -0 20 1 -0 0 0 
60315 874 -0 -0 -0 20 1 -0 0 0 
60320 874 -0 -0 -0 20 1 -0 0 0 
60325 874 -0 3 -0 20 1 -0 0 0 
60330 874 -0 -0 -0 20 1 -0 0 0 
60335 874 -0 3 -0 20 1 -0 0 0 
60340 874 -0 3 -0 20 1 -0 0 0 
60345 876 -0 3 -0 20 1 -0 0 0 
60350 874 -0 3 -0 20 1 -0 0 0 
60355 874 -0 -0 -0 20 1 -0 0 0 
60360 874 -0 3 -0 20 1 -0 0 0 
60365 874 -5 3 -5 20 1 -5 0 0 
60370 874 -0 3 -0 20 1 -0 0 0 
60375 874 -0 -0 -0 20 1 -0 0 0 
60380 874 -0 3 -0 20 1 -0 0 0 
60385 874 -0 -0 -0 20 1 -0 0 0 
60390 876 -0 -0 -0 20 1 -0 0 0 
60395 874 -0 3 -0 20 1 -0 0 0 
60400 874 -0 3 -0 20 1 -0 0 0 
60405 874 -0 3 -0 20 1 -0 0 0 
60410 876 -0 -0 -0 20 1 -0 0 0 
60415 874 -0 3 -0 20 1 -0 0 0 
60420 874 -0 -0 -0 20 1 -0 0 0 
60425 876 -0 3 -0 20 1 -0 0 0 
60430 874 -0 3 -0 20 1 -0 0 0 
60435 874 -0 3 -0 20 1 -0 0 0 
60440 876 -0 3 -0 20 1 -0 0 0 
60445 874 -0 3 -0 20 1 -0 0 0 
60450 876 -0 3 -0 20 1 -0 0 0 
60455 876 -0 -0 -0 20 1 -0 0 0 
60460 874 -0 -0 -0 20 1 -0 0 0 
60465 874 -0 3 -0 20 1 -0 0 0 
60470 874 -0 3 -0 20 1 -0 0 0 
60475 874 -0 3 -0 20 1 -0 0 0 
60480 876 -5 3 -5 20 1 -5 0 0 
60485 874 -0 3 -0 20 1 -0 0 0 
60490 876 -0 3 -0 20 1 -0 0 0 
60495 874 -0 3 -0 20 1 -0 0 0 
60500 874 -0 3 -0 20 1 -0 0 0 
60505 876 -0 3 -0 20 1 -0 0 0 
60510 874 -0 3 -0 20 1 -0 0 0 
60515 874 -0 3 -0 20 1 -0 0 0 
60520 876 -0 -0 -0 20 1 -0 0 0 
60525 876 -0 3 -0 20 1 -0 0 0 
60530 876 -0 3 -0 20 1 -0 0 0 
60535 874 -0 3 -0 20 1 -0 0 0 
60540 874 -0 -0 -0 20 1 -0 0 0 
60545 876 -0 3 -0 20 1 -0 0 0 
60550 874 -0 3 -0 20 1 -0 0 0 
60555 876 -0 -0 -0 20 1 -0 0 0 
60560 874 -0 3 -0 20 1 -0 0 0 
60565 874 -0 3 -0 20 1 -0 0 0 
60570 874 -0 3 -0 20 1 -0 0 0 
60575 874 -0 3 -0 20 1 -0 0 0 
60580 876 -0 3 -0 20 1 -0 0 0 
60585 874 -0 3 -0 20 1 -0 0 0 
60590 874 -0 3 -0 20 1 -0 0 0 
60595 874 -0 3 -0 20 1 -0 0 0 
60600 874 -0 3 -0 20 1 -0 0 0 
60605 874 -0 3 -0 20 1 -0 0 0 
60610 874 -0 3 -0 20 1 -0 0 0 
60615 876 -0 3 -0 20 1 -0 0 0 
60620 874 -0 -0 -0 20 1 -0 0 0 
60625 874 -0 -0 -0 20 1 -0 0 0 
60630 874 -0 3 -0 20 1 -0 0 0 
60635 876 -0 3 -0 20 1 -0 0 0 
60640 874 -0 3 -0 20 1 -0 0 0 
60645 874 -0 3 -0 20 1 -0 0 0 
60650 874 -0 -0 -0 20 1 -0 0 0 
60655 874 -0 3 -0 20 1 -0 0 0 
60660 876 -0 -0 -0 20 1 -0 0 0 
60665 876 -0 -0 -0 20 1 -0 0 0 
60670 874 -0 3 -0 20 1 -0 0 0 
60675 874 -0 3 -0 20 1 -0 0 0 
60680 876 -0 3 -0 20 1 -0 0 0 
60685 874 -0 -0 -0 20 1 -0 0 0 
60690 876 -0 -0 -0 20 1 -0 0 0 
60695 876 -0 3 -0 20 1 -0 0 0 
60700 876 -0 -0 -0 20 1 -0 0 0 
60705 876 -0 -0 -0 20 1 -0 0 0 
60710 876 -0 -0 -0 20 1 -0 0 0 
60715 876 -0 -0 -0 20 1 -0 0 0 
60720 876 -0 -0 -0 20 1 -0 0 0 
60725 874 -0 3 -0 20 1 -0 0 0 
60730 876 -0 -0 -0 20 1 -0 0 0 
60735 874 -0 -0 -0 20 1 -0 0 0 
60740 876 -0 -0 -0 20 1 -0 0 0 
60745 876 -5 -0 -5 20 1 -5 0 0 
60750 876 -5 3 -5 20 1 -5 0 0 
60755 876 -5 3 -5 20 1 -5 0 0 
60760 876 -0 -0 -0 20 1 -0 0 0 
60765 876 -5 3 -5 20 1 -5 0 0 
60770 874 -0 -0 -0 20 1 -0 0 0 
60775 876 -5 3 -5 20 1 -5 0 0 
60780 876 -5 3 -5 20 1 -5 0 0 
60785 876 -0 -0 -0 20 1 -0 0 0 
60790 876 -5 3 -5 20 1 -5 0 0 
60795 874 -0 -0 -0 20 1 -0 0 0 
60800 876 -0 3 -0 20 1 -0 0 0 
60805 876 -5 3 -5 20 1 -5 0 0 
60810 876 -0 -0 -0 20 1 -0 0 0 
60815 876 -5 -0 -5 20 1 -5 0 0 
60820 874 -5 -0 -5 20 1 -5 0 0 
60825 876 -5 3 -5 20 1 -5 0 0 
60830 876 -5 3 -5 20 1 -5 0 0 
60835 876 -5 3 -5 20 1 -5 0 0 
60840 876 -0 -0 -0 20 1 -0 0 0 
60845 876 -0 3 -0 20 1 -0 0 0 
60850 874 -5 3 -5 20 1 -5 0 0 
60855 876 -5 3 -5 20 1 -5 0 0 
60860 876 -0 3 -0 20 1 -0 0 0 
60865 876 -0 3 -0 20 1 -0 0 0 
60870 876 -5 3 -5 20 1 -5 0 0 
60875 876 -5 3 -5 20 1 -5 0 0 
60880 874 -0 -0 -0 20 1 -0 0 0 
60885 876 -5 3 -5 20 1 -5 0 0 
60890 876 -5 -0 -5 20 1 -5 0 0 
60895 874 -5 3 -5 20 1 -5 0 0 
60900 876 -5 3 -5 20 1 -5 0 0 
60905 874 -5 -0 -5 20 1 -5 0 0 
60910 876 -5 3 -5 20 1 -5 0 0 
60915 874 -5 3 -5 20 1 -5 0 0 
60920 876 -5 3 -5 20 1 -5 0 0 
60925 876 -5 3 -5 20 1 -5 0 0 
60930 876 -5 -0 -5 20 1 -5 0 0 
60935 876 -5 3 -5 20 1 -5 0 0 
60940 874 -0 3 -0 20 1 -0 0 0 
60945 874 -0 3 -0 20 1 -0 0 0 
60950 876 -0 3 -0 20 1 -0 0 0 
60955 876 -5 -0 -5 20 1 -5 0 0 
60960 876 -5 3 -5 20 1 -5 0 0 
60965 874 -5 5 -5 20 1 -5 0 0 
60970 876 -0 3 -0 20 1 -0 0 0 
60975 876 -0 3 -0 20 1 -0 0 0 
60980 876 -5 -0 -5 20 1 -5 0 0 
60985 876 -5 -0 -5 20 1 -5 0 0 
60990 876 -5 3 -5 20 1 -5 0 0 
60995 876 -5 3 -5 20 1 -5 0 0 
61000 876 -5 3 -5 20 1 -5 0 0 
61005 874 -5 3 -5 20 1 -5 0 0 
61010 874 -0 -0 -0 20 1 -0 0 0 
61015 876 -0 -0 -0 20 1 -0 0 0 
61020 876 -0 3 -0 20 1 -0 0 0 
61025 874 -5 -0 -5 20 1 -5 0 0 
61030 876 -5 3 -5 20 1 -5 0 0 
61035 876 -5 3 -5 20 1 -5 0 0 
61040 874 -5 3 -5 20 1 -5 0 0 
61045 876 -5 3 -5 20 1 -5 0 0 
61050 874 -0 3 -0 20 1 -0 0 0 
61055 874 -5 -0 -5 20 1 -5 0 0 
61060 876 -5 3 -5 20 1 -5 0 0 
61065 874 -5 -0 -5 20 1 -5 0 0 
61070 874 -5 3 -5 20 1 -5 0 0 
61075 876 -5 -0 -5 20 1 -5 0 0 
61080 876 -5 3 -5 20 1 -5 0 0 
61085 876 -5 3 -5 20 1 -5 0 0 
61090 876 -5 -0 -5 20 1 -5 0 0 
61095 876 -5 -0 -5 20 1 -5 0 0 
61100 876 -5 3 -5 20 1 -5 0 0 
61105 876 -5 -0 -5 20 1 -5 0 0 
61110 876 -0 3 -0 20 1 -0 0 0 
61115 876 -0 -0 -0 20 1 -0 0 0 
61120 876 -5 3 -5 20 1 -5 0 0 
61125 876 -5 -0 -5 20 1 -5 0 0 
61130 876 -5 3 -5 20 1 -5 0 0 
61135 874 -5 -0 -5 20 1 -5 0 0 
61140 876 -5 -0 -5 20 1 -5 0 0 
61145 876 -5 -0 -5 20 1 -5 0 0 
61150 876 -5 3 -5 20 1 -5 0 0 
61155 876 -5 -0 -5 20 1 -5 0 0 
61160 876 -5 3 -5 20 1 -5 0 0 
61165 876 -5 3 -5 20 1 -5 0 0 
61170 876 -5 -0 -5 20 1 -5 0 0 
61175 876 -5 3 -5 20 1 -5 0 0 
61180 876 -5 -0 -5 20 1 -5 0 0 
61185 876 -5 3 -5 20 1 -5 0 0 
61190 876 -5 3 -5 20 1 -5 0 0 
61195 876 -5 3 -5 20 1 -5 0 0 
61200 876 -5 3 -5 20 1 -5 0 0 
61205 876 -5 3 -5 20 1 -5 0 0 
61210 876 -5 3 -5 20 1 -5 0 0 
61215 876 -0 -0 -0 20 1 -0 0 0 
61220 874 -5 3 -5 20 1 -5 0 0 
61225 876 -5 3 -5 20 1 -5 0 0 
61230 876 -5 3 -5 20 1 -5 0 0 
61235 876 -0 -0 -0 20 1 -0 0 0 
61240 876 -5 3 -5 20 1 -5 0 0 
61245 874 -5 -0 -5 20 1 -5 0 0 
61250 874 -5 3 -5 20 1 -5 0 0 
61255 874 -5 3 -5 20 1 -5 0 0 
61260 874 -5 3 -5 20 1 -5 0 0 
61265 874 -5 -0 -5 20 1 -5 0 0 
61270 876 -5 3 -5 20 1 -5 0 0 
61275 876 -5 -0 -5 20 1 -5 0 0 
61280 876 -0 -0 -0 20 1 -0 0 0 
61285 876 -5 3 -5 20 1 -5 0 0 
61290 874 -5 3 -5 20 1 -5 0 0 
61295 876 -5 3 -5 20 1 -5 0 0 
61300 874 -0 -0 -0 20 1 -0 0 0 
61305 876 -5 3 -5 20 1 -5 0 0 
61310 876 -5 3 -5 20 1 -5 0 0 
61315 876 -5 -0 -5 20 1 -5 0 0 
61320 874 -5 -0 -5 20 1 -5 0 0 
61325 876 -5 -0 -5 20 1 -5 0 0 
61330 874 -5 3 -5 20 1 -5 0 0 
61335 876 -5 -0 -5 20 1 -5 0 0 
61340 876 -5 -0 -5 20 1 -5 0 0 
61345 876 -5 3 -5 20 1 -5 0 0 
61350 874 -5 -0 -5 20 1 -5 0 0 
61355 876 -5 -0 -5 20 1 -5 0 0 
61360 876 -5 -0 -5 20 1 -5 0 0 
61365 874 -5 3 -5 20 1 -5 0 0 
61370 876 -0 -0 -0 20 1 -0 0 0 
61375 874 -0 -0 -0 20 1 -0 0 0 
61380 876 -5 -0 -5 20 1 -5 0 0 
61385 876 -5 3 -5 20 1 -5 0 0 
61390 876 -5 -0 -5 20 1 -5 0 0 
61395 876 -5 3 -5 20 1 -5 0 0 
61400 876 -5 -0 -5 20 1 -5 0 0 
61405 876 -5 3 -5 20 1 -5 0 0 
61410 874 -5 -0 -5 20 1 -5 0 0 
61415 874 -5 3 -5 20 1 -5 0 0 
61420 876 -5 3 -5 20 1 -5 0 0 
61425 876 -5 3 -5 20 1 -5 0 0 
61430 876 -5 3 -5 20 1 -5 0 0 
61435 876 -5 3 -5 20 1 -5 0 0 
61440 874 -5 3 -5 20 1 -5 0 0 
61445 876 -5 -0 -5 20 1 -5 0 0 
61450 876 -5 3 -5 20 1 -5 0 0 
61455 876 -5 3 -5 20 1 -5 0 0 
61460 876 -5 -0 -5 20 1 -5 0 0 
61465 876 -5 3 -5 20 1 -5 0 0 
61470 876 -5 -0 -5 20 1 -5 0 0 
61475 876 -5 3 -5 20 1 -5 0 0 
61480 876 -5 3 -5 20 1 -5 0 0 
61485 874 -5 3 -5 20 1 -5 0 0 
61490 876 -5 3 -5 20 1 -5 0 0 
61495 876 -5 -0 -5 20 1 -5 0 0 
61500 874 -5 -0 -5 20 1 -5 0 0 
61505 876 -5 -0 -5 20 1 -5 0 0 
61510 876 -5 -0 -5 20 1 -5 0 0 
61515 876 -5 3 -5 20 1 -5 0 0 
61520 876 -5 3 -5 20 1 -5 0 0 
61525 876 -5 -0 -5 20 1 -5 0 0 
61530 876 -5 3 -5 20 1 -5 0 0 
61535 874 -5 -0 -5 20 1 -5 0 0 
61540 876 -5 3 -5 20 1 -5 0 0 
61545 874 -5 3 -5 20 1 -5 0 0 
61550 876 -5 3 -5 20 1 -5 0 0 
61555 876 -5 -0 -5 20 1 -5 0 0 
61560 876 -5 3 -5 20 1 -5 0 0 
61565 876 -5 3 -5 20 1 -5 0 0 
61570 876 -5 -0 -5 20 1 -5 0 0 
61575 876 -5 -0 -5 20 1 -5 0 0 
61580 876 -5 3 -5 20 1 -5 0 0 
61585 876 -5 3 -5 20 1 -5 0 0 
61590 874 -5 -0 -5 20 1 -5 0 0 
61595 874 -5 -0 -5 20 1 -5 0 0 
61600 876 -5 -0 -5 20 1 -5 0 0 
61605 876 -5 3 -5 20 1 -5 0 0 
61610 876 -5 3 -5 20 1 -5 0 0 
61615 876 -5 3 -5 20 1 -5 0 0 
61620 876 -5 3 -5 20 1 -5 0 0 
61625 876 -5 3 -5 20 1 -5 0 0 
61630 874 -5 3 -5 20 1 -5 0 0 
61635 876 -5 -0 -5 20 1 -5 0 0 
61640 874 -5 3 -5 20 1 -5 0 0 
61645 876 -5 -0 -5 20 1 -5 0 0 
61650 876 -5 -0 -5 20 1 -5 0 0 
61655 874 -5 3 -5 20 1 -5 0 0 
61660 876 -5 -0 -5 20 1 -5 0 0 
61665 876 -5 -0 -5 20 1 -5 0 0 
61670 876 -5 3 -5 20 1 -5 0 0 
61675 876 -5 3 -5 20 1 -5 0 0 
61680 874 -5 -0 -5 20 1 -5 0 0 
61685 876 -5 -0 -5 20 1 -5 0 0 
61690 876 -5 3 -5 20 1 -5 0 0 
61695 876 -5 -0 -5 20 1 -5 0 0 
61700 874 -5 3 -5 20 1 -5 0 0 
61705 876 -5 3 -5 20 1 -5 0 0 
61710 876 -5 3 -5 20 1 -5 0 0 
61715 874 -5 3 -5 20 1 -5 0 0 
61720 874 -5 -0 -5 20 1 -5 0 0 
61725 876 -5 3 -5 20 1 -5 0 0 
61730 876 -5 -0 -5 20 1 -5 0 0 
61735 876 -5 3 -5 20 1 -5 0 0 
61740 874 -5 -0 -5 20 1 -5 0 0 
61745 876 -5 -0 -5 20 1 -5 0 0 
61750 876 -5 3 -5 20 1 -5 0 0 
61755 876 -5 3 -5 20 1 -5 0 0 
61760 874 -5 3 -5 20 1 -5 0 0 
61765 876 -5 3 -5 20 1 -5 0 0 
61770 876 -5 3 -5 20 1 -5 0 0 
61775 876 -5 -0 -5 20 1 -5 0 0 
61780 876 -5 3 -5 20 1 -5 0 0 
61785 874 -5 -0 -5 20 1 -5 0 0 
61790 876 -5 -0 -5 20 1 -5 0 0 
61795 874 -5 3 -5 20 1 -5 0 0 
61800 876 -5 3 -5 20 1 -5 0 0 
61805 874 -5 3 -5 20 1 -5 0 0 
61810 876 -5 -0 -5 20 1 -5 0 0 
61815 874 -5 3 -5 20 1 -5 0 0 
61820 874 -5 3 -5 20 1 -5 0 0 
61825 876 -5 3 -5 20 1 -5 0 0 
61830 874 -5 -0 -5 20 1 -5 0 0 
61835 876 -0 3 -0 20 1 -0 0 0 
61840 874 -5 3 -5 20 1 -5 0 0 
61845 874 -5 3 -5 20 1 -5 0 0 
61850 876 -5 3 -5 20 1 -5 0 0 
61855 874 -5 3 -5 20 1 -5 0 0 
61860 874 -5 -0 -5 20 1 -5 0 0 
61865 874 -5 3 -5 20 1 -5 0 0 
61870 874 -5 -0 -5 20 1 -5 0 0 
61875 874 -0 -0 -0 20 1 -0 0 0 
61880 874 -5 3 -5 20 1 -5 0 0 
61885 874 -5 3 -5 20 1 -5 0 0 
61890 876 -5 3 -5 20 1 -5 0 0 
61895 874 -5 -0 -5 20 1 -5 0 0 
61900 874 -0 -0 -0 20 1 -0 0 0 
61905 876 -5 -0 -5 20 1 -5 0 0 
61910 874 -0 -0 -0 20 1 -0 0 0 
61915 874 -0 -0 -0 20 1 -0 0 0 
61920 874 -5 3 -5 20 1 -5 0 0 
61925 876 -0 -0 -0 20 1 -0 0 0 
61930 874 -5 -0 -5 20 1 -5 0 0 
61935 874 -5 -0 -5 20 1 -5 0 0 
61940 876 -5 3 -5 20 1 -5 0 0 
61945 874 -5 3 -5 20 1 -5 0 0 
61950 874 -5 3 -5 20 1 -5 0 0 
61955 876 -5 3 -5 20 1 -5 0 0 
61960 874 -5 3 -5 20 1 -5 0 0 
61965 874 -5 3 -5 20 1 -5 0 0 
61970 874 -5 3 -5 20 1 -5 0 0 
61975 876 -5 3 -5 20 1 -5 0 0 
61980 874 -5 3 -5 20 1 -5 0 0 
61985 876 -5 3 -5 20 1 -5 0 0 
61990 874 -5 -0 -5 20 1 -5 0 0 
61995 874 -5 3 -5 20 1 -5 0 0 
62000 874 -5 3 -5 20 1 -5 0 0 
62005 874 -0 -0 -0 20 1 -0 0 0 
62010 874 -5 3 -5 20 1 -5 0 0 
62015 874 -0 3 -0 20 1 -0 0 0 
62020 874 -0 3 -0 20 1 -0 0 0 
62025 874 -0 3 -0 20 1 -0 0 0 
62030 874 -0 3 -0 20 1 -0 0 0 
62035 876 -5 3 -5 20 1 -5 0 0 
62040 874 -0 3 -0 20 1 -0 0 0 
62045 874 -0 -0 -0 20 1 -0 0 0 
62050 874 -0 3 -0 20 1 -0 0 0 
62055 874 -0 -0 -0 20 1 -0 0 0 
62060 874 -0 -0 -0 20 1 -0 0 0 
62065 876 -0 3 -0 20 1 -0 0 0 
62070 874 -5 3 -5 20 1 -5 0 0 
62075 874 -0 3 -0 20 1 -0 0 0 
62080 874 -5 3 -5 20 1 -5 0 0 
62085 874 -0 3 -0 20 1 -0 0 0 
62090 874 -0 -0 -0 20 1 -0 0 0 
62095 874 -0 3 -0 20 1 -0 0 0 
62100 876 -5 3 -5 20 1 -5 0 0 
62105 874 -0 3 -0 20 1 -0 0 0 
62110 874 -0 -0 -0 20 1 -0 0 0 
62115 874 -0 3 -0 20 1 -0 0 0 
62120 874 -0 3 -0 20 1 -0 0 0 
62125 876 -0 3 -0 20 1 -0 0 0 
62130 874 -0 3 -0 20 1 -0 0 0 
62135 874 -0 -0 -0 20 1 -0 0 0 
62140 874 -0 3 -0 20 1 -0 0 0 
62145 874 -0 3 -0 20 1 -0 0 0 
62150 876 -0 3 -0 20 1 -0 0 0 
62155 876 -0 -0 -0 20 1 -0 0 0 
62160 874 -5 3 -5 20 1 -5 0 0 
62165 874 -0 3 -0 20 1 -0 0 0 
62170 874 -0 3 -0 20 1 -0 0 0 
62175 874 -0 3 -0 20 1 -0 0 0 
62180 876 -5 3 -5 20 1 -5 0 0 
62185 874 -0 3 -0 20 1 -0 0 0 
62190 874 -0 3 -0 20 1 -0 0 0 
62195 874 -5 3 -5 20 1 -5 0 0 
62200 874 -0 3 -0 20 1 -0 0 0 
62205 874 -0 3 -0 20 1 -0 0 0 
62210 876 -5 3 -5 20 1 -5 0 0 
62215 874 -0 3 -0 20 1 -0 0 0 
62220 874 -5 3 -5 20 1 -5 0 0 
62225 874 -0 3 -0 20 1 -0 0 0 
62230 874 -0 3 -0 20 1 -0 0 0 
62235 874 -0 3 -0 20 1 -0 0 0 
62240 876 -0 3 -0 20 1 -0 0 0 
62245 874 -0 3 -0 20 1 -0 0 0 
62250 876 -0 3 -0 20 1 -0 0 0 
62255 874 -0 3 -0 20 1 -0 0 0 
62260 876 -0 3 -0 20 1 -0 0 0 
62265 874 -0 3 -0 20 1 -0 0 0 
62270 876 -0 3 -0 20 1 -0 0 0 
62275 874 -0 -0 -0 20 1 -0 0 0 
62280 874 -0 3 -0 20 1 -0 0 0 
62285 876 -0 3 -0 20 1 -0 0 0 
62290 874 -0 3 -0 20 1 -0 0 0 
62295 874 -0 -0 -0 20 1 -0 0 0 
62300 874 -0 3 -0 20 1 -0 0 0 
62305 874 -0 3 -0 20 1 -0 0 0 
62310 876 -0 3 -0 20 1 -0 0 0 
62315 874 -5 3 -5 20 1 -5 0 0 
62320 874 -0 3 -0 20 1 -0 0 0 
62325 874 -0 -0 -0 20 1 -0 0 0 
62330 876 -5 3 -5 20 1 -5 0 0 
62335 876 -0 3 -0 20 1 -0 0 0 
62340 874 -5 -0 -5 20 1 -5 0 0 
62345 874 -5 3 -5 20 1 -5 0 0 
62350 874 -0 3 -0 20 1 -0 0 0 
62355 874 -0 -0 -0 20 1 -0 0 0 
62360 874 -0 3 -0 20 1 -0 0 0 
62365 876 -5 3 -5 20 1 -5 0 0 
62370 874 -0 3 -0 20 1 -0 0 0 
62375 876 -0 3 -0 20 1 -0 0 0 
62380 874 -0 -0 -0 20 1 -0 0 0 
62385 874 -0 3 -0 20 1 -0 0 0 
62390 876 -0 3 -0 20 1 -0 0 0 
62395 874 -0 -0 -0 20 1 -0 0 0 
62400 876 -0 3 -0 20 1 -0 0 0 
62405 874 -0 3 -0 20 1 -0 0 0 
62410 874 -0 3 -0 20 1 -0 0 0 
62415 876 -0 3 -0 20 1 -0 0 0 
62420 874 -0 -0 -0 20 1 -0 0 0 
62425 874 -0 3 -0 20 1 -0 0 0 
62430 876 -0 3 -0 20 1 -0 0 0 
62435 874 -0 3 -0 20 1 -0 0 0 
62440 876 -0 3 -0 20 1 -0 0 0 
62445 876 -0 -0 -0 20 1 -0 0 0 
62450 874 -0 -0 -0 20 1 -0 0 0 
62455 874 -0 3 -0 20 1 -0 0 0 
62460 874 -0 3 -0 20 1 -0 0 0 
62465 876 -0 3 -0 20 1 -0 0 0 
62470 874 -0 3 -0 20 1 -0 0 0 
62475 874 -0 3 -0 20 1 -0 0 0 
62480 874 -0 3 -0 20 1 -0 0 0 
62485 874 -0 3 -0 20 1 -0 0 0 
62490 876 -0 -0 -0 20 1 -0 0 0 
62495 874 -0 3 -0 20 1 -0 0 0 
62500 876 -0 -0 -0 20 1 -0 0 0 
62505 874 -0 3 -0 20 1 -0 0 0 
62510 876 -0 3 -0 20 1 -0 0 0 
62515 874 -0 -0 -0 20 1 -0 0 0 
62520 874 -0 3 -0 20 1 -0 0 0 
62525 874 -0 3 -0 20 1 -0 0 0 
62530 874 -0 -0 -0 20 1 -0 0 0 
62535 874 -0 -0 -0 20 1 -0 0 0 
62540 876 -0 3 -0 20 1 -0 0 0 
62545 874 -0 -0 -0 20 1 -0 0 0 
62550 874 -0 3 -0 20 1 -0 0 0 
62555 874 -0 -0 -0 20 1 -0 0 0 
62560 876 -0 3 -0 20 1 -0 0 0 
62565 874 -0 3 -0 20 1 -0 0 0 
62570 874 -0 3 -0 20 1 -0 0 0 
62575 874 -0 3 -0 20 1 -0 0 0 
62580 876 -0 3 -0 20 1 -0 0 0 
62585 874 -0 3 -0 20 1 -0 0 0 
62590 876 -0 -0 -0 20 1 -0 0 0 
62595 876 -0 3 -0 20 1 -0 0 0 
62600 874 -0 3 -0 20 1 -0 0 0 
62605 874 -0 -0 -0 20 1 -0 0 0 
62610 874 -0 3 -0 20 1 -0 0 0 
62615 874 -0 3 -0 20 1 -0 0 0 
62620 874 -0 3 -0 20 1 -0 0 0 
62625 876 -0 3 -0 20 1 -0 0 0 
62630 876 -0 3 -0 20 1 -0 0 0 
62635 874 -0 3 -0 20 1 -0 0 0 
62640 874 -0 3 -0 20 1 -0 0 0 
62645 874 -0 3 -0 20 1 -0 0 0 
62650 874 -0 -0 -0 20 1 -0 0 0 
62655 876 -0 3 -0 20 1 -0 0 0 
62660 876 -0 3 -0 20 1 -0 0 0 
62665 874 -0 3 -0 20 1 -0 0 0 
62670 876 -0 3 -0 20 1 -0 0 0 
62675 876 -0 -0 -0 20 1 -0 0 0 
62680 876 -5 3 -5 20 1 -5 0 0 
62685 876 -0 3 -0 20 1 -0 0 0 
62690 874 -0 3 -0 20 1 -0 0 0 
62695 874 -0 5 -0 20 1 -0 0 0 
62700 874 -0 3 -0 20 1 -0 0 0 
62705 876 -0 3 -0 20 1 -0 0 0 
62710 874 -0 3 -0 20 1 -0 0 0 
62715 876 -0 3 -0 20 1 -0 0 0 
62720 876 -0 3 -0 20 1 -0 0 0 
62725 876 -0 3 -0 20 1 -0 0 0 
62730 876 -0 3 -0 20 1 -0 0 0 
62735 874 -0 3 -0 20 1 -0 0 0 
62740 874 -0 -0 -0 20 1 -0 0 0 
62745 874 -0 3 -0 20 1 -0 0 0 
62750 876 -0 3 -0 20 1 -0 0 0 
62755 876 -0 3 -0 20 1 -0 0 0 
62760 876 -0 3 -0 20 1 -0 0 0 
62765 876 -0 -0 -0 20 1 -0 0 0 
62770 874 -0 3 -0 20 1 -0 0 0 
62775 876 -0 3 -0 20 1 -0 0 0 
62780 874 -0 3 -0 20 1 -0 0 0 
62785 876 -0 3 -0 20 1 -0 0 0 
62790 874 -0 -0 -0 20 1 -0 0 0 
62795 874 -0 -0 -0 20 1 -0 0 0 
62800 876 -0 3 -0 20 1 -0 0 0 
62805 874 -0 -0 -0 20 1 -0 0 0 
62810 876 -0 3 -0 20 1 -0 0 0 
62815 876 -0 3 -0 20 1 -0 0 0 
62820 876 -0 3 -0 20 1 -0 0 0 
62825 876 -0 3 -0 20 1 -0 0 0 
62830 874 -0 3 -0 20 1 -0 0 0 
62835 874 -0 3 -0 20 1 -0 0 0 
62840 876 -0 3 -0 20 1 -0 0 0 
62845 876 -0 3 -0 20 1 -0 0 0 
62850 874 -0 3 -0 20 1 -0 0 0 
62855 876 -0 3 -0 20 1 -0 0 0 
62860 874 -0 -0 -0 20 1 -0 0 0 
62865 874 -0 3 -0 20 1 -0 0 0 
62870 874 -0 3 -0 20 1 -0 0 0 
62875 874 -0 3 -0 20 1 -0 0 0 
62880 876 -0 3 -0 20 1 -0 0 0 
62885 876 -0 3 -0 20 1 -0 0 0 
62890 874 -0 -0 -0 20 1 -0 0 0 
62895 874 -5 3 -5 20 1 -5 0 0 
62900 874 -0 3 -0 20 1 -0 0 0 
62905 876 -0 3 -0 20 1 -0 0 0 
62910 876 -0 3 -0 20 1 -0 0 0 
62915 876 -0 -0 -0 20 1 -0 0 0 
62920 874 -0 3 -0 20 1 -0 0 0 
62925 874 -0 3 -0 20 1 -0 0 0 
62930 874 -0 3 -0 20 1 -0 0 0 
62935 874 -0 -0 -0 20 1 -0 0 0 
62940 874 -0 -0 -0 20 1 -0 0 0 
62945 876 -0 3 -0 20 1 -0 0 0 
62950 876 -0 3 -0 20 1 -0 0 0 
62955 874 -5 3 -5 20 1 -5 0 0 
62960 876 -5 3 -5 20 1 -5 0 0 
62965 874 -0 -0 -0 20 1 -0 0 0 
62970 874 -0 -0 -0 20 1 -0 0 0 
62975 874 -0 3 -0 20 1 -0 0 0 
62980 874 -0 3 -0 20 1 -0 0 0 
62985 876 -0 3 -0 20 1 -0 0 0 
62990 874 -0 -0 -0 20 1 -0 0 0 
62995 874 -0 3 -0 20 1 -0 0 0 
63000 874 -0 3 -0 20 1 -0 0 0 
63005 874 -0 3 -0 20 1 -0 0 0 
63010 874 -0 3 -0 20 1 -0 0 0 
63015 876 -0 -0 -0 20 1 -0 0 0 
63020 876 -0 3 -0 20 1 -0 0 0 
63025 874 -0 3 -0 20 1 -0 0 0 
63030 876 -0 -0 -0 20 1 -0 0 0 
63035 874 -0 -0 -0 20 1 -0 0 0 
63040 874 -0 3 -0 20 1 -0 0 0 
63045 874 -0 -0 -0 20 1 -0 0 0 
63050 874 -0 3 -0 20 1 -0 0 0 
63055 874 -0 -0 -0 20 1 -0 0 0 
63060 876 -0 3 -0 20 1 -0 0 0 
63065 876 -0 3 -0 20 1 -0 0 0 
63070 874 -0 3 -0 20 1 -0 0 0 
63075 874 -0 3 -0 20 1 -0 0 0 
63080 876 -0 -0 -0 20 1 -0 0 0 
63085 874 -0 3 -0 20 1 -0 0 0 
63090 874 -0 3 -0 20 1 -0 0 0 
63095 876 -0 3 -0 20 1 -0 0 0 
63100 874 -0 3 -0 20 1 -0 0 0 
63105 876 -0 3 -0 20 1 -0 0 0 
63110 876 -0 3 -0 20 1 -0 0 0 
63115 874 -0 -0 -0 20 1 -0 0 0 
63120 876 -0 3 -0 20 1 -0 0 0 
63125 876 -0 -0 -0 20 1 -0 0 0 
63130 874 -0 3 -0 20 1 -0 0 0 
63135 874 -5 3 -5 20 1 -5 0 0 
63140 876 -5 -0 -5 20 1 -5 0 0 
63145 876 -5 3 -5 20 1 -5 0 0 
63150 876 -5 3 -5 20 1 -5 0 0 
63155 876 -5 3 -5 20 1 -5 0 0 
63160 876 -5 3 -5 20 1 -5 0 0 
63165 874 -0 3 -0 20 1 -0 0 0 
63170 876 -5 3 -5 20 1 -5 0 0 
63175 874 -0 3 -0 20 1 -0 0 0 
63180 874 -0 3 -0 20 1 -0 0 0 
63185 874 -0 3 -0 20 1 -0 0 0 
63190 876 -0 3 -0 20 1 -0 0 0 
63195 876 -0 -0 -0 20 1 -0 0 0 
63200 874 -0 3 -0 20 1 -0 0 0 
63205 874 -0 3 -0 20 1 -0 0 0 
63210 874 -0 3 -0 20 1 -0 0 0 
63215 874 -0 3 -0 20 1 -0 0 0 
63220 874 -0 -0 -0 20 1 -0 0 0 
63225 874 -0 -0 -0 20 1 -0 0 0 
63230 874 -0 3 -0 20 1 -0 0 0 
63235 874 -0 -0 -0 20 1 -0 0 0 
63240 874 -0 -0 -0 20 1 -0 0 0 
63245 876 -0 3 -0 20 1 -0 0 0 
63250 876 -0 3 -0 20 1 -0 0 0 
63255 874 -0 3 -0 20 1 -0 0 0 
63260 874 -0 -0 -0 20 1 -0 0 0 
63265 876 -0 3 -0 20 1 -0 0 0 
63270 874 -0 -0 -0 20 1 -0 0 0 
63275 874 -0 3 -0 20 1 -0 0 0 
63280 874 -0 3 -0 20 1 -0 0 0 
63285 876 -0 3 -0 20 1 -0 0 0 
63290 876 -0 3 -0 20 1 -0 0 0 
63295 874 -0 3 -0 20 1 -0 0 0 
63300 874 -0 3 -0 20 1 -0 0 0 
63305 876 -0 3 -0 20 1 -0 0 0 
63310 876 -0 3 -0 20 1 -0 0 0 
63315 874 -0 3 -0 20 1 -0 0 0 
63320 874 -0 3 -0 20 1 -0 0 0 
63325 876 -0 3 -0 20 1 -0 0 0 
63330 876 -0 -0 -0 20 1 -0 0 0 
63335 876 -0 3 -0 20 1 -0 0 0 
63340 876 5 3 5 20 1 5 0 0 
63345 874 -0 3 -0 20 1 -0 0 0 
63350 876 5 -0 5 20 1 5 0 0 
63355 876 5 -0 5 20 1 5 0 0 
63360 874 5 3 5 20 1 5 0 0 
63365 874 5 3 5 20 1 5 0 0 
63370 874 -0 -0 -0 20 1 -0 0 0 
63375 876 -0 3 -0 20 1 -0 0 0 
63380 876 -0 3 -0 20 1 -0 0 0 
63385 876 -0 -0 -0 20 1 -0 0 0 
63390 876 -0 -0 -0 20 1 -0 0 0 
63395 874 -5 -0 -5 20 1 -5 0 0 
63400 874 -5 3 -5 20 1 -5 0 0 
63405 876 -0 3 -0 20 1 -0 0 0 
63410 876 -5 3 -5 20 1 -5 0 0 
63415 876 -0 3 -0 20 1 -0 0 0 
63420 876 -0 3 -0 20 1 -0 0 0 
63425 874 -0 3 -0 20 1 -0 0 0 
63430 876 -0 3 -0 20 1 -0 0 0 
63435 874 5 3 5 20 1 5 0 0 
63440 876 5 3 5 20 1 5 0 0 
63445 874 5 3 5 20 1 5 0 0 
63450 874 5 3 5 20 1 5 0 0 
63455 874 5 3 5 20 1 5 0 0 
63460 876 5 3 5 20 1 5 0 0 
63465 874 5 3 5 20 1 5 0 0 
63470 874 5 -0 5 20 1 5 0 0 
63475 876 -0 3 -0 20 1 -0 0 0 
63480 876 -0 -0 -0 20 1 -0 0 0 
63485 874 -0 -0 -0 20 1 -0 0 0 
63490 876 -0 -0 -0 20 1 -0 0 0 
63495 876 -0 3 -0 20 1 -0 0 0 
63500 876 -0 3 -0 20 1 -0 0 0 
63505 874 -5 3 -5 20 1 -5 0 0 
63510 874 -0 3 -0 20 1 -0 0 0 
63515 874 -0 3 -0 20 1 -0 0 0 
63520 874 -0 3 -0 20 1 -0 0 0 
63525 874 -0 -0 -0 20 1 -0 0 0 
63530 874 -0 3 -0 20 1 -0 0 0 
63535 876 -0 3 -0 20 1 -0 0 0 
63540 874 -0 3 -0 20 1 -0 0 0 
63545 874 5 5 5 20 1 5 0 0 
63550 876 5 3 5 20 1 5 0 0 
63555 874 -0 3 -0 20 1 -0 0 0 
63560 874 5 3 5 20 1 5 0 0 
63565 876 5 3 5 20 1 5 0 0 
63570 874 -0 3 -0 20 1 -0 0 0 
63575 874 -0 3 -0 20 1 -0 0 0 
63580 876 -0 3 -0 20 1 -0 0 0 
63585 874 -0 3 -0 20 1 -0 0 0 
63590 876 -0 3 -0 20 1 -0 0 0 
63595 874 -0 3 -0 20 1 -0 0 0 
63600 874 -0 -0 -0 20 1 -0 0 0 
63605 876 -0 3 -0 20 1 -0 0 0 
63610 874 -5 3 -5 20 1 -5 0 0 
63615 874 -5 3 -5 20 1 -5 0 0 
63620 876 -5 3 -5 20 1 -5 0 0 
63625 874 -5 3 -5 20 1 -5 0 0 
63630 874 -5 3 -5 20 1 -5 0 0 
63635 874 -0 3 -0 20 1 -0 0 0 
63640 876 -0 3 -0 20 1 -0 0 0 
63645 876 -0 3 -0 20 1 -0 0 0 
63650 876 -0 3 -0 20 1 -0 0 0 
63655 876 -0 3 -0 20 1 -0 0 0 
63660 876 -0 3 -0 20 1 -0 0 0 
63665 874 -0 3 -0 20 1 -0 0 0 
63670 876 -0 3 -0 20 1 -0 0 0 
63675 874 5 -0 5 20 1 5 0 0 
63680 876 -0 3 -0 20 1 -0 0 0 
63685 874 -0 3 -0 20 1 -0 0 0 
63690 874 -0 -0 -0 20 1 -0 0 0 
63695 874 -0 3 -0 20 1 -0 0 0 
63700 874 -0 3 -0 20 1 -0 0 0 
63705 876 -0 -0 -0 20 1 -0 0 0 
63710 874 -0 3 -0 20 1 -0 0 0 
63715 876 -0 -0 -0 20 1 -0 0 0 
63720 876 -0 -0 -0 20 1 -0 0 0 
63725 874 -0 -0 -0 20 1 -0 0 0 
63730 874 -0 -0 -0 20 1 -0 0 0 
63735 876 -5 -0 -5 20 1 -5 0 0 
63740 874 -5 -0 -5 20 1 -5 0 0 
63745 874 -5 3 -5 20 1 -5 0 0 
63750 874 -5 -0 -5 20 1 -5 0 0 
63755 874 -5 -0 -5 20 1 -5 0 0 
63760 876 -5 3 -5 20 1 -5 0 0 
63765 874 -5 3 -5 20 1 -5 0 0 
63770 874 -5 3 -5 20 1 -5 0 0 
63775 874 -5 3 -5 20 1 -5 0 0 
63780 874 -0 3 -0 20 1 -0 0 0 
63785 874 -0 -0 -0 20 1 -0 0 0 
63790 874 -0 3 -0 20 1 -0 0 0 
63795 874 -0 3 -0 20 1 -0 0 0 
63800 874 -0 3 -0 20 1 -0 0 0 
63805 874 -0 3 -0 20 1 -0 0 0 
63810 874 -0 3 -0 20 1 -0 0 0 
63815 876 -0 3 -0 20 1 -0 0 0 
63820 874 -0 -0 -0 20 1 -0 0 0 
63825 874 -0 3 -0 20 1 -0 0 0 
63830 874 -0 3 -0 20 1 -0 0 0 
63835 874 -0 3 -0 20 1 -0 0 0 
63840 874 -0 -0 -0 20 1 -0 0 0 
63845 874 -0 3 -0 20 1 -0 0 0 
63850 876 -0 -0 -0 20 1 -0 0 0 
63855 874 -0 -0 -0 20 1 -0 0 0 
63860 874 -5 -0 -5 20 1 -5 0 0 
63865 874 -5 3 -5 20 1 -5 0 0 
63870 874 -5 -0 -5 20 1 -5 0 0 
63875 874 -5 -0 -5 20 1 -5 0 0 
63880 874 -5 3 -5 20 1 -5 0 0 
63885 874 -5 3 -5 20 1 -5 0 0 
63890 876 -5 3 -5 20 1 -5 0 0 
63895 874 -5 3 -5 20 1 -5 0 0 
63900 874 -5 -0 -5 20 1 -5 0 0 
63905 874 -5 3 -5 20 1 -5 0 0 
63910 874 -5 -0 -5 20 1 -5 0 0 
63915 874 -5 -0 -5 20 1 -5 0 0 
63920 874 -5 3 -5 20 1 -5 0 0 
63925 876 -0 3 -0 20 1 -0 0 0 
63930 874 -5 3 -5 20 1 -5 0 0 
63935 874 -0 -0 -0 20 1 -0 0 0 
63940 874 -0 3 -0 20 1 -0 0 0 
63945 874 -0 3 -0 20 1 -0 0 0 
63950 874 -0 -0 -0 20 1 -0 0 0 
63955 874 -0 -0 -0 20 1 -0 0 0 
63960 874 -0 3 -0 20 1 -0 0 0 
63965 874 -0 3 -0 20 1 -0 0 0 
63970 874 -0 -0 -0 20 1 -0 0 0 
63975 874 -5 3 -5 20 1 -5 0 0 
63980 874 -0 3 -0 20 1 -0 0 0 
63985 874 -5 3 -5 20 1 -5 0 0 
63990 874 -5 -0 -5 20 1 -5 0 0 
63995 874 -5 -0 -5 20 1 -5 0 0 
64000 874 -5 -0 -5 20 1 -5 0 0 
64005 874 -5 -0 -5 20 1 -5 0 0 
64010 876 -5 3 -5 20 1 -5 0 0 
64015 874 -5 -0 -5 20 1 -5 0 0 
64020 874 -5 3 -5 20 1 -5 0 0 
64025 874 -5 3 -5 20 1 -5 0 0 
64030 874 -5 3 -5 20 1 -5 0 0 
64035 874 -5 3 -5 20 1 -5 0 0 
64040 876 -0 3 -0 20 1 -0 0 0 
64045 874 -0 3 -0 20 1 -0 0 0 
64050 874 -5 3 -5 20 1 -5 0 0 
64055 874 -0 -0 -0 20 1 -0 0 0 
64060 874 -0 -0 -0 20 1 -0 0 0 
64065 876 -5 3 -5 20 1 -5 0 0 
64070 874 -5 -0 -5 20 1 -5 0 0 
64075 874 -5 3 -5 20 1 -5 0 0 
64080 874 -5 -0 -5 20 1 -5 0 0 
64085 874 -0 3 -0 20 1 -0 0 0 
64090 874 -5 -0 -5 20 1 -5 0 0 
64095 874 -5 -0 -5 20 1 -5 0 0 
64100 874 -5 -0 -5 20 1 -5 0 0 
64105 874 -5 -0 -5 20 1 -5 0 0 
64110 874 -5 -0 -5 20 1 -5 0 0 
64115 874 -5 -0 -5 20 1 -5 0 0 
64120 874 -5 3 -5 20 1 -5 0 0 
64125 874 -5 -0 -5 20 1 -5 0 0 
64130 874 -5 3 -5 20 1 -5 0 0 
64135 874 -5 -0 -5 20 1 -5 0 0 
64140 874 -5 3 -5 20 1 -5 0 0 
64145 874 -5 3 -5 20 1 -5 0 0 
64150 874 -5 -0 -5 20 1 -5 0 0 
64155 874 -5 -0 -5 20 1 -5 0 0 
64160 874 -5 3 -5 20 1 -5 0 0 
64165 874 -5 3 -5 20 1 -5 0 0 
64170 874 -5 -0 -5 20 1 -5 0 0 
64175 874 -5 3 -5 20 1 -5 0 0 
64180 874 -5 3 -5 20 1 -5 0 0 
64185 874 -5 3 -5 20 1 -5 0 0 
64190 874 -5 -0 -5 20 1 -5 0 0 
64195 874 -5 -0 -5 20 1 -5 0 0 
64200 874 -0 -0 -0 20 1 -0 0 0 
64205 874 -5 3 -5 20 1 -5 0 0 
64210 874 -5 -0 -5 20 1 -5 0 0 
64215 874 -5 -0 -5 20 1 -5 0 0 
64220 874 -5 3 -5 20 1 -5 0 0 
64225 874 -5 3 -5 20 1 -5 0 0 
64230 874 -5 -0 -5 20 1 -5 0 0 
64235 874 -5 -0 -5 20 1 -5 0 0 
64240 874 -5 -0 -5 20 1 -5 0 0 
64245 874 -5 -0 -5 20 1 -5 0 0 
64250 874 -5 -0 -5 20 1 -5 0 0 
64255 874 -5 -0 -5 20 1 -5 0 0 
64260 874 -5 -0 -5 20 1 -5 0 0 
64265 874 -5 -0 -5 20 1 -5 0 0 
64270 874 -8 3 -8 20 1 -8 0 0 
64275 874 -8 -0 -8 20 1 -8 0 0 
64280 874 -5 3 -5 20 1 -5 0 0 
64285 874 -5 -0 -5 20 1 -5 0 0 
64290 874 -5 -0 -5 20 1 -5 0 0 
64295 874 -5 -0 -5 20 1 -5 0 0 
64300 874 -5 -0 -5 20 1 -5 0 0 
64305 874 -5 3 -5 20 1 -5 0 0 
64310 874 -5 3 -5 20 1 -5 0 0 
64315 874 -5 -0 -5 20 1 -5 0 0 
64320 874 -5 3 -5 20 1 -5 0 0 
64325 874 -5 -0 -5 20 1 -5 0 0 
64330 874 -5 3 -5 20 1 -5 0 0 
64335 874 -5 -0 -5 20 1 -5 0 0 
64340 874 -5 -0 -5 20 1 -5 0 0 
64345 874 -5 3 -5 20 1 -5 0 0 
64350 874 -5 -0 -5 20 1 -5 0 0 
64355 874 -5 -0 -5 20 1 -5 0 0 
64360 874 -5 -0 -5 20 1 -5 0 0 
64365 874 -5 3 -5 20 1 -5 0 0 
64370 874 -8 -0 -8 20 1 -8 0 0 
64375 874 -8 3 -8 20 1 -8 0 0 
64380 874 -8 -0 -8 20 1 -8 0 0 
64385 874 -5 -0 -5 20 1 -5 0 0 
64390 874 -5 -0 -5 20 1 -5 0 0 
64395 874 -5 -0 -5 20 1 -5 0 0 
64400 874 -5 3 -5 20 1 -5 0 0 
64405 874 -5 3 -5 20 1 -5 0 0 
64410 874 -5 3 -5 20 1 -5 0 0 
64415 874 -5 3 -5 20 1 -5 0 0 
64420 874 -5 -0 -5 20 1 -5 0 0 
64425 874 -5 3 -5 20 1 -5 0 0 
64430 874 -5 -0 -5 20 1 -5 0 0 
64435 874 -5 3 -5 20 1 -5 0 0 
64440 874 -5 -0 -5 20 1 -5 0 0 
64445 874 -5 3 -5 20 1 -5 0 0 
64450 874 -5 3 -5 20 1 -5 0 0 
64455 874 -5 3 -5 20 1 -5 0 0 
64460 874 -5 -0 -5 20 1 -5 0 0 
64465 874 -5 -0 -5 20 1 -5 0 0 
64470 874 -5 3 -5 20 1 -5 0 0 
64475 874 -8 3 -8 20 1 -8 0 0 
64480 874 -5 3 -5 20 1 -5 0 0 
64485 874 -8 3 -8 20 1 -8 0 0 
64490 874 -5 -0 -5 20 1 -5 0 0 
64495 874 -5 3 -5 20 1 -5 0 0 
64500 874 -5 -0 -5 20 1 -5 0 0 
64505 874 -5 3 -5 20 1 -5 0 0 
64510 874 -5 -0 -5 20 1 -5 0 0 
64515 874 -5 3 -5 20 1 -5 0 0 
64520 874 -5 3 -5 20 1 -5 0 0 
64525 874 -5 -0 -5 20 1 -5 0 0 
64530 874 -5 3 -5 20 1 -5 0 0 
64535 874 -5 3 -5 20 1 -5 0 0 
64540 874 -5 3 -5 20 1 -5 0 0 
64545 874 -5 3 -5 20 1 -5 0 0 
64550 874 -5 -0 -5 20 1 -5 0 0 
64555 874 -5 3 -5 20 1 -5 0 0 
64560 874 -5 3 -5 20 1 -5 0 0 
64565 874 -5 -0 -5 20 1 -5 0 0 
64570 874 -5 3 -5 20 1 -5 0 0 
64575 874 -5 3 -5 20 1 -5 0 0 
64580 874 -8 3 -8 20 1 -8 0 0 
64585 874 -5 3 -5 20 1 -5 0 0 
64590 874 -8 3 -8 20 1 -8 0 0 
64595 874 -8 -0 -8 20 1 -8 0 0 
64600 874 -5 3 -5 20 1 -5 0 0 
64605 874 -5 -0 -5 20 1 -5 0 0 
64610 874 -5 3 -5 20 1 -5 0 0 
64615 874 -5 -0 -5 20 1 -5 0 0 
64620 874 -5 -0 -5 20 1 -5 0 0 
64625 876 -5 3 -5 20 1 -5 0 0 
64630 874 -8 3 -8 20 1 -8 0 0 
64635 874 -5 -0 -5 20 1 -5 0 0 
64640 874 -5 3 -5 20 1 -5 0 0 
64645 874 -5 3 -5 20 1 -5 0 0 
64650 874 -5 3 -5 20 1 -5 0 0 
64655 874 -5 -0 -5 20 1 -5 0 0 
64660 874 -5 -0 -5 20 1 -5 0 0 
64665 874 -5 3 -5 20 1 -5 0 0 
64670 874 -5 -0 -5 20 1 -5 0 0 
64675 874 -5 -0 -5 20 1 -5 0 0 
64680 874 -5 -0 -5 20 1 -5 0 0 
64685 874 -5 -0 -5 20 1 -5 0 0 
64690 874 -5 3 -5 20 1 -5 0 0 
64695 874 -5 -0 -5 20 1 -5 0 0 
64700 874 -5 -0 -5 20 1 -5 0 0 
64705 874 -5 3 -5 20 1 -5 0 0 
64710 874 -5 -0 -5 20 1 -5 0 0 
64715 874 -5 -0 -5 20 1 -5 0 0 
64720 874 -5 -0 -5 20 1 -5 0 0 
64725 874 -5 3 -5 20 1 -5 0 0 
64730 874 -5 3 -5 20 1 -5 0 0 
64735 874 -5 -0 -5 20 1 -5 0 0 
64740 874 -5 3 -5 20 1 -5 0 0 
64745 874 -5 -0 -5 20 1 -5 0 0 
64750 874 -5 3 -5 20 1 -5 0 0 
64755 874 -5 3 -5 20 1 -5 0 0 
64760 874 -5 -0 -5 20 1 -5 0 0 
64765 874 -5 3 -5 20 1 -5 0 0 
64770 874 -5 -0 -5 20 1 -5 0 0 
64775 874 -5 3 -5 20 1 -5 0 0 
64780 874 -5 3 -5 20 1 -5 0 0 
64785 874 -5 3 -5 20 1 -5 0 0 
64790 874 -5 -0 -5 20 1 -5 0 0 
64795 874 -5 -0 -5 20 1 -5 0 0 
64800 874 -5 3 -5 20 1 -5 0 0 
64805 874 -5 -0 -5 20 1 -5 0 0 
64810 874 -5 3 -5 20 1 -5 0 0 
64815 874 -5 -0 -5 20 1 -5 0 0 
64820 874 -5 -0 -5 20 1 -5 0 0 
64825 874 -5 -0 -5 20 1 -5 0 0 
64830 874 -5 -0 -5 20 1 -5 0 0 
64835 874 -5 -0 -5 20 1 -5 0 0 
64840 874 -5 -0 -5 20 1 -5 0 0 
64845 874 -5 -0 -5 20 1 -5 0 0 
64850 874 -5 3 -5 20 1 -5 0 0 
64855 874 -5 -0 -5 20 1 -5 0 0 
64860 874 -5 -0 -5 20 1 -5 0 0 
64865 874 -5 -0 -5 20 1 -5 0 0 
64870 874 -5 -0 -5 20 1 -5 0 0 
64875 874 -5 3 -5 20 1 -5 0 0 
64880 874 -5 -0 -5 20 1 -5 0 0 
64885 874 -5 -0 -5 20 1 -5 0 0 
64890 874 -5 3 -5 20 1 -5 0 0 
64895 874 -5 3 -5 20 1 -5 0 0 
64900 874 -5 -0 -5 20 1 -5 0 0 
64905 874 -5 3 -5 20 1 -5 0 0 
64910 874 -5 3 -5 20 1 -5 0 0 
64915 874 -5 3 -5 20 1 -5 0 0 
64920 874 -5 -0 -5 20 1 -5 0 0 
64925 874 -5 -0 -5 20 1 -5 0 0 
64930 874 -5 3 -5 20 1 -5 0 0 
64935 874 -5 3 -5 20 1 -5 0 0 
64940 874 -5 3 -5 20 1 -5 0 0 
64945 874 -5 -0 -5 20 1 -5 0 0 
64950 874 -5 -0 -5 20 1 -5 0 0 
64955 874 -5 -0 -5 20 1 -5 0 0 
64960 874 -5 -0 -5 20 1 -5 0 0 
64965 874 -5 -0 -5 20 1 -5 0 0 
64970 874 -5 -0 -5 20 1 -5 0 0 
64975 874 -5 -0 -5 20 1 -5 0 0 
64980 874 -5 -0 -5 20 1 -5 0 0 
64985 874 -5 -0 -5 20 1 -5 0 0 
64990 874 -5 -0 -5 20 1 -5 0 0 
64995 874 -5 -0 -5 20 1 -5 0 0 
65000 874 -5 -0 -5 20 1 -5 0 0 
65005 874 -5 -0 -5 20 1 -5 0 0 
65010 874 -5 -0 -5 20 1 -5 0 0 
65015 874 -5 -0 -5 20 1 -5 0 0 
65020 874 -5 3 -5 20 1 -5 0 0 
65025 874 -5 3 -5 20 1 -5 0 0 
65030 874 -5 3 -5 20 1 -5 0 0 
65035 874 -5 -0 -5 20 1 -5 0 0 
65040 874 -5 3 -5 20 1 -5 0 0 
65045 874 -5 -0 -5 20 1 -5 0 0 
65050 874 -5 -0 -5 20 1 -5 0 0 
65055 874 -5 -0 -5 20 1 -5 0 0 
65060 874 -5 3 -5 20 1 -5 0 0 
65065 874 -5 -0 -5 20 1 -5 0 0 
65070 874 -5 -0 -5 20 1 -5 0 0 
65075 874 -5 3 -5 20 1 -5 0 0 
65080 874 -5 3 -5 20 1 -5 0 0 
65085 874 -5 -0 -5 20 1 -5 0 0 
65090 874 -5 -0 -5 20 1 -5 0 0 
65095 874 -5 3 -5 20 1 -5 0 0 
65100 874 -5 -0 -5 20 1 -5 0 0 
65105 874 -5 3 -5 20 1 -5 0 0 
65110 874 -5 -0 -5 20 1 -5 0 0 
65115 874 -5 3 -5 20 1 -5 0 0 
65120 874 -5 -0 -5 20 1 -5 0 0 
65125 876 -5 -0 -5 20 1 -5 0 0 
65130 874 -5 3 -5 20 1 -5 0 0 
65135 874 -5 -0 -5 20 1 -5 0 0 
65140 874 -5 -0 -5 20 1 -5 0 0 
65145 874 -5 -0 -5 20 1 -5 0 0 
65150 874 -5 3 -5 20 1 -5 0 0 
65155 874 -5 3 -5 20 1 -5 0 0 
65160 874 -5 3 -5 20 1 -5 0 0 
65165 874 -5 3 -5 20 1 -5 0 0 
65170 874 -5 3 -5 20 1 -5 0 0 
65175 874 -5 -0 -5 20 1 -5 0 0 
65180 874 -5 3 -5 20 1 -5 0 0 
65185 874 -5 3 -5 20 1 -5 0 0 
65190 874 -5 -0 -5 20 1 -5 0 0 
65195 874 -5 -0 -5 20 1 -5 0 0 
65200 874 -5 -0 -5 20 1 -5 0 0 
65205 874 -5 3 -5 20 1 -5 0 0 
65210 874 -5 -0 -5 20 1 -5 0 0 
65215 874 -5 -0 -5 20 1 -5 0 0 
65220 874 -5 -0 -5 20 1 -5 0 0 
65225 874 -5 3 -5 20 1 -5 0 0 
65230 874 -5 -0 -5 20 1 -5 0 0 
65235 874 -5 3 -5 20 1 -5 0 0 
65240 874 -5 -0 -5 20 1 -5 0 0 
65245 874 -5 3 -5 20 1 -5 0 0 
65250 874 -5 -0 -5 20 1 -5 0 0 
65255 874 -5 3 -5 20 1 -5 0 0 
65260 874 -5 3 -5 20 1 -5 0 0 
65265 874 -5 3 -5 20 1 -5 0 0 
65270 874 -5 3 -5 20 1 -5 0 0 
65275 874 -5 -0 -5 20 1 -5 0 0 
65280 874 -5 3 -5 20 1 -5 0 0 
65285 874 -5 -0 -5 20 1 -5 0 0 
65290 874 -5 3 -5 20 1 -5 0 0 
65295 874 -5 3 -5 20 1 -5 0 0 
65300 874 -5 -0 -5 20 1 -5 0 0 
65305 874 -5 3 -5 20 1 -5 0 0 
65310 874 -5 -0 -5 20 1 -5 0 0 
65315 874 -5 -0 -5 20 1 -5 0 0 
65320 874 -5 3 -5 20 1 -5 0 0 
65325 874 -5 3 -5 20 1 -5 0 0 
65330 874 -5 -0 -5 20 1 -5 0 0 
65335 874 -5 3 -5 20 1 -5 0 0 
65340 874 -5 3 -5 20 1 -5 0 0 
65345 874 -5 3 -5 20 1 -5 0 0 
65350 874 -5 -0 -5 20 1 -5 0 0 
65355 874 -5 -0 -5 20 1 -5 0 0 
65360 874 -0 3 -0 20 1 -0 0 0 
65365 874 -5 -0 -5 20 1 -5 0 0 
65370 874 -5 3 -5 20 1 -5 0 0 
65375 874 -5 -0 -5 20 1 -5 0 0 
65380 874 -5 3 -5 20 1 -5 0 0 
65385 874 -5 3 -5 20 1 -5 0 0 
65390 874 -5 -0 -5 20 1 -5 0 0 
65395 874 -5 3 -5 20 1 -5 0 0 
65400 874 -5 3 -5 20 1 -5 0 0 
65405 874 -5 -0 -5 20 1 -5 0 0 
65410 874 -5 3 -5 20 1 -5 0 0 
65415 874 -5 -0 -5 20 1 -5 0 0 
65420 874 -5 -0 -5 20 1 -5 0 0 
65425 874 -5 -0 -5 20 1 -5 0 0 
65430 874 -5 -0 -5 20 1 -5 0 0 
65435 874 -5 3 -5 20 1 -5 0 0 
65440 874 -5 -0 -5 20 1 -5 0 0 
65445 874 -5 -0 -5 20 1 -5 0 0 
65450 874 -0 3 -0 20 1 -0 0 0 
65455 874 -5 3 -5 20 1 -5 0 0 
65460 874 -0 3 -0 20 1 -0 0 0 
65465 874 -0 -0 -0 20 1 -0 0 0 
65470 874 -5 -0 -5 20 1 -5 0 0 
65475 874 -0 3 -0 20 1 -0 0 0 
65480 874 -5 3 -5 20 1 -5 0 0 
65485 874 -0 3 -0 20 1 -0 0 0 
65490 874 -5 3 -5 20 1 -5 0 0 
65495 874 -5 3 -5 20 1 -5 0 0 
65500 874 -0 -0 -0 20 1 -0 0 0 
65505 874 -5 3 -5 20 1 -5 0 0 
65510 874 -5 3 -5 20 1 -5 0 0 
65515 874 -0 3 -0 20 1 -0 0 0 
65520 874 -5 3 -5 20 1 -5 0 0 
65525 874 -5 3 -5 20 1 -5 0 0 
65530 874 -5 -0 -5 20 1 -5 0 0 
65535 874 -0 3 -0 20 1 -0 0 0 
65540 874 -5 -0 -5 20 1 -5 0 0 
65545 874 -5 3 -5 20 1 -5 0 0 
65550 874 -5 3 -5 20 1 -5 0 0 
65555 874 -5 3 -5 20 1 -5 0 0 
65560 874 -5 -0 -5 20 1 -5 0 0 
65565 874 -0 -0 -0 20 1 -0 0 0 
65570 874 -0 3 -0 20 1 -0 0 0 
65575 874 -5 -0 -5 20 1 -5 0 0 
65580 874 -0 3 -0 20 1 -0 0 0 
65585 874 -0 3 -0 20 1 -0 0 0 
65590 874 -0 3 -0 20 1 -0 0 0 
65595 874 -5 -0 -5 20 1 -5 0 0 
65600 876 -0 -0 -0 20 1 -0 0 0 
65605 874 -0 -0 -0 20 1 -0 0 0 
65610 874 -5 3 -5 20 1 -5 0 0 
65615 874 -0 -0 -0 20 1 -0 0 0 
65620 874 -5 -0 -5 20 1 -5 0 0 
65625 874 -0 -0 -0 20 1 -0 0 0 
65630 874 -0 3 -0 20 1 -0 0 0 
65635 874 -0 -0 -0 20 1 -0 0 0 
65640 874 -0 -0 -0 20 1 -0 0 0 
65645 874 -0 -0 -0 20 1 -0 0 0 
65650 874 -5 3 -5 20 1 -5 0 0 
65655 874 -0 3 -0 20 1 -0 0 0 
65660 874 -0 -0 -0 20 1 -0 0 0 
65665 874 -0 -0 -0 20 1 -0 0 0 
65670 874 -0 -0 -0 20 1 -0 0 0 
65675 874 -0 3 -0 20 1 -0 0 0 
65680 874 -0 3 -0 20 1 -0 0 0 
65685 874 -0 -0 -0 20 1 -0 0 0 
65690 874 -0 3 -0 20 1 -0 0 0 
65695 874 -5 -0 -5 20 1 -5 0 0 
65700 874 -0 -0 -0 20 1 -0 0 0 
65705 874 -0 3 -0 20 1 -0 0 0 
65710 874 -0 3 -0 20 1 -0 0 0 
65715 874 -0 3 -0 20 1 -0 0 0 
65720 874 -0 3 -0 20 1 -0 0 0 
65725 876 -0 3 -0 20 1 -0 0 0 
65730 874 -0 3 -0 20 1 -0 0 0 
65735 876 -0 3 -0 20 1 -0 0 0 
65740 874 -0 3 -0 20 1 -0 0 0 
65745 876 -0 3 -0 20 1 -0 0 0 
65750 874 -0 -0 -0 20 1 -0 0 0 
65755 874 -0 -0 -0 20 1 -0 0 0 
65760 874 -0 -0 -0 20 1 -0 0 0 
65765 874 -0 -0 -0 20 1 -0 0 0 
65770 874 -0 3 -0 20 1 -0 0 0 
65775 874 -0 3 -0 20 1 -0 0 0 
65780 876 -0 3 -0 20 1 -0 0 0 
65785 874 -0 3 -0 20 1 -0 0 0 
65790 874 -5 3 -5 20 1 -5 0 0 
65795 876 -0 3 -0 20 1 -0 0 0 
65800 876 -0 3 -0 20 1 -0 0 0 
65805 874 -0 3 -0 20 1 -0 0 0 
65810 874 -0 3 -0 20 1 -0 0 0 
65815 874 -0 -0 -0 20 1 -0 0 0 
65820 876 -0 3 -0 20 1 -0 0 0 
65825 876 -0 3 -0 20 1 -0 0 0 
65830 874 -0 3 -0 20 1 -0 0 0 
65835 874 -0 3 -0 20 1 -0 0 0 
65840 874 -0 3 -0 20 1 -0 0 0 
65845 874 -0 3 -0 20 1 -0 0 0 
65850 876 -0 3 -0 20 1 -0 0 0 
65855 874 -0 3 -0 20 1 -0 0 0 
65860 874 -0 3 -0 20 1 -0 0 0 
65865 874 -0 3 -0 20 1 -0 0 0 
65870 874 -0 -0 -0 20 1 -0 0 0 
65875 874 -0 3 -0 20 1 -0 0 0 
65880 876 -0 3 -0 20 1 -0 0 0 
65885 876 -0 3 -0 20 1 -0 0 0 
65890 874 -0 3 -0 20 1 -0 0 0 
65895 874 -0 -0 -0 20 1 -0 0 0 
65900 874 -0 3 -0 20 1 -0 0 0 
65905 874 -0 3 -0 20 1 -0 0 0 
65910 874 -0 3 -0 20 1 -0 0 0 
65915 874 -0 3 -0 20 1 -0 0 0 
65920 874 -0 3 -0 20 1 -0 0 0 
65925 874 -0 3 -0 20 1 -0 0 0 
65930 874 -0 3 -0 20 1 -0 0 0 
65935 876 -0 -0 -0 20 1 -0 0 0 
65940 874 -0 -0 -0 20 1 -0 0 0 
65945 874 -0 3 -0 20 1 -0 0 0 
65950 874 -0 -0 -0 20 1 -0 0 0 
65955 876 -0 3 -0 20 1 -0 0 0 
65960 874 -0 3 -0 20 1 -0 0 0 
65965 876 -0 3 -0 20 1 -0 0 0 
65970 874 -0 3 -0 20 1 -0 0 0 
65975 874 -0 -0 -0 20 1 -0 0 0 
65980 876 -0 -0 -0 20 1 -0 0 0 
65985 874 -0 3 -0 20 1 -0 0 0 
65990 874 -0 3 -0 20 1 -0 0 0 
65995 874 -0 3 -0 20 1 -0 0 0 
66000 874 -0 -0 -0 20 1 -0 0 0 
66005 876 -0 3 -0 20 1 -0 0 0 
66010 876 -0 -0 -0 20 1 -0 0 0 
66015 874 -0 -0 -0 20 1 -0 0 0 
66020 876 -0 -0 -0 20 1 -0 0 0 
66025 876 -0 -0 -0 20 1 -0 0 0 
66030 874 -0 3 -0 20 1 -0 0 0 
66035 874 -0 3 -0 20 1 -0 0 0 
66040 874 -0 3 -0 20 1 -0 0 0 
66045 874 -0 3 -0 20 1 -0 0 0 
66050 874 -0 -0 -0 20 1 -0 0 0 
66055 876 -0 3 -0 20 1 -0 0 0 
66060 874 -0 3 -0 20 1 -0 0 0 
66065 874 -0 3 -0 20 1 -0 0 0 
66070 874 -0 -0 -0 20 1 -0 0 0 
66075 874 -0 3 -0 20 1 -0 0 0 
66080 874 -0 3 -0 20 1 -0 0 0 
66085 874 -0 3 -0 20 1 -0 0 0 
66090 876 -0 3 -0 20 1 -0 0 0 
66095 874 -0 3 -0 20 1 -0 0 0 
66100 874 -0 3 -0 20 1 -0 0 0 
66105 874 -0 3 -0 20 1 -0 0 0 
66110 876 -0 3 -0 20 1 -0 0 0 
66115 874 -0 3 -0 20 1 -0 0 0 
66120 874 -0 5 -0 20 1 -0 0 0 
66125 876 -0 3 -0 20 1 -0 0 0 
66130 876 -0 3 -0 20 1 -0 0 0 
66135 874 -0 3 -0 20 1 -0 0 0 
66140 874 -0 3 -0 20 1 -0 0 0 
66145 874 -0 -0 -0 20 1 -0 0 0 
66150 874 -0 -0 -0 20 1 -0 0 0 
66155 876 -0 3 -0 20 1 -0 0 0 
66160 874 -0 -0 -0 20 1 -0 0 0 
66165 874 -0 -0 -0 20 1 -0 0 0 
66170 874 -0 3 -0 20 1 -0 0 0 
66175 874 -0 3 -0 20 1 -0 0 0 
66180 874 -0 3 -0 20 1 -0 0 0 
66185 874 -0 -0 -0 20 1 -0 0 0 
66190 874 -0 3 -0 20 1 -0 0 0 
66195 876 -0 3 -0 20 1 -0 0 0 
66200 876 -0 3 -0 20 1 -0 0 0 
66205 874 -0 3 -0 20 1 -0 0 0 
66210 876 -0 3 -0 20 1 -0 0 0 
66215 876 -0 3 -0 20 1 -0 0 0 
66220 874 -0 3 -0 20 1 -0 0 0 
66225 874 -0 3 -0 20 1 -0 0 0 
66230 876 -0 3 -0 20 1 -0 0 0 
66235 876 -0 3 -0 20 1 -0 0 0 
66240 874 -0 3 -0 20 1 -0 0 0 
66245 876 -0 3 -0 20 1 -0 0 0 
66250 874 -0 3 -0 20 1 -0 0 0 
66255 874 -0 3 -0 20 1 -0 0 0 
66260 874 -0 3 -0 20 1 -0 0 0 
66265 876 -0 3 -0 20 1 -0 0 0 
66270 874 -0 3 -0 20 1 -0 0 0 
66275 874 -0 3 -0 20 1 -0 0 0 
66280 874 -0 3 -0 20 1 -0 0 0 
66285 874 -0 3 -0 20 1 -0 0 0 
66290 874 -0 3 -0 20 1 -0 0 0 
66295 876 -0 3 -0 20 1 -0 0 0 
66300 876 -0 -0 -0 20 1 -0 0 0 
66305 874 -0 -0 -0 20 1 -0 0 0 
66310 874 -0 -0 -0 20 1 -0 0 0 
66315 874 -0 3 -0 20 1 -0 0 0 
66320 874 -0 3 -0 20 1 -0 0 0 
66325 874 -0 3 -0 20 1 -0 0 0 
66330 874 -0 3 -0 20 1 -0 0 0 
66335 874 -0 3 -0 20 1 -0 0 0 
66340 874 -0 -0 -0 20 1 -0 0 0 
66345 874 -0 3 -0 20 1 -0 0 0 
66350 874 -0 5 -0 20 1 -0 0 0 
66355 874 -0 5 -0 20 1 -0 0 0 
66360 874 -0 3 -0 20 1 -0 0 0 
66365 874 -0 3 -0 20 1 -0 0 0 
66370 876 -0 3 -0 20 1 -0 0 0 
66375 874 -0 3 -0 20 1 -0 0 0 
66380 874 -0 3 -0 20 1 -0 0 0 
66385 874 -0 3 -0 20 1 -0 0 0 
66390 874 -0 -0 -0 20 1 -0 0 0 
66395 874 5 3 5 20 1 5 0 0 
66400 874 5 3 5 20 1 5 0 0 
66405 874 -0 3 -0 20 1 -0 0 0 
66410 874 -0 3 -0 20 1 -0 0 0 
66415 874 -0 3 -0 20 1 -0 0 0 
66420 874 -0 3 -0 20 1 -0 0 0 
66425 876 -0 3 -0 20 1 -0 0 0 
66430 874 -0 3 -0 20 1 -0 0 0 
66435 874 -0 -0 -0 20 1 -0 0 0 
66440 876 -0 3 -0 20 1 -0 0 0 
66445 874 -0 -0 -0 20 1 -0 0 0 
66450 876 -0 3 -0 20 1 -0 0 0 
66455 874 -0 3 -0 20 1 -0 0 0 
66460 876 -0 3 -0 20 1 -0 0 0 
66465 874 -0 3 -0 20 1 -0 0 0 
66470 874 -0 3 -0 20 1 -0 0 0 
66475 874 -0 3 -0 20 1 -0 0 0 
66480 874 -0 3 -0 20 1 -0 0 0 
66485 876 -0 -0 -0 20 1 -0 0 0 
66490 874 -0 3 -0 20 1 -0 0 0 
66495 874 -0 3 -0 20 1 -0 0 0 
66500 876 -0 3 -0 20 1 -0 0 0 
66505 876 -0 3 -0 20 1 -0 0 0 
66510 874 5 -0 5 20 1 5 0 0 
66515 874 -0 -0 -0 20 1 -0 0 0 
66520 874 -0 3 -0 20 1 -0 0 0 
66525 874 -0 3 -0 20 1 -0 0 0 
66530 874 -0 3 -0 20 1 -0 0 0 
66535 874 -0 3 -0 20 1 -0 0 0 
66540 874 -0 3 -0 20 1 -0 0 0 
66545 874 -0 -0 -0 20 1 -0 0 0 
66550 874 -0 -0 -0 20 1 -0 0 0 
66555 874 -0 3 -0 20 1 -0 0 0 
66560 874 -0 3 -0 20 1 -0 0 0 
66565 874 -0 3 -0 20 1 -0 0 0 
66570 874 -0 3 -0 20 1 -0 0 0 
66575 876 -0 3 -0 20 1 -0 0 0 
66580 874 -0 3 -0 20 1 -0 0 0 
66585 876 -0 3 -0 20 1 -0 0 0 
66590 874 -0 3 -0 20 1 -0 0 0 
66595 874 -0 3 -0 20 1 -0 0 0 
66600 874 -0 3 -0 20 1 -0 0 0 
66605 874 -0 -0 -0 20 1 -0 0 0 
66610 874 -0 3 -0 20 1 -0 0 0 
66615 874 -0 3 -0 20 1 -0 0 0 
66620 874 -0 3 -0 20 1 -0 0 0 
66625 876 -0 3 -0 20 1 -0 0 0 
66630 874 -0 3 -0 20 1 -0 0 0 
66635 874 -0 -0 -0 20 1 -0 0 0 
66640 874 -0 3 -0 20 1 -0 0 0 
66645 876 -0 3 -0 20 1 -0 0 0 
66650 874 -0 3 -0 20 1 -0 0 0 
66655 876 -0 3 -0 20 1 -0 0 0 
66660 876 -0 3 -0 20 1 -0 0 0 
66665 874 -0 3 -0 20 1 -0 0 0 
66670 874 -0 3 -0 20 1 -0 0 0 
66675 874 -0 3 -0 20 1 -0 0 0 
66680 876 -0 3 -0 20 1 -0 0 0 
66685 874 -0 -0 -0 20 1 -0 0 0 
66690 876 -0 3 -0 20 1 -0 0 0 
66695 876 -0 3 -0 20 1 -0 0 0 
66700 874 -0 3 -0 20 1 -0 0 0 
66705 874 -0 3 -0 20 1 -0 0 0 
66710 874 -0 -0 -0 20 1 -0 0 0 
66715 876 -0 3 -0 20 1 -0 0 0 
66720 874 -0 3 -0 20 1 -0 0 0 
66725 874 -0 3 -0 20 1 -0 0 0 
66730 874 -0 3 -0 20 1 -0 0 0 
66735 874 -0 3 -0 20 1 -0 0 0 
66740 874 -0 -0 -0 20 1 -0 0 0 
66745 874 -0 3 -0 20 1 -0 0 0 
66750 874 -0 -0 -0 20 1 -0 0 0 
66755 874 -0 3 -0 20 1 -0 0 0 
66760 874 -0 3 -0 20 1 -0 0 0 
66765 874 -0 3 -0 20 1 -0 0 0 
66770 874 -0 3 -0 20 1 -0 0 0 
66775 874 -0 3 -0 20 1 -0 0 0 
66780 874 -0 3 -0 20 1 -0 0 0 
66785 874 -0 3 -0 20 1 -0 0 0 
66790 876 -0 3 -0 20 1 -0 0 0 
66795 874 -0 3 -0 20 1 -0 0 0 
66800 874 -0 -0 -0 20 1 -0 0 0 
66805 876 -0 -0 -0 20 1 -0 0 0 
66810 874 -0 3 -0 20 1 -0 0 0 
66815 874 -0 3 -0 20 1 -0 0 0 
66820 876 -0 3 -0 20 1 -0 0 0 
66825 876 -0 -0 -0 20 1 -0 0 0 
66830 876 -0 3 -0 20 1 -0 0 0 
66835 876 -0 3 -0 20 1 -0 0 0 
66840 874 -0 3 -0 20 1 -0 0 0 
66845 874 5 3 5 20 1 5 0 0 
66850 874 -0 3 -0 20 1 -0 0 0 
66855 874 -0 3 -0 20 1 -0 0 0 
66860 874 -0 3 -0 20 1 -0 0 0 
66865 876 -0 3 -0 20 1 -0 0 0 
66870 876 -0 3 -0 20 1 -0 0 0 
66875 874 -0 3 -0 20 1 -0 0 0 
66880 876 -0 3 -0 20 1 -0 0 0 
66885 874 -0 3 -0 20 1 -0 0 0 
66890 874 -0 3 -0 20 1 -0 0 0 
66895 874 -0 -0 -0 20 1 -0 0 0 
66900 874 -0 3 -0 20 1 -0 0 0 
66905 876 -0 3 -0 20 1 -0 0 0 
66910 874 -0 -0 -0 20 1 -0 0 0 
66915 876 -0 3 -0 20 1 -0 0 0 
66920 874 -0 -0 -0 20 1 -0 0 0 
66925 874 -0 3 -0 20 1 -0 0 0 
66930 876 -0 3 -0 20 1 -0 0 0 
66935 874 -0 3 -0 20 1 -0 0 0 
66940 874 -0 3 -0 20 1 -0 0 0 
66945 874 -0 3 -0 20 1 -0 0 0 
66950 874 -0 3 -0 20 1 -0 0 0 
66955 874 -0 3 -0 20 1 -0 0 0 
66960 874 -0 3 -0 20 1 -0 0 0 
66965 874 -0 3 -0 20 1 -0 0 0 
66970 874 -0 3 -0 20 1 -0 0 0 
66975 874 5 3 5 20 1 5 0 0 
66980 874 -0 3 -0 20 1 -0 0 0 
66985 874 -0 3 -0 20 1 -0 0 0 
66990 874 -0 3 -0 20 1 -0 0 0 
66995 874 -0 3 -0 20 1 -0 0 0 
67000 874 -0 3 -0 20 1 -0 0 0 
67005 876 -0 3 -0 20 1 -0 0 0 
67010 874 -0 3 -0 20 1 -0 0 0 
67015 876 -0 3 -0 20 1 -0 0 0 
67020 876 -0 3 -0 20 1 -0 0 0 
67025 874 -0 3 -0 20 1 -0 0 0 
67030 876 -0 3 -0 20 1 -0 0 0 
67035 874 -0 3 -0 20 1 -0 0 0 
67040 876 -0 3 -0 20 1 -0 0 0 
67045 874 -0 3 -0 20 1 -0 0 0 
67050 874 -0 3 -0 20 1 -0 0 0 
67055 874 -0 -0 -0 20 1 -0 0 0 
67060 876 -0 3 -0 20 1 -0 0 0 
67065 876 -0 3 -0 20 1 -0 0 0 
67070 874 -0 3 -0 20 1 -0 0 0 
67075 874 -0 3 -0 20 1 -0 0 0 
67080 874 -0 -0 -0 20 1 -0 0 0 
67085 876 -0 3 -0 20 1 -0 0 0 
67090 874 -0 3 -0 20 1 -0 0 0 
67095 876 -0 3 -0 20 1 -0 0 0 
67100 874 -0 3 -0 20 1 -0 0 0 
67105 876 -0 3 -0 20 1 -0 0 0 
67110 874 -0 3 -0 20 1 -0 0 0 
67115 876 -0 3 -0 20 1 -0 0 0 
67120 874 -0 -0 -0 20 1 -0 0 0 
67125 876 -0 -0 -0 20 1 -0 0 0 
67130 876 -0 -0 -0 20 1 -0 0 0 
67135 874 -0 3 -0 20 1 -0 0 0 
67140 874 -0 3 -0 20 1 -0 0 0 
67145 874 -0 3 -0 20 1 -0 0 0 
67150 876 -0 -0 -0 20 1 -0 0 0 
67155 876 -0 3 -0 20 1 -0 0 0 
67160 874 -0 -0 -0 20 1 -0 0 0 
67165 876 5 3 5 20 1 5 0 0 
67170 876 -0 3 -0 20 1 -0 0 0 
67175 876 5 -0 5 20 1 5 0 0 
67180 874 -0 3 -0 20 1 -0 0 0 
67185 876 -0 -0 -0 20 1 -0 0 0 
67190 874 -0 3 -0 20 1 -0 0 0 
67195 874 -0 3 -0 20 1 -0 0 0 
67200 874 -0 -0 -0 20 1 -0 0 0 
67205 874 5 3 5 20 1 5 0 0 
67210 874 -0 3 -0 20 1 -0 0 0 
67215 874 -0 3 -0 20 1 -0 0 0 
67220 876 -0 -0 -0 20 1 -0 0 0 
67225 874 -0 3 -0 20 1 -0 0 0 
67230 874 -0 3 -0 20 1 -0 0 0 
67235 876 -0 3 -0 20 1 -0 0 0 
67240 876 -0 -0 -0 20 1 -0 0 0 
67245 876 -0 -0 -0 20 1 -0 0 0 
67250 874 -0 3 -0 20 1 -0 0 0 
67255 874 -0 -0 -0 20 1 -0 0 0 
67260 874 -0 -0 -0 20 1 -0 0 0 
67265 876 -0 3 -0 20 1 -0 0 0 
67270 876 -0 3 -0 20 1 -0 0 0 
67275 874 -0 3 -0 20 1 -0 0 0 
67280 876 -0 3 -0 20 1 -0 0 0 
67285 876 -0 3 -0 20 1 -0 0 0 
67290 874 -0 3 -0 20 1 -0 0 0 
67295 876 -0 3 -0 20 1 -0 0 0 
67300 874 -0 3 -0 20 1 -0 0 0 
67305 876 -0 3 -0 20 1 -0 0 0 
67310 876 -0 3 -0 20 1 -0 0 0 
67315 876 -0 3 -0 20 1 -0 0 0 
67320 876 -0 3 -0 20 1 -0 0 0 
67325 876 -0 3 -0 20 1 -0 0 0 
67330 874 -0 3 -0 20 1 -0 0 0 
67335 874 -0 -0 -0 20 1 -0 0 0 
67340 876 -0 3 -0 20 1 -0 0 0 
67345 874 -0 3 -0 20 1 -0 0 0 
67350 876 -0 -0 -0 20 1 -0 0 0 
67355 876 -0 3 -0 20 1 -0 0 0 
67360 874 -0 3 -0 20 1 -0 0 0 
67365 876 -0 -0 -0 20 1 -0 0 0 
67370 876 -0 3 -0 20 1 -0 0 0 
67375 876 -0 3 -0 20 1 -0 0 0 
67380 874 -0 3 -0 20 1 -0 0 0 
67385 874 -0 3 -0 20 1 -0 0 0 
67390 876 -0 3 -0 20 1 -0 0 0 
67395 876 -0 3 -0 20 1 -0 0 0 
67400 874 -0 -0 -0 20 1 -0 0 0 
67405 876 -0 -0 -0 20 1 -0 0 0 
67410 876 -0 3 -0 20 1 -0 0 0 
67415 876 -0 3 -0 20 1 -0 0 0 
67420 874 -0 3 -0 20 1 -0 0 0 
67425 876 -0 3 -0 20 1 -0 0 0 
67430 874 -0 3 -0 20 1 -0 0 0 
67435 876 -0 3 -0 20 1 -0 0 0 
67440 876 -0 3 -0 20 1 -0 0 0 
67445 876 -0 3 -0 20 1 -0 0 0 
67450 876 -0 -0 -0 20 1 -0 0 0 
67455 874 -0 3 -0 20 1 -0 0 0 
67460 874 -0 3 -0 20 1 -0 0 0 
67465 876 -0 -0 -0 20 1 -0 0 0 
67470 876 -0 3 -0 20 1 -0 0 0 
67475 874 -0 3 -0 20 1 -0 0 0 
67480 876 -0 3 -0 20 1 -0 0 0 
67485 876 -0 3 -0 20 1 -0 0 0 
67490 876 -0 3 -0 20 1 -0 0 0 
67495 876 -0 3 -0 20 1 -0 0 0 
67500 876 -0 3 -0 20 1 -0 0 0 
67505 876 -0 3 -0 20 1 -0 0 0 
67510 876 -0 3 -0 20 1 -0 0 0 
67515 874 -0 3 -0 20 1 -0 0 0 
67520 876 -0 -0 -0 20 1 -0 0 0 
67525 876 -0 3 -0 20 1 -0 0 0 
67530 876 -0 3 -0 20 1 -0 0 0 
67535 876 -0 3 -0 20 1 -0 0 0 
67540 876 -0 3 -0 20 1 -0 0 0 
67545 876 -0 3 -0 20 1 -0 0 0 
67550 876 -0 -0 -0 20 1 -0 0 0 
67555 874 -0 3 -0 20 1 -0 0 0 
67560 876 -0 -0 -0 20 1 -0 0 0 
67565 876 -0 3 -0 20 1 -0 0 0 
67570 874 -0 3 -0 20 1 -0 0 0 
67575 876 -0 -0 -0 20 1 -0 0 0 
67580 874 -0 -0 -0 20 1 -0 0 0 
67585 876 -0 3 -0 20 1 -0 0 0 
67590 876 -0 -0 -0 20 1 -0 0 0 
67595 876 -0 3 -0 20 1 -0 0 0 
67600 874 -5 3 -5 20 1 -5 0 0 
67605 876 -0 -0 -0 20 1 -0 0 0 
67610 876 -5 3 -5 20 1 -5 0 0 
67615 876 -0 3 -0 20 1 -0 0 0 
67620 876 -5 -0 -5 20 1 -5 0 0 
67625 876 -0 3 -0 20 1 -0 0 0 
67630 874 -0 3 -0 20 1 -0 0 0 
67635 876 -0 3 -0 20 1 -0 0 0 
67640 876 -0 -0 -0 20 1 -0 0 0 
67645 876 -0 -0 -0 20 1 -0 0 0 
67650 876 -0 3 -0 20 1 -0 0 0 
67655 874 -0 3 -0 20 1 -0 0 0 
67660 874 -0 -0 -0 20 1 -0 0 0 
67665 876 -0 -0 -0 20 1 -0 0 0 
67670 876 -0 3 -0 20 1 -0 0 0 
67675 874 -0 3 -0 20 1 -0 0 0 
67680 876 -0 -0 -0 20 1 -0 0 0 
67685 876 -0 -0 -0 20 1 -0 0 0 
67690 876 -0 -0 -0 20 1 -0 0 0 
67695 874 -0 -0 -0 20 1 -0 0 0 
67700 874 -0 -0 -0 20 1 -0 0 0 
67705 876 -5 3 -5 20 1 -5 0 0 
67710 874 -0 -0 -0 20 1 -0 0 0 
67715 876 -0 3 -0 20 1 -0 0 0 
67720 876 -0 -0 -0 20 1 -0 0 0 
67725 874 -0 -0 -0 20 1 -0 0 0 
67730 876 -0 -0 -0 20 1 -0 0 0 
67735 876 -0 3 -0 20 1 -0 0 0 
67740 876 -0 3 -0 20 1 -0 0 0 
67745 876 -0 -0 -0 20 1 -0 0 0 
67750 874 -0 3 -0 20 1 -0 0 0 
67755 876 -0 3 -0 20 1 -0 0 0 
67760 876 -0 -0 -0 20 1 -0 0 0 
67765 876 -0 3 -0 20 1 -0 0 0 
67770 876 -0 3 -0 20 1 -0 0 0 
67775 876 -0 -0 -0 20 1 -0 0 0 
67780 876 -0 3 -0 20 1 -0 0 0 
67785 876 -0 3 -0 20 1 -0 0 0 
67790 876 -0 3 -0 20 1 -0 0 0 
67795 876 -0 3 -0 20 1 -0 0 0 
67800 876 -0 3 -0 20 1 -0 0 0 
67805 876 -0 -0 -0 20 1 -0 0 0 
67810 876 -0 3 -0 20 1 -0 0 0 
67815 874 -0 3 -0 20 1 -0 0 0 
67820 876 -0 3 -0 20 1 -0 0 0 
67825 876 -0 3 -0 20 1 -0 0 0 
67830 876 -0 -0 -0 20 1 -0 0 0 
67835 876 -0 -0 -0 20 1 -0 0 0 
67840 874 -0 3 -0 20 1 -0 0 0 
67845 874 -0 3 -0 20 1 -0 0 0 
67850 876 -0 3 -0 20 1 -0 0 0 
67855 876 -0 -0 -0 20 1 -0 0 0 
67860 876 -0 3 -0 20 1 -0 0 0 
67865 876 -0 3 -0 20 1 -0 0 0 
67870 874 -0 -0 -0 20 1 -0 0 0 
67875 876 -0 3 -0 20 1 -0 0 0 
67880 876 -0 3 -0 20 1 -0 0 0 
67885 876 -0 3 -0 20 1 -0 0 0 
67890 876 -0 5 -0 20 1 -0 0 0 
67895 874 -0 3 -0 20 1 -0 0 0 
67900 876 -0 3 -0 20 1 -0 0 0 
67905 876 -0 3 -0 20 1 -0 0 0 
67910 876 -5 3 -5 20 1 -5 0 0 
67915 876 -0 3 -0 20 1 -0 0 0 
67920 876 -0 -0 -0 20 1 -0 0 0 
67925 876 -0 3 -0 20 1 -0 0 0 
67930 876 -0 3 -0 20 1 -0 0 0 
67935 874 -0 -0 -0 20 1 -0 0 0 
67940 874 -0 -0 -0 20 1 -0 0 0 
67945 876 -0 3 -0 20 1 -0 0 0 
67950 876 -0 3 -0 20 1 -0 0 0 
67955 876 -0 -0 -0 20 1 -0 0 0 
67960 876 -5 3 -5 20 1 -5 0 0 
67965 876 -0 3 -0 20 1 -0 0 0 
67970 876 -0 3 -0 20 1 -0 0 0 
67975 876 -0 -0 -0 20 1 -0 0 0 
67980 876 -0 3 -0 20 1 -0 0 0 
67985 874 -0 3 -0 20 1 -0 0 0 
67990 876 -0 -0 -0 20 1 -0 0 0 
67995 876 -0 3 -0 20 1 -0 0 0 
68000 876 -0 3 -0 20 1 -0 0 0 
68005 876 -0 -0 -0 20 1 -0 0 0 
68010 876 -0 3 -0 20 1 -0 0 0 
68015 876 -0 -0 -0 20 1 -0 0 0 
68020 876 -0 3 -0 20 1 -0 0 0 
68025 876 -0 -0 -0 20 1 -0 0 0 
68030 876 -0 -0 -0 20 1 -0 0 0 
68035 874 -0 3 -0 20 1 -0 0 0 
68040 876 -0 -0 -0 20 1 -0 0 0 
68045 876 -0 3 -0 20 1 -0 0 0 
68050 876 -0 3 -0 20 1 -0 0 0 
68055 876 -0 3 -0 20 1 -0 0 0 
68060 876 -0 3 -0 20 1 -0 0 0 
68065 876 -5 -0 -5 20 1 -5 0 0 
68070 876 -0 -0 -0 20 1 -0 0 0 
68075 876 -5 3 -5 20 1 -5 0 0 
68080 876 -0 -0 -0 20 1 -0 0 0 
68085 876 -0 3 -0 20 1 -0 0 0 
68090 874 -0 3 -0 20 1 -0 0 0 
68095 876 -0 3 -0 20 1 -0 0 0 
68100 876 -0 -0 -0 20 1 -0 0 0 
68105 876 -0 3 -0 20 1 -0 0 0 
68110 876 -0 -0 -0 20 1 -0 0 0 
68115 876 -0 3 -0 20 1 -0 0 0 
68120 876 -0 3 -0 20 1 -0 0 0 
68125 876 -0 3 -0 20 1 -0 0 0 
68130 874 -5 3 -5 20 1 -5 0 0 
68135 876 -0 3 -0 20 1 -0 0 0 
68140 876 -0 -0 -0 20 1 -0 0 0 
68145 876 -0 3 -0 20 1 -0 0 0 
68150 876 -0 3 -0 20 1 -0 0 0 
68155 874 -0 3 -0 20 1 -0 0 0 
68160 874 -0 -0 -0 20 1 -0 0 0 
68165 876 -0 3 -0 20 1 -0 0 0 
68170 876 -0 3 -0 20 1 -0 0 0 
68175 876 -0 -0 -0 20 1 -0 0 0 
68180 874 -0 3 -0 20 1 -0 0 0 
68185 876 -0 -0 -0 20 1 -0 0 0 
68190 876 -0 -0 -0 20 1 -0 0 0 
68195 876 -0 -0 -0 20 1 -0 0 0 
68200 876 -0 3 -0 20 1 -0 0 0 
68205 876 -0 3 -0 20 1 -0 0 0 
68210 876 -0 3 -0 20 1 -0 0 0 
68215 874 -0 -0 -0 20 1 -0 0 0 
68220 874 -0 3 -0 20 1 -0 0 0 
68225 874 -0 3 -0 20 1 -0 0 0 
68230 876 -0 3 -0 20 1 -0 0 0 
68235 876 -0 3 -0 20 1 -0 0 0 
68240 876 -0 3 -0 20 1 -0 0 0 
68245 876 -0 3 -0 20 1 -0 0 0 
68250 876 -0 3 -0 20 1 -0 0 0 
68255 876 -0 -0 -0 20 1 -0 0 0 
68260 876 -0 3 -0 20 1 -0 0 0 
68265 876 -0 -0 -0 20 1 -0 0 0 
68270 876 -0 3 -0 20 1 -0 0 0 
68275 876 -0 -0 -0 20 1 -0 0 0 
68280 876 -0 3 -0 20 1 -0 0 0 
68285 876 -5 3 -5 20 1 -5 0 0 
68290 874 -0 -0 -0 20 1 -0 0 0 
68295 876 -0 -0 -0 20 1 -0 0 0 
68300 876 -5 3 -5 20 1 -5 0 0 
68305 876 -5 3 -5 20 1 -5 0 0 
68310 874 -5 -0 -5 20 1 -5 0 0 
68315 876 -5 3 -5 20 1 -5 0 0 
68320 874 -5 3 -5 20 1 -5 0 0 
68325 876 -5 3 -5 20 1 -5 0 0 
68330 876 -0 -0 -0 20 1 -0 0 0 
68335 874 -5 3 -5 20 1 -5 0 0 
68340 874 -0 -0 -0 20 1 -0 0 0 
68345 874 -0 -0 -0 20 1 -0 0 0 
68350 876 -0 3 -0 20 1 -0 0 0 
68355 874 -0 -0 -0 20 1 -0 0 0 
68360 876 -0 3 -0 20 1 -0 0 0 
68365 876 -0 3 -0 20 1 -0 0 0 
68370 874 -0 3 -0 20 1 -0 0 0 
68375 874 -5 3 -5 20 1 -5 0 0 
68380 876 -0 3 -0 20 1 -0 0 0 
68385 874 -0 3 -0 20 1 -0 0 0 
68390 876 -0 -0 -0 20 1 -0 0 0 
68395 874 -0 -0 -0 20 1 -0 0 0 
68400 876 -0 3 -0 20 1 -0 0 0 
68405 876 -0 -0 -0 20 1 -0 0 0 
68410 876 -0 3 -0 20 1 -0 0 0 
68415 874 -0 -0 -0 20 1 -0 0 0 
68420 876 -0 3 -0 20 1 -0 0 0 
68425 876 -0 -0 -0 20 1 -0 0 0 
68430 874 -0 3 -0 20 1 -0 0 0 
68435 874 -0 -0 -0 20 1 -0 0 0 
68440 874 -0 -0 -0 20 1 -0 0 0 
68445 876 -5 -0 -5 20 1 -5 0 0 
68450 876 -0 -0 -0 20 1 -0 0 0 
68455 874 -0 3 -0 20 1 -0 0 0 
68460 874 -5 3 -5 20 1 -5 0 0 
68465 876 -0 3 -0 20 1 -0 0 0 
68470 874 -0 3 -0 20 1 -0 0 0 
68475 874 -0 3 -0 20 1 -0 0 0 
68480 876 -0 3 -0 20 1 -0 0 0 
68485 874 -0 3 -0 20 1 -0 0 0 
68490 876 -0 3 -0 20 1 -0 0 0 
68495 876 -0 3 -0 20 1 -0 0 0 
68500 874 -0 3 -0 20 1 -0 0 0 
68505 874 -0 3 -0 20 1 -0 0 0 
68510 874 -0 -0 -0 20 1 -0 0 0 
68515 876 -0 3 -0 20 1 -0 0 0 
68520 874 -0 3 -0 20 1 -0 0 0 
68525 874 -0 -0 -0 20 1 -0 0 0 
68530 874 -0 3 -0 20 1 -0 0 0 
68535 874 -0 3 -0 20 1 -0 0 0 
68540 874 -0 3 -0 20 1 -0 0 0 
68545 874 -0 3 -0 20 1 -0 0 0 
68550 874 -0 3 -0 20 1 -0 0 0 
68555 874 -0 -0 -0 20 1 -0 0 0 
68560 874 -0 3 -0 20 1 -0 0 0 
68565 876 -0 3 -0 20 1 -0 0 0 
68570 874 -0 3 -0 20 1 -0 0 0 
68575 874 -0 -0 -0 20 1 -0 0 0 
68580 876 -0 3 -0 20 1 -0 0 0 
68585 874 -0 3 -0 20 1 -0 0 0 
68590 874 -0 3 -0 20 1 -0 0 0 
68595 874 -0 3 -0 20 1 -0 0 0 
68600 876 -0 3 -0 20 1 -0 0 0 
68605 874 -0 3 -0 20 1 -0 0 0 
68610 876 -0 3 -0 20 1 -0 0 0 
68615 874 -0 3 -0 20 1 -0 0 0 
68620 874 -0 3 -0 20 1 -0 0 0 
68625 874 -0 3 -0 20 1 -0 0 0 
68630 874 -0 -0 -0 20 1 -0 0 0 
68635 874 -0 3 -0 20 1 -0 0 0 
68640 874 -0 3 -0 20 1 -0 0 0 
68645 874 -0 3 -0 20 1 -0 0 0 
68650 876 -0 3 -0 20 1 -0 0 0 
68655 876 -0 3 -0 20 1 -0 0 0 
68660 874 -0 -0 -0 20 1 -0 0 0 
68665 876 -0 3 -0 20 1 -0 0 0 
68670 874 -0 3 -0 20 1 -0 0 0 
68675 874 -0 -0 -0 20 1 -0 0 0 
68680 874 -0 -0 -0 20 1 -0 0 0 
68685 874 -0 3 -0 20 1 -0 0 0 
68690 874 -0 3 -0 20 1 -0 0 0 
68695 874 -0 3 -0 20 1 -0 0 0 
68700 874 -0 -0 -0 20 1 -0 0 0 
68705 874 -0 3 -0 20 1 -0 0 0 
68710 874 -0 -0 -0 20 1 -0 0 0 
68715 874 -0 3 -0 20 1 -0 0 0 
68720 874 -0 3 -0 20 1 -0 0 0 
68725 874 -0 -0 -0 20 1 -0 0 0 
68730 874 -0 -0 -0 20 1 -0 0 0 
68735 874 -0 3 -0 20 1 -0 0 0 
68740 874 -0 3 -0 20 1 -0 0 0 
68745 874 -0 3 -0 20 1 -0 0 0 
68750 876 -0 3 -0 20 1 -0 0 0 
68755 874 -0 -0 -0 20 1 -0 0 0 
68760 874 -0 3 -0 20 1 -0 0 0 
68765 874 -0 3 -0 20 1 -0 0 0 
68770 874 -0 3 -0 20 1 -0 0 0 
68775 874 -0 -0 -0 20 1 -0 0 0 
68780 874 -0 3 -0 20 1 -0 0 0 
68785 876 -0 3 -0 20 1 -0 0 0 
68790 874 -0 3 -0 20 1 -0 0 0 
68795 874 -0 3 -0 20 1 -0 0 0 
68800 874 -0 3 -0 20 1 -0 0 0 
68805 876 -0 -0 -0 20 1 -0 0 0 
68810 874 -0 -0 -0 20 1 -0 0 0 
68815 874 -0 3 -0 20 1 -0 0 0 
68820 874 -0 3 -0 20 1 -0 0 0 
68825 876 -0 3 -0 20 1 -0 0 0 
68830 874 -0 3 -0 20 1 -0 0 0 
68835 874 -0 3 -0 20 1 -0 0 0 
68840 876 -0 3 -0 20 1 -0 0 0 
68845 874 -0 3 -0 20 1 -0 0 0 
68850 874 -0 3 -0 20 1 -0 0 0 
68855 874 -0 3 -0 20 1 -0 0 0 
68860 874 -0 3 -0 20 1 -0 0 0 
68865 874 -0 3 -0 20 1 -0 0 0 
68870 874 -0 3 -0 20 1 -0 0 0 
68875 876 -0 3 -0 20 1 -0 0 0 
68880 874 -0 3 -0 20 1 -0 0 0 
68885 874 -0 3 -0 20 1 -0 0 0 
68890 874 -0 3 -0 20 1 -0 0 0 
68895 874 -0 3 -0 20 1 -0 0 0 
68900 874 -0 3 -0 20 1 -0 0 0 
68905 874 5 -0 5 20 1 5 0 0 
68910 874 -0 3 -0 20 1 -0 0 0 
68915 874 -0 3 -0 20 1 -0 0 0 
68920 874 -0 -0 -0 20 1 -0 0 0 
68925 874 -0 3 -0 20 1 -0 0 0 
68930 874 -0 3 -0 20 1 -0 0 0 
68935 874 -0 3 -0 20 1 -0 0 0 
68940 874 -0 3 -0 20 1 -0 0 0 
68945 874 -0 3 -0 20 1 -0 0 0 
68950 874 -0 3 -0 20 1 -0 0 0 
68955 874 -0 3 -0 20 1 -0 0 0 
68960 874 -0 3 -0 20 1 -0 0 0 
68965 874 -0 3 -0 20 1 -0 0 0 
68970 874 -0 3 -0 20 1 -0 0 0 
68975 874 -0 -0 -0 20 1 -0 0 0 
68980 876 -0 3 -0 20 1 -0 0 0 
68985 874 -0 -0 -0 20 1 -0 0 0 
68990 876 -0 3 -0 20 1 -0 0 0 
68995 874 -0 3 -0 20 1 -0 0 0 
69000 876 -0 3 -0 20 1 -0 0 0 
69005 874 -0 3 -0 20 1 -0 0 0 
69010 874 -0 3 -0 20 1 -0 0 0 
69015 874 -0 3 -0 20 1 -0 0 0 
69020 874 -0 3 -0 20 1 -0 0 0 
69025 874 -0 3 -0 20 1 -0 0 0 
69030 874 -0 -0 -0 20 1 -0 0 0 
69035 874 -0 3 -0 20 1 -0 0 0 
69040 874 -0 -0 -0 20 1 -0 0 0 
69045 874 -0 3 -0 20 1 -0 0 0 
69050 874 -0 3 -0 20 1 -0 0 0 
69055 874 -0 3 -0 20 1 -0 0 0 
69060 874 -0 3 -0 20 1 -0 0 0 
69065 874 -0 3 -0 20 1 -0 0 0 
69070 874 -0 -0 -0 20 1 -0 0 0 
69075 874 -0 3 -0 20 1 -0 0 0 
69080 874 -0 3 -0 20 1 -0 0 0 
69085 874 -0 3 -0 20 1 -0 0 0 
69090 874 -0 3 -0 20 1 -0 0 0 
69095 874 -0 -0 -0 20 1 -0 0 0 
69100 876 -0 3 -0 20 1 -0 0 0 
69105 874 -0 3 -0 20 1 -0 0 0 
69110 874 -0 -0 -0 20 1 -0 0 0 
69115 874 -0 3 -0 20 1 -0 0 0 
69120 874 -0 3 -0 20 1 -0 0 0 
69125 874 -0 3 -0 20 1 -0 0 0 
69130 874 -0 3 -0 20 1 -0 0 0 
69135 874 -0 -0 -0 20 1 -0 0 0 
69140 874 -0 3 -0 20 1 -0 0 0 
69145 874 -0 -0 -0 20 1 -0 0 0 
69150 876 -0 -0 -0 20 1 -0 0 0 
69155 874 -0 3 -0 20 1 -0 0 0 
69160 874 -0 -0 -0 20 1 -0 0 0 
69165 874 -0 3 -0 20 1 -0 0 0 
69170 876 -0 3 -0 20 1 -0 0 0 
69175 874 -0 3 -0 20 1 -0 0 0 
69180 876 -0 3 -0 20 1 -0 0 0 
69185 874 -0 -0 -0 20 1 -0 0 0 
69190 874 -0 3 -0 20 1 -0 0 0 
69195 874 -0 3 -0 20 1 -0 0 0 
69200 874 -0 3 -0 20 1 -0 0 0 
69205 874 -0 3 -0 20 1 -0 0 0 
69210 874 -0 3 -0 20 1 -0 0 0 
69215 874 -0 3 -0 20 1 -0 0 0 
69220 876 -0 3 -0 20 1 -0 0 0 
69225 874 -0 -0 -0 20 1 -0 0 0 
69230 874 -0 3 -0 20 1 -0 0 0 
69235 874 -0 3 -0 20 1 -0 0 0 
69240 874 -0 -0 -0 20 1 -0 0 0 
69245 876 -0 3 -0 20 1 -0 0 0 
69250 874 -0 3 -0 20 1 -0 0 0 
69255 874 -0 3 -0 20 1 -0 0 0 
69260 874 -0 3 -0 20 1 -0 0 0 
69265 876 -0 3 -0 20 1 -0 0 0 
69270 874 -0 3 -0 20 1 -0 0 0 
69275 874 -0 3 -0 20 1 -0 0 0 
69280 876 -0 3 -0 20 1 -0 0 0 
69285 876 -0 3 -0 20 1 -0 0 0 
69290 874 5 3 5 20 1 5 0 0 
69295 874 -0 3 -0 20 1 -0 0 0 
69300 874 -0 3 -0 20 1 -0 0 0 
69305 874 5 3 5 20 1 5 0 0 
69310 874 -0 3 -0 20 1 -0 0 0 
69315 876 -0 3 -0 20 1 -0 0 0 
69320 874 -0 3 -0 20 1 -0 0 0 
69325 874 -0 3 -0 20 1 -0 0 0 
69330 874 -0 3 -0 20 1 -0 0 0 
69335 874 -0 3 -0 20 1 -0 0 0 
69340 874 -0 3 -0 20 1 -0 0 0 
69345 876 -0 3 -0 20 1 -0 0 0 
69350 876 5 3 5 20 1 5 0 0 
69355 874 -0 3 -0 20 1 -0 0 0 
69360 874 -0 3 -0 20 1 -0 0 0 
69365 874 -0 3 -0 20 1 -0 0 0 
69370 874 -0 3 -0 20 1 -0 0 0 
69375 874 -0 3 -0 20 1 -0 0 0 
69380 874 -0 3 -0 20 1 -0 0 0 
69385 874 -0 3 -0 20 1 -0 0 0 
69390 876 5 -0 5 20 1 5 0 0 
69395 874 5 3 5 20 1 5 0 0 
69400 874 -0 3 -0 20 1 -0 0 0 
69405 874 -0 3 -0 20 1 -0 0 0 
69410 876 -0 3 -0 20 1 -0 0 0 
69415 874 -0 3 -0 20 1 -0 0 0 
69420 874 -0 3 -0 20 1 -0 0 0 
69425 874 -0 3 -0 20 1 -0 0 0 
69430 874 -0 3 -0 20 1 -0 0 0 
69435 874 -0 3 -0 20 1 -0 0 0 
69440 874 -0 -0 -0 20 1 -0 0 0 
69445 874 -0 3 -0 20 1 -0 0 0 
69450 874 -0 3 -0 20 1 -0 0 0 
69455 876 -0 3 -0 20 1 -0 0 0 
69460 874 -0 -0 -0 20 1 -0 0 0 
69465 874 -0 -0 -0 20 1 -0 0 0 
69470 874 -0 3 -0 20 1 -0 0 0 
69475 876 -0 3 -0 20 1 -0 0 0 
69480 874 -0 -0 -0 20 1 -0 0 0 
69485 874 -0 3 -0 20 1 -0 0 0 
69490 876 -0 3 -0 20 1 -0 0 0 
69495 876 -0 3 -0 20 1 -0 0 0 
69500 876 -0 -0 -0 20 1 -0 0 0 
69505 874 -0 -0 -0 20 1 -0 0 0 
69510 874 5 3 5 20 1 5 0 0 
69515 874 -0 3 -0 20 1 -0 0 0 
69520 876 -0 3 -0 20 1 -0 0 0 
69525 876 -0 -0 -0 20 1 -0 0 0 
69530 876 -0 3 -0 20 1 -0 0 0 
69535 876 -0 3 -0 20 1 -0 0 0 
69540 874 -0 3 -0 20 1 -0 0 0 
69545 874 -0 3 -0 20 1 -0 0 0 
69550 874 -0 3 -0 20 1 -0 0 0 
69555 874 -0 3 -0 20 1 -0 0 0 
69560 876 -0 -0 -0 20 1 -0 0 0 
69565 876 -0 3 -0 20 1 -0 0 0 
69570 876 -0 3 -0 20 1 -0 0 0 
69575 876 -0 3 -0 20 1 -0 0 0 
69580 876 -0 3 -0 20 1 -0 0 0 
69585 876 -0 3 -0 20 1 -0 0 0 
69590 876 -0 -0 -0 20 1 -0 0 0 
69595 876 -0 3 -0 20 1 -0 0 0 
69600 874 -0 -0 -0 20 1 -0 0 0 
69605 874 -0 3 -0 20 1 -0 0 0 
69610 876 -0 -0 -0 20 1 -0 0 0 
69615 874 -0 3 -0 20 1 -0 0 0 
69620 876 -0 3 -0 20 1 -0 0 0 
69625 876 -0 5 -0 20 1 -0 0 0 
69630 876 -0 3 -0 20 1 -0 0 0 
69635 876 -0 3 -0 20 1 -0 0 0 
69640 876 -0 3 -0 20 1 -0 0 0 
69645 876 -0 3 -0 20 1 -0 0 0 
69650 874 -0 3 -0 20 1 -0 0 0 
69655 876 -0 3 -0 20 1 -0 0 0 
69660 876 -0 3 -0 20 1 -0 0 0 
69665 874 -0 -0 -0 20 1 -0 0 0 
69670 876 -0 3 -0 20 1 -0 0 0 
69675 876 -0 3 -0 20 1 -0 0 0 
69680 874 -0 3 -0 20 1 -0 0 0 
69685 876 -0 3 -0 20 1 -0 0 0 
69690 876 -0 3 -0 20 1 -0 0 0 
69695 876 -0 3 -0 20 1 -0 0 0 
69700 874 -0 3 -0 20 1 -0 0 0 
69705 876 -0 -0 -0 20 1 -0 0 0 
69710 876 -0 3 -0 20 1 -0 0 0 
69715 874 -0 -0 -0 20 1 -0 0 0 
69720 874 -0 3 -0 20 1 -0 0 0 
69725 874 -0 3 -0 20 1 -0 0 0 
69730 874 -0 3 -0 20 1 -0 0 0 
69735 876 -0 -0 -0 20 1 -0 0 0 
69740 876 -0 3 -0 20 1 -0 0 0 
69745 874 -0 3 -0 20 1 -0 0 0 
69750 876 -0 3 -0 20 1 -0 0 0 
69755 876 -0 3 -0 20 1 -0 0 0 
69760 876 -0 3 -0 20 1 -0 0 0 
69765 874 -0 3 -0 20 1 -0 0 0 
69770 876 -0 3 -0 20 1 -0 0 0 
69775 874 -0 3 -0 20 1 -0 0 0 
69780 876 -0 3 -0 20 1 -0 0 0 
69785 876 -0 3 -0 20 1 -0 0 0 
69790 876 -0 3 -0 20 1 -0 0 0 
69795 876 -0 3 -0 20 1 -0 0 0 
69800 876 -0 -0 -0 20 1 -0 0 0 
69805 874 -0 3 -0 20 1 -0 0 0 
69810 876 -0 3 -0 20 1 -0 0 0 
69815 876 -0 3 -0 20 1 -0 0 0 
69820 876 -0 -0 -0 20 1 -0 0 0 
69825 876 -0 3 -0 20 1 -0 0 0 
69830 876 -0 3 -0 20 1 -0 0 0 
69835 876 -0 3 -0 20 1 -0 0 0 
69840 876 -0 -0 -0 20 1 -0 0 0 
69845 876 -0 3 -0 20 1 -0 0 0 
69850 874 -0 3 -0 20 1 -0 0 0 
69855 876 -0 3 -0 20 1 -0 0 0 
69860 876 -0 3 -0 20 1 -0 0 0 
69865 874 -0 -0 -0 20 1 -0 0 0 
69870 876 -0 3 -0 20 1 -0 0 0 
69875 876 -0 3 -0 20 1 -0 0 0 
69880 876 -0 3 -0 20 1 -0 0 0 
69885 876 -0 3 -0 20 1 -0 0 0 
69890 876 -0 3 -0 20 1 -0 0 0 
69895 876 -0 -0 -0 20 1 -0 0 0 
69900 874 -0 3 -0 20 1 -0 0 0 
69905 876 -0 -0 -0 20 1 -0 0 0 
69910 874 -0 3 -0 20 1 -0 0 0 
69915 876 -0 3 -0 20 1 -0 0 0 
69920 874 -0 -0 -0 20 1 -0 0 0 
69925 876 -0 3 -0 20 1 -0 0 0 
69930 876 -0 -0 -0 20 1 -0 0 0 
69935 876 -0 -0 -0 20 1 -0 0 0 
69940 876 -0 3 -0 20 1 -0 0 0 
69945 876 -0 3 -0 20 1 -0 0 0 
69950 876 -0 3 -0 20 1 -0 0 0 
69955 876 -0 3 -0 20 1 -0 0 0 
69960 874 -0 3 -0 20 1 -0 0 0 
69965 876 -0 3 -0 20 1 -0 0 0 
69970 876 -0 -0 -0 20 1 -0 0 0 
69975 876 -0 3 -0 20 1 -0 0 0 
69980 876 -0 -0 -0 20 1 -0 0 0 
69985 876 -0 3 -0 20 1 -0 0 0 
69990 876 -0 3 -0 20 1 -0 0 0 
69995 876 -0 3 -0 20 1 -0 0 0 
70000 876 -0 3 -0 20 1 -0 0 0 
70005 874 -0 3 -0 20 1 -0 0 0 
70010 876 -0 -0 -0 20 1 -0 0 0 
70015 876 -0 3 -0 20 1 -0 0 0 
70020 876 -0 3 -0 20 1 -0 0 0 
70025 876 -0 3 -0 20 1 -0 0 0 
70030 876 -0 3 -0 20 1 -0 0 0 
70035 876 -0 3 -0 20 1 -0 0 0 
70040 874 -0 3 -0 20 1 -0 0 0 
70045 876 -0 3 -0 20 1 -0 0 0 
70050 876 -0 3 -0 20 1 -0 0 0 
70055 876 -0 -0 -0 20 1 -0 0 0 
70060 876 -0 -0 -0 20 1 -0 0 0 
70065 876 -0 -0 -0 20 1 -0 0 0 
70070 874 -0 -0 -0 20 1 -0 0 0 
70075 876 -0 -0 -0 20 1 -0 0 0 
70080 874 -0 -0 -0 20 1 -0 0 0 
70085 876 -0 3 -0 20 1 -0 0 0 
70090 876 -0 3 -0 20 1 -0 0 0 
70095 876 -0 3 -0 20 1 -0 0 0 
70100 876 -0 3 -0 20 1 -0 0 0 
70105 874 -0 3 -0 20 1 -0 0 0 
70110 876 -0 3 -0 20 1 -0 0 0 
70115 876 -0 3 -0 20 1 -0 0 0 
70120 874 -0 3 -0 20 1 -0 0 0 
70125 874 -0 3 -0 20 1 -0 0 0 
70130 876 -0 3 -0 20 1 -0 0 0 
70135 874 -0 3 -0 20 1 -0 0 0 
70140 876 -0 3 -0 20 1 -0 0 0 
70145 876 -0 3 -0 20 1 -0 0 0 
70150 876 -0 3 -0 20 1 -0 0 0 
70155 876 -0 3 -0 20 1 -0 0 0 
70160 874 -0 -0 -0 20 1 -0 0 0 
70165 876 -0 -0 -0 20 1 -0 0 0 
70170 874 -0 3 -0 20 1 -0 0 0 
70175 876 -0 3 -0 20 1 -0 0 0 
70180 876 -0 3 -0 20 1 -0 0 0 
70185 876 -0 3 -0 20 1 -0 0 0 
70190 874 -0 -0 -0 20 1 -0 0 0 
70195 876 -0 3 -0 20 1 -0 0 0 
70200 876 -0 5 -0 20 1 -0 0 0 
70205 876 -0 3 -0 20 1 -0 0 0 
70210 876 -0 3 -0 20 1 -0 0 0 
70215 874 -0 -0 -0 20 1 -0 0 0 
70220 876 -0 -0 -0 20 1 -0 0 0 
70225 876 -0 3 -0 20 1 -0 0 0 
70230 876 -0 3 -0 20 1 -0 0 0 
70235 876 -0 3 -0 20 1 -0 0 0 
70240 876 -0 3 -0 20 1 -0 0 0 
70245 876 -0 3 -0 20 1 -0 0 0 
70250 876 -0 3 -0 20 1 -0 0 0 
70255 876 -0 3 -0 20 1 -0 0 0 
70260 876 -0 3 -0 20 1 -0 0 0 
70265 874 -0 -0 -0 20 1 -0 0 0 
70270 876 -0 -0 -0 20 1 -0 0 0 
70275 876 -0 -0 -0 20 1 -0 0 0 
70280 876 -0 3 -0 20 1 -0 0 0 
70285 876 -0 3 -0 20 1 -0 0 0 
70290 876 -0 -0 -0 20 1 -0 0 0 
70295 876 -0 -0 -0 20 1 -0 0 0 
70300 874 -0 3 -0 20 1 -0 0 0 
70305 876 -0 -0 -0 20 1 -0 0 0 
70310 876 -0 3 -0 20 1 -0 0 0 
70315 876 -0 3 -0 20 1 -0 0 0 
70320 876 -0 3 -0 20 1 -0 0 0 
70325 876 -0 3 -0 20 1 -0 0 0 
70330 876 -0 -0 -0 20 1 -0 0 0 
70335 876 -0 3 -0 20 1 -0 0 0 
70340 874 -0 3 -0 20 1 -0 0 0 
70345 876 -0 3 -0 20 1 -0 0 0 
70350 874 -0 -0 -0 20 1 -0 0 0 
70355 876 -0 3 -0 20 1 -0 0 0 
70360 876 -0 3 -0 20 1 -0 0 0 
70365 876 -0 3 -0 20 1 -0 0 0 
70370 876 -0 -0 -0 20 1 -0 0 0 
70375 876 -0 3 -0 20 1 -0 0 0 
70380 876 -0 3 -0 20 1 -0 0 0 
70385 874 -0 3 -0 20 1 -0 0 0 
70390 874 -0 3 -0 20 1 -0 0 0 
70395 876 -0 -0 -0 20 1 -0 0 0 
70400 876 -0 -0 -0 20 1 -0 0 0 
70405 876 -0 3 -0 20 1 -0 0 0 
70410 876 -0 -0 -0 20 1 -0 0 0 
70415 876 -0 -0 -0 20 1 -0 0 0 
70420 874 -0 3 -0 20 1 -0 0 0 
70425 874 -0 3 -0 20 1 -0 0 0 
70430 874 -0 3 -0 20 1 -0 0 0 
70435 874 -0 3 -0 20 1 -0 0 0 
70440 876 -0 3 -0 20 1 -0 0 0 
70445 876 -0 3 -0 20 1 -0 0 0 
70450 876 -0 3 -0 20 1 -0 0 0 
70455 876 -0 3 -0 20 1 -0 0 0 
70460 876 -0 3 -0 20 1 -0 0 0 
70465 876 -0 3 -0 20 1 -0 0 0 
70470 874 -0 3 -0 20 1 -0 0 0 
70475 876 -0 3 -0 20 1 -0 0 0 
70480 876 -0 3 -0 20 1 -0 0 0 
70485 876 -0 3 -0 20 1 -0 0 0 
70490 876 -0 3 -0 20 1 -0 0 0 
70495 876 -0 3 -0 20 1 -0 0 0 
70500 876 -0 3 -0 20 1 -0 0 0 
70505 876 -0 3 -0 20 1 -0 0 0 
70510 876 -0 3 -0 20 1 -0 0 0 
70515 874 -0 -0 -0 20 1 -0 0 0 
70520 876 -0 3 -0 20 1 -0 0 0 
70525 876 -0 3 -0 20 1 -0 0 0 
70530 876 -0 -0 -0 20 1 -0 0 0 
70535 876 -0 -0 -0 20 1 -0 0 0 
70540 876 -0 3 -0 20 1 -0 0 0 
70545 874 -0 3 -0 20 1 -0 0 0 
70550 876 -0 3 -0 20 1 -0 0 0 
70555 876 -0 3 -0 20 1 -0 0 0 
70560 876 -0 3 -0 20 1 -0 0 0 
70565 874 -0 3 -0 20 1 -0 0 0 
70570 876 -0 3 -0 20 1 -0 0 0 
70575 876 -0 3 -0 20 1 -0 0 0 
70580 876 -0 3 -0 20 1 -0 0 0 
70585 876 -0 5 -0 20 1 -0 0 0 
70590 876 -0 5 -0 20 1 -0 0 0 
70595 874 -0 3 -0 20 1 -0 0 0 
70600 876 -0 3 -0 20 1 -0 0 0 
70605 876 -0 3 -0 20 1 -0 0 0 
70610 874 -0 3 -0 20 1 -0 0 0 
70615 874 -0 3 -0 20 1 -0 0 0 
70620 876 -0 -0 -0 20 1 -0 0 0 
70625 876 -0 3 -0 20 1 -0 0 0 
70630 874 -0 3 -0 20 1 -0 0 0 
70635 876 -0 3 -0 20 1 -0 0 0 
70640 876 -0 3 -0 20 1 -0 0 0 
70645 876 -0 3 -0 20 1 -0 0 0 
70650 874 -0 -0 -0 20 1 -0 0 0 
70655 876 -0 3 -0 20 1 -0 0 0 
70660 876 -0 -0 -0 20 1 -0 0 0 
70665 874 -0 -0 -0 20 1 -0 0 0 
70670 874 -0 3 -0 20 1 -0 0 0 
70675 876 -0 -0 -0 20 1 -0 0 0 
70680 876 -0 -0 -0 20 1 -0 0 0 
70685 874 -0 3 -0 20 1 -0 0 0 
70690 876 -0 -0 -0 20 1 -0 0 0 
70695 874 -0 -0 -0 20 1 -0 0 0 
70700 876 -5 3 -5 20 1 -5 0 0 
70705 876 -0 3 -0 20 1 -0 0 0 
70710 874 -0 3 -0 20 1 -0 0 0 
70715 874 -0 3 -0 20 1 -0 0 0 
70720 874 -0 -0 -0 20 1 -0 0 0 
70725 876 -0 3 -0 20 1 -0 0 0 
70730 876 -0 -0 -0 20 1 -0 0 0 
70735 874 -0 -0 -0 20 1 -0 0 0 
70740 876 -0 3 -0 20 1 -0 0 0 
70745 876 -0 3 -0 20 1 -0 0 0 
70750 874 -0 3 -0 20 1 -0 0 0 
70755 876 -0 3 -0 20 1 -0 0 0 
70760 876 -0 3 -0 20 1 -0 0 0 
70765 876 -0 3 -0 20 1 -0 0 0 
70770 876 -0 3 -0 20 1 -0 0 0 
70775 876 -0 -0 -0 20 1 -0 0 0 
70780 874 -0 3 -0 20 1 -0 0 0 
70785 876 -0 3 -0 20 1 -0 0 0 
70790 876 -0 3 -0 20 1 -0 0 0 
70795 874 -0 3 -0 20 1 -0 0 0 
70800 874 -0 3 -0 20 1 -0 0 0 
70805 876 -0 3 -0 20 1 -0 0 0 
70810 876 -0 3 -0 20 1 -0 0 0 
70815 874 -0 3 -0 20 1 -0 0 0 
70820 874 -0 3 -0 20 1 -0 0 0 
70825 876 -0 -0 -0 20 1 -0 0 0 
70830 876 -0 3 -0 20 1 -0 0 0 
70835 874 -0 3 -0 20 1 -0 0 0 
70840 876 -0 3 -0 20 1 -0 0 0 
70845 876 -0 3 -0 20 1 -0 0 0 
70850 876 -0 3 -0 20 1 -0 0 0 
70855 876 -0 3 -0 20 1 -0 0 0 
70860 874 -0 3 -0 20 1 -0 0 0 
70865 876 -0 3 -0 20 1 -0 0 0 
70870 876 -0 3 -0 20 1 -0 0 0 
70875 876 -0 3 -0 20 1 -0 0 0 
70880 874 -0 -0 -0 20 1 -0 0 0 
70885 876 -0 3 -0 20 1 -0 0 0 
70890 876 -0 3 -0 20 1 -0 0 0 
70895 876 -0 3 -0 20 1 -0 0 0 
70900 876 -0 3 -0 20 1 -0 0 0 
70905 876 -0 -0 -0 20 1 -0 0 0 
70910 876 -0 3 -0 20 1 -0 0 0 
70915 876 -0 3 -0 20 1 -0 0 0 
70920 876 -0 -0 -0 20 1 -0 0 0 
70925 874 -0 3 -0 20 1 -0 0 0 
70930 876 -0 3 -0 20 1 -0 0 0 
70935 876 -0 3 -0 20 1 -0 0 0 
70940 874 -0 3 -0 20 1 -0 0 0 
70945 876 -0 3 -0 20 1 -0 0 0 
70950 874 -0 3 -0 20 1 -0 0 0 
70955 876 -0 3 -0 20 1 -0 0 0 
70960 876 -0 3 -0 20 1 -0 0 0 
70965 874 -0 3 -0 20 1 -0 0 0 
70970 876 -0 5 -0 20 1 -0 0 0 
70975 876 -0 5 -0 20 1 -0 0 0 
70980 876 -0 3 -0 20 1 -0 0 0 
70985 876 -0 3 -0 20 1 -0 0 0 
70990 876 -0 3 -0 20 1 -0 0 0 
70995 876 -5 3 -5 20 1 -5 0 0 
71000 876 -0 3 -0 20 1 -0 0 0 
71005 876 -0 3 -0 20 1 -0 0 0 
71010 876 -0 -0 -0 20 1 -0 0 0 
71015 876 -0 -0 -0 20 1 -0 0 0 
71020 876 -0 3 -0 20 1 -0 0 0 
71025 876 -0 -0 -0 20 1 -0 0 0 
71030 876 -0 3 -0 20 1 -0 0 0 
71035 876 -0 3 -0 20 1 -0 0 0 
71040 876 -0 3 -0 20 1 -0 0 0 
71045 874 -0 3 -0 20 1 -0 0 0 
71050 876 -0 -0 -0 20 1 -0 0 0 
71055 874 -0 -0 -0 20 1 -0 0 0 
71060 876 -0 3 -0 20 1 -0 0 0 
71065 874 -0 3 -0 20 1 -0 0 0 
71070 876 -0 -0 -0 20 1 -0 0 0 
71075 876 -0 -0 -0 20 1 -0 0 0 
71080 874 -0 -0 -0 20 1 -0 0 0 
71085 876 -0 3 -0 20 1 -0 0 0 
71090 876 -0 -0 -0 20 1 -0 0 0 
71095 876 -0 3 -0 20 1 -0 0 0 
71100 874 -0 3 -0 20 1 -0 0 0 
71105 876 -0 -0 -0 20 1 -0 0 0 
71110 876 -0 3 -0 20 1 -0 0 0 
71115 876 -0 3 -0 20 1 -0 0 0 
71120 874 -0 -0 -0 20 1 -0 0 0 
71125 876 -0 3 -0 20 1 -0 0 0 
71130 874 -0 3 -0 20 1 -0 0 0 
71135 874 -0 3 -0 20 1 -0 0 0 
71140 876 -0 3 -0 20 1 -0 0 0 
71145 876 -0 -0 -0 20 1 -0 0 0 
71150 876 -0 3 -0 20 1 -0 0 0 
71155 876 -0 3 -0 20 1 -0 0 0 
71160 874 -0 -0 -0 20 1 -0 0 0 
71165 876 -0 -0 -0 20 1 -0 0 0 
71170 876 -0 3 -0 20 1 -0 0 0 
71175 874 -0 3 -0 20 1 -0 0 0 
71180 874 -0 3 -0 20 1 -0 0 0 
71185 874 -0 -0 -0 20 1 -0 0 0 
71190 876 -0 3 -0 20 1 -0 0 0 
71195 876 -0 3 -0 20 1 -0 0 0 
71200 874 -0 -0 -0 20 1 -0 0 0 
71205 874 -0 3 -0 20 1 -0 0 0 
71210 874 -0 3 -0 20 1 -0 0 0 
71215 874 -0 -0 -0 20 1 -0 0 0 
71220 876 -0 3 -0 20 1 -0 0 0 
71225 876 -0 -0 -0 20 1 -0 0 0 
71230 876 -0 3 -0 20 1 -0 0 0 
71235 876 -0 3 -0 20 1 -0 0 0 
71240 876 -0 -0 -0 20 1 -0 0 0 
71245 876 -0 -0 -0 20 1 -0 0 0 
71250 876 -0 3 -0 20 1 -0 0 0 
71255 874 -0 3 -0 20 1 -0 0 0 
71260 874 -0 3 -0 20 1 -0 0 0 
71265 876 -0 -0 -0 20 1 -0 0 0 
71270 874 -0 3 -0 20 1 -0 0 0 
71275 874 -0 3 -0 20 1 -0 0 0 
71280 874 -0 3 -0 20 1 -0 0 0 
71285 876 -0 3 -0 20 1 -0 0 0 
71290 874 -0 3 -0 20 1 -0 0 0 
71295 876 -0 3 -0 20 1 -0 0 0 
71300 876 -0 3 -0 20 1 -0 0 0 
71305 876 -0 3 -0 20 1 -0 0 0 
71310 876 -0 3 -0 20 1 -0 0 0 
71315 876 -0 -0 -0 20 1 -0 0 0 
71320 876 -0 3 -0 20 1 -0 0 0 
71325 876 -0 3 -0 20 1 -0 0 0 
71330 874 -0 3 -0 20 1 -0 0 0 
71335 876 -0 3 -0 20 1 -0 0 0 
71340 876 -0 3 -0 20 1 -0 0 0 
71345 874 -0 3 -0 20 1 -0 0 0 
71350 876 -0 3 -0 20 1 -0 0 0 
71355 874 -0 5 -0 20 1 -0 0 0 
71360 876 -0 3 -0 20 1 -0 0 0 
71365 876 -0 3 -0 20 1 -0 0 0 
71370 876 -0 3 -0 20 1 -0 0 0 
71375 876 -0 3 -0 20 1 -0 0 0 
71380 876 -0 -0 -0 20 1 -0 0 0 
71385 876 -0 3 -0 20 1 -0 0 0 
71390 876 -0 3 -0 20 1 -0 0 0 
71395 876 -0 3 -0 20 1 -0 0 0 
71400 876 -0 3 -0 20 1 -0 0 0 
71405 876 -0 3 -0 20 1 -0 0 0 
71410 876 -0 3 -0 20 1 -0 0 0 
71415 874 -0 3 -0 20 1 -0 0 0 
71420 876 -0 -0 -0 20 1 -0 0 0 
71425 876 -0 -0 -0 20 1 -0 0 0 
71430 876 -0 3 -0 20 1 -0 0 0 
71435 876 -0 -0 -0 20 1 -0 0 0 
71440 876 -0 3 -0 20 1 -0 0 0 
71445 876 -0 3 -0 20 1 -0 0 0 
71450 874 -5 -0 -5 20 1 -5 0 0 
71455 876 -0 3 -0 20 1 -0 0 0 
71460 876 -0 -0 -0 20 1 -0 0 0 
71465 876 -0 -0 -0 20 1 -0 0 0 
71470 876 -0 3 -0 20 1 -0 0 0 
71475 874 -0 -0 -0 20 1 -0 0 0 
71480 876 -0 3 -0 20 1 -0 0 0 
71485 874 -0 3 -0 20 1 -0 0 0 
71490 876 -0 3 -0 20 1 -0 0 0 
71495 874 -0 3 -0 20 1 -0 0 0 
71500 874 -0 3 -0 20 1 -0 0 0 
71505 876 -0 3 -0 20 1 -0 0 0 
71510 876 -0 -0 -0 20 1 -0 0 0 
71515 876 -0 3 -0 20 1 -0 0 0 
71520 874 -0 -0 -0 20 1 -0 0 0 
71525 876 -0 3 -0 20 1 -0 0 0 
71530 876 -0 -0 -0 20 1 -0 0 0 
71535 874 -0 -0 -0 20 1 -0 0 0 
71540 876 -0 3 -0 20 1 -0 0 0 
71545 876 -0 -0 -0 20 1 -0 0 0 
71550 876 -0 3 -0 20 1 -0 0 0 
71555 876 -0 3 -0 20 1 -0 0 0 
71560 876 -0 -0 -0 20 1 -0 0 0 
71565 876 -0 3 -0 20 1 -0 0 0 
71570 876 -0 3 -0 20 1 -0 0 0 
71575 876 -0 3 -0 20 1 -0 0 0 
71580 874 -0 -0 -0 20 1 -0 0 0 
71585 874 -0 3 -0 20 1 -0 0 0 
71590 876 -0 3 -0 20 1 -0 0 0 
71595 876 -0 -0 -0 20 1 -0 0 0 
71600 876 -0 3 -0 20 1 -0 0 0 
71605 876 -0 3 -0 20 1 -0 0 0 
71610 876 -0 3 -0 20 1 -0 0 0 
71615 876 -0 3 -0 20 1 -0 0 0 
71620 876 -0 3 -0 20 1 -0 0 0 
71625 876 -0 3 -0 20 1 -0 0 0 
71630 876 -0 3 -0 20 1 -0 0 0 
71635 876 -0 3 -0 20 1 -0 0 0 
71640 876 -0 3 -0 20 1 -0 0 0 
71645 874 -0 3 -0 20 1 -0 0 0 
71650 874 -0 3 -0 20 1 -0 0 0 
71655 876 -0 3 -0 20 1 -0 0 0 
71660 876 -0 3 -0 20 1 -0 0 0 
71665 874 -0 3 -0 20 1 -0 0 0 
71670 874 -0 3 -0 20 1 -0 0 0 
71675 874 -0 3 -0 20 1 -0 0 0 
71680 876 -0 3 -0 20 1 -0 0 0 
71685 876 -0 3 -0 20 1 -0 0 0 
71690 876 -0 3 -0 20 1 -0 0 0 
71695 876 -0 3 -0 20 1 -0 0 0 
71700 876 -0 3 -0 20 1 -0 0 0 
71705 876 -0 -0 -0 20 1 -0 0 0 
71710 876 -0 3 -0 20 1 -0 0 0 
71715 876 -0 3 -0 20 1 -0 0 0 
71720 874 -0 3 -0 20 1 -0 0 0 
71725 876 -0 -0 -0 20 1 -0 0 0 
71730 874 -0 3 -0 20 1 -0 0 0 
71735 876 -0 3 -0 20 1 -0 0 0 
71740 876 -0 -0 -0 20 1 -0 0 0 
71745 876 -0 -0 -0 20 1 -0 0 0 
71750 874 -0 3 -0 20 1 -0 0 0 
71755 874 -0 3 -0 20 1 -0 0 0 
71760 874 -0 -0 -0 20 1 -0 0 0 
71765 876 -0 3 -0 20 1 -0 0 0 
71770 876 -0 3 -0 20 1 -0 0 0 
71775 876 -0 -0 -0 20 1 -0 0 0 
71780 874 -0 3 -0 20 1 -0 0 0 
71785 876 -0 3 -0 20 1 -0 0 0 
71790 874 -0 -0 -0 20 1 -0 0 0 
71795 874 -0 3 -0 20 1 -0 0 0 
71800 876 -0 -0 -0 20 1 -0 0 0 
71805 874 -0 3 -0 20 1 -0 0 0 
71810 876 -0 3 -0 20 1 -0 0 0 
71815 876 -0 3 -0 20 1 -0 0 0 
71820 876 -0 -0 -0 20 1 -0 0 0 
71825 874 -0 3 -0 20 1 -0 0 0 
71830 876 -0 3 -0 20 1 -0 0 0 
71835 874 -0 3 -0 20 1 -0 0 0 
71840 876 -0 -0 -0 20 1 -0 0 0 
71845 876 -0 3 -0 20 1 -0 0 0 
71850 874 -0 -0 -0 20 1 -0 0 0 
71855 874 -0 3 -0 20 1 -0 0 0 
71860 874 -0 3 -0 20 1 -0 0 0 
71865 876 -0 3 -0 20 1 -0 0 0 
71870 874 -0 3 -0 20 1 -0 0 0 
71875 874 -0 3 -0 20 1 -0 0 0 
71880 876 -0 -0 -0 20 1 -0 0 0 
71885 874 -0 3 -0 20 1 -0 0 0 
71890 874 -0 3 -0 20 1 -0 0 0 
71895 876 -0 3 -0 20 1 -0 0 0 
71900 874 -0 -0 -0 20 1 -0 0 0 
71905 876 -0 -0 -0 20 1 -0 0 0 
71910 874 -0 3 -0 20 1 -0 0 0 
71915 876 5 -0 5 20 1 5 0 0 
71920 876 -0 -0 -0 20 1 -0 0 0 
71925 876 -0 3 -0 20 1 -0 0 0 
71930 874 -0 3 -0 20 1 -0 0 0 
71935 876 -0 3 -0 20 1 -0 0 0 
71940 876 -0 3 -0 20 1 -0 0 0 
71945 876 5 3 5 20 1 5 0 0 
71950 876 -0 3 -0 20 1 -0 0 0 
71955 876 -0 3 -0 20 1 -0 0 0 
71960 876 -0 3 -0 20 1 -0 0 0 
71965 874 -0 -0 -0 20 1 -0 0 0 
71970 874 -0 3 -0 20 1 -0 0 0 
71975 874 -0 3 -0 20 1 -0 0 0 
71980 874 -0 3 -0 20 1 -0 0 0 
71985 876 -0 3 -0 20 1 -0 0 0 
71990 874 -0 3 -0 20 1 -0 0 0 
71995 874 -0 -0 -0 20 1 -0 0 0 
72000 876 -0 3 -0 20 1 -0 0 0 
72005 876 -0 3 -0 20 1 -0 0 0 
72010 876 -0 -0 -0 20 1 -0 0 0 
72015 876 -0 3 -0 20 1 -0 0 0 
72020 874 -0 3 -0 20 1 -0 0 0 
72025 876 -0 -0 -0 20 1 -0 0 0 
72030 876 -0 3 -0 20 1 -0 0 0 
72035 876 -0 3 -0 20 1 -0 0 0 
72040 876 -0 3 -0 20 1 -0 0 0 
72045 876 -0 3 -0 20 1 -0 0 0 
72050 876 -0 3 -0 20 1 -0 0 0 
72055 874 -0 -0 -0 20 1 -0 0 0 
72060 876 -0 3 -0 20 1 -0 0 0 
72065 876 -0 3 -0 20 1 -0 0 0 
72070 876 -0 3 -0 20 1 -0 0 0 
72075 874 -0 3 -0 20 1 -0 0 0 
72080 874 -0 3 -0 20 1 -0 0 0 
72085 874 -0 3 -0 20 1 -0 0 0 
72090 876 -0 3 -0 20 1 -0 0 0 
72095 874 -0 3 -0 20 1 -0 0 0 
72100 874 -0 3 -0 20 1 -0 0 0 
72105 874 -0 3 -0 20 1 -0 0 0 
72110 876 -0 3 -0 20 1 -0 0 0 
72115 876 -0 3 -0 20 1 -0 0 0 
72120 876 -0 3 -0 20 1 -0 0 0 
72125 876 -0 3 -0 20 1 -0 0 0 
72130 876 -0 -0 -0 20 1 -0 0 0 
72135 874 -0 -0 -0 20 1 -0 0 0 
72140 876 -0 3 -0 20 1 -0 0 0 
72145 876 -0 3 -0 20 1 -0 0 0 
72150 874 -0 3 -0 20 1 -0 0 0 
72155 876 -0 3 -0 20 1 -0 0 0 
72160 876 -0 -0 -0 20 1 -0 0 0 
72165 874 -0 3 -0 20 1 -0 0 0 
72170 876 -0 3 -0 20 1 -0 0 0 
72175 876 -0 -0 -0 20 1 -0 0 0 
72180 874 -0 3 -0 20 1 -0 0 0 
72185 874 -0 3 -0 20 1 -0 0 0 
72190 876 -0 -0 -0 20 1 -0 0 0 
72195 876 -0 -0 -0 20 1 -0 0 0 
72200 874 -0 3 -0 20 1 -0 0 0 
72205 876 -0 3 -0 20 1 -0 0 0 
72210 874 -0 -0 -0 20 1 -0 0 0 
72215 874 -0 3 -0 20 1 -0 0 0 
72220 876 -0 3 -0 20 1 -0 0 0 
72225 876 -0 3 -0 20 1 -0 0 0 
72230 874 -0 3 -0 20 1 -0 0 0 
72235 876 -0 3 -0 20 1 -0 0 0 
72240 876 -0 -0 -0 20 1 -0 0 0 
72245 876 -0 3 -0 20 1 -0 0 0 
72250 876 -0 3 -0 20 1 -0 0 0 
72255 874 -0 -0 -0 20 1 -0 0 0 
72260 874 -0 3 -0 20 1 -0 0 0 
72265 874 -0 3 -0 20 1 -0 0 0 
72270 874 -0 3 -0 20 1 -0 0 0 
72275 874 -0 3 -0 20 1 -0 0 0 
72280 874 -0 -0 -0 20 1 -0 0 0 
72285 874 -0 3 -0 20 1 -0 0 0 
72290 874 -0 3 -0 20 1 -0 0 0 
72295 876 -0 3 -0 20 1 -0 0 0 
72300 876 -0 3 -0 20 1 -0 0 0 
72305 874 -0 3 -0 20 1 -0 0 0 
72310 874 -0 3 -0 20 1 -0 0 0 
72315 874 -0 3 -0 20 1 -0 0 0 
72320 876 -0 3 -0 20 1 -0 0 0 
72325 876 -0 3 -0 20 1 -0 0 0 
72330 874 -0 3 -0 20 1 -0 0 0 
72335 876 -0 -0 -0 20 1 -0 0 0 
72340 876 -0 3 -0 20 1 -0 0 0 
72345 874 -0 3 -0 20 1 -0 0 0 
72350 876 -0 3 -0 20 1 -0 0 0 
72355 876 -0 3 -0 20 1 -0 0 0 
72360 874 -0 -0 -0 20 1 -0 0 0 
72365 874 -0 3 -0 20 1 -0 0 0 
72370 874 -0 3 -0 20 1 -0 0 0 
72375 876 -0 3 -0 20 1 -0 0 0 
72380 876 -0 3 -0 20 1 -0 0 0 
72385 874 -0 3 -0 20 1 -0 0 0 
72390 874 -0 3 -0 20 1 -0 0 0 
72395 876 -0 3 -0 20 1 -0 0 0 
72400 876 -0 3 -0 20 1 -0 0 0 
72405 876 -0 3 -0 20 1 -0 0 0 
72410 876 -0 3 -0 20 1 -0 0 0 
72415 876 -0 3 -0 20 1 -0 0 0 
72420 876 -0 3 -0 20 1 -0 0 0 
72425 876 -0 3 -0 20 1 -0 0 0 
72430 876 -0 3 -0 20 1 -0 0 0 
72435 876 -0 3 -0 20 1 -0 0 0 
72440 874 -0 3 -0 20 1 -0 0 0 
72445 876 -0 3 -0 20 1 -0 0 0 
72450 874 -0 3 -0 20 1 -0 0 0 
72455 876 -0 3 -0 20 1 -0 0 0 
72460 876 -0 3 -0 20 1 -0 0 0 
72465 876 -0 3 -0 20 1 -0 0 0 
72470 876 -0 3 -0 20 1 -0 0 0 
72475 876 -0 -0 -0 20 1 -0 0 0 
72480 874 -0 3 -0 20 1 -0 0 0 
72485 876 -0 3 -0 20 1 -0 0 0 
72490 874 -0 3 -0 20 1 -0 0 0 
72495 876 -0 -0 -0 20 1 -0 0 0 
72500 876 -0 3 -0 20 1 -0 0 0 
72505 876 -0 3 -0 20 1 -0 0 0 
72510 876 -0 5 -0 20 1 -0 0 0 
72515 876 -0 3 -0 20 1 -0 0 0 
72520 876 -0 3 -0 20 1 -0 0 0 
72525 876 -0 -0 -0 20 1 -0 0 0 
72530 876 -0 3 -0 20 1 -0 0 0 
72535 876 -0 3 -0 20 1 -0 0 0 
72540 876 -0 3 -0 20 1 -0 0 0 
72545 876 -0 -0 -0 20 1 -0 0 0 
72550 876 -0 3 -0 20 1 -0 0 0 
72555 876 -0 3 -0 20 1 -0 0 0 
72560 876 -0 3 -0 20 1 -0 0 0 
72565 874 -0 3 -0 20 1 -0 0 0 
72570 874 -0 3 -0 20 1 -0 0 0 
72575 876 -0 3 -0 20 1 -0 0 0 
72580 876 -0 3 -0 20 1 -0 0 0 
72585 876 -0 -0 -0 20 1 -0 0 0 
72590 876 -0 -0 -0 20 1 -0 0 0 
72595 876 -0 3 -0 20 1 -0 0 0 
72600 874 -0 3 -0 20 1 -0 0 0 
72605 876 -0 3 -0 20 1 -0 0 0 
72610 874 -0 3 -0 20 1 -0 0 0 
72615 876 -0 3 -0 20 1 -0 0 0 
72620 876 -0 3 -0 20 1 -0 0 0 
72625 874 -0 3 -0 20 1 -0 0 0 
72630 876 -0 3 -0 20 1 -0 0 0 
72635 876 -0 3 -0 20 1 -0 0 0 
72640 874 -0 -0 -0 20 1 -0 0 0 
72645 874 -0 3 -0 20 1 -0 0 0 
72650 876 -0 3 -0 20 1 -0 0 0 
72655 876 -0 -0 -0 20 1 -0 0 0 
72660 876 -0 3 -0 20 1 -0 0 0 
72665 876 -0 3 -0 20 1 -0 0 0 
72670 876 -0 3 -0 20 1 -0 0 0 
72675 876 -0 3 -0 20 1 -0 0 0 
72680 876 -0 3 -0 20 1 -0 0 0 
72685 876 -0 -0 -0 20 1 -0 0 0 
72690 876 -0 3 -0 20 1 -0 0 0 
72695 876 -0 3 -0 20 1 -0 0 0 
72700 876 -0 3 -0 20 1 -0 0 0 
72705 876 -0 3 -0 20 1 -0 0 0 
72710 874 -0 3 -0 20 1 -0 0 0 
72715 876 -0 3 -0 20 1 -0 0 0 
72720 874 -0 3 -0 20 1 -0 0 0 
72725 876 -0 3 -0 20 1 -0 0 0 
72730 876 -0 -0 -0 20 1 -0 0 0 
72735 876 -0 3 -0 20 1 -0 0 0 
72740 876 -0 3 -0 20 1 -0 0 0 
72745 876 -0 3 -0 20 1 -0 0 0 
72750 876 -0 3 -0 20 1 -0 0 0 
72755 876 -0 3 -0 20 1 -0 0 0 
72760 874 -0 3 -0 20 1 -0 0 0 
72765 876 -0 3 -0 20 1 -0 0 0 
72770 874 -0 3 -0 20 1 -0 0 0 
72775 876 -0 3 -0 20 1 -0 0 0 
72780 874 -0 3 -0 20 1 -0 0 0 
72785 876 -0 3 -0 20 1 -0 0 0 
72790 874 -0 3 -0 20 1 -0 0 0 
72795 876 -0 3 -0 20 1 -0 0 0 
72800 876 -0 3 -0 20 1 -0 0 0 
72805 876 -0 3 -0 20 1 -0 0 0 
72810 874 -0 3 -0 20 1 -0 0 0 
72815 874 -0 3 -0 20 1 -0 0 0 
72820 876 -0 3 -0 20 1 -0 0 0 
72825 876 -0 -0 -0 20 1 -0 0 0 
72830 876 -0 3 -0 20 1 -0 0 0 
72835 874 -0 3 -0 20 1 -0 0 0 
72840 874 -0 3 -0 20 1 -0 0 0 
72845 876 -0 3 -0 20 1 -0 0 0 
72850 876 -5 -0 -5 20 1 -5 0 0 
72855 876 -0 3 -0 20 1 -0 0 0 
72860 876 -0 -0 -0 20 1 -0 0 0 
72865 876 -0 3 -0 20 1 -0 0 0 
72870 876 -5 3 -5 20 1 -5 0 0 
72875 876 -0 3 -0 20 1 -0 0 0 
72880 876 -0 3 -0 20 1 -0 0 0 
72885 876 -0 3 -0 20 1 -0 0 0 
72890 874 -0 3 -0 20 1 -0 0 0 
72895 876 -0 -0 -0 20 1 -0 0 0 
72900 876 -0 -0 -0 20 1 -0 0 0 
72905 876 -0 -0 -0 20 1 -0 0 0 
72910 876 -0 3 -0 20 1 -0 0 0 
72915 876 -0 -0 -0 20 1 -0 0 0 
72920 876 -0 3 -0 20 1 -0 0 0 
72925 876 -0 3 -0 20 1 -0 0 0 
72930 876 -0 -0 -0 20 1 -0 0 0 
72935 876 -0 3 -0 20 1 -0 0 0 
72940 876 -0 -0 -0 20 1 -0 0 0 
72945 876 -0 3 -0 20 1 -0 0 0 
72950 876 -0 -0 -0 20 1 -0 0 0 
72955 874 -0 3 -0 20 1 -0 0 0 
72960 876 -0 3 -0 20 1 -0 0 0 
72965 876 -0 -0 -0 20 1 -0 0 0 
72970 874 -0 -0 -0 20 1 -0 0 0 
72975 876 -0 3 -0 20 1 -0 0 0 
72980 876 -0 3 -0 20 1 -0 0 0 
72985 876 -0 3 -0 20 1 -0 0 0 
72990 874 -0 3 -0 20 1 -0 0 0 
72995 874 -0 3 -0 20 1 -0 0 0 
73000 876 -0 3 -0 20 1 -0 0 0 
73005 876 -0 3 -0 20 1 -0 0 0 
73010 876 -0 -0 -0 20 1 -0 0 0 
73015 876 -0 3 -0 20 1 -0 0 0 
73020 876 -0 3 -0 20 1 -0 0 0 
73025 874 -0 3 -0 20 1 -0 0 0 
73030 874 -0 3 -0 20 1 -0 0 0 
73035 876 -0 3 -0 20 1 -0 0 0 
73040 876 -0 3 -0 20 1 -0 0 0 
73045 876 -0 3 -0 20 1 -0 0 0 
73050 876 -0 -0 -0 20 1 -0 0 0 
73055 876 -0 3 -0 20 1 -0 0 0 
73060 876 -0 -0 -0 20 1 -0 0 0 
73065 874 -0 -0 -0 20 1 -0 0 0 
73070 876 -0 -0 -0 20 1 -0 0 0 
73075 876 -0 3 -0 20 1 -0 0 0 
73080 876 -0 3 -0 20 1 -0 0 0 
73085 876 -0 5 -0 20 1 -0 0 0 
73090 876 -0 3 -0 20 1 -0 0 0 
73095 876 -0 5 -0 20 1 -0 0 0 
73100 874 -0 3 -0 20 1 -0 0 0 
73105 876 -0 3 -0 20 1 -0 0 0 
73110 876 -0 3 -0 20 1 -0 0 0 
73115 874 -0 3 -0 20 1 -0 0 0 
73120 876 -0 3 -0 20 1 -0 0 0 
73125 874 -0 3 -0 20 1 -0 0 0 
73130 876 -0 3 -0 20 1 -0 0 0 
73135 876 -0 3 -0 20 1 -0 0 0 
73140 874 -0 3 -0 20 1 -0 0 0 
73145 876 -0 3 -0 20 1 -0 0 0 
73150 876 -0 3 -0 20 1 -0 0 0 
73155 876 -0 -0 -0 20 1 -0 0 0 
73160 876 -0 3 -0 20 1 -0 0 0 
73165 876 -0 3 -0 20 1 -0 0 0 
73170 876 -0 3 -0 20 1 -0 0 0 
73175 874 -0 -0 -0 20 1 -0 0 0 
73180 876 -0 3 -0 20 1 -0 0 0 
73185 876 -0 3 -0 20 1 -0 0 0 
73190 876 -0 3 -0 20 1 -0 0 0 
73195 874 -0 3 -0 20 1 -0 0 0 
73200 876 -0 3 -0 20 1 -0 0 0 
73205 876 -0 3 -0 20 1 -0 0 0 
73210 876 -0 3 -0 20 1 -0 0 0 
73215 876 -0 3 -0 20 1 -0 0 0 
73220 876 -0 3 -0 20 1 -0 0 0 
73225 876 -0 3 -0 20 1 -0 0 0 
73230 874 -0 3 -0 20 1 -0 0 0 
73235 876 -0 3 -0 20 1 -0 0 0 
73240 876 -0 3 -0 20 1 -0 0 0 
73245 876 -0 3 -0 20 1 -0 0 0 
73250 876 -0 3 -0 20 1 -0 0 0 
73255 876 -0 3 -0 20 1 -0 0 0 
73260 876 -0 3 -0 20 1 -0 0 0 
73265 876 -0 -0 -0 20 1 -0 0 0 
73270 876 -0 3 -0 20 1 -0 0 0 
73275 876 -0 3 -0 20 1 -0 0 0 
73280 876 -0 -0 -0 20 1 -0 0 0 
73285 876 -0 3 -0 20 1 -0 0 0 
73290 876 -0 3 -0 20 1 -0 0 0 
73295 876 -0 3 -0 20 1 -0 0 0 
73300 876 -0 -0 -0 20 1 -0 0 0 
73305 876 -0 -0 -0 20 1 -0 0 0 
73310 874 -0 3 -0 20 1 -0 0 0 
73315 874 -0 3 -0 20 1 -0 0 0 
73320 876 -0 -0 -0 20 1 -0 0 0 
73325 876 -0 3 -0 20 1 -0 0 0 
73330 876 -0 3 -0 20 1 -0 0 0 
73335 876 -0 3 -0 20 1 -0 0 0 
73340 876 -0 3 -0 20 1 -0 0 0 
73345 876 -0 3 -0 20 1 -0 0 0 
73350 876 -0 3 -0 20 1 -0 0 0 
73355 876 -0 3 -0 20 1 -0 0 0 
73360 876 -0 3 -0 20 1 -0 0 0 
73365 876 -0 3 -0 20 1 -0 0 0 
73370 876 -0 3 -0 20 1 -0 0 0 
73375 874 -0 3 -0 20 1 -0 0 0 
73380 874 -0 3 -0 20 1 -0 0 0 
73385 876 -0 -0 -0 20 1 -0 0 0 
73390 876 -0 3 -0 20 1 -0 0 0 
73395 874 -0 3 -0 20 1 -0 0 0 
73400 876 -0 3 -0 20 1 -0 0 0 
73405 874 -0 3 -0 20 1 -0 0 0 
73410 876 -0 3 -0 20 1 -0 0 0 
73415 876 -0 -0 -0 20 1 -0 0 0 
73420 876 -0 3 -0 20 1 -0 0 0 
73425 876 -0 3 -0 20 1 -0 0 0 
73430 876 -0 3 -0 20 1 -0 0 0 
73435 876 -0 3 -0 20 1 -0 0 0 
73440 876 -0 3 -0 20 1 -0 0 0 
73445 876 -0 3 -0 20 1 -0 0 0 
73450 876 -0 3 -0 20 1 -0 0 0 
73455 876 -0 3 -0 20 1 -0 0 0 
73460 876 -0 -0 -0 20 1 -0 0 0 
73465 876 -0 3 -0 20 1 -0 0 0 
73470 876 -0 3 -0 20 1 -0 0 0 
73475 876 5 3 5 20 1 5 0 0 
73480 876 -0 5 -0 20 1 -0 0 0 
73485 874 -0 3 -0 20 1 -0 0 0 
73490 876 -0 3 -0 20 1 -0 0 0 
73495 876 -0 3 -0 20 1 -0 0 0 
73500 876 -0 3 -0 20 1 -0 0 0 
73505 874 -0 3 -0 20 1 -0 0 0 
73510 876 -0 3 -0 20 1 -0 0 0 
73515 876 -0 3 -0 20 1 -0 0 0 
73520 874 -0 3 -0 20 1 -0 0 0 
73525 876 -0 3 -0 20 1 -0 0 0 
73530 876 -0 3 -0 20 1 -0 0 0 
73535 876 -0 3 -0 20 1 -0 0 0 
73540 876 -0 3 -0 20 1 -0 0 0 
73545 876 -0 -0 -0 20 1 -0 0 0 
73550 874 -0 3 -0 20 1 -0 0 0 
73555 876 -0 3 -0 20 1 -0 0 0 
73560 876 -0 3 -0 20 1 -0 0 0 
73565 876 -0 3 -0 20 1 -0 0 0 
73570 876 -0 3 -0 20 1 -0 0 0 
73575 876 -0 3 -0 20 1 -0 0 0 
73580 876 -0 3 -0 20 1 -0 0 0 
73585 876 -0 -0 -0 20 1 -0 0 0 
73590 876 -0 3 -0 20 1 -0 0 0 
73595 874 -0 3 -0 20 1 -0 0 0 
73600 876 -0 3 -0 20 1 -0 0 0 
73605 874 -0 -0 -0 20 1 -0 0 0 
73610 876 -0 -0 -0 20 1 -0 0 0 
73615 876 -0 3 -0 20 1 -0 0 0 
73620 876 -0 3 -0 20 1 -0 0 0 
73625 876 -5 -0 -5 20 1 -5 0 0 
73630 876 -0 3 -0 20 1 -0 0 0 
73635 876 -0 -0 -0 20 1 -0 0 0 
73640 876 -0 3 -0 20 1 -0 0 0 
73645 876 -0 3 -0 20 1 -0 0 0 
73650 876 -0 3 -0 20 1 -0 0 0 
73655 876 -0 3 -0 20 1 -0 0 0 
73660 874 -0 -0 -0 20 1 -0 0 0 
73665 876 -0 3 -0 20 1 -0 0 0 
73670 874 -0 3 -0 20 1 -0 0 0 
73675 876 -0 3 -0 20 1 -0 0 0 
73680 876 -0 3 -0 20 1 -0 0 0 
