19110715.190
File-type:2
Date of Test:07.11.2019
Time of Test:15:19
Name of Person:DAVIS DANIEL        
Joint-Side:0
Test-Mode:1
Joint:3
Plane:0
Zero:235
Motion-Start:0
Motion-End:125
Speed (Movement 1):60
Speed (Movement 2):60
Acceleration  (conc):5
Acceleration  (ecc):5
Decelerat.(conc):
Decelerat.(ecc):
Break:60
Start-Holdposition:
End-Holdposition:
Hold-Time:
No. of sets:1
No. of repetitions:10
Start-Trigg.:
Weight:   
Height:   
Date of birth:          
Insured side:                      
Sex:          
Therapist:                      
Gravitycomp.:0
Astacustest:0
Dyna-Tilt-Angle:0
Dyna-Rotation:30
Dyna-Height:300
Dyna-Swivelarm:33643
Seatback-Tilt-Angle:70
Seatback-Move:100
Seat-Tilt:1
Seat-Thigh-Pad:0
Adapter-Pullout-Lenght:170
Adapter-Pullout-Side:0
Footadapter-Rotation:30
Footadapter-Tilt:0
Footadapter-Move:0
Supporthandle-Lenght:155
Supporthandle-Move:50
Supporthandle-Side:0
Shoulder-Lenght:0
Shoulder-Side:0
Double-Pad:0


fdgsfdgsgfsfgsgfsfgssfgsf
UserID:0
MwareID:0


























EXPLANATION OF THE COLUMNS
1.column: time in milliseconds
2.column: relative position in 1/10 degree or millimeter
3.column: torque in 1/10 Nm or force in newton
4.column: speed in 1/10 degree/second or 1/10 millimeter/second
5.column: torque without gravitycalibration in 1/10 Nm
6.column: current repetition(about 1.2 degrees delayed)
7.column: current set
8.column: torque on dynamometer
9.column: force on right leg or deviation of force
10.column: force on left leg or deviation of position
 
MEASUREMENT STARTS AFTER LINE 100





5 4 -155 0 -155 1 1 -155 0 0 
10 4 -155 0 -155 1 1 -155 0 0 
15 6 -155 0 -155 1 1 -155 0 0 
20 4 -155 0 -155 1 1 -155 0 0 
25 4 -155 0 -155 1 1 -155 0 0 
30 4 -155 0 -155 1 1 -155 0 0 
35 4 -155 0 -155 1 1 -155 0 0 
40 4 -155 0 -155 1 1 -155 0 0 
45 4 -155 0 -155 1 1 -155 0 0 
50 4 -155 0 -155 1 1 -155 0 0 
55 4 -155 0 -155 1 1 -155 0 0 
60 4 -155 0 -155 1 1 -155 0 0 
65 4 -155 0 -155 1 1 -155 0 0 
70 6 -155 0 -155 1 1 -155 0 0 
75 4 -155 3 -155 1 1 -155 0 0 
80 4 -150 0 -150 1 1 -150 0 0 
85 4 -155 0 -155 1 1 -155 0 0 
90 4 -155 0 -155 1 1 -155 0 0 
95 6 -155 0 -155 1 1 -155 0 0 
100 4 -155 0 -155 1 1 -155 0 0 
105 4 -150 0 -150 1 1 -150 0 0 
110 4 -150 0 -150 1 1 -150 0 0 
115 4 -150 0 -150 1 1 -150 0 0 
120 4 -150 0 -150 1 1 -150 0 0 
125 4 -150 0 -150 1 1 -150 0 0 
130 4 -155 0 -155 1 1 -155 0 0 
135 4 -155 0 -155 1 1 -155 0 0 
140 4 -155 0 -155 1 1 -155 0 0 
145 4 -150 0 -150 1 1 -150 0 0 
150 4 -150 0 -150 1 1 -150 0 0 
155 4 -150 0 -150 1 1 -150 0 0 
160 4 -150 0 -150 1 1 -150 0 0 
165 6 -150 0 -150 1 1 -150 0 0 
170 4 -150 0 -150 1 1 -150 0 0 
175 4 -150 0 -150 1 1 -150 0 0 
180 4 -150 0 -150 1 1 -150 0 0 
185 4 -147 0 -147 1 1 -147 0 0 
190 4 -150 3 -150 1 1 -150 0 0 
195 4 -150 0 -150 1 1 -150 0 0 
200 4 -150 0 -150 1 1 -150 0 0 
205 4 -150 0 -150 1 1 -150 0 0 
210 6 -150 0 -150 1 1 -150 0 0 
215 4 -150 0 -150 1 1 -150 0 0 
220 4 -147 0 -147 1 1 -147 0 0 
225 4 -150 0 -150 1 1 -150 0 0 
230 4 -150 0 -150 1 1 -150 0 0 
235 4 -150 0 -150 1 1 -150 0 0 
240 4 -150 0 -150 1 1 -150 0 0 
245 6 -150 0 -150 1 1 -150 0 0 
250 4 -150 0 -150 1 1 -150 0 0 
255 6 -147 0 -147 1 1 -147 0 0 
260 4 -150 0 -150 1 1 -150 0 0 
265 6 -150 0 -150 1 1 -150 0 0 
270 4 -150 0 -150 1 1 -150 0 0 
275 4 -150 0 -150 1 1 -150 0 0 
280 4 -150 0 -150 1 1 -150 0 0 
285 6 -150 0 -150 1 1 -150 0 0 
290 6 -150 0 -150 1 1 -150 0 0 
295 4 -150 0 -150 1 1 -150 0 0 
300 4 -150 0 -150 1 1 -150 0 0 
305 4 -150 0 -150 1 1 -150 0 0 
310 6 -150 0 -150 1 1 -150 0 0 
315 4 -150 0 -150 1 1 -150 0 0 
320 6 -150 0 -150 1 1 -150 0 0 
325 4 -150 0 -150 1 1 -150 0 0 
330 4 -150 0 -150 1 1 -150 0 0 
335 4 -150 0 -150 1 1 -150 0 0 
340 6 -150 0 -150 1 1 -150 0 0 
345 4 -150 0 -150 1 1 -150 0 0 
350 6 -150 0 -150 1 1 -150 0 0 
355 6 -150 0 -150 1 1 -150 0 0 
360 4 -150 0 -150 1 1 -150 0 0 
365 6 -150 0 -150 1 1 -150 0 0 
370 4 -150 0 -150 1 1 -150 0 0 
375 6 -150 0 -150 1 1 -150 0 0 
380 4 -150 0 -150 1 1 -150 0 0 
385 4 -150 0 -150 1 1 -150 0 0 
390 4 -147 0 -147 1 1 -147 0 0 
395 6 -147 0 -147 1 1 -147 0 0 
400 4 -147 0 -147 1 1 -147 0 0 
405 4 -147 0 -147 1 1 -147 0 0 
410 6 -147 0 -147 1 1 -147 0 0 
415 4 -147 0 -147 1 1 -147 0 0 
420 4 -147 0 -147 1 1 -147 0 0 
425 4 -143 0 -143 1 1 -143 0 0 
430 6 -143 0 -143 1 1 -143 0 0 
435 4 -143 0 -143 1 1 -143 0 0 
440 4 -140 0 -140 1 1 -140 0 0 
445 4 -140 0 -140 1 1 -140 0 0 
450 4 -135 0 -135 1 1 -135 0 0 
455 4 -135 0 -135 1 1 -135 0 0 
460 4 -132 3 -132 1 1 -132 0 0 
465 6 -128 0 -128 1 1 -128 0 0 
470 4 -128 0 -128 1 1 -128 0 0 
475 4 -125 0 -125 1 1 -125 0 0 
480 6 -120 0 -120 1 1 -120 0 0 
485 6 -117 0 -117 1 1 -117 0 0 
490 4 -113 0 -113 1 1 -113 0 0 
495 6 -110 0 -110 1 1 -110 0 0 
500 6 -110 0 -110 1 1 -110 0 0 
505 4 -105 0 -105 1 1 -105 0 0 
510 6 -105 0 -105 1 1 -105 0 0 
515 6 -105 0 -105 1 1 -105 0 0 
520 4 -102 -3 -102 1 1 -102 0 0 
525 4 -102 0 -102 1 1 -102 0 0 
530 4 -98 0 -98 1 1 -98 0 0 
535 4 -98 0 -98 1 1 -98 0 0 
540 4 -95 0 -95 1 1 -95 0 0 
545 6 -95 -3 -95 1 1 -95 0 0 
550 4 -90 -3 -90 1 1 -90 0 0 
555 4 -90 0 -90 1 1 -90 0 0 
560 6 -90 0 -90 1 1 -90 0 0 
565 4 -90 -3 -90 1 1 -90 0 0 
570 4 -87 0 -87 1 1 -87 0 0 
575 6 -87 0 -87 1 1 -87 0 0 
580 6 -87 0 -87 1 1 -87 0 0 
585 4 -87 0 -87 1 1 -87 0 0 
590 4 -87 0 -87 1 1 -87 0 0 
595 4 -83 0 -83 1 1 -83 0 0 
600 4 -83 0 -83 1 1 -83 0 0 
605 6 -83 0 -83 1 1 -83 0 0 
610 4 -80 0 -80 1 1 -80 0 0 
615 4 -80 0 -80 1 1 -80 0 0 
620 4 -80 0 -80 1 1 -80 0 0 
625 4 -80 0 -80 1 1 -80 0 0 
630 4 -80 0 -80 1 1 -80 0 0 
635 6 -75 0 -75 1 1 -75 0 0 
640 4 -75 0 -75 1 1 -75 0 0 
645 4 -72 0 -72 1 1 -72 0 0 
650 4 -72 0 -72 1 1 -72 0 0 
655 4 -68 0 -68 1 1 -68 0 0 
660 4 -68 0 -68 1 1 -68 0 0 
665 4 -65 0 -65 1 1 -65 0 0 
670 4 -65 0 -65 1 1 -65 0 0 
675 4 -65 0 -65 1 1 -65 0 0 
680 4 -60 3 -60 1 1 -60 0 0 
685 6 -60 0 -60 1 1 -60 0 0 
690 4 -57 0 -57 1 1 -57 0 0 
695 4 -57 0 -57 1 1 -57 0 0 
700 4 -53 0 -53 1 1 -53 0 0 
705 4 -53 0 -53 1 1 -53 0 0 
710 6 -50 0 -50 1 1 -50 0 0 
715 4 -50 0 -50 1 1 -50 0 0 
720 4 -50 0 -50 1 1 -50 0 0 
725 4 -45 0 -45 1 1 -45 0 0 
730 4 -45 0 -45 1 1 -45 0 0 
735 6 -45 0 -45 1 1 -45 0 0 
740 6 -42 0 -42 1 1 -42 0 0 
745 4 -45 0 -45 1 1 -45 0 0 
750 4 -45 0 -45 1 1 -45 0 0 
755 4 -42 0 -42 1 1 -42 0 0 
760 4 -42 0 -42 1 1 -42 0 0 
765 4 -42 0 -42 1 1 -42 0 0 
770 6 -42 0 -42 1 1 -42 0 0 
775 4 -42 0 -42 1 1 -42 0 0 
780 4 -38 0 -38 1 1 -38 0 0 
785 6 -38 0 -38 1 1 -38 0 0 
790 4 -38 0 -38 1 1 -38 0 0 
795 6 -38 0 -38 1 1 -38 0 0 
800 4 -35 -3 -35 1 1 -35 0 0 
805 4 -35 0 -35 1 1 -35 0 0 
810 4 -30 0 -30 1 1 -30 0 0 
815 6 -30 0 -30 1 1 -30 0 0 
820 4 -30 0 -30 1 1 -30 0 0 
825 4 -27 0 -27 1 1 -27 0 0 
830 6 -27 0 -27 1 1 -27 0 0 
835 6 -27 0 -27 1 1 -27 0 0 
840 6 -23 0 -23 1 1 -23 0 0 
845 6 -23 0 -23 1 1 -23 0 0 
850 4 -20 0 -20 1 1 -20 0 0 
855 4 -20 0 -20 1 1 -20 0 0 
860 4 -15 0 -15 1 1 -15 0 0 
865 4 -12 0 -12 1 1 -12 0 0 
870 6 -12 0 -12 1 1 -12 0 0 
875 4 -8 0 -8 1 1 -8 0 0 
880 4 -5 0 -5 1 1 -5 0 0 
885 4 0 0 0 1 1 0 0 0 
890 6 5 0 5 1 1 5 0 0 
895 4 8 0 8 1 1 8 0 0 
900 4 12 3 12 1 1 12 0 0 
905 4 15 10 15 1 1 15 0 0 
910 4 20 15 20 1 1 20 0 0 
915 6 27 18 27 1 1 27 0 0 
920 4 30 28 30 1 1 30 0 0 
925 4 30 35 30 1 1 30 0 0 
930 6 35 38 35 1 1 35 0 0 
935 6 35 48 35 1 1 35 0 0 
940 6 38 58 38 1 1 38 0 0 
945 6 38 70 38 1 1 38 0 0 
950 6 45 80 45 1 1 45 0 0 
955 8 50 90 50 1 1 50 0 0 
960 8 53 100 53 1 1 53 0 0 
965 8 53 118 53 1 1 53 0 0 
970 8 53 133 53 1 1 53 0 0 
975 10 57 148 57 1 1 57 0 0 
980 10 60 160 60 1 1 60 0 0 
985 11 65 180 65 1 1 65 0 0 
990 11 68 195 68 1 1 68 0 0 
995 13 68 213 68 1 1 68 0 0 
1000 13 72 228 72 1 1 72 0 0 
1005 15 72 250 72 1 1 72 0 0 
1010 15 72 270 72 1 1 72 0 0 
1015 17 75 290 75 1 1 75 0 0 
1020 19 75 305 75 1 1 75 0 0 
1025 20 80 328 80 1 1 80 0 0 
1030 22 80 350 80 1 1 80 0 0 
1035 24 80 370 80 1 1 80 0 0 
1040 26 80 393 80 1 1 80 0 0 
1045 30 80 418 80 1 1 80 0 0 
1050 30 80 443 80 1 1 80 0 0 
1055 31 83 460 83 1 1 83 0 0 
1060 33 83 483 83 1 1 83 0 0 
1065 37 83 510 83 1 1 83 0 0 
1070 40 80 533 80 1 1 80 0 0 
1075 42 80 555 80 1 1 80 0 0 
1080 44 80 578 80 1 1 80 0 0 
1085 48 83 593 83 1 1 83 0 0 
1090 51 83 600 83 1 1 83 0 0 
1095 55 83 603 83 1 1 83 0 0 
1100 57 83 600 83 1 1 83 0 0 
1105 60 83 603 83 1 1 83 0 0 
1110 64 90 603 90 1 1 90 0 0 
1115 68 102 600 102 1 1 102 0 0 
1120 69 113 600 113 1 1 113 0 0 
1125 73 132 603 132 1 1 132 0 0 
1130 77 140 603 140 1 1 140 0 0 
1135 79 143 600 143 1 1 143 0 0 
1140 82 135 600 135 1 1 135 0 0 
1145 86 128 603 128 1 1 128 0 0 
1150 88 125 600 125 1 1 125 0 0 
1155 91 120 600 120 1 1 120 0 0 
1160 93 125 603 125 1 1 125 0 0 
1165 98 128 600 128 1 1 128 0 0 
1170 100 132 603 132 1 1 132 0 0 
1175 104 132 600 132 1 1 132 0 0 
1180 106 132 603 132 1 1 132 0 0 
1185 109 135 600 135 1 1 135 0 0 
1190 113 132 600 132 1 1 132 0 0 
1195 115 132 603 132 1 1 132 0 0 
1200 118 132 603 132 1 1 132 0 0 
1205 122 132 603 132 1 1 132 0 0 
1210 124 132 600 132 1 1 132 0 0 
1215 127 128 600 128 1 1 128 0 0 
1220 129 128 600 128 1 1 128 0 0 
1225 135 132 600 132 1 1 132 0 0 
1230 137 132 600 132 1 1 132 0 0 
1235 138 132 600 132 1 1 132 0 0 
1240 142 135 603 135 1 1 135 0 0 
1245 146 135 600 135 1 1 135 0 0 
1250 149 132 600 132 1 1 132 0 0 
1255 151 132 603 132 1 1 132 0 0 
1260 155 132 600 132 1 1 132 0 0 
1265 158 135 600 135 1 1 135 0 0 
1270 160 135 600 135 1 1 135 0 0 
1275 164 140 603 140 1 1 140 0 0 
1280 166 140 600 140 1 1 140 0 0 
1285 169 140 600 140 1 1 140 0 0 
1290 173 140 600 140 1 1 140 0 0 
1295 175 135 603 135 1 1 135 0 0 
1300 178 135 603 135 1 1 135 0 0 
1305 182 140 603 140 1 1 140 0 0 
1310 186 135 600 135 1 1 135 0 0 
1315 187 135 600 135 1 1 135 0 0 
1320 191 140 600 140 1 1 140 0 0 
1325 195 140 600 140 1 1 140 0 0 
1330 196 140 603 140 1 1 140 0 0 
1335 200 143 600 143 1 1 143 0 0 
1340 202 140 600 140 1 1 140 0 0 
1345 207 140 603 140 1 1 140 0 0 
1350 209 143 600 143 1 1 143 0 0 
1355 213 140 600 140 1 1 140 0 0 
1360 215 143 603 143 1 1 143 0 0 
1365 219 143 603 143 1 1 143 0 0 
1370 223 143 603 143 1 1 143 0 0 
1375 225 143 603 143 1 1 143 0 0 
1380 228 143 600 143 1 1 143 0 0 
1385 232 143 600 143 1 1 143 0 0 
1390 234 140 600 140 1 1 140 0 0 
1395 237 140 603 140 1 1 140 0 0 
1400 239 140 600 140 1 1 140 0 0 
1405 243 140 600 140 1 1 140 0 0 
1410 246 140 600 140 1 1 140 0 0 
1415 250 140 600 140 1 1 140 0 0 
1420 252 135 600 135 1 1 135 0 0 
1425 255 140 600 140 1 1 140 0 0 
1430 259 135 603 135 1 1 135 0 0 
1435 261 135 600 135 1 1 135 0 0 
1440 265 135 600 135 1 1 135 0 0 
1445 266 135 600 135 1 1 135 0 0 
1450 272 135 603 135 1 1 135 0 0 
1455 274 135 600 135 1 1 135 0 0 
1460 277 135 600 135 1 1 135 0 0 
1465 281 140 600 140 1 1 140 0 0 
1470 283 135 600 135 1 1 135 0 0 
1475 286 135 600 135 1 1 135 0 0 
1480 290 132 600 132 1 1 132 0 0 
1485 294 132 600 132 1 1 132 0 0 
1490 295 132 600 132 1 1 132 0 0 
1495 297 132 600 132 1 1 132 0 0 
1500 301 132 600 132 1 1 132 0 0 
1505 304 132 600 132 1 1 132 0 0 
1510 308 132 600 132 1 1 132 0 0 
1515 310 132 600 132 1 1 132 0 0 
1520 313 132 600 132 1 1 132 0 0 
1525 317 128 600 128 1 1 128 0 0 
1530 321 128 600 128 1 1 128 0 0 
1535 323 128 603 128 1 1 128 0 0 
1540 326 125 600 125 1 1 125 0 0 
1545 328 125 603 125 1 1 125 0 0 
1550 332 128 600 128 1 1 128 0 0 
1555 335 125 600 125 1 1 125 0 0 
1560 337 125 603 125 1 1 125 0 0 
1565 341 125 600 125 1 1 125 0 0 
1570 344 125 600 125 1 1 125 0 0 
1575 346 125 603 125 1 1 125 0 0 
1580 350 125 600 125 1 1 125 0 0 
1585 353 125 603 125 1 1 125 0 0 
1590 355 120 603 120 1 1 120 0 0 
1595 359 120 600 120 1 1 120 0 0 
1600 362 120 600 120 1 1 120 0 0 
1605 364 120 600 120 1 1 120 0 0 
1610 368 120 600 120 1 1 120 0 0 
1615 372 120 600 120 1 1 120 0 0 
1620 373 120 600 120 1 1 120 0 0 
1625 375 120 600 120 1 1 120 0 0 
1630 379 120 600 120 1 1 120 0 0 
1635 382 120 600 120 1 1 120 0 0 
1640 386 120 603 120 1 1 120 0 0 
1645 390 117 600 117 1 1 117 0 0 
1650 391 117 600 117 1 1 117 0 0 
1655 395 117 600 117 1 1 117 0 0 
1660 397 120 600 120 1 1 120 0 0 
1665 401 117 603 117 1 1 117 0 0 
1670 404 117 603 117 1 1 117 0 0 
1675 408 113 600 113 1 1 113 0 0 
1680 410 113 603 113 1 1 113 0 0 
1685 413 113 600 113 1 1 113 0 0 
1690 417 113 603 113 1 1 113 0 0 
1695 420 113 600 113 1 1 113 0 0 
1700 422 113 600 113 1 1 113 0 0 
1705 426 113 600 113 1 1 113 0 0 
1710 430 113 603 113 1 1 113 0 0 
1715 431 110 600 110 1 1 110 0 0 
1720 435 113 603 113 1 1 113 0 0 
1725 437 113 600 113 1 1 113 0 0 
1730 441 110 600 110 1 1 110 0 0 
1735 445 110 603 110 1 1 110 0 0 
1740 447 110 603 110 1 1 110 0 0 
1745 451 110 600 110 1 1 110 0 0 
1750 454 110 600 110 1 1 110 0 0 
1755 456 110 600 110 1 1 110 0 0 
1760 460 110 603 110 1 1 110 0 0 
1765 463 110 600 110 1 1 110 0 0 
1770 465 110 603 110 1 1 110 0 0 
1775 469 110 603 110 1 1 110 0 0 
1780 470 110 600 110 1 1 110 0 0 
1785 474 105 603 105 1 1 105 0 0 
1790 478 105 600 105 1 1 105 0 0 
1795 481 105 603 105 1 1 105 0 0 
1800 483 105 603 105 1 1 105 0 0 
1805 487 105 603 105 1 1 105 0 0 
1810 490 105 600 105 1 1 105 0 0 
1815 492 102 603 102 1 1 102 0 0 
1820 496 102 600 102 1 1 102 0 0 
1825 498 102 600 102 1 1 102 0 0 
1830 501 102 603 102 1 1 102 0 0 
1835 505 102 600 102 1 1 102 0 0 
1840 509 102 603 102 1 1 102 0 0 
1845 510 102 600 102 1 1 102 0 0 
1850 514 102 603 102 1 1 102 0 0 
1855 518 102 600 102 1 1 102 0 0 
1860 519 102 600 102 1 1 102 0 0 
1865 523 102 600 102 1 1 102 0 0 
1870 527 98 603 98 1 1 98 0 0 
1875 530 98 600 98 1 1 98 0 0 
1880 532 98 603 98 1 1 98 0 0 
1885 536 98 603 98 1 1 98 0 0 
1890 539 98 600 98 1 1 98 0 0 
1895 541 95 603 95 1 1 95 0 0 
1900 545 95 600 95 1 1 95 0 0 
1905 548 95 603 95 1 1 95 0 0 
1910 550 90 600 90 1 1 90 0 0 
1915 554 90 603 90 1 1 90 0 0 
1920 558 90 600 90 1 1 90 0 0 
1925 559 90 603 90 1 1 90 0 0 
1930 563 87 603 87 1 1 87 0 0 
1935 567 90 600 90 1 1 90 0 0 
1940 568 87 600 87 1 1 87 0 0 
1945 572 87 600 87 1 1 87 0 0 
1950 576 90 600 90 1 1 90 0 0 
1955 577 90 600 90 1 1 90 0 0 
1960 581 90 603 90 1 1 90 0 0 
1965 583 90 600 90 1 1 90 0 0 
1970 588 90 603 90 1 1 90 0 0 
1975 590 90 600 90 1 1 90 0 0 
1980 592 90 600 90 1 1 90 0 0 
1985 596 90 603 90 1 1 90 0 0 
1990 599 90 603 90 1 1 90 0 0 
1995 603 90 600 90 1 1 90 0 0 
2000 605 90 603 90 1 1 90 0 0 
2005 608 90 600 90 1 1 90 0 0 
2010 612 87 603 87 1 1 87 0 0 
2015 614 87 600 87 1 1 87 0 0 
2020 617 87 603 87 1 1 87 0 0 
2025 619 87 600 87 1 1 87 0 0 
2030 623 87 600 87 1 1 87 0 0 
2035 626 87 603 87 1 1 87 0 0 
2040 630 87 600 87 1 1 87 0 0 
2045 632 87 600 87 1 1 87 0 0 
2050 635 90 603 90 1 1 90 0 0 
2055 637 90 600 90 1 1 90 0 0 
2060 641 90 603 90 1 1 90 0 0 
2065 645 90 603 90 1 1 90 0 0 
2070 646 90 600 90 1 1 90 0 0 
2075 650 90 603 90 1 1 90 0 0 
2080 654 87 603 87 1 1 87 0 0 
2085 655 87 600 87 1 1 87 0 0 
2090 661 87 603 87 1 1 87 0 0 
2095 664 87 603 87 1 1 87 0 0 
2100 666 87 600 87 1 1 87 0 0 
2105 669 90 600 90 1 1 90 0 0 
2110 673 90 600 90 1 1 90 0 0 
2115 676 90 600 90 1 1 90 0 0 
2120 678 87 600 87 1 1 87 0 0 
2125 682 87 600 87 1 1 87 0 0 
2130 685 87 600 87 1 1 87 0 0 
2135 689 87 603 87 1 1 87 0 0 
2140 691 83 600 83 1 1 83 0 0 
2145 695 87 603 87 1 1 87 0 0 
2150 698 87 603 87 1 1 87 0 0 
2155 700 87 600 87 1 1 87 0 0 
2160 704 87 600 87 1 1 87 0 0 
2165 705 87 600 87 1 1 87 0 0 
2170 709 83 600 83 1 1 83 0 0 
2175 713 87 600 87 1 1 87 0 0 
2180 716 83 600 83 1 1 83 0 0 
2185 718 87 600 87 1 1 87 0 0 
2190 722 87 600 87 1 1 87 0 0 
2195 725 87 600 87 1 1 87 0 0 
2200 727 87 600 87 1 1 87 0 0 
2205 731 87 600 87 1 1 87 0 0 
2210 733 87 603 87 1 1 87 0 0 
2215 736 87 600 87 1 1 87 0 0 
2220 740 87 600 87 1 1 87 0 0 
2225 742 83 600 83 1 1 83 0 0 
2230 745 87 600 87 1 1 87 0 0 
2235 749 87 600 87 1 1 87 0 0 
2240 751 87 600 87 1 1 87 0 0 
2245 754 90 603 90 1 1 90 0 0 
2250 758 90 600 90 1 1 90 0 0 
2255 762 95 603 95 1 1 95 0 0 
2260 763 95 600 95 1 1 95 0 0 
2265 767 95 603 95 1 1 95 0 0 
2270 769 95 600 95 1 1 95 0 0 
2275 773 95 600 95 1 1 95 0 0 
2280 776 95 600 95 1 1 95 0 0 
2285 780 95 600 95 1 1 95 0 0 
2290 782 95 603 95 1 1 95 0 0 
2295 785 98 600 98 1 1 98 0 0 
2300 787 98 600 98 1 1 98 0 0 
2305 791 98 600 98 1 1 98 0 0 
2310 794 102 600 102 1 1 102 0 0 
2315 798 98 600 98 1 1 98 0 0 
2320 800 98 603 98 1 1 98 0 0 
2325 803 98 600 98 1 1 98 0 0 
2330 805 98 600 98 1 1 98 0 0 
2335 809 95 603 95 1 1 95 0 0 
2340 812 98 600 98 1 1 98 0 0 
2345 814 98 600 98 1 1 98 0 0 
2350 818 98 600 98 1 1 98 0 0 
2355 821 98 600 98 1 1 98 0 0 
2360 823 98 603 98 1 1 98 0 0 
2365 827 98 600 98 1 1 98 0 0 
2370 831 98 600 98 1 1 98 0 0 
2375 832 98 603 98 1 1 98 0 0 
2380 836 98 603 98 1 1 98 0 0 
2385 840 98 600 98 1 1 98 0 0 
2390 841 95 603 95 1 1 95 0 0 
2395 845 90 603 90 1 1 90 0 0 
2400 847 95 600 95 1 1 95 0 0 
2405 850 90 600 90 1 1 90 0 0 
2410 854 90 600 90 1 1 90 0 0 
2415 858 90 600 90 1 1 90 0 0 
2420 860 90 603 90 1 1 90 0 0 
2425 863 87 600 87 1 1 87 0 0 
2430 867 87 600 87 1 1 87 0 0 
2435 869 83 603 83 1 1 83 0 0 
2440 872 80 600 80 1 1 80 0 0 
2445 874 80 600 80 1 1 80 0 0 
2450 878 80 600 80 1 1 80 0 0 
2455 881 75 600 75 1 1 75 0 0 
2460 885 72 600 72 1 1 72 0 0 
2465 888 72 603 72 1 1 72 0 0 
2470 891 68 600 68 1 1 68 0 0 
2475 895 65 600 65 1 1 65 0 0 
2480 899 60 603 60 1 1 60 0 0 
2485 900 57 603 57 1 1 57 0 0 
2490 904 53 600 53 1 1 53 0 0 
2495 908 53 603 53 1 1 53 0 0 
2500 910 50 603 50 1 1 50 0 0 
2505 913 45 603 45 1 1 45 0 0 
2510 917 45 600 45 1 1 45 0 0 
2515 919 42 600 42 1 1 42 0 0 
2520 922 42 603 42 1 1 42 0 0 
2525 924 38 600 38 1 1 38 0 0 
2530 928 35 603 35 1 1 35 0 0 
2535 931 35 603 35 1 1 35 0 0 
2540 933 30 600 30 1 1 30 0 0 
2545 937 30 600 30 1 1 30 0 0 
2550 940 27 600 27 1 1 27 0 0 
2555 944 23 600 23 1 1 23 0 0 
2560 946 23 600 23 1 1 23 0 0 
2565 949 23 603 23 1 1 23 0 0 
2570 953 20 600 20 1 1 20 0 0 
2575 955 20 600 20 1 1 20 0 0 
2580 959 15 600 15 1 1 15 0 0 
2585 960 15 600 15 1 1 15 0 0 
2590 966 15 600 15 1 1 15 0 0 
2595 966 12 598 12 1 1 12 0 0 
2600 969 12 598 12 1 1 12 0 0 
2605 973 12 593 12 1 1 12 0 0 
2610 977 8 593 8 1 1 8 0 0 
2615 978 8 593 8 1 1 8 0 0 
2620 982 8 593 8 1 1 8 0 0 
2625 984 8 590 8 1 1 8 0 0 
2630 988 8 590 8 1 1 8 0 0 
2635 991 8 585 8 1 1 8 0 0 
2640 993 5 580 5 1 1 5 0 0 
2645 997 5 578 5 1 1 5 0 0 
2650 1000 5 575 5 1 1 5 0 0 
2655 1002 0 573 0 1 1 0 0 0 
2660 1006 0 568 0 1 1 0 0 0 
2665 1007 0 565 0 1 1 0 0 0 
2670 1011 -5 560 -5 1 1 -5 0 0 
2675 1013 -5 555 -5 1 1 -5 0 0 
2680 1017 -8 550 -8 1 1 -8 0 0 
2685 1018 -8 545 -8 1 1 -8 0 0 
2690 1022 -12 538 -12 1 1 -12 0 0 
2695 1024 -12 533 -12 1 1 -12 0 0 
2700 1027 -12 525 -12 1 1 -12 0 0 
2705 1029 -15 520 -15 1 1 -15 0 0 
2710 1033 -20 513 -20 1 1 -20 0 0 
2715 1035 -15 503 -15 1 1 -15 0 0 
2720 1036 -20 495 -20 1 1 -20 0 0 
2725 1038 -23 485 -23 1 1 -23 0 0 
2730 1042 -23 473 -23 1 1 -23 0 0 
2735 1044 -27 463 -27 1 1 -27 0 0 
2740 1046 -30 450 -30 1 1 -30 0 0 
2745 1049 -30 443 -30 1 1 -30 0 0 
2750 1051 -30 430 -30 1 1 -30 0 0 
2755 1053 -35 418 -35 1 1 -35 0 0 
2760 1055 -35 403 -35 1 1 -35 0 0 
2765 1056 -35 390 -35 1 1 -35 0 0 
2770 1060 -35 375 -35 1 1 -35 0 0 
2775 1062 -38 363 -38 1 1 -38 0 0 
2780 1064 -42 345 -42 1 1 -42 0 0 
2785 1066 -42 330 -42 1 1 -42 0 0 
2790 1067 -42 310 -42 1 1 -42 0 0 
2795 1067 -45 298 -45 1 1 -45 0 0 
2800 1071 -45 275 -45 1 1 -45 0 0 
2805 1073 -45 258 -45 1 1 -45 0 0 
2810 1073 -50 233 -50 1 1 -50 0 0 
2815 1075 -53 210 -53 1 1 -53 0 0 
2820 1075 -60 185 -60 1 1 -60 0 0 
2825 1076 -65 160 -65 1 1 -65 0 0 
2830 1076 -68 130 -68 1 1 -68 0 0 
2835 1076 -72 100 -72 1 1 -72 0 0 
2840 1078 -80 68 -80 1 1 -80 0 0 
2845 1078 -80 30 -80 1 1 -80 0 0 
2850 1078 -90 0 -90 1 1 -90 0 0 
2855 1078 -98 -5 -98 1 1 -98 0 0 
2860 1078 -105 -38 -105 1 1 -105 0 0 
2865 1078 -117 -88 -117 1 1 -117 0 0 
2870 1078 -132 -153 -132 1 1 -132 0 0 
2875 1076 -147 -208 -147 1 1 -147 0 0 
2880 1076 -162 -250 -162 1 1 -162 0 0 
2885 1075 -173 -298 -173 1 1 -173 0 0 
2890 1073 -177 -358 -177 1 1 -177 0 0 
2895 1071 -173 -410 -173 1 1 -173 0 0 
2900 1069 -170 -468 -170 1 1 -170 0 0 
2905 1069 -165 -525 -165 1 1 -165 0 0 
2910 1064 -170 -588 -170 2 1 -170 0 0 
2915 1060 -177 -598 -177 2 1 -177 0 0 
2920 1056 -185 -600 -185 2 1 -185 0 0 
2925 1055 -195 -600 -195 2 1 -195 0 0 
2930 1051 -203 -600 -203 2 1 -203 0 0 
2935 1047 -218 -600 -218 2 1 -218 0 0 
2940 1046 -237 -600 -237 2 1 -237 0 0 
2945 1042 -260 -600 -260 2 1 -260 0 0 
2950 1038 -297 -598 -297 2 1 -297 0 0 
2955 1036 -327 -600 -327 2 1 -327 0 0 
2960 1033 -353 -600 -353 2 1 -353 0 0 
2965 1031 -368 -600 -368 2 1 -368 0 0 
2970 1027 -372 -598 -372 2 1 -372 0 0 
2975 1024 -368 -600 -368 2 1 -368 0 0 
2980 1020 -357 -600 -357 2 1 -357 0 0 
2985 1018 -350 -598 -350 2 1 -350 0 0 
2990 1015 -350 -600 -350 2 1 -350 0 0 
2995 1013 -357 -600 -357 2 1 -357 0 0 
3000 1009 -372 -600 -372 2 1 -372 0 0 
3005 1006 -387 -600 -387 2 1 -387 0 0 
3010 1004 -398 -600 -398 2 1 -398 0 0 
3015 1000 -402 -600 -402 2 1 -402 0 0 
3020 997 -402 -600 -402 2 1 -402 0 0 
3025 995 -402 -600 -402 2 1 -402 0 0 
3030 991 -402 -600 -402 2 1 -402 0 0 
3035 988 -402 -600 -402 2 1 -402 0 0 
3040 986 -402 -598 -402 2 1 -402 0 0 
3045 982 -402 -600 -402 2 1 -402 0 0 
3050 978 -402 -600 -402 2 1 -402 0 0 
3055 977 -405 -598 -405 2 1 -405 0 0 
3060 973 -410 -598 -410 2 1 -410 0 0 
3065 969 -413 -600 -413 2 1 -413 0 0 
3070 968 -417 -600 -417 2 1 -417 0 0 
3075 966 -417 -600 -417 2 1 -417 0 0 
3080 962 -420 -600 -420 2 1 -420 0 0 
3085 959 -420 -600 -420 2 1 -420 0 0 
3090 957 -420 -598 -420 2 1 -420 0 0 
3095 951 -420 -600 -420 2 1 -420 0 0 
3100 949 -420 -598 -420 2 1 -420 0 0 
3105 946 -420 -600 -420 2 1 -420 0 0 
3110 942 -420 -600 -420 2 1 -420 0 0 
3115 940 -425 -600 -425 2 1 -425 0 0 
3120 937 -425 -598 -425 2 1 -425 0 0 
3125 935 -428 -600 -428 2 1 -428 0 0 
3130 931 -425 -600 -425 2 1 -425 0 0 
3135 928 -425 -600 -425 2 1 -425 0 0 
3140 924 -420 -600 -420 2 1 -420 0 0 
3145 922 -420 -600 -420 2 1 -420 0 0 
3150 919 -420 -600 -420 2 1 -420 0 0 
3155 917 -420 -600 -420 2 1 -420 0 0 
3160 913 -420 -600 -420 2 1 -420 0 0 
3165 910 -420 -600 -420 2 1 -420 0 0 
3170 908 -420 -598 -420 2 1 -420 0 0 
3175 904 -420 -600 -420 2 1 -420 0 0 
3180 900 -425 -600 -425 2 1 -425 0 0 
3185 899 -420 -600 -420 2 1 -420 0 0 
3190 895 -420 -600 -420 2 1 -420 0 0 
3195 891 -420 -598 -420 2 1 -420 0 0 
3200 890 -420 -600 -420 2 1 -420 0 0 
3205 885 -425 -600 -425 2 1 -425 0 0 
3210 881 -420 -600 -420 2 1 -420 0 0 
3215 880 -420 -598 -420 2 1 -420 0 0 
3220 876 -420 -598 -420 2 1 -420 0 0 
3225 872 -417 -600 -417 2 1 -417 0 0 
3230 869 -417 -600 -417 2 1 -417 0 0 
3235 867 -417 -598 -417 2 1 -417 0 0 
3240 863 -417 -600 -417 2 1 -417 0 0 
3245 861 -417 -600 -417 2 1 -417 0 0 
3250 858 -417 -598 -417 2 1 -417 0 0 
3255 854 -413 -598 -413 2 1 -413 0 0 
3260 852 -413 -600 -413 2 1 -413 0 0 
3265 849 -410 -600 -410 2 1 -410 0 0 
3270 845 -410 -598 -410 2 1 -410 0 0 
3275 841 -410 -600 -410 2 1 -410 0 0 
3280 840 -410 -600 -410 2 1 -410 0 0 
3285 836 -410 -598 -410 2 1 -410 0 0 
3290 834 -410 -600 -410 2 1 -410 0 0 
3295 831 -410 -600 -410 2 1 -410 0 0 
3300 827 -410 -600 -410 2 1 -410 0 0 
3305 825 -410 -600 -410 2 1 -410 0 0 
3310 821 -410 -600 -410 2 1 -410 0 0 
3315 818 -410 -600 -410 2 1 -410 0 0 
3320 814 -410 -600 -410 2 1 -410 0 0 
3325 812 -410 -600 -410 2 1 -410 0 0 
3330 811 -410 -598 -410 2 1 -410 0 0 
3335 805 -405 -600 -405 2 1 -405 0 0 
3340 803 -405 -600 -405 2 1 -405 0 0 
3345 800 -405 -600 -405 2 1 -405 0 0 
3350 798 -405 -600 -405 2 1 -405 0 0 
3355 794 -402 -600 -402 2 1 -402 0 0 
3360 791 -402 -598 -402 2 1 -402 0 0 
3365 789 -402 -600 -402 2 1 -402 0 0 
3370 787 -402 -600 -402 2 1 -402 0 0 
3375 782 -402 -598 -402 2 1 -402 0 0 
3380 780 -402 -600 -402 2 1 -402 0 0 
3385 776 -398 -598 -398 2 1 -398 0 0 
3390 773 -398 -600 -398 2 1 -398 0 0 
3395 771 -395 -600 -395 2 1 -395 0 0 
3400 767 -395 -598 -395 2 1 -395 0 0 
3405 765 -395 -600 -395 2 1 -395 0 0 
3410 762 -395 -600 -395 2 1 -395 0 0 
3415 758 -395 -598 -395 2 1 -395 0 0 
3420 754 -395 -598 -395 2 1 -395 0 0 
3425 753 -395 -600 -395 2 1 -395 0 0 
3430 749 -395 -600 -395 2 1 -395 0 0 
3435 747 -395 -598 -395 2 1 -395 0 0 
3440 743 -395 -600 -395 2 1 -395 0 0 
3445 742 -395 -600 -395 2 1 -395 0 0 
3450 738 -395 -600 -395 2 1 -395 0 0 
3455 734 -395 -600 -395 2 1 -395 0 0 
3460 731 -395 -600 -395 2 1 -395 0 0 
3465 729 -395 -600 -395 2 1 -395 0 0 
3470 725 -395 -598 -395 2 1 -395 0 0 
3475 722 -390 -600 -390 2 1 -390 0 0 
3480 720 -390 -598 -390 2 1 -390 0 0 
3485 716 -390 -600 -390 2 1 -390 0 0 
3490 714 -390 -598 -390 2 1 -390 0 0 
3495 711 -390 -600 -390 2 1 -390 0 0 
3500 707 -390 -600 -390 2 1 -390 0 0 
3505 705 -387 -600 -387 2 1 -387 0 0 
3510 702 -387 -600 -387 2 1 -387 0 0 
3515 698 -387 -598 -387 2 1 -387 0 0 
3520 695 -387 -598 -387 2 1 -387 0 0 
3525 693 -390 -600 -390 2 1 -390 0 0 
3530 689 -390 -600 -390 2 1 -390 0 0 
3535 687 -387 -600 -387 2 1 -387 0 0 
3540 684 -387 -600 -387 2 1 -387 0 0 
3545 680 -387 -600 -387 2 1 -387 0 0 
3550 678 -387 -600 -387 2 1 -387 0 0 
3555 675 -383 -600 -383 2 1 -383 0 0 
3560 671 -383 -600 -383 2 1 -383 0 0 
3565 669 -383 -600 -383 2 1 -383 0 0 
3570 666 -380 -600 -380 2 1 -380 0 0 
3575 661 -380 -600 -380 2 1 -380 0 0 
3580 659 -380 -600 -380 2 1 -380 0 0 
3585 655 -380 -598 -380 2 1 -380 0 0 
3590 652 -380 -598 -380 2 1 -380 0 0 
3595 648 -380 -598 -380 2 1 -380 0 0 
3600 646 -380 -600 -380 2 1 -380 0 0 
3605 643 -375 -598 -375 2 1 -375 0 0 
3610 641 -375 -598 -375 2 1 -375 0 0 
3615 637 -375 -600 -375 2 1 -375 0 0 
3620 634 -375 -600 -375 2 1 -375 0 0 
3625 632 -375 -600 -375 2 1 -375 0 0 
3630 628 -375 -600 -375 2 1 -375 0 0 
3635 625 -375 -600 -375 2 1 -375 0 0 
3640 621 -375 -600 -375 2 1 -375 0 0 
3645 619 -375 -600 -375 2 1 -375 0 0 
3650 616 -375 -600 -375 2 1 -375 0 0 
3655 612 -375 -598 -375 2 1 -375 0 0 
3660 610 -375 -598 -375 2 1 -375 0 0 
3665 606 -372 -598 -372 2 1 -372 0 0 
3670 605 -372 -600 -372 2 1 -372 0 0 
3675 601 -372 -598 -372 2 1 -372 0 0 
3680 597 -372 -600 -372 2 1 -372 0 0 
3685 594 -372 -600 -372 2 1 -372 0 0 
3690 592 -368 -600 -368 2 1 -368 0 0 
3695 588 -365 -600 -365 2 1 -365 0 0 
3700 587 -365 -600 -365 2 1 -365 0 0 
3705 583 -360 -600 -360 2 1 -360 0 0 
3710 579 -360 -600 -360 2 1 -360 0 0 
3715 577 -360 -600 -360 2 1 -360 0 0 
3720 574 -360 -600 -360 2 1 -360 0 0 
3725 572 -360 -600 -360 2 1 -360 0 0 
3730 568 -360 -600 -360 2 1 -360 0 0 
3735 567 -360 -600 -360 2 1 -360 0 0 
3740 563 -357 -600 -357 2 1 -357 0 0 
3745 561 -357 -600 -357 2 1 -357 0 0 
3750 558 -357 -600 -357 2 1 -357 0 0 
3755 554 -357 -600 -357 2 1 -357 0 0 
3760 550 -357 -598 -357 2 1 -357 0 0 
3765 547 -353 -600 -353 2 1 -353 0 0 
3770 545 -353 -600 -353 2 1 -353 0 0 
3775 541 -353 -598 -353 2 1 -353 0 0 
3780 538 -353 -600 -353 2 1 -353 0 0 
3785 536 -353 -600 -353 2 1 -353 0 0 
3790 532 -350 -600 -350 2 1 -350 0 0 
3795 528 -345 -600 -345 2 1 -345 0 0 
3800 527 -350 -600 -350 2 1 -350 0 0 
3805 523 -345 -600 -345 2 1 -345 0 0 
3810 521 -342 -600 -342 2 1 -342 0 0 
3815 516 -342 -600 -342 2 1 -342 0 0 
3820 514 -342 -600 -342 2 1 -342 0 0 
3825 510 -342 -600 -342 2 1 -342 0 0 
3830 509 -338 -598 -338 2 1 -338 0 0 
3835 505 -338 -598 -338 2 1 -338 0 0 
3840 501 -338 -598 -338 2 1 -338 0 0 
3845 499 -338 -600 -338 2 1 -338 0 0 
3850 496 -338 -600 -338 2 1 -338 0 0 
3855 492 -335 -598 -335 2 1 -335 0 0 
3860 490 -335 -600 -335 2 1 -335 0 0 
3865 487 -338 -600 -338 2 1 -338 0 0 
3870 483 -335 -598 -335 2 1 -335 0 0 
3875 480 -335 -600 -335 2 1 -335 0 0 
3880 478 -335 -600 -335 2 1 -335 0 0 
3885 474 -335 -600 -335 2 1 -335 0 0 
3890 472 -330 -600 -330 2 1 -330 0 0 
3895 469 -330 -600 -330 2 1 -330 0 0 
3900 465 -330 -600 -330 2 1 -330 0 0 
3905 463 -327 -600 -327 2 1 -327 0 0 
3910 460 -327 -598 -327 2 1 -327 0 0 
3915 456 -327 -600 -327 2 1 -327 0 0 
3920 454 -323 -600 -323 2 1 -323 0 0 
3925 451 -323 -600 -323 2 1 -323 0 0 
3930 449 -323 -600 -323 2 1 -323 0 0 
3935 445 -320 -600 -320 2 1 -320 0 0 
3940 441 -320 -600 -320 2 1 -320 0 0 
3945 439 -320 -600 -320 2 1 -320 0 0 
3950 435 -315 -600 -315 2 1 -315 0 0 
3955 431 -315 -600 -315 2 1 -315 0 0 
3960 430 -315 -600 -315 2 1 -315 0 0 
3965 426 -315 -598 -315 2 1 -315 0 0 
3970 424 -315 -600 -315 2 1 -315 0 0 
3975 419 -315 -598 -315 2 1 -315 0 0 
3980 417 -312 -600 -312 2 1 -312 0 0 
3985 413 -312 -600 -312 2 1 -312 0 0 
3990 411 -312 -600 -312 2 1 -312 0 0 
3995 408 -312 -600 -312 2 1 -312 0 0 
4000 404 -312 -600 -312 2 1 -312 0 0 
4005 402 -312 -600 -312 2 1 -312 0 0 
4010 399 -312 -598 -312 2 1 -312 0 0 
4015 395 -308 -600 -308 2 1 -308 0 0 
4020 391 -308 -598 -308 2 1 -308 0 0 
4025 390 -305 -598 -305 2 1 -305 0 0 
4030 388 -305 -600 -305 2 1 -305 0 0 
4035 382 -300 -600 -300 2 1 -300 0 0 
4040 381 -300 -600 -300 2 1 -300 0 0 
4045 377 -297 -600 -297 2 1 -297 0 0 
4050 375 -297 -600 -297 2 1 -297 0 0 
4055 372 -297 -598 -297 2 1 -297 0 0 
4060 368 -297 -600 -297 2 1 -297 0 0 
4065 366 -297 -600 -297 2 1 -297 0 0 
4070 362 -297 -598 -297 2 1 -297 0 0 
4075 359 -293 -600 -293 2 1 -293 0 0 
4080 357 -293 -600 -293 2 1 -293 0 0 
4085 353 -293 -598 -293 2 1 -293 0 0 
4090 352 -293 -598 -293 2 1 -293 0 0 
4095 348 -290 -600 -290 2 1 -290 0 0 
4100 344 -290 -598 -290 2 1 -290 0 0 
4105 341 -290 -600 -290 2 1 -290 0 0 
4110 339 -290 -600 -290 2 1 -290 0 0 
4115 335 -290 -598 -290 2 1 -290 0 0 
4120 333 -290 -600 -290 2 1 -290 0 0 
4125 330 -290 -598 -290 2 1 -290 0 0 
4130 328 -290 -600 -290 2 1 -290 0 0 
4135 324 -285 -600 -285 2 1 -285 0 0 
4140 321 -285 -600 -285 2 1 -285 0 0 
4145 319 -285 -600 -285 2 1 -285 0 0 
4150 315 -285 -600 -285 2 1 -285 0 0 
4155 312 -290 -598 -290 2 1 -290 0 0 
4160 308 -290 -600 -290 2 1 -290 0 0 
4165 306 -290 -600 -290 2 1 -290 0 0 
4170 303 -290 -600 -290 2 1 -290 0 0 
4175 299 -285 -600 -285 2 1 -285 0 0 
4180 297 -285 -598 -285 2 1 -285 0 0 
4185 294 -285 -600 -285 2 1 -285 0 0 
4190 292 -290 -600 -290 2 1 -290 0 0 
4195 288 -290 -598 -290 2 1 -290 0 0 
4200 284 -290 -598 -290 2 1 -290 0 0 
4205 281 -290 -600 -290 2 1 -290 0 0 
4210 279 -285 -600 -285 2 1 -285 0 0 
4215 275 -285 -600 -285 2 1 -285 0 0 
4220 272 -285 -598 -285 2 1 -285 0 0 
4225 270 -285 -600 -285 2 1 -285 0 0 
4230 266 -282 -598 -282 2 1 -282 0 0 
4235 265 -282 -600 -282 2 1 -282 0 0 
4240 259 -282 -600 -282 2 1 -282 0 0 
4245 257 -278 -600 -278 2 1 -278 0 0 
4250 254 -278 -600 -278 2 1 -278 0 0 
4255 250 -275 -600 -275 2 1 -275 0 0 
4260 248 -275 -600 -275 2 1 -275 0 0 
4265 245 -275 -600 -275 2 1 -275 0 0 
4270 243 -275 -600 -275 2 1 -275 0 0 
4275 239 -275 -598 -275 2 1 -275 0 0 
4280 236 -270 -600 -270 2 1 -270 0 0 
4285 232 -270 -598 -270 2 1 -270 0 0 
4290 230 -270 -600 -270 2 1 -270 0 0 
4295 226 -267 -600 -267 2 1 -267 0 0 
4300 223 -267 -598 -267 2 1 -267 0 0 
4305 221 -267 -598 -267 2 1 -267 0 0 
4310 216 -263 -598 -263 2 1 -263 0 0 
4315 213 -263 -600 -263 2 1 -263 0 0 
4320 211 -260 -600 -260 2 1 -260 0 0 
4325 209 -260 -600 -260 2 1 -260 0 0 
4330 205 -260 -600 -260 2 1 -260 0 0 
4335 202 -255 -600 -255 2 1 -255 0 0 
4340 198 -255 -600 -255 2 1 -255 0 0 
4345 196 -255 -600 -255 2 1 -255 0 0 
4350 193 -252 -600 -252 2 1 -252 0 0 
4355 189 -248 -600 -248 2 1 -248 0 0 
4360 187 -248 -600 -248 2 1 -248 0 0 
4365 184 -245 -600 -245 2 1 -245 0 0 
4370 180 -240 -600 -240 2 1 -240 0 0 
4375 178 -240 -600 -240 2 1 -240 0 0 
4380 175 -240 -600 -240 2 1 -240 0 0 
4385 171 -237 -600 -237 2 1 -237 0 0 
4390 169 -233 -600 -233 2 1 -233 0 0 
4395 166 -233 -600 -233 2 1 -233 0 0 
4400 162 -230 -600 -230 2 1 -230 0 0 
4405 160 -225 -600 -225 2 1 -225 0 0 
4410 157 -225 -598 -225 2 1 -225 0 0 
4415 155 -222 -600 -222 2 1 -222 0 0 
4420 151 -222 -600 -222 2 1 -222 0 0 
4425 147 -218 -598 -218 2 1 -218 0 0 
4430 144 -215 -600 -215 2 1 -215 0 0 
4435 142 -215 -600 -215 2 1 -215 0 0 
4440 138 -210 -600 -210 2 1 -210 0 0 
4445 137 -207 -600 -207 2 1 -207 0 0 
4450 133 -203 -598 -203 2 1 -203 0 0 
4455 129 -195 -600 -195 2 1 -195 0 0 
4460 127 -192 -598 -192 2 1 -192 0 0 
4465 124 -188 -600 -188 2 1 -188 0 0 
4470 122 -180 -600 -180 2 1 -180 0 0 
4475 118 -177 -598 -177 2 1 -177 0 0 
4480 115 -173 -588 -173 2 1 -173 0 0 
4485 113 -170 -573 -170 2 1 -170 0 0 
4490 109 -162 -565 -162 2 1 -162 0 0 
4495 106 -158 -555 -158 2 1 -158 0 0 
4500 104 -155 -550 -155 2 1 -155 0 0 
4505 100 -155 -538 -155 2 1 -155 0 0 
4510 100 -158 -528 -158 2 1 -158 0 0 
4515 97 -158 -520 -158 2 1 -158 0 0 
4520 93 -155 -513 -155 2 1 -155 0 0 
4525 91 -147 -500 -147 2 1 -147 0 0 
4530 88 -140 -493 -140 2 1 -140 0 0 
4535 86 -132 -483 -132 2 1 -132 0 0 
4540 84 -128 -475 -128 2 1 -128 0 0 
4545 80 -125 -460 -125 2 1 -125 0 0 
4550 79 -125 -455 -125 2 1 -125 0 0 
4555 75 -120 -448 -120 2 1 -120 0 0 
4560 73 -117 -433 -117 2 1 -117 0 0 
4565 71 -117 -423 -117 2 1 -117 0 0 
4570 69 -113 -418 -113 2 1 -113 0 0 
4575 68 -110 -408 -110 2 1 -110 0 0 
4580 66 -110 -398 -110 2 1 -110 0 0 
4585 64 -110 -390 -110 2 1 -110 0 0 
4590 62 -110 -380 -110 2 1 -110 0 0 
4595 59 -105 -370 -105 2 1 -105 0 0 
4600 57 -102 -363 -102 2 1 -102 0 0 
4605 57 -98 -355 -98 2 1 -98 0 0 
4610 53 -98 -343 -98 2 1 -98 0 0 
4615 53 -95 -333 -95 2 1 -95 0 0 
4620 51 -95 -323 -95 2 1 -95 0 0 
4625 50 -95 -318 -95 2 1 -95 0 0 
4630 48 -95 -310 -95 2 1 -95 0 0 
4635 46 -95 -298 -95 2 1 -95 0 0 
4640 44 -90 -288 -90 2 1 -90 0 0 
4645 42 -87 -273 -87 2 1 -87 0 0 
4650 40 -83 -265 -83 2 1 -83 0 0 
4655 40 -80 -253 -80 2 1 -80 0 0 
4660 39 -80 -250 -80 2 1 -80 0 0 
4665 37 -80 -248 -80 2 1 -80 0 0 
4670 37 -83 -238 -83 2 1 -83 0 0 
4675 35 -80 -225 -80 2 1 -80 0 0 
4680 33 -80 -213 -80 2 1 -80 0 0 
4685 33 -72 -200 -72 2 1 -72 0 0 
4690 31 -65 -195 -65 2 1 -65 0 0 
4695 31 -60 -185 -60 2 1 -60 0 0 
4700 31 -60 -173 -60 2 1 -60 0 0 
4705 30 -60 -170 -60 2 1 -60 0 0 
4710 28 -65 -165 -65 2 1 -65 0 0 
4715 28 -65 -155 -65 2 1 -65 0 0 
4720 26 -57 -145 -57 2 1 -57 0 0 
4725 26 -50 -133 -50 2 1 -50 0 0 
4730 26 -42 -130 -42 2 1 -42 0 0 
4735 26 -38 -130 -38 2 1 -38 0 0 
4740 24 -38 -120 -38 2 1 -38 0 0 
4745 24 -38 -118 -38 2 1 -38 0 0 
4750 24 -35 -115 -35 2 1 -35 0 0 
4755 22 -30 -103 -30 2 1 -30 0 0 
4760 22 -20 -100 -20 2 1 -20 0 0 
4765 20 -8 -100 -8 2 1 -8 0 0 
4770 20 0 -90 0 2 1 0 0 0 
4775 20 5 -83 5 2 1 5 0 0 
4780 20 5 -78 5 2 1 5 0 0 
4785 19 8 -75 8 2 1 8 0 0 
4790 20 8 -70 8 2 1 8 0 0 
4795 19 12 -63 12 2 1 12 0 0 
4800 19 20 -50 20 2 1 20 0 0 
4805 19 27 -43 27 2 1 27 0 0 
4810 19 35 -35 35 2 1 35 0 0 
4815 17 38 -25 38 2 1 38 0 0 
4820 19 42 -10 42 2 1 42 0 0 
4825 19 42 0 42 2 1 42 0 0 
4830 19 42 3 42 2 1 42 0 0 
4835 19 45 15 45 2 1 45 0 0 
4840 19 53 35 53 2 1 53 0 0 
4845 19 57 50 57 2 1 57 0 0 
4850 19 57 65 57 2 1 57 0 0 
4855 19 60 75 60 2 1 60 0 0 
4860 19 65 93 65 2 1 65 0 0 
4865 20 68 110 68 2 1 68 0 0 
4870 20 68 130 68 2 1 68 0 0 
4875 20 72 148 72 2 1 72 0 0 
4880 20 72 168 72 2 1 72 0 0 
4885 22 75 185 75 2 1 75 0 0 
4890 24 75 208 75 2 1 75 0 0 
4895 24 80 223 80 2 1 80 0 0 
4900 26 80 250 80 2 1 80 0 0 
4905 28 80 270 80 2 1 80 0 0 
4910 28 80 293 80 2 1 80 0 0 
4915 30 80 310 80 2 1 80 0 0 
4920 31 80 338 80 3 1 80 0 0 
4925 33 80 358 80 3 1 80 0 0 
4930 35 83 380 83 3 1 83 0 0 
4935 37 80 403 80 3 1 80 0 0 
4940 39 80 433 80 3 1 80 0 0 
4945 40 83 450 83 3 1 83 0 0 
4950 42 83 475 83 3 1 83 0 0 
4955 46 83 500 83 3 1 83 0 0 
4960 48 83 525 83 3 1 83 0 0 
4965 51 83 553 83 3 1 83 0 0 
4970 53 83 575 83 3 1 83 0 0 
4975 57 83 593 83 3 1 83 0 0 
4980 60 83 600 83 3 1 83 0 0 
4985 62 83 600 83 3 1 83 0 0 
4990 66 83 603 83 3 1 83 0 0 
4995 69 83 600 83 3 1 83 0 0 
5000 73 90 600 90 3 1 90 0 0 
5005 75 98 603 98 3 1 98 0 0 
5010 79 113 600 113 3 1 113 0 0 
5015 80 128 603 128 3 1 128 0 0 
5020 86 140 600 140 3 1 140 0 0 
5025 88 140 603 140 3 1 140 0 0 
5030 91 135 600 135 3 1 135 0 0 
5035 93 128 603 128 3 1 128 0 0 
5040 97 120 600 120 3 1 120 0 0 
5045 100 117 600 117 3 1 117 0 0 
5050 104 117 600 117 3 1 117 0 0 
5055 106 120 600 120 3 1 120 0 0 
5060 109 125 600 125 3 1 125 0 0 
5065 111 128 600 128 3 1 128 0 0 
5070 115 125 603 125 3 1 125 0 0 
5075 118 125 600 125 3 1 125 0 0 
5080 120 125 603 125 3 1 125 0 0 
5085 124 125 600 125 3 1 125 0 0 
5090 127 125 600 125 3 1 125 0 0 
5095 129 120 600 120 3 1 120 0 0 
5100 133 120 603 120 3 1 120 0 0 
5105 137 120 600 120 3 1 120 0 0 
5110 138 120 600 120 3 1 120 0 0 
5115 142 120 603 120 3 1 120 0 0 
5120 146 120 600 120 3 1 120 0 0 
5125 147 120 600 120 3 1 120 0 0 
5130 151 125 600 125 3 1 125 0 0 
5135 153 120 600 120 3 1 120 0 0 
5140 157 117 603 117 3 1 117 0 0 
5145 160 117 600 117 3 1 117 0 0 
5150 164 113 603 113 3 1 113 0 0 
5155 166 113 600 113 3 1 113 0 0 
5160 169 113 603 113 3 1 113 0 0 
5165 173 117 600 117 3 1 117 0 0 
5170 175 113 600 113 3 1 113 0 0 
5175 178 113 600 113 3 1 113 0 0 
5180 182 110 603 110 3 1 110 0 0 
5185 184 110 603 110 3 1 110 0 0 
5190 187 105 600 105 3 1 105 0 0 
5195 189 105 600 105 3 1 105 0 0 
5200 193 105 600 105 3 1 105 0 0 
5205 196 105 600 105 3 1 105 0 0 
5210 198 105 600 105 3 1 105 0 0 
5215 202 105 600 105 3 1 105 0 0 
5220 205 105 600 105 3 1 105 0 0 
5225 207 105 600 105 3 1 105 0 0 
5230 211 105 600 105 3 1 105 0 0 
5235 215 102 603 102 3 1 102 0 0 
5240 219 102 600 102 3 1 102 0 0 
5245 223 102 600 102 3 1 102 0 0 
5250 225 98 600 98 3 1 98 0 0 
5255 226 98 603 98 3 1 98 0 0 
5260 230 98 603 98 3 1 98 0 0 
5265 234 98 600 98 3 1 98 0 0 
5270 236 95 600 95 3 1 95 0 0 
5275 239 95 600 95 3 1 95 0 0 
5280 243 90 600 90 3 1 90 0 0 
5285 246 90 600 90 3 1 90 0 0 
5290 248 90 603 90 3 1 90 0 0 
5295 252 87 600 87 3 1 87 0 0 
5300 255 87 603 87 3 1 87 0 0 
5305 259 87 600 87 3 1 87 0 0 
5310 261 83 600 83 3 1 83 0 0 
5315 265 83 600 83 3 1 83 0 0 
5320 268 80 600 80 3 1 80 0 0 
5325 270 80 600 80 3 1 80 0 0 
5330 274 80 600 80 3 1 80 0 0 
5335 275 80 600 80 3 1 80 0 0 
5340 279 80 600 80 3 1 80 0 0 
5345 283 80 603 80 3 1 80 0 0 
5350 286 80 600 80 3 1 80 0 0 
5355 288 80 603 80 3 1 80 0 0 
5360 292 80 600 80 3 1 80 0 0 
5365 295 75 600 75 3 1 75 0 0 
5370 299 75 600 75 3 1 75 0 0 
5375 301 75 603 75 3 1 75 0 0 
5380 304 75 600 75 3 1 75 0 0 
5385 306 72 603 72 3 1 72 0 0 
5390 310 72 600 72 3 1 72 0 0 
5395 313 75 603 75 3 1 75 0 0 
5400 315 72 600 72 3 1 72 0 0 
5405 319 72 600 72 3 1 72 0 0 
5410 323 72 603 72 3 1 72 0 0 
5415 324 72 600 72 3 1 72 0 0 
5420 330 72 600 72 3 1 72 0 0 
5425 332 72 600 72 3 1 72 0 0 
5430 333 72 600 72 3 1 72 0 0 
5435 337 68 603 68 3 1 68 0 0 
5440 341 72 600 72 3 1 72 0 0 
5445 343 68 600 68 3 1 68 0 0 
5450 346 68 600 68 3 1 68 0 0 
5455 348 68 600 68 3 1 68 0 0 
5460 352 68 600 68 3 1 68 0 0 
5465 355 65 603 65 3 1 65 0 0 
5470 359 65 600 65 3 1 65 0 0 
5475 361 65 603 65 3 1 65 0 0 
5480 364 65 600 65 3 1 65 0 0 
5485 368 65 600 65 3 1 65 0 0 
5490 370 65 600 65 3 1 65 0 0 
5495 373 65 600 65 3 1 65 0 0 
5500 377 60 600 60 3 1 60 0 0 
5505 379 65 600 65 3 1 65 0 0 
5510 382 60 603 60 3 1 60 0 0 
5515 386 60 600 60 3 1 60 0 0 
5520 388 60 600 60 3 1 60 0 0 
5525 391 60 600 60 3 1 60 0 0 
5530 395 60 600 60 3 1 60 0 0 
5535 397 60 600 60 3 1 60 0 0 
5540 401 60 600 60 3 1 60 0 0 
5545 404 60 600 60 3 1 60 0 0 
5550 408 60 600 60 3 1 60 0 0 
5555 410 57 600 57 3 1 57 0 0 
5560 413 57 600 57 3 1 57 0 0 
5565 417 57 600 57 3 1 57 0 0 
5570 419 57 600 57 3 1 57 0 0 
5575 422 60 600 60 3 1 60 0 0 
5580 426 60 600 60 3 1 60 0 0 
5585 428 57 600 57 3 1 57 0 0 
5590 431 57 600 57 3 1 57 0 0 
5595 435 53 603 53 3 1 53 0 0 
5600 437 53 603 53 3 1 53 0 0 
5605 441 53 600 53 3 1 53 0 0 
5610 445 53 600 53 3 1 53 0 0 
5615 447 53 600 53 3 1 53 0 0 
5620 451 57 600 57 3 1 57 0 0 
5625 454 57 600 57 3 1 57 0 0 
5630 456 57 600 57 3 1 57 0 0 
5635 460 57 600 57 3 1 57 0 0 
5640 461 53 600 53 3 1 53 0 0 
5645 465 53 603 53 3 1 53 0 0 
5650 469 53 603 53 3 1 53 0 0 
5655 470 53 600 53 3 1 53 0 0 
5660 474 57 600 57 3 1 57 0 0 
5665 478 57 600 57 3 1 57 0 0 
5670 480 57 603 57 3 1 57 0 0 
5675 483 53 600 53 3 1 53 0 0 
5680 487 57 600 57 3 1 57 0 0 
5685 490 57 600 57 3 1 57 0 0 
5690 492 57 600 57 3 1 57 0 0 
5695 496 53 600 53 3 1 53 0 0 
5700 499 53 603 53 3 1 53 0 0 
5705 501 53 600 53 3 1 53 0 0 
5710 505 53 600 53 3 1 53 0 0 
5715 507 53 600 53 3 1 53 0 0 
5720 510 57 600 57 3 1 57 0 0 
5725 514 57 600 57 3 1 57 0 0 
5730 518 57 600 57 3 1 57 0 0 
5735 519 60 603 60 3 1 60 0 0 
5740 523 57 600 57 3 1 57 0 0 
5745 527 57 600 57 3 1 57 0 0 
5750 530 53 600 53 3 1 53 0 0 
5755 532 53 603 53 3 1 53 0 0 
5760 536 53 600 53 3 1 53 0 0 
5765 538 53 600 53 3 1 53 0 0 
5770 541 57 600 57 3 1 57 0 0 
5775 545 57 600 57 3 1 57 0 0 
5780 548 57 600 57 3 1 57 0 0 
5785 550 60 600 60 3 1 60 0 0 
5790 552 57 600 57 3 1 57 0 0 
5795 558 57 603 57 3 1 57 0 0 
5800 559 57 603 57 3 1 57 0 0 
5805 563 57 600 57 3 1 57 0 0 
5810 567 57 600 57 3 1 57 0 0 
5815 568 53 600 53 3 1 53 0 0 
5820 572 57 600 57 3 1 57 0 0 
5825 574 53 600 53 3 1 53 0 0 
5830 577 53 600 53 3 1 53 0 0 
5835 579 53 603 53 3 1 53 0 0 
5840 583 53 600 53 3 1 53 0 0 
5845 587 53 603 53 3 1 53 0 0 
5850 590 53 600 53 3 1 53 0 0 
5855 592 53 600 53 3 1 53 0 0 
5860 596 53 600 53 3 1 53 0 0 
5865 599 53 603 53 3 1 53 0 0 
5870 601 53 600 53 3 1 53 0 0 
5875 605 53 600 53 3 1 53 0 0 
5880 608 53 600 53 3 1 53 0 0 
5885 610 53 600 53 3 1 53 0 0 
5890 614 53 600 53 3 1 53 0 0 
5895 616 50 600 50 3 1 50 0 0 
5900 619 50 603 50 3 1 50 0 0 
5905 623 50 600 50 3 1 50 0 0 
5910 626 50 600 50 3 1 50 0 0 
5915 628 50 600 50 3 1 50 0 0 
5920 632 50 600 50 3 1 50 0 0 
5925 635 50 600 50 3 1 50 0 0 
5930 637 50 600 50 3 1 50 0 0 
5935 641 50 600 50 3 1 50 0 0 
5940 643 50 600 50 3 1 50 0 0 
5945 646 50 600 50 3 1 50 0 0 
5950 650 50 600 50 3 1 50 0 0 
5955 652 45 600 45 3 1 45 0 0 
5960 655 45 600 45 3 1 45 0 0 
5965 659 42 600 42 3 1 42 0 0 
5970 664 45 603 45 3 1 45 0 0 
5975 666 45 600 45 3 1 45 0 0 
5980 669 45 600 45 3 1 45 0 0 
5985 671 45 600 45 3 1 45 0 0 
5990 675 45 600 45 3 1 45 0 0 
5995 678 45 600 45 3 1 45 0 0 
6000 682 42 603 42 3 1 42 0 0 
6005 685 42 603 42 3 1 42 0 0 
6010 687 42 603 42 3 1 42 0 0 
6015 691 42 603 42 3 1 42 0 0 
6020 693 38 600 38 3 1 38 0 0 
6025 696 38 600 38 3 1 38 0 0 
6030 700 38 600 38 3 1 38 0 0 
6035 702 38 600 38 3 1 38 0 0 
6040 705 35 603 35 3 1 35 0 0 
6045 709 35 600 35 3 1 35 0 0 
6050 713 35 603 35 3 1 35 0 0 
6055 714 35 600 35 3 1 35 0 0 
6060 718 35 600 35 3 1 35 0 0 
6065 722 35 600 35 3 1 35 0 0 
6070 724 35 600 35 3 1 35 0 0 
6075 727 35 600 35 3 1 35 0 0 
6080 731 35 600 35 3 1 35 0 0 
6085 733 35 600 35 3 1 35 0 0 
6090 736 30 603 30 3 1 30 0 0 
6095 738 30 603 30 3 1 30 0 0 
6100 742 30 600 30 3 1 30 0 0 
6105 745 30 603 30 3 1 30 0 0 
6110 747 30 600 30 3 1 30 0 0 
6115 751 27 600 27 3 1 27 0 0 
6120 754 27 600 27 3 1 27 0 0 
6125 756 27 603 27 3 1 27 0 0 
6130 760 27 600 27 3 1 27 0 0 
6135 763 27 603 27 3 1 27 0 0 
6140 765 27 603 27 3 1 27 0 0 
6145 769 27 600 27 3 1 27 0 0 
6150 773 23 603 23 3 1 23 0 0 
6155 774 23 600 23 3 1 23 0 0 
6160 778 23 600 23 3 1 23 0 0 
6165 782 23 600 23 3 1 23 0 0 
6170 785 20 600 20 3 1 20 0 0 
6175 787 20 600 20 3 1 20 0 0 
6180 791 20 600 20 3 1 20 0 0 
6185 792 20 600 20 3 1 20 0 0 
6190 796 20 600 20 3 1 20 0 0 
6195 800 15 600 15 3 1 15 0 0 
6200 802 15 600 15 3 1 15 0 0 
6205 805 15 600 15 3 1 15 0 0 
6210 807 15 600 15 3 1 15 0 0 
6215 811 15 600 15 3 1 15 0 0 
6220 814 12 600 12 3 1 12 0 0 
6225 816 12 598 12 3 1 12 0 0 
6230 820 12 598 12 3 1 12 0 0 
6235 823 12 598 12 3 1 12 0 0 
6240 825 12 598 12 3 1 12 0 0 
6245 829 12 593 12 3 1 12 0 0 
6250 832 12 593 12 3 1 12 0 0 
6255 836 12 593 12 3 1 12 0 0 
6260 838 8 590 8 3 1 8 0 0 
6265 841 8 588 8 3 1 8 0 0 
6270 843 5 585 5 3 1 5 0 0 
6275 847 5 580 5 3 1 5 0 0 
6280 849 5 578 5 3 1 5 0 0 
6285 852 5 575 5 3 1 5 0 0 
6290 856 0 573 0 3 1 0 0 0 
6295 858 0 568 0 3 1 0 0 0 
6300 861 -5 565 -5 3 1 -5 0 0 
6305 865 -5 560 -5 3 1 -5 0 0 
6310 867 -8 555 -8 3 1 -8 0 0 
6315 869 -8 553 -8 3 1 -8 0 0 
6320 872 -8 548 -8 3 1 -8 0 0 
6325 876 -8 540 -8 3 1 -8 0 0 
6330 878 -12 535 -12 3 1 -12 0 0 
6335 881 -12 533 -12 3 1 -12 0 0 
6340 883 -15 523 -15 3 1 -15 0 0 
6345 888 -15 520 -15 3 1 -15 0 0 
6350 890 -15 513 -15 3 1 -15 0 0 
6355 893 -15 503 -15 3 1 -15 0 0 
6360 895 -15 498 -15 3 1 -15 0 0 
6365 897 -20 488 -20 3 1 -20 0 0 
6370 899 -20 480 -20 3 1 -20 0 0 
6375 902 -23 473 -23 3 1 -23 0 0 
6380 904 -20 463 -20 3 1 -20 0 0 
6385 906 -23 448 -23 3 1 -23 0 0 
6390 910 -23 445 -23 3 1 -23 0 0 
6395 911 -27 433 -27 3 1 -27 0 0 
6400 913 -27 423 -27 3 1 -27 0 0 
6405 915 -27 408 -27 3 1 -27 0 0 
6410 919 -30 398 -30 3 1 -30 0 0 
6415 919 -30 390 -30 3 1 -30 0 0 
6420 922 -30 378 -30 3 1 -30 0 0 
6425 924 -30 365 -30 3 1 -30 0 0 
6430 926 -30 353 -30 3 1 -30 0 0 
6435 928 -30 340 -30 3 1 -30 0 0 
6440 928 -30 328 -30 3 1 -30 0 0 
6445 931 -35 313 -35 3 1 -35 0 0 
6450 931 -35 303 -35 3 1 -35 0 0 
6455 933 -35 290 -35 3 1 -35 0 0 
6460 935 -35 275 -35 3 1 -35 0 0 
6465 937 -35 258 -35 3 1 -35 0 0 
6470 937 -38 245 -38 3 1 -38 0 0 
6475 939 -38 228 -38 3 1 -38 0 0 
6480 940 -38 218 -38 3 1 -38 0 0 
6485 940 -38 198 -38 3 1 -38 0 0 
6490 942 -38 183 -38 3 1 -38 0 0 
6495 944 -38 165 -38 3 1 -38 0 0 
6500 944 -38 148 -38 3 1 -38 0 0 
6505 946 -42 128 -42 3 1 -42 0 0 
6510 946 -45 108 -45 3 1 -45 0 0 
6515 946 -45 90 -45 3 1 -45 0 0 
6520 946 -50 70 -50 3 1 -50 0 0 
6525 948 -50 48 -50 3 1 -50 0 0 
6530 948 -50 23 -50 3 1 -50 0 0 
6535 948 -53 0 -53 3 1 -53 0 0 
6540 946 -57 -3 -57 3 1 -57 0 0 
6545 946 -60 -28 -60 3 1 -60 0 0 
6550 948 -65 -55 -65 3 1 -65 0 0 
6555 946 -68 -88 -68 3 1 -68 0 0 
6560 946 -72 -118 -72 3 1 -72 0 0 
6565 946 -80 -148 -80 3 1 -80 0 0 
6570 944 -83 -173 -83 3 1 -83 0 0 
6575 944 -87 -205 -87 3 1 -87 0 0 
6580 942 -87 -233 -87 3 1 -87 0 0 
6585 942 -87 -275 -87 3 1 -87 0 0 
6590 940 -87 -305 -87 3 1 -87 0 0 
6595 939 -90 -340 -90 3 1 -90 0 0 
6600 937 -95 -375 -95 3 1 -95 0 0 
6605 935 -98 -420 -98 3 1 -98 0 0 
6610 933 -102 -455 -102 4 1 -102 0 0 
6615 931 -105 -495 -105 4 1 -105 0 0 
6620 928 -105 -533 -105 4 1 -105 0 0 
6625 926 -110 -580 -110 4 1 -110 0 0 
6630 922 -110 -593 -110 4 1 -110 0 0 
6635 920 -113 -600 -113 4 1 -113 0 0 
6640 917 -117 -600 -117 4 1 -117 0 0 
6645 913 -120 -598 -120 4 1 -120 0 0 
6650 911 -128 -600 -128 4 1 -128 0 0 
6655 908 -140 -598 -140 4 1 -140 0 0 
6660 904 -158 -598 -158 4 1 -158 0 0 
6665 902 -185 -598 -185 4 1 -185 0 0 
6670 899 -203 -600 -203 4 1 -203 0 0 
6675 895 -222 -598 -222 4 1 -222 0 0 
6680 893 -230 -600 -230 4 1 -230 0 0 
6685 890 -233 -600 -233 4 1 -233 0 0 
6690 885 -230 -600 -230 4 1 -230 0 0 
6695 883 -225 -600 -225 4 1 -225 0 0 
6700 880 -222 -600 -222 4 1 -222 0 0 
6705 876 -225 -598 -225 4 1 -225 0 0 
6710 872 -230 -600 -230 4 1 -230 0 0 
6715 870 -237 -600 -237 4 1 -237 0 0 
6720 867 -240 -598 -240 4 1 -240 0 0 
6725 865 -245 -600 -245 4 1 -245 0 0 
6730 861 -248 -600 -248 4 1 -248 0 0 
6735 858 -248 -600 -248 4 1 -248 0 0 
6740 856 -248 -600 -248 4 1 -248 0 0 
6745 852 -252 -600 -252 4 1 -252 0 0 
6750 849 -252 -600 -252 4 1 -252 0 0 
6755 847 -255 -600 -255 4 1 -255 0 0 
6760 843 -255 -600 -255 4 1 -255 0 0 
6765 840 -260 -600 -260 4 1 -260 0 0 
6770 838 -260 -600 -260 4 1 -260 0 0 
6775 834 -260 -600 -260 4 1 -260 0 0 
6780 831 -260 -600 -260 4 1 -260 0 0 
6785 827 -263 -600 -263 4 1 -263 0 0 
6790 825 -263 -600 -263 4 1 -263 0 0 
6795 821 -263 -598 -263 4 1 -263 0 0 
6800 818 -267 -598 -267 4 1 -267 0 0 
6805 816 -267 -598 -267 4 1 -267 0 0 
6810 812 -270 -598 -270 4 1 -270 0 0 
6815 811 -275 -598 -275 4 1 -275 0 0 
6820 807 -275 -598 -275 4 1 -275 0 0 
6825 803 -278 -600 -278 4 1 -278 0 0 
6830 802 -278 -598 -278 4 1 -278 0 0 
6835 798 -282 -600 -282 4 1 -282 0 0 
6840 794 -282 -600 -282 4 1 -282 0 0 
6845 791 -282 -598 -282 4 1 -282 0 0 
6850 789 -282 -598 -282 4 1 -282 0 0 
6855 785 -282 -600 -282 4 1 -282 0 0 
6860 783 -282 -598 -282 4 1 -282 0 0 
6865 780 -282 -600 -282 4 1 -282 0 0 
6870 776 -285 -600 -285 4 1 -285 0 0 
6875 774 -285 -600 -285 4 1 -285 0 0 
6880 771 -285 -600 -285 4 1 -285 0 0 
6885 767 -290 -600 -290 4 1 -290 0 0 
6890 765 -290 -600 -290 4 1 -290 0 0 
6895 762 -285 -600 -285 4 1 -285 0 0 
6900 758 -285 -600 -285 4 1 -285 0 0 
6905 756 -290 -600 -290 4 1 -290 0 0 
6910 753 -290 -598 -290 4 1 -290 0 0 
6915 751 -290 -600 -290 4 1 -290 0 0 
6920 747 -290 -600 -290 4 1 -290 0 0 
6925 743 -290 -600 -290 4 1 -290 0 0 
6930 740 -293 -600 -293 4 1 -293 0 0 
6935 738 -293 -600 -293 4 1 -293 0 0 
6940 734 -293 -600 -293 4 1 -293 0 0 
6945 733 -293 -600 -293 4 1 -293 0 0 
6950 729 -293 -600 -293 4 1 -293 0 0 
6955 725 -293 -598 -293 4 1 -293 0 0 
6960 724 -293 -598 -293 4 1 -293 0 0 
6965 720 -293 -600 -293 4 1 -293 0 0 
6970 716 -290 -600 -290 4 1 -290 0 0 
6975 713 -290 -600 -290 4 1 -290 0 0 
6980 711 -290 -600 -290 4 1 -290 0 0 
6985 707 -290 -600 -290 4 1 -290 0 0 
6990 705 -290 -600 -290 4 1 -290 0 0 
6995 702 -290 -600 -290 4 1 -290 0 0 
7000 700 -290 -600 -290 4 1 -290 0 0 
7005 696 -290 -598 -290 4 1 -290 0 0 
7010 693 -290 -600 -290 4 1 -290 0 0 
7015 689 -290 -600 -290 4 1 -290 0 0 
7020 687 -290 -600 -290 4 1 -290 0 0 
7025 684 -285 -600 -285 4 1 -285 0 0 
7030 680 -285 -600 -285 4 1 -285 0 0 
7035 678 -285 -600 -285 4 1 -285 0 0 
7040 675 -285 -598 -285 4 1 -285 0 0 
7045 671 -282 -600 -282 4 1 -282 0 0 
7050 669 -282 -598 -282 4 1 -282 0 0 
7055 666 -282 -600 -282 4 1 -282 0 0 
7060 661 -282 -600 -282 4 1 -282 0 0 
7065 657 -282 -600 -282 4 1 -282 0 0 
7070 655 -278 -600 -278 4 1 -278 0 0 
7075 652 -278 -600 -278 4 1 -278 0 0 
7080 650 -278 -600 -278 4 1 -278 0 0 
7085 646 -278 -600 -278 4 1 -278 0 0 
7090 643 -278 -600 -278 4 1 -278 0 0 
7095 641 -275 -600 -275 4 1 -275 0 0 
7100 637 -275 -600 -275 4 1 -275 0 0 
7105 634 -275 -600 -275 4 1 -275 0 0 
7110 630 -270 -600 -270 4 1 -270 0 0 
7115 628 -270 -600 -270 4 1 -270 0 0 
7120 626 -270 -600 -270 4 1 -270 0 0 
7125 623 -270 -600 -270 4 1 -270 0 0 
7130 619 -270 -598 -270 4 1 -270 0 0 
7135 616 -270 -600 -270 4 1 -270 0 0 
7140 614 -267 -600 -267 4 1 -267 0 0 
7145 610 -267 -600 -267 4 1 -267 0 0 
7150 606 -267 -600 -267 4 1 -267 0 0 
7155 603 -263 -600 -263 4 1 -263 0 0 
7160 601 -263 -600 -263 4 1 -263 0 0 
7165 597 -263 -600 -263 4 1 -263 0 0 
7170 596 -263 -598 -263 4 1 -263 0 0 
7175 592 -267 -600 -267 4 1 -267 0 0 
7180 590 -263 -600 -263 4 1 -263 0 0 
7185 585 -263 -600 -263 4 1 -263 0 0 
7190 583 -263 -600 -263 4 1 -263 0 0 
7195 581 -260 -600 -260 4 1 -260 0 0 
7200 577 -260 -600 -260 4 1 -260 0 0 
7205 574 -260 -600 -260 4 1 -260 0 0 
7210 572 -255 -600 -255 4 1 -255 0 0 
7215 568 -255 -600 -255 4 1 -255 0 0 
7220 567 -255 -600 -255 4 1 -255 0 0 
7225 563 -255 -598 -255 4 1 -255 0 0 
7230 559 -255 -600 -255 4 1 -255 0 0 
7235 558 -255 -598 -255 4 1 -255 0 0 
7240 554 -255 -600 -255 4 1 -255 0 0 
7245 550 -255 -600 -255 4 1 -255 0 0 
7250 548 -252 -600 -252 4 1 -252 0 0 
7255 545 -252 -598 -252 4 1 -252 0 0 
7260 543 -252 -600 -252 4 1 -252 0 0 
7265 538 -248 -600 -248 4 1 -248 0 0 
7270 536 -248 -600 -248 4 1 -248 0 0 
7275 532 -248 -600 -248 4 1 -248 0 0 
7280 530 -252 -600 -252 4 1 -252 0 0 
7285 527 -248 -600 -248 4 1 -248 0 0 
7290 523 -248 -600 -248 4 1 -248 0 0 
7295 519 -248 -598 -248 4 1 -248 0 0 
7300 518 -248 -600 -248 4 1 -248 0 0 
7305 514 -248 -598 -248 4 1 -248 0 0 
7310 510 -245 -600 -245 4 1 -245 0 0 
7315 507 -245 -600 -245 4 1 -245 0 0 
7320 505 -245 -600 -245 4 1 -245 0 0 
7325 501 -245 -600 -245 4 1 -245 0 0 
7330 499 -245 -598 -245 4 1 -245 0 0 
7335 496 -245 -598 -245 4 1 -245 0 0 
7340 492 -245 -600 -245 4 1 -245 0 0 
7345 489 -245 -600 -245 4 1 -245 0 0 
7350 487 -240 -598 -240 4 1 -240 0 0 
7355 483 -240 -600 -240 4 1 -240 0 0 
7360 481 -240 -600 -240 4 1 -240 0 0 
7365 478 -240 -598 -240 4 1 -240 0 0 
7370 474 -240 -600 -240 4 1 -240 0 0 
7375 472 -240 -600 -240 4 1 -240 0 0 
7380 469 -237 -598 -237 4 1 -237 0 0 
7385 465 -233 -600 -233 4 1 -233 0 0 
7390 461 -233 -598 -233 4 1 -233 0 0 
7395 460 -230 -600 -230 4 1 -230 0 0 
7400 456 -230 -600 -230 4 1 -230 0 0 
7405 454 -225 -600 -225 4 1 -225 0 0 
7410 451 -225 -600 -225 4 1 -225 0 0 
7415 449 -222 -600 -222 4 1 -222 0 0 
7420 445 -222 -600 -222 4 1 -222 0 0 
7425 441 -218 -600 -218 4 1 -218 0 0 
7430 439 -218 -600 -218 4 1 -218 0 0 
7435 435 -218 -600 -218 4 1 -218 0 0 
7440 431 -215 -598 -215 4 1 -215 0 0 
7445 428 -215 -600 -215 4 1 -215 0 0 
7450 426 -210 -598 -210 4 1 -210 0 0 
7455 422 -207 -600 -207 4 1 -207 0 0 
7460 420 -207 -600 -207 4 1 -207 0 0 
7465 417 -203 -600 -203 4 1 -203 0 0 
7470 415 -200 -600 -200 4 1 -200 0 0 
7475 411 -200 -600 -200 4 1 -200 0 0 
7480 408 -195 -600 -195 4 1 -195 0 0 
7485 404 -192 -600 -192 4 1 -192 0 0 
7490 402 -192 -600 -192 4 1 -192 0 0 
7495 399 -188 -598 -188 4 1 -188 0 0 
7500 397 -185 -598 -185 4 1 -185 0 0 
7505 393 -180 -600 -180 4 1 -180 0 0 
7510 390 -177 -600 -177 4 1 -177 0 0 
7515 388 -173 -598 -173 4 1 -173 0 0 
7520 384 -170 -598 -170 4 1 -170 0 0 
7525 381 -165 -600 -165 4 1 -165 0 0 
7530 377 -162 -600 -162 4 1 -162 0 0 
7535 375 -158 -600 -158 4 1 -158 0 0 
7540 372 -158 -598 -158 4 1 -158 0 0 
7545 368 -155 -600 -155 4 1 -155 0 0 
7550 366 -150 -598 -150 4 1 -150 0 0 
7555 362 -147 -600 -147 4 1 -147 0 0 
7560 359 -143 -600 -143 4 1 -143 0 0 
7565 357 -143 -598 -143 4 1 -143 0 0 
7570 353 -140 -598 -140 4 1 -140 0 0 
7575 352 -135 -600 -135 4 1 -135 0 0 
7580 348 -132 -600 -132 4 1 -132 0 0 
7585 344 -128 -598 -128 4 1 -128 0 0 
7590 343 -120 -600 -120 4 1 -120 0 0 
7595 339 -117 -598 -117 4 1 -117 0 0 
7600 337 -110 -600 -110 4 1 -110 0 0 
7605 333 -102 -598 -102 4 1 -102 0 0 
7610 330 -98 -598 -98 4 1 -98 0 0 
7615 328 -90 -600 -90 4 1 -90 0 0 
7620 324 -87 -600 -87 4 1 -87 0 0 
7625 321 -80 -600 -80 4 1 -80 0 0 
7630 319 -75 -598 -75 4 1 -75 0 0 
7635 315 -68 -600 -68 4 1 -68 0 0 
7640 312 -60 -600 -60 4 1 -60 0 0 
7645 308 -53 -598 -53 4 1 -53 0 0 
7650 306 -50 -600 -50 4 1 -50 0 0 
7655 304 -50 -598 -50 4 1 -50 0 0 
7660 301 -45 -600 -45 4 1 -45 0 0 
7665 297 -45 -600 -45 4 1 -45 0 0 
7670 294 -42 -600 -42 4 1 -42 0 0 
7675 292 -35 -600 -35 4 1 -35 0 0 
7680 288 -30 -598 -30 4 1 -30 0 0 
7685 284 -23 -598 -23 4 1 -23 0 0 
7690 283 -15 -593 -15 4 1 -15 0 0 
7695 279 -12 -593 -12 4 1 -12 0 0 
7700 275 -5 -593 -5 4 1 -5 0 0 
7705 274 0 -590 0 4 1 0 0 0 
7710 270 5 -585 5 4 1 5 0 0 
7715 268 8 -578 8 4 1 8 0 0 
7720 265 12 -573 12 4 1 12 0 0 
7725 261 20 -565 20 4 1 20 0 0 
7730 257 23 -555 23 4 1 23 0 0 
7735 255 27 -548 27 4 1 27 0 0 
7740 254 30 -538 30 4 1 30 0 0 
7745 248 38 -525 38 4 1 38 0 0 
7750 246 38 -515 38 4 1 38 0 0 
7755 245 42 -500 42 4 1 42 0 0 
7760 243 45 -488 45 4 1 45 0 0 
7765 239 50 -470 50 4 1 50 0 0 
7770 237 53 -455 53 4 1 53 0 0 
7775 236 57 -438 57 4 1 57 0 0 
7780 234 57 -418 57 4 1 57 0 0 
7785 230 65 -393 65 4 1 65 0 0 
7790 228 68 -375 68 4 1 68 0 0 
7795 226 72 -355 72 4 1 72 0 0 
7800 225 75 -333 75 4 1 75 0 0 
7805 223 80 -310 80 4 1 80 0 0 
7810 223 80 -288 80 4 1 80 0 0 
7815 221 80 -260 80 4 1 80 0 0 
7820 219 80 -233 80 4 1 80 0 0 
7825 219 87 -205 87 4 1 87 0 0 
7830 216 90 -180 90 4 1 90 0 0 
7835 216 90 -153 90 4 1 90 0 0 
7840 215 95 -128 95 4 1 95 0 0 
7845 215 95 -90 95 4 1 95 0 0 
7850 215 95 -63 95 4 1 95 0 0 
7855 213 95 -30 95 4 1 95 0 0 
7860 213 98 0 98 4 1 98 0 0 
7865 213 102 5 102 4 1 102 0 0 
7870 215 102 38 102 4 1 102 0 0 
7875 215 102 75 102 4 1 102 0 0 
7880 215 102 110 102 4 1 102 0 0 
7885 215 102 145 102 4 1 102 0 0 
7890 215 110 175 110 4 1 110 0 0 
7895 216 113 198 113 4 1 113 0 0 
7900 216 113 223 113 4 1 113 0 0 
7905 219 105 258 105 4 1 105 0 0 
7910 221 95 300 95 4 1 95 0 0 
7915 223 90 338 90 4 1 90 0 0 
7920 223 95 368 95 4 1 95 0 0 
7925 225 102 393 102 4 1 102 0 0 
7930 228 105 428 105 4 1 105 0 0 
7935 230 102 458 102 5 1 102 0 0 
7940 232 95 493 95 5 1 95 0 0 
7945 234 90 528 90 5 1 90 0 0 
7950 237 87 565 87 5 1 87 0 0 
7955 239 95 593 95 5 1 95 0 0 
7960 243 98 598 98 5 1 98 0 0 
7965 246 95 603 95 5 1 95 0 0 
7970 250 90 600 90 5 1 90 0 0 
7975 252 83 600 83 5 1 83 0 0 
7980 255 83 603 83 5 1 83 0 0 
7985 257 95 600 95 5 1 95 0 0 
7990 261 117 603 117 5 1 117 0 0 
7995 265 140 603 140 5 1 140 0 0 
8000 268 150 600 150 5 1 150 0 0 
8005 270 150 600 150 5 1 150 0 0 
8010 274 143 600 143 5 1 143 0 0 
8015 277 132 600 132 5 1 132 0 0 
8020 279 125 603 125 5 1 125 0 0 
8025 283 125 600 125 5 1 125 0 0 
8030 286 125 600 125 5 1 125 0 0 
8035 290 128 600 128 5 1 128 0 0 
8040 294 132 600 132 5 1 132 0 0 
8045 295 132 600 132 5 1 132 0 0 
8050 299 128 600 128 5 1 128 0 0 
8055 301 128 603 128 5 1 128 0 0 
8060 304 128 600 128 5 1 128 0 0 
8065 306 132 600 132 5 1 132 0 0 
8070 310 135 600 135 5 1 135 0 0 
8075 313 135 600 135 5 1 135 0 0 
8080 317 132 603 132 5 1 132 0 0 
8085 319 128 600 128 5 1 128 0 0 
8090 323 125 600 125 5 1 125 0 0 
8095 326 125 603 125 5 1 125 0 0 
8100 330 125 600 125 5 1 125 0 0 
8105 332 128 603 128 5 1 128 0 0 
8110 335 132 603 132 5 1 132 0 0 
8115 337 128 600 128 5 1 128 0 0 
8120 341 128 600 128 5 1 128 0 0 
8125 343 125 600 125 5 1 125 0 0 
8130 346 120 600 120 5 1 120 0 0 
8135 350 120 600 120 5 1 120 0 0 
8140 352 120 600 120 5 1 120 0 0 
8145 355 120 600 120 5 1 120 0 0 
8150 359 120 603 120 5 1 120 0 0 
8155 362 120 600 120 5 1 120 0 0 
8160 364 117 600 117 5 1 117 0 0 
8165 368 113 600 113 5 1 113 0 0 
8170 372 113 600 113 5 1 113 0 0 
8175 373 113 600 113 5 1 113 0 0 
8180 377 113 600 113 5 1 113 0 0 
8185 381 113 603 113 5 1 113 0 0 
8190 382 113 603 113 5 1 113 0 0 
8195 386 110 603 110 5 1 110 0 0 
8200 388 110 600 110 5 1 110 0 0 
8205 391 110 600 110 5 1 110 0 0 
8210 395 110 600 110 5 1 110 0 0 
8215 399 113 600 113 5 1 113 0 0 
8220 401 113 603 113 5 1 113 0 0 
8225 404 110 600 110 5 1 110 0 0 
8230 408 110 603 110 5 1 110 0 0 
8235 410 110 600 110 5 1 110 0 0 
8240 413 105 600 105 5 1 105 0 0 
8245 417 105 600 105 5 1 105 0 0 
8250 420 105 603 105 5 1 105 0 0 
8255 422 102 600 102 5 1 102 0 0 
8260 426 102 603 102 5 1 102 0 0 
8265 428 98 600 98 5 1 98 0 0 
8270 431 98 600 98 5 1 98 0 0 
8275 435 95 603 95 5 1 95 0 0 
8280 439 95 600 95 5 1 95 0 0 
8285 441 95 600 95 5 1 95 0 0 
8290 445 95 600 95 5 1 95 0 0 
8295 447 90 600 90 5 1 90 0 0 
8300 451 90 600 90 5 1 90 0 0 
8305 452 90 603 90 5 1 90 0 0 
8310 456 90 603 90 5 1 90 0 0 
8315 460 90 600 90 5 1 90 0 0 
8320 463 90 600 90 5 1 90 0 0 
8325 465 90 600 90 5 1 90 0 0 
8330 469 87 603 87 5 1 87 0 0 
8335 472 87 600 87 5 1 87 0 0 
8340 474 90 600 90 5 1 90 0 0 
8345 476 87 600 87 5 1 87 0 0 
8350 480 87 600 87 5 1 87 0 0 
8355 483 87 600 87 5 1 87 0 0 
8360 487 87 600 87 5 1 87 0 0 
8365 489 87 600 87 5 1 87 0 0 
8370 492 87 600 87 5 1 87 0 0 
8375 494 87 600 87 5 1 87 0 0 
8380 498 83 600 83 5 1 83 0 0 
8385 501 83 600 83 5 1 83 0 0 
8390 505 83 600 83 5 1 83 0 0 
8395 509 83 603 83 5 1 83 0 0 
8400 510 83 600 83 5 1 83 0 0 
8405 514 83 600 83 5 1 83 0 0 
8410 518 83 600 83 5 1 83 0 0 
8415 521 83 600 83 5 1 83 0 0 
8420 523 80 600 80 5 1 80 0 0 
8425 527 80 600 80 5 1 80 0 0 
8430 530 80 600 80 5 1 80 0 0 
8435 534 80 603 80 5 1 80 0 0 
8440 536 80 600 80 5 1 80 0 0 
8445 538 80 600 80 5 1 80 0 0 
8450 541 83 603 83 5 1 83 0 0 
8455 545 83 603 83 5 1 83 0 0 
8460 548 80 600 80 5 1 80 0 0 
8465 550 80 603 80 5 1 80 0 0 
8470 554 80 600 80 5 1 80 0 0 
8475 558 80 600 80 5 1 80 0 0 
8480 559 80 600 80 5 1 80 0 0 
8485 563 80 600 80 5 1 80 0 0 
8490 567 80 600 80 5 1 80 0 0 
8495 568 80 600 80 5 1 80 0 0 
8500 572 80 600 80 5 1 80 0 0 
8505 574 80 603 80 5 1 80 0 0 
8510 577 80 600 80 5 1 80 0 0 
8515 581 80 600 80 5 1 80 0 0 
8520 583 80 600 80 5 1 80 0 0 
8525 587 80 600 80 5 1 80 0 0 
8530 590 80 600 80 5 1 80 0 0 
8535 594 80 600 80 5 1 80 0 0 
8540 596 80 600 80 5 1 80 0 0 
8545 599 80 603 80 5 1 80 0 0 
8550 601 75 600 75 5 1 75 0 0 
8555 605 75 600 75 5 1 75 0 0 
8560 608 75 600 75 5 1 75 0 0 
8565 610 75 603 75 5 1 75 0 0 
8570 616 75 600 75 5 1 75 0 0 
8575 617 75 600 75 5 1 75 0 0 
8580 619 75 600 75 5 1 75 0 0 
8585 623 75 600 75 5 1 75 0 0 
8590 626 75 600 75 5 1 75 0 0 
8595 628 75 600 75 5 1 75 0 0 
8600 632 72 603 72 5 1 72 0 0 
8605 635 75 600 75 5 1 75 0 0 
8610 637 75 600 75 5 1 75 0 0 
8615 641 75 600 75 5 1 75 0 0 
8620 643 72 600 72 5 1 72 0 0 
8625 646 72 600 72 5 1 72 0 0 
8630 650 72 600 72 5 1 72 0 0 
8635 654 68 603 68 5 1 68 0 0 
8640 655 68 600 68 5 1 68 0 0 
8645 659 68 603 68 5 1 68 0 0 
8650 664 68 600 68 5 1 68 0 0 
8655 666 68 603 68 5 1 68 0 0 
8660 669 68 600 68 5 1 68 0 0 
8665 673 65 600 65 5 1 65 0 0 
8670 676 65 600 65 5 1 65 0 0 
8675 678 65 600 65 5 1 65 0 0 
8680 682 65 600 65 5 1 65 0 0 
8685 685 60 603 60 5 1 60 0 0 
8690 689 60 603 60 5 1 60 0 0 
8695 691 60 600 60 5 1 60 0 0 
8700 695 60 603 60 5 1 60 0 0 
8705 696 60 600 60 5 1 60 0 0 
8710 700 60 600 60 5 1 60 0 0 
8715 704 60 600 60 5 1 60 0 0 
8720 705 57 603 57 5 1 57 0 0 
8725 709 57 603 57 5 1 57 0 0 
8730 713 57 600 57 5 1 57 0 0 
8735 714 57 600 57 5 1 57 0 0 
8740 718 57 600 57 5 1 57 0 0 
8745 722 57 600 57 5 1 57 0 0 
8750 724 53 600 53 5 1 53 0 0 
8755 727 53 600 53 5 1 53 0 0 
8760 731 53 600 53 5 1 53 0 0 
8765 733 50 600 50 5 1 50 0 0 
8770 736 50 600 50 5 1 50 0 0 
8775 740 45 600 45 5 1 45 0 0 
8780 742 45 600 45 5 1 45 0 0 
8785 745 45 600 45 5 1 45 0 0 
8790 749 45 600 45 5 1 45 0 0 
8795 751 45 600 45 5 1 45 0 0 
8800 754 45 603 45 5 1 45 0 0 
8805 756 45 600 45 5 1 45 0 0 
8810 762 45 600 45 5 1 45 0 0 
8815 763 45 600 45 5 1 45 0 0 
8820 767 45 603 45 5 1 45 0 0 
8825 769 45 600 45 5 1 45 0 0 
8830 773 42 600 42 5 1 42 0 0 
8835 776 42 603 42 5 1 42 0 0 
8840 778 42 600 42 5 1 42 0 0 
8845 782 42 603 42 5 1 42 0 0 
8850 785 42 600 42 5 1 42 0 0 
8855 787 42 600 42 5 1 42 0 0 
8860 791 42 600 42 5 1 42 0 0 
8865 794 38 600 38 5 1 38 0 0 
8870 796 38 600 38 5 1 38 0 0 
8875 800 38 600 38 5 1 38 0 0 
8880 802 35 600 35 5 1 35 0 0 
8885 803 35 603 35 5 1 35 0 0 
8890 809 35 600 35 5 1 35 0 0 
8895 811 35 600 35 5 1 35 0 0 
8900 814 35 600 35 5 1 35 0 0 
8905 816 35 600 35 5 1 35 0 0 
8910 821 35 603 35 5 1 35 0 0 
8915 823 30 603 30 5 1 30 0 0 
8920 827 35 600 35 5 1 35 0 0 
8925 829 30 600 30 5 1 30 0 0 
8930 832 30 600 30 5 1 30 0 0 
8935 836 27 600 27 5 1 27 0 0 
8940 838 27 603 27 5 1 27 0 0 
8945 841 27 600 27 5 1 27 0 0 
8950 845 27 600 27 5 1 27 0 0 
8955 847 27 600 27 5 1 27 0 0 
8960 850 30 603 30 5 1 30 0 0 
8965 854 27 603 27 5 1 27 0 0 
8970 856 27 603 27 5 1 27 0 0 
8975 860 27 603 27 5 1 27 0 0 
8980 863 23 603 23 5 1 23 0 0 
8985 867 27 600 27 5 1 27 0 0 
8990 869 27 600 27 5 1 27 0 0 
8995 872 27 600 27 5 1 27 0 0 
9000 876 27 600 27 5 1 27 0 0 
9005 878 27 600 27 5 1 27 0 0 
9010 881 27 600 27 5 1 27 0 0 
9015 885 23 603 23 5 1 23 0 0 
9020 888 23 600 23 5 1 23 0 0 
9025 891 23 600 23 5 1 23 0 0 
9030 895 23 600 23 5 1 23 0 0 
9035 897 23 600 23 5 1 23 0 0 
9040 900 27 600 27 5 1 27 0 0 
9045 904 27 603 27 5 1 27 0 0 
9050 908 23 600 23 5 1 23 0 0 
9055 910 27 600 27 5 1 27 0 0 
9060 913 27 600 27 5 1 27 0 0 
9065 915 27 600 27 5 1 27 0 0 
9070 919 27 603 27 5 1 27 0 0 
9075 922 27 600 27 5 1 27 0 0 
9080 924 23 600 23 5 1 23 0 0 
9085 928 23 600 23 5 1 23 0 0 
9090 931 23 600 23 5 1 23 0 0 
9095 933 23 600 23 5 1 23 0 0 
9100 937 27 600 27 5 1 27 0 0 
9105 940 27 600 27 5 1 27 0 0 
9110 942 27 600 27 5 1 27 0 0 
9115 946 27 600 27 5 1 27 0 0 
9120 949 23 600 23 5 1 23 0 0 
9125 951 23 600 23 5 1 23 0 0 
9130 955 27 600 27 5 1 27 0 0 
9135 959 27 600 27 5 1 27 0 0 
9140 960 27 603 27 5 1 27 0 0 
9145 964 23 600 23 5 1 23 0 0 
9150 968 23 603 23 5 1 23 0 0 
9155 971 23 600 23 5 1 23 0 0 
9160 973 23 600 23 5 1 23 0 0 
9165 977 23 600 23 5 1 23 0 0 
9170 978 23 600 23 5 1 23 0 0 
9175 982 23 600 23 5 1 23 0 0 
9180 986 23 603 23 5 1 23 0 0 
9185 989 23 603 23 5 1 23 0 0 
9190 991 23 600 23 5 1 23 0 0 
9195 995 23 600 23 5 1 23 0 0 
9200 997 23 600 23 5 1 23 0 0 
9205 1000 23 600 23 5 1 23 0 0 
9210 1002 20 600 20 5 1 20 0 0 
9215 1006 20 600 20 5 1 20 0 0 
9220 1009 20 600 20 5 1 20 0 0 
9225 1011 15 600 15 5 1 15 0 0 
9230 1015 20 600 20 5 1 20 0 0 
9235 1018 15 600 15 5 1 15 0 0 
9240 1020 20 600 20 5 1 20 0 0 
9245 1024 15 600 15 5 1 15 0 0 
9250 1027 15 600 15 5 1 15 0 0 
9255 1029 15 600 15 5 1 15 0 0 
9260 1033 15 600 15 5 1 15 0 0 
9265 1035 15 600 15 5 1 15 0 0 
9270 1038 15 600 15 5 1 15 0 0 
9275 1042 12 600 12 5 1 12 0 0 
9280 1044 12 600 12 5 1 12 0 0 
9285 1047 12 600 12 5 1 12 0 0 
9290 1051 12 598 12 5 1 12 0 0 
9295 1053 12 598 12 5 1 12 0 0 
9300 1056 12 598 12 5 1 12 0 0 
9305 1060 12 593 12 5 1 12 0 0 
9310 1064 12 593 12 5 1 12 0 0 
9315 1066 12 593 12 5 1 12 0 0 
9320 1067 12 593 12 5 1 12 0 0 
9325 1073 8 593 8 5 1 8 0 0 
9330 1076 8 593 8 5 1 8 0 0 
9335 1078 12 590 12 5 1 12 0 0 
9340 1082 8 588 8 5 1 8 0 0 
9345 1084 8 585 8 5 1 8 0 0 
9350 1087 8 580 8 5 1 8 0 0 
9355 1091 5 580 5 5 1 5 0 0 
9360 1093 5 578 5 5 1 5 0 0 
9365 1096 5 575 5 5 1 5 0 0 
9370 1098 5 568 5 5 1 5 0 0 
9375 1102 0 568 0 5 1 0 0 0 
9380 1105 0 563 0 5 1 0 0 0 
9385 1107 -5 560 -5 5 1 -5 0 0 
9390 1109 -5 553 -5 5 1 -5 0 0 
9395 1114 -5 550 -5 5 1 -5 0 0 
9400 1117 -5 548 -5 5 1 -5 0 0 
9405 1119 -8 540 -8 5 1 -8 0 0 
9410 1123 -8 533 -8 5 1 -8 0 0 
9415 1125 -12 528 -12 5 1 -12 0 0 
9420 1128 -12 520 -12 5 1 -12 0 0 
9425 1130 -15 515 -15 5 1 -15 0 0 
9430 1134 -15 503 -15 5 1 -15 0 0 
9435 1135 -20 495 -20 5 1 -20 0 0 
9440 1137 -20 488 -20 5 1 -20 0 0 
9445 1141 -20 483 -20 5 1 -20 0 0 
9450 1143 -20 470 -20 5 1 -20 0 0 
9455 1144 -20 460 -20 5 1 -20 0 0 
9460 1148 -23 450 -23 5 1 -23 0 0 
9465 1150 -23 445 -23 5 1 -23 0 0 
9470 1152 -30 435 -30 5 1 -30 0 0 
9475 1154 -35 423 -35 5 1 -35 0 0 
9480 1155 -35 410 -35 5 1 -35 0 0 
9485 1157 -35 395 -35 5 1 -35 0 0 
9490 1159 -35 383 -35 5 1 -35 0 0 
9495 1163 -38 368 -38 5 1 -38 0 0 
9500 1164 -42 353 -42 5 1 -42 0 0 
9505 1164 -45 338 -45 5 1 -45 0 0 
9510 1168 -50 315 -50 5 1 -50 0 0 
9515 1170 -53 298 -53 5 1 -53 0 0 
9520 1170 -57 278 -57 5 1 -57 0 0 
9525 1172 -60 253 -60 5 1 -60 0 0 
9530 1174 -65 233 -65 5 1 -65 0 0 
9535 1174 -68 205 -68 5 1 -68 0 0 
9540 1175 -72 183 -72 5 1 -72 0 0 
9545 1177 -75 155 -75 5 1 -75 0 0 
9550 1177 -80 130 -80 5 1 -80 0 0 
9555 1177 -80 100 -80 5 1 -80 0 0 
9560 1179 -83 70 -83 5 1 -83 0 0 
9565 1179 -83 43 -83 5 1 -83 0 0 
9570 1179 -87 13 -87 5 1 -87 0 0 
9575 1179 -90 -3 -90 5 1 -90 0 0 
9580 1179 -95 -18 -95 5 1 -95 0 0 
9585 1179 -98 -55 -98 5 1 -98 0 0 
9590 1179 -102 -93 -102 5 1 -102 0 0 
9595 1179 -110 -143 -110 5 1 -110 0 0 
9600 1177 -117 -170 -117 5 1 -117 0 0 
9605 1175 -125 -200 -125 5 1 -125 0 0 
9610 1175 -125 -228 -125 5 1 -125 0 0 
9615 1174 -117 -273 -117 5 1 -117 0 0 
9620 1174 -110 -310 -110 5 1 -110 0 0 
9625 1172 -105 -345 -105 5 1 -105 0 0 
9630 1170 -105 -383 -105 5 1 -105 0 0 
9635 1168 -110 -433 -110 5 1 -110 0 0 
9640 1166 -113 -470 -113 5 1 -113 0 0 
9645 1163 -117 -508 -117 6 1 -117 0 0 
9650 1161 -120 -540 -120 6 1 -120 0 0 
9655 1157 -117 -585 -117 6 1 -117 0 0 
9660 1155 -113 -598 -113 6 1 -113 0 0 
9665 1152 -110 -600 -110 6 1 -110 0 0 
9670 1150 -110 -600 -110 6 1 -110 0 0 
9675 1146 -117 -600 -117 6 1 -117 0 0 
9680 1143 -125 -598 -125 6 1 -125 0 0 
9685 1139 -143 -600 -143 6 1 -143 0 0 
9690 1135 -158 -598 -158 6 1 -158 0 0 
9695 1134 -180 -600 -180 6 1 -180 0 0 
9700 1132 -195 -598 -195 6 1 -195 0 0 
9705 1128 -207 -600 -207 6 1 -207 0 0 
9710 1125 -210 -598 -210 6 1 -210 0 0 
9715 1121 -210 -600 -210 6 1 -210 0 0 
9720 1119 -210 -598 -210 6 1 -210 0 0 
9725 1115 -207 -600 -207 6 1 -207 0 0 
9730 1114 -203 -598 -203 6 1 -203 0 0 
9735 1107 -207 -600 -207 6 1 -207 0 0 
9740 1105 -210 -598 -210 6 1 -210 0 0 
9745 1102 -218 -598 -218 6 1 -218 0 0 
9750 1100 -222 -598 -222 6 1 -222 0 0 
9755 1096 -225 -600 -225 6 1 -225 0 0 
9760 1095 -225 -600 -225 6 1 -225 0 0 
9765 1091 -225 -598 -225 6 1 -225 0 0 
9770 1087 -225 -600 -225 6 1 -225 0 0 
9775 1084 -225 -600 -225 6 1 -225 0 0 
9780 1082 -230 -598 -230 6 1 -230 0 0 
9785 1078 -233 -600 -233 6 1 -233 0 0 
9790 1075 -233 -600 -233 6 1 -233 0 0 
9795 1073 -237 -600 -237 6 1 -237 0 0 
9800 1069 -237 -598 -237 6 1 -237 0 0 
9805 1066 -240 -600 -240 6 1 -240 0 0 
9810 1062 -240 -600 -240 6 1 -240 0 0 
9815 1058 -245 -600 -245 6 1 -245 0 0 
9820 1056 -245 -598 -245 6 1 -245 0 0 
9825 1053 -248 -600 -248 6 1 -248 0 0 
9830 1051 -248 -600 -248 6 1 -248 0 0 
9835 1046 -252 -600 -252 6 1 -252 0 0 
9840 1044 -252 -600 -252 6 1 -252 0 0 
9845 1042 -255 -598 -255 6 1 -255 0 0 
9850 1038 -255 -600 -255 6 1 -255 0 0 
9855 1035 -260 -598 -260 6 1 -260 0 0 
9860 1031 -260 -600 -260 6 1 -260 0 0 
9865 1029 -260 -600 -260 6 1 -260 0 0 
9870 1026 -260 -598 -260 6 1 -260 0 0 
9875 1022 -260 -598 -260 6 1 -260 0 0 
9880 1020 -260 -598 -260 6 1 -260 0 0 
9885 1017 -260 -600 -260 6 1 -260 0 0 
9890 1015 -260 -600 -260 6 1 -260 0 0 
9895 1011 -260 -598 -260 6 1 -260 0 0 
9900 1007 -260 -600 -260 6 1 -260 0 0 
9905 1006 -263 -598 -263 6 1 -263 0 0 
9910 1002 -263 -598 -263 6 1 -263 0 0 
9915 998 -263 -600 -263 6 1 -263 0 0 
9920 997 -263 -600 -263 6 1 -263 0 0 
9925 993 -267 -600 -267 6 1 -267 0 0 
9930 991 -267 -600 -267 6 1 -267 0 0 
9935 988 -267 -598 -267 6 1 -267 0 0 
9940 984 -270 -598 -270 6 1 -270 0 0 
9945 982 -275 -600 -275 6 1 -275 0 0 
9950 978 -275 -600 -275 6 1 -275 0 0 
9955 975 -275 -600 -275 6 1 -275 0 0 
9960 973 -278 -600 -278 6 1 -278 0 0 
9965 969 -278 -598 -278 6 1 -278 0 0 
9970 968 -275 -600 -275 6 1 -275 0 0 
9975 964 -275 -600 -275 6 1 -275 0 0 
9980 960 -275 -600 -275 6 1 -275 0 0 
9985 959 -270 -600 -270 6 1 -270 0 0 
9990 955 -270 -600 -270 6 1 -270 0 0 
9995 951 -270 -598 -270 6 1 -270 0 0 
10000 949 -270 -600 -270 6 1 -270 0 0 
10005 946 -270 -600 -270 6 1 -270 0 0 
10010 944 -270 -598 -270 6 1 -270 0 0 
10015 939 -270 -598 -270 6 1 -270 0 0 
10020 937 -270 -598 -270 6 1 -270 0 0 
10025 933 -270 -600 -270 6 1 -270 0 0 
10030 931 -270 -600 -270 6 1 -270 0 0 
10035 928 -275 -600 -275 6 1 -275 0 0 
10040 924 -275 -600 -275 6 1 -275 0 0 
10045 922 -275 -600 -275 6 1 -275 0 0 
10050 919 -275 -598 -275 6 1 -275 0 0 
10055 915 -275 -598 -275 6 1 -275 0 0 
10060 913 -275 -600 -275 6 1 -275 0 0 
10065 910 -275 -600 -275 6 1 -275 0 0 
10070 906 -278 -600 -278 6 1 -278 0 0 
10075 904 -278 -600 -278 6 1 -278 0 0 
10080 900 -275 -600 -275 6 1 -275 0 0 
10085 899 -278 -598 -278 6 1 -278 0 0 
10090 895 -278 -598 -278 6 1 -278 0 0 
10095 891 -278 -600 -278 6 1 -278 0 0 
10100 888 -278 -600 -278 6 1 -278 0 0 
10105 885 -275 -600 -275 6 1 -275 0 0 
10110 881 -278 -600 -278 6 1 -278 0 0 
10115 878 -275 -600 -275 6 1 -275 0 0 
10120 874 -270 -598 -270 6 1 -270 0 0 
10125 872 -275 -600 -275 6 1 -275 0 0 
10130 869 -270 -598 -270 6 1 -270 0 0 
10135 865 -270 -600 -270 6 1 -270 0 0 
10140 863 -275 -600 -275 6 1 -275 0 0 
10145 860 -275 -600 -275 6 1 -275 0 0 
10150 858 -275 -600 -275 6 1 -275 0 0 
10155 852 -275 -600 -275 6 1 -275 0 0 
10160 850 -275 -598 -275 6 1 -275 0 0 
10165 849 -275 -600 -275 6 1 -275 0 0 
10170 845 -275 -598 -275 6 1 -275 0 0 
10175 841 -275 -600 -275 6 1 -275 0 0 
10180 840 -270 -600 -270 6 1 -270 0 0 
10185 836 -270 -598 -270 6 1 -270 0 0 
10190 832 -270 -598 -270 6 1 -270 0 0 
10195 829 -270 -600 -270 6 1 -270 0 0 
10200 827 -270 -598 -270 6 1 -270 0 0 
10205 825 -270 -598 -270 6 1 -270 0 0 
10210 821 -270 -598 -270 6 1 -270 0 0 
10215 816 -270 -600 -270 6 1 -270 0 0 
10220 814 -270 -600 -270 6 1 -270 0 0 
10225 812 -267 -600 -267 6 1 -267 0 0 
10230 809 -270 -598 -270 6 1 -270 0 0 
10235 805 -267 -600 -267 6 1 -267 0 0 
10240 803 -267 -600 -267 6 1 -267 0 0 
10245 800 -267 -600 -267 6 1 -267 0 0 
10250 798 -267 -600 -267 6 1 -267 0 0 
10255 794 -267 -600 -267 6 1 -267 0 0 
10260 791 -267 -600 -267 6 1 -267 0 0 
10265 787 -263 -600 -263 6 1 -263 0 0 
10270 785 -267 -600 -267 6 1 -267 0 0 
10275 782 -267 -600 -267 6 1 -267 0 0 
10280 780 -267 -600 -267 6 1 -267 0 0 
10285 776 -267 -598 -267 6 1 -267 0 0 
10290 773 -267 -600 -267 6 1 -267 0 0 
10295 769 -267 -600 -267 6 1 -267 0 0 
10300 767 -267 -598 -267 6 1 -267 0 0 
10305 763 -263 -600 -263 6 1 -263 0 0 
10310 762 -263 -600 -263 6 1 -263 0 0 
10315 758 -263 -600 -263 6 1 -263 0 0 
10320 754 -263 -598 -263 6 1 -263 0 0 
10325 753 -263 -598 -263 6 1 -263 0 0 
10330 749 -260 -600 -260 6 1 -260 0 0 
10335 745 -260 -600 -260 6 1 -260 0 0 
10340 743 -260 -600 -260 6 1 -260 0 0 
10345 740 -260 -600 -260 6 1 -260 0 0 
10350 738 -263 -600 -263 6 1 -263 0 0 
10355 734 -260 -600 -260 6 1 -260 0 0 
10360 731 -260 -600 -260 6 1 -260 0 0 
10365 727 -260 -600 -260 6 1 -260 0 0 
10370 725 -260 -598 -260 6 1 -260 0 0 
10375 722 -260 -600 -260 6 1 -260 0 0 
10380 720 -260 -600 -260 6 1 -260 0 0 
10385 716 -260 -600 -260 6 1 -260 0 0 
10390 713 -263 -600 -263 6 1 -263 0 0 
10395 709 -260 -600 -260 6 1 -260 0 0 
10400 707 -260 -600 -260 6 1 -260 0 0 
10405 705 -260 -600 -260 6 1 -260 0 0 
10410 700 -260 -598 -260 6 1 -260 0 0 
10415 698 -255 -598 -255 6 1 -255 0 0 
10420 695 -255 -600 -255 6 1 -255 0 0 
10425 693 -255 -598 -255 6 1 -255 0 0 
10430 689 -255 -600 -255 6 1 -255 0 0 
10435 685 -255 -600 -255 6 1 -255 0 0 
10440 684 -252 -600 -252 6 1 -252 0 0 
10445 680 -255 -600 -255 6 1 -255 0 0 
10450 676 -252 -598 -252 6 1 -252 0 0 
10455 673 -252 -600 -252 6 1 -252 0 0 
10460 671 -248 -598 -248 6 1 -248 0 0 
10465 669 -252 -600 -252 6 1 -252 0 0 
10470 666 -248 -600 -248 6 1 -248 0 0 
10475 661 -248 -600 -248 6 1 -248 0 0 
10480 657 -252 -600 -252 6 1 -252 0 0 
10485 654 -252 -598 -252 6 1 -252 0 0 
10490 652 -252 -600 -252 6 1 -252 0 0 
10495 648 -248 -600 -248 6 1 -248 0 0 
10500 645 -248 -600 -248 6 1 -248 0 0 
10505 643 -248 -600 -248 6 1 -248 0 0 
10510 639 -248 -600 -248 6 1 -248 0 0 
10515 637 -245 -600 -245 6 1 -245 0 0 
10520 634 -240 -600 -240 6 1 -240 0 0 
10525 630 -245 -600 -245 6 1 -245 0 0 
10530 628 -240 -600 -240 6 1 -240 0 0 
10535 625 -240 -600 -240 6 1 -240 0 0 
10540 621 -240 -600 -240 6 1 -240 0 0 
10545 619 -240 -598 -240 6 1 -240 0 0 
10550 616 -240 -600 -240 6 1 -240 0 0 
10555 612 -240 -600 -240 6 1 -240 0 0 
10560 610 -240 -600 -240 6 1 -240 0 0 
10565 606 -240 -600 -240 6 1 -240 0 0 
10570 603 -240 -598 -240 6 1 -240 0 0 
10575 601 -240 -600 -240 6 1 -240 0 0 
10580 597 -237 -600 -237 6 1 -237 0 0 
10585 594 -240 -600 -240 6 1 -240 0 0 
10590 592 -240 -600 -240 6 1 -240 0 0 
10595 588 -237 -598 -237 6 1 -237 0 0 
10600 587 -237 -600 -237 6 1 -237 0 0 
10605 583 -237 -598 -237 6 1 -237 0 0 
10610 579 -237 -600 -237 6 1 -237 0 0 
10615 577 -237 -598 -237 6 1 -237 0 0 
10620 574 -233 -598 -233 6 1 -233 0 0 
10625 572 -233 -600 -233 6 1 -233 0 0 
10630 568 -233 -598 -233 6 1 -233 0 0 
10635 565 -233 -600 -233 6 1 -233 0 0 
10640 563 -230 -600 -230 6 1 -230 0 0 
10645 559 -230 -598 -230 6 1 -230 0 0 
10650 556 -230 -600 -230 6 1 -230 0 0 
10655 552 -230 -600 -230 6 1 -230 0 0 
10660 550 -230 -600 -230 6 1 -230 0 0 
10665 547 -225 -600 -225 6 1 -225 0 0 
10670 545 -225 -600 -225 6 1 -225 0 0 
10675 541 -225 -600 -225 6 1 -225 0 0 
10680 538 -225 -600 -225 6 1 -225 0 0 
10685 534 -225 -600 -225 6 1 -225 0 0 
10690 532 -225 -600 -225 6 1 -225 0 0 
10695 528 -225 -600 -225 6 1 -225 0 0 
10700 527 -222 -598 -222 6 1 -222 0 0 
10705 523 -222 -600 -222 6 1 -222 0 0 
10710 519 -222 -600 -222 6 1 -222 0 0 
10715 516 -222 -600 -222 6 1 -222 0 0 
10720 512 -222 -600 -222 6 1 -222 0 0 
10725 510 -222 -598 -222 6 1 -222 0 0 
10730 509 -218 -600 -218 6 1 -218 0 0 
10735 503 -218 -600 -218 6 1 -218 0 0 
10740 501 -218 -600 -218 6 1 -218 0 0 
10745 498 -218 -600 -218 6 1 -218 0 0 
10750 496 -218 -598 -218 6 1 -218 0 0 
10755 492 -218 -598 -218 6 1 -218 0 0 
10760 489 -218 -600 -218 6 1 -218 0 0 
10765 487 -218 -600 -218 6 1 -218 0 0 
10770 483 -218 -600 -218 6 1 -218 0 0 
10775 480 -218 -598 -218 6 1 -218 0 0 
10780 478 -218 -600 -218 6 1 -218 0 0 
10785 474 -218 -598 -218 6 1 -218 0 0 
10790 470 -215 -598 -215 6 1 -215 0 0 
10795 469 -215 -600 -215 6 1 -215 0 0 
10800 465 -215 -600 -215 6 1 -215 0 0 
10805 461 -215 -600 -215 6 1 -215 0 0 
10810 460 -215 -600 -215 6 1 -215 0 0 
10815 456 -210 -600 -210 6 1 -210 0 0 
10820 454 -210 -598 -210 6 1 -210 0 0 
10825 451 -210 -600 -210 6 1 -210 0 0 
10830 447 -210 -600 -210 6 1 -210 0 0 
10835 445 -210 -600 -210 6 1 -210 0 0 
10840 441 -210 -600 -210 6 1 -210 0 0 
10845 437 -210 -600 -210 6 1 -210 0 0 
10850 435 -207 -600 -207 6 1 -207 0 0 
10855 431 -207 -600 -207 6 1 -207 0 0 
10860 428 -210 -600 -210 6 1 -210 0 0 
10865 426 -210 -600 -210 6 1 -210 0 0 
10870 422 -207 -600 -207 6 1 -207 0 0 
10875 419 -207 -600 -207 6 1 -207 0 0 
10880 417 -203 -600 -203 6 1 -203 0 0 
10885 413 -207 -600 -207 6 1 -207 0 0 
10890 410 -207 -598 -207 6 1 -207 0 0 
10895 406 -207 -600 -207 6 1 -207 0 0 
10900 404 -203 -600 -203 6 1 -203 0 0 
10905 401 -203 -600 -203 6 1 -203 0 0 
10910 399 -203 -600 -203 6 1 -203 0 0 
10915 395 -200 -600 -200 6 1 -200 0 0 
10920 391 -200 -598 -200 6 1 -200 0 0 
10925 390 -200 -600 -200 6 1 -200 0 0 
10930 386 -200 -600 -200 6 1 -200 0 0 
10935 382 -195 -598 -195 6 1 -195 0 0 
10940 381 -195 -600 -195 6 1 -195 0 0 
10945 377 -195 -600 -195 6 1 -195 0 0 
10950 375 -195 -600 -195 6 1 -195 0 0 
10955 372 -192 -600 -192 6 1 -192 0 0 
10960 368 -192 -598 -192 6 1 -192 0 0 
10965 364 -192 -600 -192 6 1 -192 0 0 
10970 362 -192 -600 -192 6 1 -192 0 0 
10975 359 -192 -600 -192 6 1 -192 0 0 
10980 355 -188 -600 -188 6 1 -188 0 0 
10985 353 -188 -598 -188 6 1 -188 0 0 
10990 352 -188 -600 -188 6 1 -188 0 0 
10995 346 -188 -598 -188 6 1 -188 0 0 
11000 344 -188 -600 -188 6 1 -188 0 0 
11005 341 -188 -600 -188 6 1 -188 0 0 
11010 337 -185 -600 -185 6 1 -185 0 0 
11015 335 -185 -600 -185 6 1 -185 0 0 
11020 333 -185 -598 -185 6 1 -185 0 0 
11025 330 -180 -600 -180 6 1 -180 0 0 
11030 326 -180 -600 -180 6 1 -180 0 0 
11035 323 -180 -600 -180 6 1 -180 0 0 
11040 321 -180 -600 -180 6 1 -180 0 0 
11045 317 -180 -600 -180 6 1 -180 0 0 
11050 315 -177 -600 -177 6 1 -177 0 0 
11055 310 -177 -600 -177 6 1 -177 0 0 
11060 308 -177 -600 -177 6 1 -177 0 0 
11065 304 -173 -600 -173 6 1 -173 0 0 
11070 303 -173 -600 -173 6 1 -173 0 0 
11075 299 -173 -600 -173 6 1 -173 0 0 
11080 295 -173 -600 -173 6 1 -173 0 0 
11085 294 -173 -600 -173 6 1 -173 0 0 
11090 290 -170 -600 -170 6 1 -170 0 0 
11095 288 -173 -600 -173 6 1 -173 0 0 
11100 284 -173 -600 -173 6 1 -173 0 0 
11105 281 -170 -600 -170 6 1 -170 0 0 
11110 277 -170 -598 -170 6 1 -170 0 0 
11115 275 -165 -600 -165 6 1 -165 0 0 
11120 272 -165 -600 -165 6 1 -165 0 0 
11125 268 -165 -600 -165 6 1 -165 0 0 
11130 266 -165 -600 -165 6 1 -165 0 0 
11135 263 -162 -600 -162 6 1 -162 0 0 
11140 259 -162 -600 -162 6 1 -162 0 0 
11145 255 -162 -600 -162 6 1 -162 0 0 
11150 254 -158 -600 -158 6 1 -158 0 0 
11155 252 -158 -600 -158 6 1 -158 0 0 
11160 248 -158 -600 -158 6 1 -158 0 0 
11165 245 -158 -600 -158 6 1 -158 0 0 
11170 243 -158 -600 -158 6 1 -158 0 0 
11175 239 -155 -598 -155 6 1 -155 0 0 
11180 236 -155 -600 -155 6 1 -155 0 0 
11185 232 -155 -598 -155 6 1 -155 0 0 
11190 230 -155 -598 -155 6 1 -155 0 0 
11195 226 -155 -600 -155 6 1 -155 0 0 
11200 223 -155 -600 -155 6 1 -155 0 0 
11205 221 -150 -600 -150 6 1 -150 0 0 
11210 216 -150 -600 -150 6 1 -150 0 0 
11215 215 -150 -600 -150 6 1 -150 0 0 
11220 209 -147 -600 -147 6 1 -147 0 0 
11225 207 -147 -600 -147 6 1 -147 0 0 
11230 204 -147 -600 -147 6 1 -147 0 0 
11235 202 -143 -600 -143 6 1 -143 0 0 
11240 198 -143 -598 -143 6 1 -143 0 0 
11245 195 -143 -598 -143 6 1 -143 0 0 
11250 193 -140 -600 -140 6 1 -140 0 0 
11255 189 -140 -600 -140 6 1 -140 0 0 
11260 186 -135 -600 -135 6 1 -135 0 0 
11265 184 -135 -598 -135 6 1 -135 0 0 
11270 180 -135 -600 -135 6 1 -135 0 0 
11275 176 -135 -600 -135 6 1 -135 0 0 
11280 175 -132 -598 -132 6 1 -132 0 0 
11285 171 -132 -600 -132 6 1 -132 0 0 
11290 167 -132 -600 -132 6 1 -132 0 0 
11295 166 -128 -600 -128 6 1 -128 0 0 
11300 162 -128 -598 -128 6 1 -128 0 0 
11305 158 -125 -600 -125 6 1 -125 0 0 
11310 157 -125 -598 -125 6 1 -125 0 0 
11315 155 -120 -600 -120 6 1 -120 0 0 
11320 149 -117 -600 -117 6 1 -117 0 0 
11325 147 -117 -600 -117 6 1 -117 0 0 
11330 144 -117 -600 -117 6 1 -117 0 0 
11335 142 -113 -600 -113 6 1 -113 0 0 
11340 138 -113 -598 -113 6 1 -113 0 0 
11345 137 -110 -598 -110 6 1 -110 0 0 
11350 133 -105 -600 -105 6 1 -105 0 0 
11355 129 -105 -598 -105 6 1 -105 0 0 
11360 126 -102 -598 -102 6 1 -102 0 0 
11365 124 -102 -600 -102 6 1 -102 0 0 
11370 120 -98 -600 -98 6 1 -98 0 0 
11375 117 -98 -593 -98 6 1 -98 0 0 
11380 115 -95 -578 -95 6 1 -95 0 0 
11385 111 -95 -573 -95 6 1 -95 0 0 
11390 109 -90 -563 -90 6 1 -90 0 0 
11395 106 -95 -555 -95 6 1 -95 0 0 
11400 104 -95 -545 -95 6 1 -95 0 0 
11405 100 -102 -538 -102 6 1 -102 0 0 
11410 98 -105 -525 -105 6 1 -105 0 0 
11415 97 -110 -520 -110 6 1 -110 0 0 
11420 93 -105 -513 -105 6 1 -105 0 0 
11425 89 -102 -498 -102 6 1 -102 0 0 
11430 88 -95 -488 -95 6 1 -95 0 0 
11435 86 -95 -480 -95 6 1 -95 0 0 
11440 82 -98 -475 -98 6 1 -98 0 0 
11445 80 -102 -460 -102 6 1 -102 0 0 
11450 79 -105 -450 -105 6 1 -105 0 0 
11455 75 -105 -445 -105 6 1 -105 0 0 
11460 73 -102 -433 -102 6 1 -102 0 0 
11465 71 -98 -420 -98 6 1 -98 0 0 
11470 69 -98 -410 -98 6 1 -98 0 0 
11475 68 -98 -408 -98 6 1 -98 0 0 
11480 64 -105 -398 -105 6 1 -105 0 0 
11485 64 -110 -390 -110 6 1 -110 0 0 
11490 62 -110 -375 -110 6 1 -110 0 0 
11495 59 -102 -370 -102 6 1 -102 0 0 
11500 57 -95 -355 -95 6 1 -95 0 0 
11505 55 -87 -343 -87 6 1 -87 0 0 
11510 53 -90 -338 -90 6 1 -90 0 0 
11515 51 -95 -330 -95 6 1 -95 0 0 
11520 50 -98 -323 -98 6 1 -98 0 0 
11525 48 -102 -318 -102 6 1 -102 0 0 
11530 48 -98 -305 -98 6 1 -98 0 0 
11535 46 -95 -298 -95 6 1 -95 0 0 
11540 44 -87 -288 -87 6 1 -87 0 0 
11545 42 -83 -273 -83 6 1 -83 0 0 
11550 40 -83 -265 -83 6 1 -83 0 0 
11555 40 -87 -258 -87 6 1 -87 0 0 
11560 39 -90 -245 -90 6 1 -90 0 0 
11565 37 -95 -245 -95 6 1 -95 0 0 
11570 37 -95 -233 -95 6 1 -95 0 0 
11575 35 -95 -228 -95 6 1 -95 0 0 
11580 33 -90 -213 -90 6 1 -90 0 0 
11585 33 -87 -208 -87 6 1 -87 0 0 
11590 31 -83 -193 -83 6 1 -83 0 0 
11595 31 -83 -180 -83 6 1 -83 0 0 
11600 30 -87 -168 -87 6 1 -87 0 0 
11605 28 -95 -170 -95 6 1 -95 0 0 
11610 28 -98 -160 -98 6 1 -98 0 0 
11615 28 -98 -148 -98 6 1 -98 0 0 
11620 26 -98 -143 -98 6 1 -98 0 0 
11625 26 -95 -133 -95 6 1 -95 0 0 
11630 26 -87 -133 -87 6 1 -87 0 0 
11635 24 -83 -120 -83 6 1 -83 0 0 
11640 24 -83 -120 -83 6 1 -83 0 0 
11645 24 -90 -118 -90 6 1 -90 0 0 
11650 22 -95 -118 -95 6 1 -95 0 0 
11655 22 -95 -105 -95 6 1 -95 0 0 
11660 22 -90 -100 -90 6 1 -90 0 0 
11665 20 -83 -100 -83 6 1 -83 0 0 
11670 20 -80 -83 -80 6 1 -80 0 0 
11675 20 -80 -78 -80 6 1 -80 0 0 
11680 20 -83 -78 -83 6 1 -83 0 0 
11685 19 -90 -78 -90 6 1 -90 0 0 
11690 19 -98 -75 -98 6 1 -98 0 0 
11695 19 -98 -75 -98 6 1 -98 0 0 
11700 19 -90 -68 -90 6 1 -90 0 0 
11705 19 -83 -65 -83 6 1 -83 0 0 
11710 17 -80 -65 -80 6 1 -80 0 0 
11715 17 -80 -65 -80 6 1 -80 0 0 
11720 17 -83 -53 -83 6 1 -83 0 0 
11725 17 -87 -50 -87 6 1 -87 0 0 
11730 17 -90 -53 -90 6 1 -90 0 0 
11735 15 -87 -48 -87 6 1 -87 0 0 
11740 15 -83 -43 -83 6 1 -83 0 0 
11745 15 -80 -43 -80 6 1 -80 0 0 
11750 15 -80 -43 -80 6 1 -80 0 0 
11755 15 -83 -43 -83 6 1 -83 0 0 
11760 15 -83 -40 -83 6 1 -83 0 0 
11765 15 -83 -43 -83 6 1 -83 0 0 
11770 15 -80 -40 -80 6 1 -80 0 0 
11775 15 -72 -38 -72 6 1 -72 0 0 
11780 13 -72 -35 -72 6 1 -72 0 0 
11785 13 -72 -35 -72 6 1 -72 0 0 
11790 13 -72 -35 -72 6 1 -72 0 0 
11795 13 -72 -35 -72 6 1 -72 0 0 
11800 13 -72 -35 -72 6 1 -72 0 0 
11805 13 -72 -35 -72 6 1 -72 0 0 
11810 13 -68 -35 -68 6 1 -68 0 0 
11815 13 -65 -30 -65 6 1 -65 0 0 
11820 13 -65 -30 -65 6 1 -65 0 0 
11825 13 -65 -30 -65 6 1 -65 0 0 
11830 11 -65 -28 -65 6 1 -65 0 0 
11835 13 -65 -30 -65 6 1 -65 0 0 
11840 11 -60 -28 -60 6 1 -60 0 0 
11845 11 -60 -28 -60 6 1 -60 0 0 
11850 11 -60 -25 -60 6 1 -60 0 0 
11855 11 -57 -25 -57 6 1 -57 0 0 
11860 11 -60 -28 -60 6 1 -60 0 0 
11865 11 -60 -25 -60 6 1 -60 0 0 
11870 11 -57 -28 -57 6 1 -57 0 0 
11875 11 -53 -28 -53 6 1 -53 0 0 
11880 11 -50 -25 -50 6 1 -50 0 0 
11885 11 -45 -28 -45 6 1 -45 0 0 
11890 11 -45 -28 -45 6 1 -45 0 0 
11895 10 -42 -25 -42 6 1 -42 0 0 
11900 10 -42 -25 -42 6 1 -42 0 0 
11905 10 -42 -23 -42 6 1 -42 0 0 
11910 10 -38 -23 -38 6 1 -38 0 0 
11915 10 -38 -23 -38 6 1 -38 0 0 
11920 10 -35 -23 -35 6 1 -35 0 0 
11925 10 -35 -23 -35 6 1 -35 0 0 
11930 10 -30 -18 -30 6 1 -30 0 0 
11935 10 -27 -23 -27 6 1 -27 0 0 
11940 10 -27 -23 -27 6 1 -27 0 0 
11945 10 -23 -23 -23 6 1 -23 0 0 
11950 10 -23 -23 -23 6 1 -23 0 0 
11955 10 -20 -18 -20 6 1 -20 0 0 
11960 10 -15 -18 -15 6 1 -15 0 0 
11965 10 -15 -18 -15 6 1 -15 0 0 
11970 10 -12 -13 -12 6 1 -12 0 0 
11975 10 -8 -13 -8 6 1 -8 0 0 
11980 10 -5 -10 -5 6 1 -5 0 0 
11985 8 -5 -10 -5 6 1 -5 0 0 
11990 10 0 -10 0 6 1 0 0 0 
11995 8 -5 -10 -5 6 1 -5 0 0 
12000 8 -5 -3 -5 6 1 -5 0 0 
12005 10 -5 0 -5 6 1 -5 0 0 
12010 10 0 0 0 6 1 0 0 0 
12015 10 5 0 5 6 1 5 0 0 
12020 10 8 0 8 6 1 8 0 0 
12025 8 12 0 12 6 1 12 0 0 
12030 8 12 0 12 6 1 12 0 0 
12035 8 12 0 12 6 1 12 0 0 
12040 8 15 3 15 6 1 15 0 0 
12045 8 20 5 20 6 1 20 0 0 
12050 10 23 5 23 6 1 23 0 0 
12055 10 23 10 23 6 1 23 0 0 
12060 10 23 13 23 6 1 23 0 0 
12065 8 23 15 23 6 1 23 0 0 
12070 8 23 23 23 6 1 23 0 0 
12075 8 23 25 23 6 1 23 0 0 
12080 10 23 28 23 6 1 23 0 0 
12085 10 27 30 27 6 1 27 0 0 
12090 10 27 35 27 6 1 27 0 0 
12095 10 27 43 27 6 1 27 0 0 
12100 10 27 50 27 6 1 27 0 0 
12105 10 30 55 30 6 1 30 0 0 
12110 10 30 63 30 6 1 30 0 0 
12115 10 35 65 35 6 1 35 0 0 
12120 11 35 70 35 6 1 35 0 0 
12125 11 35 75 35 6 1 35 0 0 
12130 11 30 83 30 6 1 30 0 0 
12135 11 30 93 30 6 1 30 0 0 
12140 13 35 103 35 6 1 35 0 0 
12145 13 38 105 38 6 1 38 0 0 
12150 13 42 110 42 6 1 42 0 0 
12155 13 38 120 38 6 1 38 0 0 
12160 15 38 133 38 6 1 38 0 0 
12165 15 38 145 38 6 1 38 0 0 
12170 15 38 153 38 6 1 38 0 0 
12175 17 42 160 42 6 1 42 0 0 
12180 19 45 168 45 6 1 45 0 0 
12185 19 45 175 45 6 1 45 0 0 
12190 19 42 188 42 6 1 42 0 0 
12195 20 42 200 42 6 1 42 0 0 
12200 22 42 218 42 7 1 42 0 0 
12205 22 45 223 45 7 1 45 0 0 
12210 24 45 233 45 7 1 45 0 0 
12215 24 50 240 50 7 1 50 0 0 
12220 28 50 253 50 7 1 50 0 0 
12225 28 45 265 45 7 1 45 0 0 
12230 30 42 280 42 7 1 42 0 0 
12235 30 42 293 42 7 1 42 0 0 
12240 31 45 303 45 7 1 45 0 0 
12245 33 50 315 50 7 1 50 0 0 
12250 35 50 325 50 7 1 50 0 0 
12255 37 50 340 50 7 1 50 0 0 
12260 39 45 358 45 7 1 45 0 0 
12265 40 45 370 45 7 1 45 0 0 
12270 42 50 383 50 7 1 50 0 0 
12275 44 53 395 53 7 1 53 0 0 
12280 46 53 410 53 7 1 53 0 0 
12285 48 53 423 53 7 1 53 0 0 
12290 50 50 438 50 7 1 50 0 0 
12295 53 45 455 45 7 1 45 0 0 
12300 55 45 470 45 7 1 45 0 0 
12305 57 50 483 50 7 1 50 0 0 
12310 60 53 495 53 7 1 53 0 0 
12315 62 53 510 53 7 1 53 0 0 
12320 66 50 523 50 7 1 50 0 0 
12325 68 45 540 45 7 1 45 0 0 
12330 71 45 560 45 7 1 45 0 0 
12335 73 45 573 45 7 1 45 0 0 
12340 77 50 585 50 7 1 50 0 0 
12345 79 50 593 50 7 1 50 0 0 
12350 82 50 598 50 7 1 50 0 0 
12355 86 42 600 42 7 1 42 0 0 
12360 88 38 600 38 7 1 38 0 0 
12365 91 42 600 42 7 1 42 0 0 
12370 95 45 600 45 7 1 45 0 0 
12375 98 57 603 57 7 1 57 0 0 
12380 102 65 603 65 7 1 65 0 0 
12385 104 68 600 68 7 1 68 0 0 
12390 106 68 600 68 7 1 68 0 0 
12395 109 68 600 68 7 1 68 0 0 
12400 113 65 600 65 7 1 65 0 0 
12405 117 65 600 65 7 1 65 0 0 
12410 118 65 600 65 7 1 65 0 0 
12415 122 65 603 65 7 1 65 0 0 
12420 126 60 600 60 7 1 60 0 0 
12425 127 57 603 57 7 1 57 0 0 
12430 131 57 600 57 7 1 57 0 0 
12435 133 57 603 57 7 1 57 0 0 
12440 137 57 600 57 7 1 57 0 0 
12445 138 60 600 60 7 1 60 0 0 
12450 142 60 600 60 7 1 60 0 0 
12455 146 60 600 60 7 1 60 0 0 
12460 149 57 600 57 7 1 57 0 0 
12465 151 57 600 57 7 1 57 0 0 
12470 155 53 600 53 7 1 53 0 0 
12475 157 53 600 53 7 1 53 0 0 
12480 160 53 600 53 7 1 53 0 0 
12485 164 57 600 57 7 1 57 0 0 
12490 167 57 600 57 7 1 57 0 0 
12495 169 57 603 57 7 1 57 0 0 
12500 173 53 600 53 7 1 53 0 0 
12505 175 53 603 53 7 1 53 0 0 
12510 178 53 600 53 7 1 53 0 0 
12515 182 53 603 53 7 1 53 0 0 
12520 186 53 600 53 7 1 53 0 0 
12525 187 50 603 50 7 1 50 0 0 
12530 191 53 600 53 7 1 53 0 0 
12535 195 50 603 50 7 1 50 0 0 
12540 198 45 603 45 7 1 45 0 0 
12545 200 45 600 45 7 1 45 0 0 
12550 204 50 600 50 7 1 50 0 0 
12555 205 45 603 45 7 1 45 0 0 
12560 209 50 600 50 7 1 50 0 0 
12565 211 50 603 50 7 1 50 0 0 
12570 215 45 603 45 7 1 45 0 0 
12575 219 45 600 45 7 1 45 0 0 
12580 223 45 603 45 7 1 45 0 0 
12585 225 45 600 45 7 1 45 0 0 
12590 228 45 603 45 7 1 45 0 0 
12595 230 45 600 45 7 1 45 0 0 
12600 234 45 600 45 7 1 45 0 0 
12605 237 45 603 45 7 1 45 0 0 
12610 239 45 600 45 7 1 45 0 0 
12615 243 42 600 42 7 1 42 0 0 
12620 246 42 603 42 7 1 42 0 0 
12625 250 42 600 42 7 1 42 0 0 
12630 252 42 603 42 7 1 42 0 0 
12635 255 45 600 45 7 1 45 0 0 
12640 259 42 600 42 7 1 42 0 0 
12645 261 42 600 42 7 1 42 0 0 
12650 265 42 600 42 7 1 42 0 0 
12655 268 38 600 38 7 1 38 0 0 
12660 272 42 603 42 7 1 42 0 0 
12665 275 42 600 42 7 1 42 0 0 
12670 277 42 603 42 7 1 42 0 0 
12675 281 42 600 42 7 1 42 0 0 
12680 283 42 600 42 7 1 42 0 0 
12685 286 38 603 38 7 1 38 0 0 
12690 290 38 600 38 7 1 38 0 0 
12695 292 38 603 38 7 1 38 0 0 
12700 295 38 600 38 7 1 38 0 0 
12705 299 38 600 38 7 1 38 0 0 
12710 301 38 600 38 7 1 38 0 0 
12715 304 38 600 38 7 1 38 0 0 
12720 306 38 603 38 7 1 38 0 0 
12725 312 38 600 38 7 1 38 0 0 
12730 313 38 600 38 7 1 38 0 0 
12735 317 38 603 38 7 1 38 0 0 
12740 319 38 600 38 7 1 38 0 0 
12745 323 38 600 38 7 1 38 0 0 
12750 326 38 600 38 7 1 38 0 0 
12755 330 38 600 38 7 1 38 0 0 
12760 332 38 600 38 7 1 38 0 0 
12765 335 35 603 35 7 1 35 0 0 
12770 337 35 600 35 7 1 35 0 0 
12775 341 38 600 38 7 1 38 0 0 
12780 344 38 600 38 7 1 38 0 0 
12785 346 38 600 38 7 1 38 0 0 
12790 350 38 600 38 7 1 38 0 0 
12795 352 38 600 38 7 1 38 0 0 
12800 355 38 603 38 7 1 38 0 0 
12805 359 35 600 35 7 1 35 0 0 
12810 361 35 600 35 7 1 35 0 0 
12815 364 38 600 38 7 1 38 0 0 
12820 368 38 603 38 7 1 38 0 0 
12825 372 35 600 35 7 1 35 0 0 
12830 373 35 600 35 7 1 35 0 0 
12835 377 35 600 35 7 1 35 0 0 
12840 379 35 600 35 7 1 35 0 0 
12845 382 35 600 35 7 1 35 0 0 
12850 386 30 600 30 7 1 30 0 0 
12855 390 30 600 30 7 1 30 0 0 
12860 391 27 603 27 7 1 27 0 0 
12865 395 30 600 30 7 1 30 0 0 
12870 399 30 603 30 7 1 30 0 0 
12875 401 27 603 27 7 1 27 0 0 
12880 404 27 600 27 7 1 27 0 0 
12885 408 27 600 27 7 1 27 0 0 
12890 410 27 600 27 7 1 27 0 0 
12895 413 23 603 23 7 1 23 0 0 
12900 417 23 600 23 7 1 23 0 0 
12905 420 23 600 23 7 1 23 0 0 
12910 422 23 600 23 7 1 23 0 0 
12915 426 20 600 20 7 1 20 0 0 
12920 428 20 600 20 7 1 20 0 0 
12925 431 20 600 20 7 1 20 0 0 
12930 435 20 600 20 7 1 20 0 0 
12935 437 15 600 15 7 1 15 0 0 
12940 441 20 600 20 7 1 20 0 0 
12945 445 15 603 15 7 1 15 0 0 
12950 449 15 600 15 7 1 15 0 0 
12955 451 15 600 15 7 1 15 0 0 
12960 454 20 600 20 7 1 20 0 0 
12965 456 20 600 20 7 1 20 0 0 
12970 460 20 600 20 7 1 20 0 0 
12975 461 15 600 15 7 1 15 0 0 
12980 465 15 600 15 7 1 15 0 0 
12985 469 15 600 15 7 1 15 0 0 
12990 472 15 600 15 7 1 15 0 0 
12995 474 15 600 15 7 1 15 0 0 
13000 478 15 600 15 7 1 15 0 0 
13005 481 15 600 15 7 1 15 0 0 
13010 483 15 600 15 7 1 15 0 0 
13015 487 12 600 12 7 1 12 0 0 
13020 489 12 600 12 7 1 12 0 0 
13025 492 12 600 12 7 1 12 0 0 
13030 496 12 598 12 7 1 12 0 0 
13035 499 12 598 12 7 1 12 0 0 
13040 501 12 600 12 7 1 12 0 0 
13045 505 12 598 12 7 1 12 0 0 
13050 507 12 598 12 7 1 12 0 0 
13055 510 12 598 12 7 1 12 0 0 
13060 514 12 598 12 7 1 12 0 0 
13065 518 12 593 12 7 1 12 0 0 
13070 519 12 593 12 7 1 12 0 0 
13075 523 12 593 12 7 1 12 0 0 
13080 527 12 593 12 7 1 12 0 0 
13085 530 12 593 12 7 1 12 0 0 
13090 532 12 593 12 7 1 12 0 0 
13095 536 12 593 12 7 1 12 0 0 
13100 538 12 593 12 7 1 12 0 0 
13105 541 12 593 12 7 1 12 0 0 
13110 545 12 593 12 7 1 12 0 0 
13115 547 12 593 12 7 1 12 0 0 
13120 550 8 593 8 7 1 8 0 0 
13125 554 12 590 12 7 1 12 0 0 
13130 556 8 588 8 7 1 8 0 0 
13135 559 12 585 12 7 1 12 0 0 
13140 561 8 580 8 7 1 8 0 0 
13145 567 5 580 5 7 1 5 0 0 
13150 568 5 578 5 7 1 5 0 0 
13155 572 5 578 5 7 1 5 0 0 
13160 574 5 575 5 7 1 5 0 0 
13165 576 5 573 5 7 1 5 0 0 
13170 579 5 573 5 7 1 5 0 0 
13175 581 5 568 5 7 1 5 0 0 
13180 585 5 568 5 7 1 5 0 0 
13185 588 5 565 5 7 1 5 0 0 
13190 590 5 565 5 7 1 5 0 0 
13195 592 5 563 5 7 1 5 0 0 
13200 596 8 560 8 7 1 8 0 0 
13205 599 8 555 8 7 1 8 0 0 
13210 601 5 553 5 7 1 5 0 0 
13215 605 5 550 5 7 1 5 0 0 
13220 606 5 550 5 7 1 5 0 0 
13225 610 5 548 5 7 1 5 0 0 
13230 612 5 545 5 7 1 5 0 0 
13235 616 5 540 5 7 1 5 0 0 
13240 617 5 538 5 7 1 5 0 0 
13245 621 5 535 5 7 1 5 0 0 
13250 623 5 533 5 7 1 5 0 0 
13255 626 5 528 5 7 1 5 0 0 
13260 628 5 528 5 7 1 5 0 0 
13265 632 5 523 5 7 1 5 0 0 
13270 635 5 520 5 7 1 5 0 0 
13275 637 5 520 5 7 1 5 0 0 
13280 639 5 515 5 7 1 5 0 0 
13285 643 5 510 5 7 1 5 0 0 
13290 645 5 508 5 7 1 5 0 0 
13295 646 5 508 5 7 1 5 0 0 
13300 650 0 503 0 7 1 0 0 0 
13305 654 5 500 5 7 1 5 0 0 
13310 654 5 498 5 7 1 5 0 0 
13315 657 5 495 5 7 1 5 0 0 
13320 659 5 493 5 7 1 5 0 0 
13325 664 5 488 5 7 1 5 0 0 
13330 666 5 485 5 7 1 5 0 0 
13335 667 5 483 5 7 1 5 0 0 
13340 671 5 480 5 7 1 5 0 0 
13345 673 8 475 8 7 1 8 0 0 
13350 676 8 473 8 7 1 8 0 0 
13355 678 8 470 8 7 1 8 0 0 
13360 680 5 468 5 7 1 5 0 0 
13365 684 8 460 8 7 1 8 0 0 
13370 685 8 460 8 7 1 8 0 0 
13375 687 5 458 5 7 1 5 0 0 
13380 689 5 458 5 7 1 5 0 0 
13385 693 8 450 8 7 1 8 0 0 
13390 695 8 448 8 7 1 8 0 0 
13395 696 8 445 8 7 1 8 0 0 
13400 700 8 448 8 7 1 8 0 0 
13405 702 8 445 8 7 1 8 0 0 
13410 704 12 445 12 7 1 12 0 0 
13415 707 8 445 8 7 1 8 0 0 
13420 707 12 443 12 7 1 12 0 0 
13425 711 8 443 8 7 1 8 0 0 
13430 713 8 438 8 7 1 8 0 0 
13435 714 8 438 8 7 1 8 0 0 
13440 716 8 438 8 7 1 8 0 0 
13445 720 5 433 5 7 1 5 0 0 
13450 722 5 430 5 7 1 5 0 0 
13455 724 5 430 5 7 1 5 0 0 
13460 725 5 428 5 7 1 5 0 0 
13465 727 5 423 5 7 1 5 0 0 
13470 731 5 420 5 7 1 5 0 0 
13475 733 5 418 5 7 1 5 0 0 
13480 734 5 415 5 7 1 5 0 0 
13485 736 5 410 5 7 1 5 0 0 
13490 738 5 408 5 7 1 5 0 0 
13495 740 5 405 5 7 1 5 0 0 
13500 742 0 403 0 7 1 0 0 0 
13505 745 0 398 0 7 1 0 0 0 
13510 747 0 395 0 7 1 0 0 0 
13515 749 0 393 0 7 1 0 0 0 
13520 751 5 390 5 7 1 5 0 0 
13525 753 5 385 5 7 1 5 0 0 
13530 754 0 380 0 7 1 0 0 0 
13535 756 0 380 0 7 1 0 0 0 
13540 758 0 378 0 7 1 0 0 0 
13545 760 0 370 0 7 1 0 0 0 
13550 762 0 370 0 7 1 0 0 0 
13555 763 0 365 0 7 1 0 0 0 
13560 765 0 363 0 7 1 0 0 0 
13565 767 0 358 0 7 1 0 0 0 
13570 769 0 353 0 7 1 0 0 0 
13575 771 0 350 0 7 1 0 0 0 
13580 773 0 345 0 7 1 0 0 0 
13585 774 0 343 0 7 1 0 0 0 
13590 776 0 340 0 7 1 0 0 0 
13595 778 0 333 0 7 1 0 0 0 
13600 780 0 328 0 7 1 0 0 0 
13605 780 0 325 0 7 1 0 0 0 
13610 783 0 323 0 7 1 0 0 0 
13615 785 0 315 0 7 1 0 0 0 
13620 787 0 313 0 7 1 0 0 0 
13625 787 5 305 5 7 1 5 0 0 
13630 789 0 303 0 7 1 0 0 0 
13635 791 0 300 0 7 1 0 0 0 
13640 792 0 298 0 7 1 0 0 0 
13645 792 0 293 0 7 1 0 0 0 
13650 794 0 290 0 7 1 0 0 0 
13655 796 5 285 5 7 1 5 0 0 
13660 798 5 280 5 7 1 5 0 0 
13665 800 0 278 0 7 1 0 0 0 
13670 800 0 273 0 7 1 0 0 0 
13675 802 0 265 0 7 1 0 0 0 
13680 803 5 263 5 7 1 5 0 0 
13685 805 5 258 5 7 1 5 0 0 
13690 805 0 250 0 7 1 0 0 0 
13695 807 0 248 0 7 1 0 0 0 
13700 809 0 240 0 7 1 0 0 0 
13705 809 0 240 0 7 1 0 0 0 
13710 811 5 235 5 7 1 5 0 0 
13715 812 0 228 0 7 1 0 0 0 
13720 812 5 225 5 7 1 5 0 0 
13725 814 5 223 5 7 1 5 0 0 
13730 816 5 218 5 7 1 5 0 0 
13735 818 5 213 5 7 1 5 0 0 
13740 816 5 210 5 7 1 5 0 0 
13745 818 5 208 5 7 1 5 0 0 
13750 820 5 200 5 7 1 5 0 0 
13755 821 5 198 5 7 1 5 0 0 
13760 821 8 195 8 7 1 8 0 0 
13765 823 5 188 5 7 1 5 0 0 
13770 823 5 185 5 7 1 5 0 0 
13775 825 8 183 8 7 1 8 0 0 
13780 825 8 180 8 7 1 8 0 0 
13785 827 8 175 8 7 1 8 0 0 
13790 827 8 170 8 7 1 8 0 0 
13795 829 8 168 8 7 1 8 0 0 
13800 829 8 165 8 7 1 8 0 0 
13805 831 8 158 8 7 1 8 0 0 
13810 831 8 158 8 7 1 8 0 0 
13815 832 8 153 8 7 1 8 0 0 
13820 832 8 153 8 7 1 8 0 0 
13825 834 12 148 12 7 1 12 0 0 
13830 834 12 153 12 7 1 12 0 0 
13835 834 12 148 12 7 1 12 0 0 
13840 836 12 148 12 7 1 12 0 0 
13845 836 12 148 12 7 1 12 0 0 
13850 836 8 148 8 7 1 8 0 0 
13855 838 8 145 8 7 1 8 0 0 
13860 840 8 148 8 7 1 8 0 0 
13865 840 8 145 8 7 1 8 0 0 
13870 840 8 145 8 7 1 8 0 0 
13875 841 12 145 12 7 1 12 0 0 
13880 841 12 143 12 7 1 12 0 0 
13885 841 12 145 12 7 1 12 0 0 
13890 843 12 143 12 7 1 12 0 0 
13895 843 12 143 12 7 1 12 0 0 
13900 845 12 143 12 7 1 12 0 0 
13905 845 12 143 12 7 1 12 0 0 
13910 845 12 143 12 7 1 12 0 0 
13915 847 12 140 12 7 1 12 0 0 
13920 847 12 140 12 7 1 12 0 0 
13925 847 12 140 12 7 1 12 0 0 
13930 849 12 140 12 7 1 12 0 0 
13935 849 12 140 12 7 1 12 0 0 
13940 849 12 140 12 7 1 12 0 0 
13945 850 12 135 12 7 1 12 0 0 
13950 852 12 140 12 7 1 12 0 0 
13955 852 12 135 12 7 1 12 0 0 
13960 852 12 135 12 7 1 12 0 0 
13965 854 12 135 12 7 1 12 0 0 
13970 854 12 135 12 7 1 12 0 0 
13975 854 12 135 12 7 1 12 0 0 
13980 856 12 140 12 7 1 12 0 0 
13985 856 12 135 12 7 1 12 0 0 
13990 856 12 135 12 7 1 12 0 0 
13995 858 12 140 12 7 1 12 0 0 
14000 858 12 140 12 7 1 12 0 0 
14005 858 15 140 15 7 1 15 0 0 
14010 860 15 143 15 7 1 15 0 0 
14015 860 15 143 15 7 1 15 0 0 
14020 860 20 143 20 7 1 20 0 0 
14025 861 15 145 15 7 1 15 0 0 
14030 863 15 145 15 7 1 15 0 0 
14035 863 15 148 15 7 1 15 0 0 
14040 863 20 148 20 7 1 20 0 0 
14045 865 20 148 20 7 1 20 0 0 
14050 865 20 148 20 7 1 20 0 0 
14055 867 20 153 20 7 1 20 0 0 
14060 867 20 155 20 7 1 20 0 0 
14065 869 20 155 20 7 1 20 0 0 
14070 869 20 158 20 7 1 20 0 0 
14075 869 20 160 20 7 1 20 0 0 
14080 870 20 160 20 7 1 20 0 0 
14085 872 20 165 20 7 1 20 0 0 
14090 872 20 165 20 7 1 20 0 0 
14095 872 20 170 20 7 1 20 0 0 
14100 874 20 170 20 7 1 20 0 0 
14105 874 20 173 20 7 1 20 0 0 
14110 876 20 173 20 7 1 20 0 0 
14115 876 20 175 20 7 1 20 0 0 
14120 878 20 180 20 7 1 20 0 0 
14125 878 23 180 23 7 1 23 0 0 
14130 880 20 183 20 7 1 20 0 0 
14135 881 20 185 20 7 1 20 0 0 
14140 881 20 188 20 7 1 20 0 0 
14145 881 20 193 20 7 1 20 0 0 
14150 883 20 193 20 7 1 20 0 0 
14155 885 23 198 23 7 1 23 0 0 
14160 885 20 198 20 7 1 20 0 0 
14165 888 20 200 20 7 1 20 0 0 
14170 888 20 205 20 7 1 20 0 0 
14175 890 23 210 23 7 1 23 0 0 
14180 890 20 213 20 7 1 20 0 0 
14185 891 23 218 23 7 1 23 0 0 
14190 891 23 220 23 7 1 23 0 0 
14195 893 23 223 23 7 1 23 0 0 
14200 895 23 223 23 7 1 23 0 0 
14205 895 23 225 23 7 1 23 0 0 
14210 897 23 228 23 7 1 23 0 0 
14215 899 23 235 23 7 1 23 0 0 
14220 900 20 238 20 7 1 20 0 0 
14225 900 23 240 23 7 1 23 0 0 
14230 902 23 245 23 7 1 23 0 0 
14235 902 23 248 23 7 1 23 0 0 
14240 904 23 253 23 7 1 23 0 0 
14245 906 23 258 23 7 1 23 0 0 
14250 906 23 260 23 7 1 23 0 0 
14255 910 23 265 23 7 1 23 0 0 
14260 910 23 270 23 7 1 23 0 0 
14265 911 23 273 23 7 1 23 0 0 
14270 913 23 278 23 7 1 23 0 0 
14275 913 23 285 23 7 1 23 0 0 
14280 915 23 288 23 7 1 23 0 0 
14285 917 23 290 23 7 1 23 0 0 
14290 919 23 293 23 7 1 23 0 0 
14295 920 23 298 23 7 1 23 0 0 
14300 922 23 300 23 7 1 23 0 0 
14305 922 23 303 23 7 1 23 0 0 
14310 924 23 310 23 7 1 23 0 0 
14315 926 23 315 23 7 1 23 0 0 
14320 926 20 318 20 7 1 20 0 0 
14325 928 23 323 23 7 1 23 0 0 
14330 929 20 325 20 7 1 20 0 0 
14335 931 23 330 23 7 1 23 0 0 
14340 933 23 333 23 7 1 23 0 0 
14345 935 20 333 20 7 1 20 0 0 
14350 937 20 340 20 7 1 20 0 0 
14355 939 20 345 20 7 1 20 0 0 
14360 940 20 350 20 7 1 20 0 0 
14365 942 20 353 20 7 1 20 0 0 
14370 944 20 358 20 7 1 20 0 0 
14375 944 20 363 20 7 1 20 0 0 
14380 948 23 365 23 7 1 23 0 0 
14385 949 23 368 23 7 1 23 0 0 
14390 951 23 370 23 7 1 23 0 0 
14395 953 20 375 20 7 1 20 0 0 
14400 955 20 378 20 7 1 20 0 0 
14405 957 20 380 20 7 1 20 0 0 
14410 959 20 383 20 7 1 20 0 0 
14415 960 20 390 20 7 1 20 0 0 
14420 962 20 393 20 7 1 20 0 0 
14425 964 20 395 20 7 1 20 0 0 
14430 966 20 398 20 7 1 20 0 0 
14435 969 20 405 20 7 1 20 0 0 
14440 971 20 408 20 7 1 20 0 0 
14445 973 20 410 20 7 1 20 0 0 
14450 975 15 418 15 7 1 15 0 0 
14455 977 15 420 15 7 1 15 0 0 
14460 980 15 423 15 7 1 15 0 0 
14465 980 15 430 15 7 1 15 0 0 
14470 984 20 433 20 7 1 20 0 0 
14475 986 20 438 20 7 1 20 0 0 
14480 988 20 443 20 7 1 20 0 0 
14485 991 20 445 20 7 1 20 0 0 
14490 991 20 445 20 7 1 20 0 0 
14495 995 20 450 20 7 1 20 0 0 
14500 997 15 455 15 7 1 15 0 0 
14505 998 15 460 15 7 1 15 0 0 
14510 1000 15 463 15 7 1 15 0 0 
14515 1004 20 470 20 7 1 20 0 0 
14520 1006 20 470 20 7 1 20 0 0 
14525 1007 20 470 20 7 1 20 0 0 
14530 1009 15 468 15 7 1 15 0 0 
14535 1013 15 473 15 7 1 15 0 0 
14540 1015 15 475 15 7 1 15 0 0 
14545 1017 15 480 15 7 1 15 0 0 
14550 1018 20 480 20 7 1 20 0 0 
14555 1022 20 480 20 7 1 20 0 0 
14560 1024 20 480 20 7 1 20 0 0 
14565 1027 20 480 20 7 1 20 0 0 
14570 1029 20 483 20 7 1 20 0 0 
14575 1033 15 485 15 7 1 15 0 0 
14580 1035 15 485 15 7 1 15 0 0 
14585 1036 15 485 15 7 1 15 0 0 
14590 1038 20 485 20 7 1 20 0 0 
14595 1042 20 485 20 7 1 20 0 0 
14600 1044 15 485 15 7 1 15 0 0 
14605 1046 15 485 15 7 1 15 0 0 
14610 1049 12 488 12 7 1 12 0 0 
14615 1051 15 493 15 7 1 15 0 0 
14620 1053 15 488 15 7 1 15 0 0 
14625 1056 15 488 15 7 1 15 0 0 
14630 1058 15 485 15 7 1 15 0 0 
14635 1062 15 485 15 7 1 15 0 0 
14640 1064 12 485 12 7 1 12 0 0 
14645 1066 12 488 12 7 1 12 0 0 
14650 1067 8 488 8 7 1 8 0 0 
14655 1071 12 485 12 7 1 12 0 0 
14660 1075 12 483 12 7 1 12 0 0 
14665 1076 12 480 12 7 1 12 0 0 
14670 1078 12 480 12 7 1 12 0 0 
14675 1082 8 480 8 7 1 8 0 0 
14680 1084 5 480 5 7 1 5 0 0 
14685 1085 8 475 8 7 1 8 0 0 
14690 1089 8 475 8 7 1 8 0 0 
14695 1091 12 470 12 7 1 12 0 0 
14700 1093 12 468 12 7 1 12 0 0 
14705 1095 8 463 8 7 1 8 0 0 
14710 1098 5 463 5 7 1 5 0 0 
14715 1100 0 460 0 7 1 0 0 0 
14720 1102 0 460 0 7 1 0 0 0 
14725 1105 0 455 0 7 1 0 0 0 
14730 1107 5 450 5 7 1 5 0 0 
14735 1112 0 445 0 7 1 0 0 0 
14740 1114 0 445 0 7 1 0 0 0 
14745 1115 -5 443 -5 7 1 -5 0 0 
14750 1117 -8 438 -8 7 1 -8 0 0 
14755 1119 -8 433 -8 7 1 -8 0 0 
14760 1121 -8 430 -8 7 1 -8 0 0 
14765 1125 -8 423 -8 7 1 -8 0 0 
14770 1126 -8 418 -8 7 1 -8 0 0 
14775 1128 -8 410 -8 7 1 -8 0 0 
14780 1130 -12 405 -12 7 1 -12 0 0 
14785 1132 -15 390 -15 7 1 -15 0 0 
14790 1134 -15 385 -15 7 1 -15 0 0 
14795 1135 -15 383 -15 7 1 -15 0 0 
14800 1137 -12 378 -12 7 1 -12 0 0 
14805 1139 -12 370 -12 7 1 -12 0 0 
14810 1143 -12 365 -12 7 1 -12 0 0 
14815 1144 -15 355 -15 7 1 -15 0 0 
14820 1144 -20 350 -20 7 1 -20 0 0 
14825 1148 -23 343 -23 7 1 -23 0 0 
14830 1148 -23 338 -23 7 1 -23 0 0 
14835 1150 -23 330 -23 7 1 -23 0 0 
14840 1152 -23 323 -23 7 1 -23 0 0 
14845 1154 -20 313 -20 7 1 -20 0 0 
14850 1155 -23 305 -23 7 1 -23 0 0 
14855 1157 -23 298 -23 7 1 -23 0 0 
14860 1157 -23 290 -23 7 1 -23 0 0 
14865 1159 -27 285 -27 7 1 -27 0 0 
14870 1161 -27 275 -27 7 1 -27 0 0 
14875 1163 -27 265 -27 7 1 -27 0 0 
14880 1164 -23 253 -23 7 1 -23 0 0 
14885 1164 -23 245 -23 7 1 -23 0 0 
14890 1166 -27 238 -27 7 1 -27 0 0 
14895 1166 -27 228 -27 7 1 -27 0 0 
14900 1168 -27 223 -27 7 1 -27 0 0 
14905 1170 -27 210 -27 7 1 -27 0 0 
14910 1170 -23 198 -23 7 1 -23 0 0 
14915 1172 -27 185 -27 7 1 -27 0 0 
14920 1174 -27 173 -27 7 1 -27 0 0 
14925 1174 -27 165 -27 7 1 -27 0 0 
14930 1174 -30 155 -30 7 1 -30 0 0 
14935 1175 -30 145 -30 7 1 -30 0 0 
14940 1177 -30 130 -30 7 1 -30 0 0 
14945 1177 -30 118 -30 7 1 -30 0 0 
14950 1177 -30 105 -30 7 1 -30 0 0 
14955 1179 -30 88 -30 7 1 -30 0 0 
14960 1179 -35 78 -35 7 1 -35 0 0 
14965 1179 -35 68 -35 7 1 -35 0 0 
14970 1179 -35 53 -35 7 1 -35 0 0 
14975 1179 -35 38 -35 7 1 -35 0 0 
14980 1179 -35 18 -35 7 1 -35 0 0 
14985 1179 -35 3 -35 7 1 -35 0 0 
14990 1181 -35 0 -35 7 1 -35 0 0 
14995 1179 -38 -13 -38 7 1 -38 0 0 
15000 1179 -42 -28 -42 7 1 -42 0 0 
15005 1179 -42 -48 -42 7 1 -42 0 0 
15010 1179 -42 -65 -42 7 1 -42 0 0 
15015 1179 -45 -78 -45 7 1 -45 0 0 
15020 1179 -45 -93 -45 7 1 -45 0 0 
15025 1177 -45 -108 -45 7 1 -45 0 0 
15030 1177 -50 -128 -50 7 1 -50 0 0 
15035 1177 -50 -148 -50 7 1 -50 0 0 
15040 1177 -45 -165 -45 7 1 -45 0 0 
15045 1175 -50 -183 -50 7 1 -50 0 0 
15050 1174 -50 -205 -50 7 1 -50 0 0 
15055 1174 -53 -225 -53 7 1 -53 0 0 
15060 1174 -57 -245 -57 7 1 -57 0 0 
15065 1172 -57 -263 -57 7 1 -57 0 0 
15070 1170 -57 -285 -57 7 1 -57 0 0 
15075 1168 -57 -310 -57 7 1 -57 0 0 
15080 1166 -53 -333 -53 7 1 -53 0 0 
15085 1164 -57 -355 -57 8 1 -57 0 0 
15090 1163 -60 -370 -60 8 1 -60 0 0 
15095 1161 -65 -395 -65 8 1 -65 0 0 
15100 1159 -65 -420 -65 8 1 -65 0 0 
15105 1157 -65 -445 -65 8 1 -65 0 0 
15110 1155 -60 -468 -60 8 1 -60 0 0 
15115 1152 -60 -498 -60 8 1 -60 0 0 
15120 1150 -60 -520 -60 8 1 -60 0 0 
15125 1148 -65 -540 -65 8 1 -65 0 0 
15130 1144 -65 -565 -65 8 1 -65 0 0 
15135 1141 -65 -593 -65 8 1 -65 0 0 
15140 1139 -60 -598 -60 8 1 -60 0 0 
15145 1135 -60 -598 -60 8 1 -60 0 0 
15150 1134 -60 -600 -60 8 1 -60 0 0 
15155 1130 -65 -600 -65 8 1 -65 0 0 
15160 1126 -72 -600 -72 8 1 -72 0 0 
15165 1125 -80 -600 -80 8 1 -80 0 0 
15170 1121 -90 -598 -90 8 1 -90 0 0 
15175 1117 -102 -600 -102 8 1 -102 0 0 
15180 1115 -113 -600 -113 8 1 -113 0 0 
15185 1112 -113 -600 -113 8 1 -113 0 0 
15190 1109 -117 -600 -117 8 1 -117 0 0 
15195 1105 -113 -600 -113 8 1 -113 0 0 
15200 1102 -113 -600 -113 8 1 -113 0 0 
15205 1100 -113 -600 -113 8 1 -113 0 0 
15210 1096 -113 -598 -113 8 1 -113 0 0 
15215 1093 -113 -600 -113 8 1 -113 0 0 
15220 1089 -117 -598 -117 8 1 -117 0 0 
15225 1085 -117 -600 -117 8 1 -117 0 0 
15230 1084 -117 -600 -117 8 1 -117 0 0 
15235 1080 -117 -600 -117 8 1 -117 0 0 
15240 1078 -117 -600 -117 8 1 -117 0 0 
15245 1075 -120 -600 -120 8 1 -120 0 0 
15250 1071 -120 -600 -120 8 1 -120 0 0 
15255 1069 -120 -600 -120 8 1 -120 0 0 
15260 1066 -120 -600 -120 8 1 -120 0 0 
15265 1062 -120 -600 -120 8 1 -120 0 0 
15270 1058 -125 -598 -125 8 1 -125 0 0 
15275 1055 -120 -598 -120 8 1 -120 0 0 
15280 1053 -120 -600 -120 8 1 -120 0 0 
15285 1049 -125 -600 -125 8 1 -125 0 0 
15290 1046 -125 -600 -125 8 1 -125 0 0 
15295 1044 -125 -600 -125 8 1 -125 0 0 
15300 1040 -128 -600 -128 8 1 -128 0 0 
15305 1036 -128 -600 -128 8 1 -128 0 0 
15310 1035 -128 -598 -128 8 1 -128 0 0 
15315 1031 -132 -600 -132 8 1 -132 0 0 
15320 1027 -132 -600 -132 8 1 -132 0 0 
15325 1026 -135 -598 -135 8 1 -135 0 0 
15330 1024 -135 -600 -135 8 1 -135 0 0 
15335 1018 -135 -598 -135 8 1 -135 0 0 
15340 1017 -135 -600 -135 8 1 -135 0 0 
15345 1013 -135 -600 -135 8 1 -135 0 0 
15350 1011 -135 -598 -135 8 1 -135 0 0 
15355 1007 -135 -600 -135 8 1 -135 0 0 
15360 1004 -135 -600 -135 8 1 -135 0 0 
15365 1002 -135 -600 -135 8 1 -135 0 0 
15370 998 -135 -600 -135 8 1 -135 0 0 
15375 995 -135 -598 -135 8 1 -135 0 0 
15380 991 -140 -598 -140 8 1 -140 0 0 
15385 989 -140 -600 -140 8 1 -140 0 0 
15390 988 -140 -600 -140 8 1 -140 0 0 
15395 984 -143 -600 -143 8 1 -143 0 0 
15400 980 -143 -600 -143 8 1 -143 0 0 
15405 977 -143 -600 -143 8 1 -143 0 0 
15410 975 -147 -598 -147 8 1 -147 0 0 
15415 971 -147 -600 -147 8 1 -147 0 0 
15420 969 -147 -600 -147 8 1 -147 0 0 
15425 966 -150 -600 -150 8 1 -150 0 0 
15430 962 -150 -600 -150 8 1 -150 0 0 
15435 959 -150 -598 -150 8 1 -150 0 0 
15440 957 -150 -600 -150 8 1 -150 0 0 
15445 953 -155 -600 -155 8 1 -155 0 0 
15450 951 -155 -598 -155 8 1 -155 0 0 
15455 948 -155 -600 -155 8 1 -155 0 0 
15460 944 -155 -598 -155 8 1 -155 0 0 
15465 942 -150 -600 -150 8 1 -150 0 0 
15470 939 -155 -600 -155 8 1 -155 0 0 
15475 935 -155 -600 -155 8 1 -155 0 0 
15480 931 -155 -598 -155 8 1 -155 0 0 
15485 929 -158 -600 -158 8 1 -158 0 0 
15490 926 -158 -600 -158 8 1 -158 0 0 
15495 922 -158 -600 -158 8 1 -158 0 0 
15500 920 -158 -600 -158 8 1 -158 0 0 
15505 917 -158 -600 -158 8 1 -158 0 0 
15510 915 -158 -598 -158 8 1 -158 0 0 
15515 911 -158 -598 -158 8 1 -158 0 0 
15520 908 -162 -598 -162 8 1 -162 0 0 
15525 906 -162 -600 -162 8 1 -162 0 0 
15530 902 -158 -598 -158 8 1 -158 0 0 
15535 899 -162 -600 -162 8 1 -162 0 0 
15540 895 -162 -598 -162 8 1 -162 0 0 
15545 893 -162 -600 -162 8 1 -162 0 0 
15550 890 -162 -600 -162 8 1 -162 0 0 
15555 885 -162 -598 -162 8 1 -162 0 0 
15560 883 -162 -600 -162 8 1 -162 0 0 
15565 880 -162 -600 -162 8 1 -162 0 0 
15570 876 -162 -600 -162 8 1 -162 0 0 
15575 872 -158 -600 -158 8 1 -158 0 0 
15580 870 -158 -600 -158 8 1 -158 0 0 
15585 867 -162 -600 -162 8 1 -162 0 0 
15590 865 -162 -600 -162 8 1 -162 0 0 
15595 861 -162 -600 -162 8 1 -162 0 0 
15600 860 -165 -600 -165 8 1 -165 0 0 
15605 856 -165 -600 -165 8 1 -165 0 0 
15610 852 -165 -598 -165 8 1 -165 0 0 
15615 849 -165 -600 -165 8 1 -165 0 0 
15620 847 -165 -600 -165 8 1 -165 0 0 
15625 843 -165 -600 -165 8 1 -165 0 0 
15630 840 -165 -598 -165 8 1 -165 0 0 
15635 838 -170 -600 -170 8 1 -170 0 0 
15640 834 -165 -600 -165 8 1 -165 0 0 
15645 832 -170 -600 -170 8 1 -170 0 0 
15650 829 -170 -600 -170 8 1 -170 0 0 
15655 825 -170 -600 -170 8 1 -170 0 0 
15660 821 -170 -600 -170 8 1 -170 0 0 
15665 818 -170 -600 -170 8 1 -170 0 0 
15670 816 -170 -598 -170 8 1 -170 0 0 
15675 812 -170 -598 -170 8 1 -170 0 0 
15680 809 -173 -598 -173 8 1 -173 0 0 
15685 805 -173 -598 -173 8 1 -173 0 0 
15690 803 -173 -600 -173 8 1 -173 0 0 
15695 802 -173 -598 -173 8 1 -173 0 0 
15700 798 -173 -600 -173 8 1 -173 0 0 
15705 794 -173 -600 -173 8 1 -173 0 0 
15710 792 -173 -600 -173 8 1 -173 0 0 
15715 789 -173 -598 -173 8 1 -173 0 0 
15720 785 -173 -600 -173 8 1 -173 0 0 
15725 783 -173 -600 -173 8 1 -173 0 0 
15730 780 -177 -598 -177 8 1 -177 0 0 
15735 778 -177 -600 -177 8 1 -177 0 0 
15740 774 -177 -600 -177 8 1 -177 0 0 
15745 771 -177 -598 -177 8 1 -177 0 0 
15750 767 -177 -600 -177 8 1 -177 0 0 
15755 765 -177 -600 -177 8 1 -177 0 0 
15760 762 -177 -600 -177 8 1 -177 0 0 
15765 758 -177 -600 -177 8 1 -177 0 0 
15770 756 -177 -598 -177 8 1 -177 0 0 
15775 753 -177 -600 -177 8 1 -177 0 0 
15780 749 -177 -600 -177 8 1 -177 0 0 
15785 747 -177 -600 -177 8 1 -177 0 0 
15790 743 -177 -598 -177 8 1 -177 0 0 
15795 742 -177 -600 -177 8 1 -177 0 0 
15800 738 -177 -600 -177 8 1 -177 0 0 
15805 734 -180 -598 -180 8 1 -180 0 0 
15810 733 -180 -598 -180 8 1 -180 0 0 
15815 729 -180 -600 -180 8 1 -180 0 0 
15820 725 -185 -598 -185 8 1 -185 0 0 
15825 722 -180 -600 -180 8 1 -180 0 0 
15830 720 -185 -600 -185 8 1 -185 0 0 
15835 716 -185 -600 -185 8 1 -185 0 0 
15840 713 -185 -600 -185 8 1 -185 0 0 
15845 711 -185 -600 -185 8 1 -185 0 0 
15850 707 -188 -598 -188 8 1 -188 0 0 
15855 705 -188 -600 -188 8 1 -188 0 0 
15860 702 -188 -598 -188 8 1 -188 0 0 
15865 698 -188 -600 -188 8 1 -188 0 0 
15870 696 -188 -598 -188 8 1 -188 0 0 
15875 693 -188 -598 -188 8 1 -188 0 0 
15880 689 -188 -600 -188 8 1 -188 0 0 
15885 687 -188 -600 -188 8 1 -188 0 0 
15890 684 -188 -598 -188 8 1 -188 0 0 
15895 680 -188 -598 -188 8 1 -188 0 0 
15900 676 -188 -600 -188 8 1 -188 0 0 
15905 675 -188 -600 -188 8 1 -188 0 0 
15910 671 -188 -600 -188 8 1 -188 0 0 
15915 669 -188 -600 -188 8 1 -188 0 0 
15920 666 -192 -600 -192 8 1 -192 0 0 
15925 661 -192 -600 -192 8 1 -192 0 0 
15930 657 -192 -600 -192 8 1 -192 0 0 
15935 655 -192 -600 -192 8 1 -192 0 0 
15940 652 -192 -598 -192 8 1 -192 0 0 
15945 648 -192 -600 -192 8 1 -192 0 0 
15950 645 -192 -600 -192 8 1 -192 0 0 
15955 643 -192 -600 -192 8 1 -192 0 0 
15960 639 -192 -600 -192 8 1 -192 0 0 
15965 637 -192 -600 -192 8 1 -192 0 0 
15970 634 -192 -600 -192 8 1 -192 0 0 
15975 630 -192 -600 -192 8 1 -192 0 0 
15980 626 -192 -598 -192 8 1 -192 0 0 
15985 625 -192 -600 -192 8 1 -192 0 0 
15990 621 -192 -598 -192 8 1 -192 0 0 
15995 619 -192 -600 -192 8 1 -192 0 0 
16000 616 -192 -598 -192 8 1 -192 0 0 
16005 614 -192 -598 -192 8 1 -192 0 0 
16010 608 -192 -598 -192 8 1 -192 0 0 
16015 606 -192 -600 -192 8 1 -192 0 0 
16020 603 -192 -600 -192 8 1 -192 0 0 
16025 601 -192 -600 -192 8 1 -192 0 0 
16030 597 -192 -600 -192 8 1 -192 0 0 
16035 594 -192 -598 -192 8 1 -192 0 0 
16040 590 -192 -600 -192 8 1 -192 0 0 
16045 588 -192 -598 -192 8 1 -192 0 0 
16050 585 -192 -600 -192 8 1 -192 0 0 
16055 583 -192 -600 -192 8 1 -192 0 0 
16060 579 -195 -598 -195 8 1 -195 0 0 
16065 577 -195 -598 -195 8 1 -195 0 0 
16070 574 -195 -598 -195 8 1 -195 0 0 
16075 570 -195 -600 -195 8 1 -195 0 0 
16080 568 -195 -600 -195 8 1 -195 0 0 
16085 565 -192 -600 -192 8 1 -192 0 0 
16090 561 -192 -600 -192 8 1 -192 0 0 
16095 558 -195 -600 -195 8 1 -195 0 0 
16100 556 -195 -598 -195 8 1 -195 0 0 
16105 552 -195 -600 -195 8 1 -195 0 0 
16110 550 -195 -600 -195 8 1 -195 0 0 
16115 547 -192 -598 -192 8 1 -192 0 0 
16120 543 -195 -598 -195 8 1 -195 0 0 
16125 541 -195 -600 -195 8 1 -195 0 0 
16130 538 -195 -600 -195 8 1 -195 0 0 
16135 536 -195 -600 -195 8 1 -195 0 0 
16140 532 -192 -600 -192 8 1 -192 0 0 
16145 528 -192 -598 -192 8 1 -192 0 0 
16150 527 -195 -598 -195 8 1 -195 0 0 
16155 521 -192 -600 -192 8 1 -192 0 0 
16160 518 -192 -600 -192 8 1 -192 0 0 
16165 516 -192 -600 -192 8 1 -192 0 0 
16170 512 -192 -598 -192 8 1 -192 0 0 
16175 509 -192 -600 -192 8 1 -192 0 0 
16180 507 -192 -600 -192 8 1 -192 0 0 
16185 503 -192 -600 -192 8 1 -192 0 0 
16190 499 -192 -600 -192 8 1 -192 0 0 
16195 498 -192 -600 -192 8 1 -192 0 0 
16200 494 -192 -600 -192 8 1 -192 0 0 
16205 490 -192 -598 -192 8 1 -192 0 0 
16210 489 -192 -600 -192 8 1 -192 0 0 
16215 485 -192 -600 -192 8 1 -192 0 0 
16220 481 -192 -600 -192 8 1 -192 0 0 
16225 480 -192 -600 -192 8 1 -192 0 0 
16230 476 -192 -600 -192 8 1 -192 0 0 
16235 472 -192 -600 -192 8 1 -192 0 0 
16240 470 -192 -600 -192 8 1 -192 0 0 
16245 467 -192 -600 -192 8 1 -192 0 0 
16250 463 -192 -600 -192 8 1 -192 0 0 
16255 461 -192 -600 -192 8 1 -192 0 0 
16260 458 -192 -600 -192 8 1 -192 0 0 
16265 456 -192 -600 -192 8 1 -192 0 0 
16270 452 -192 -600 -192 8 1 -192 0 0 
16275 449 -192 -600 -192 8 1 -192 0 0 
16280 447 -192 -600 -192 8 1 -192 0 0 
16285 443 -192 -598 -192 8 1 -192 0 0 
16290 441 -192 -600 -192 8 1 -192 0 0 
16295 437 -192 -598 -192 8 1 -192 0 0 
16300 433 -188 -600 -188 8 1 -188 0 0 
16305 430 -188 -598 -188 8 1 -188 0 0 
16310 428 -188 -600 -188 8 1 -188 0 0 
16315 424 -188 -600 -188 8 1 -188 0 0 
16320 420 -188 -598 -188 8 1 -188 0 0 
16325 419 -185 -600 -185 8 1 -185 0 0 
16330 415 -188 -598 -188 8 1 -188 0 0 
16335 413 -188 -600 -188 8 1 -188 0 0 
16340 410 -188 -600 -188 8 1 -188 0 0 
16345 406 -188 -600 -188 8 1 -188 0 0 
16350 404 -188 -600 -188 8 1 -188 0 0 
16355 401 -185 -598 -185 8 1 -185 0 0 
16360 397 -185 -598 -185 8 1 -185 0 0 
16365 393 -185 -600 -185 8 1 -185 0 0 
16370 390 -185 -600 -185 8 1 -185 0 0 
16375 388 -185 -600 -185 8 1 -185 0 0 
16380 384 -185 -600 -185 8 1 -185 0 0 
16385 381 -180 -600 -180 8 1 -180 0 0 
16390 379 -180 -598 -180 8 1 -180 0 0 
16395 375 -185 -600 -185 8 1 -185 0 0 
16400 372 -185 -598 -185 8 1 -185 0 0 
16405 370 -185 -600 -185 8 1 -185 0 0 
16410 366 -185 -598 -185 8 1 -185 0 0 
16415 364 -185 -598 -185 8 1 -185 0 0 
16420 361 -185 -600 -185 8 1 -185 0 0 
16425 357 -180 -600 -180 8 1 -180 0 0 
16430 353 -180 -598 -180 8 1 -180 0 0 
16435 352 -180 -600 -180 8 1 -180 0 0 
16440 348 -180 -600 -180 8 1 -180 0 0 
16445 344 -180 -600 -180 8 1 -180 0 0 
16450 343 -180 -598 -180 8 1 -180 0 0 
16455 341 -180 -600 -180 8 1 -180 0 0 
16460 337 -177 -598 -177 8 1 -177 0 0 
16465 333 -177 -600 -177 8 1 -177 0 0 
16470 332 -177 -598 -177 8 1 -177 0 0 
16475 328 -177 -600 -177 8 1 -177 0 0 
16480 324 -177 -598 -177 8 1 -177 0 0 
16485 323 -177 -600 -177 8 1 -177 0 0 
16490 319 -177 -600 -177 8 1 -177 0 0 
16495 315 -177 -598 -177 8 1 -177 0 0 
16500 312 -173 -600 -173 8 1 -173 0 0 
16505 310 -173 -600 -173 8 1 -173 0 0 
16510 306 -173 -600 -173 8 1 -173 0 0 
16515 304 -173 -598 -173 8 1 -173 0 0 
16520 299 -170 -600 -170 8 1 -170 0 0 
16525 297 -170 -598 -170 8 1 -170 0 0 
16530 294 -170 -600 -170 8 1 -170 0 0 
16535 292 -170 -600 -170 8 1 -170 0 0 
16540 288 -173 -600 -173 8 1 -173 0 0 
16545 286 -170 -600 -170 8 1 -170 0 0 
16550 283 -170 -600 -170 8 1 -170 0 0 
16555 279 -165 -600 -165 8 1 -165 0 0 
16560 275 -165 -598 -165 8 1 -165 0 0 
16565 272 -165 -600 -165 8 1 -165 0 0 
16570 270 -162 -600 -162 8 1 -162 0 0 
16575 266 -162 -598 -162 8 1 -162 0 0 
16580 263 -162 -598 -162 8 1 -162 0 0 
16585 261 -162 -600 -162 8 1 -162 0 0 
16590 257 -162 -598 -162 8 1 -162 0 0 
16595 254 -158 -600 -158 8 1 -158 0 0 
16600 250 -158 -600 -158 8 1 -158 0 0 
16605 248 -158 -600 -158 8 1 -158 0 0 
16610 245 -158 -598 -158 8 1 -158 0 0 
16615 243 -155 -600 -155 8 1 -155 0 0 
16620 239 -155 -600 -155 8 1 -155 0 0 
16625 236 -150 -598 -150 8 1 -150 0 0 
16630 234 -150 -600 -150 8 1 -150 0 0 
16635 230 -147 -600 -147 8 1 -147 0 0 
16640 226 -147 -598 -147 8 1 -147 0 0 
16645 223 -147 -600 -147 8 1 -147 0 0 
16650 221 -143 -600 -143 8 1 -143 0 0 
16655 216 -143 -600 -143 8 1 -143 0 0 
16660 213 -140 -600 -140 8 1 -140 0 0 
16665 211 -140 -600 -140 8 1 -140 0 0 
16670 209 -135 -598 -135 8 1 -135 0 0 
16675 205 -135 -600 -135 8 1 -135 0 0 
16680 202 -132 -598 -132 8 1 -132 0 0 
16685 198 -132 -600 -132 8 1 -132 0 0 
16690 196 -128 -600 -128 8 1 -128 0 0 
16695 193 -128 -600 -128 8 1 -128 0 0 
16700 189 -125 -598 -125 8 1 -125 0 0 
16705 187 -120 -600 -120 8 1 -120 0 0 
16710 184 -120 -600 -120 8 1 -120 0 0 
16715 182 -120 -598 -120 8 1 -120 0 0 
16720 176 -117 -600 -117 8 1 -117 0 0 
16725 175 -117 -600 -117 8 1 -117 0 0 
16730 171 -113 -600 -113 8 1 -113 0 0 
16735 169 -113 -600 -113 8 1 -113 0 0 
16740 166 -110 -600 -110 8 1 -110 0 0 
16745 162 -110 -600 -110 8 1 -110 0 0 
16750 160 -110 -600 -110 8 1 -110 0 0 
16755 157 -105 -600 -105 8 1 -105 0 0 
16760 153 -105 -600 -105 8 1 -105 0 0 
16765 151 -105 -600 -105 8 1 -105 0 0 
16770 147 -102 -600 -102 8 1 -102 0 0 
16775 146 -102 -600 -102 8 1 -102 0 0 
16780 142 -102 -600 -102 8 1 -102 0 0 
16785 138 -102 -600 -102 8 1 -102 0 0 
16790 135 -98 -600 -98 8 1 -98 0 0 
16795 133 -98 -600 -98 8 1 -98 0 0 
16800 129 -95 -600 -95 8 1 -95 0 0 
16805 127 -95 -600 -95 8 1 -95 0 0 
16810 124 -95 -600 -95 8 1 -95 0 0 
16815 122 -95 -600 -95 8 1 -95 0 0 
16820 118 -95 -593 -95 8 1 -95 0 0 
16825 115 -95 -580 -95 8 1 -95 0 0 
16830 111 -90 -575 -90 8 1 -90 0 0 
16835 109 -90 -563 -90 8 1 -90 0 0 
16840 106 -90 -550 -90 8 1 -90 0 0 
16845 104 -95 -548 -95 8 1 -95 0 0 
16850 100 -102 -540 -102 8 1 -102 0 0 
16855 98 -110 -525 -110 8 1 -110 0 0 
16860 95 -110 -520 -110 8 1 -110 0 0 
16865 93 -110 -508 -110 8 1 -110 0 0 
16870 89 -102 -498 -102 8 1 -102 0 0 
16875 88 -95 -493 -95 8 1 -95 0 0 
16880 86 -95 -480 -95 8 1 -95 0 0 
16885 82 -98 -475 -98 8 1 -98 0 0 
16890 80 -105 -460 -105 8 1 -105 0 0 
16895 79 -105 -450 -105 8 1 -105 0 0 
16900 75 -105 -445 -105 8 1 -105 0 0 
16905 73 -98 -433 -98 8 1 -98 0 0 
16910 71 -90 -420 -90 8 1 -90 0 0 
16915 69 -87 -415 -87 8 1 -87 0 0 
16920 66 -90 -408 -90 8 1 -90 0 0 
16925 66 -95 -398 -95 8 1 -95 0 0 
16930 62 -98 -383 -98 8 1 -98 0 0 
16935 60 -98 -375 -98 8 1 -98 0 0 
16940 59 -87 -368 -87 8 1 -87 0 0 
16945 57 -83 -358 -83 8 1 -83 0 0 
16950 55 -80 -355 -80 8 1 -80 0 0 
16955 53 -80 -338 -80 8 1 -80 0 0 
16960 51 -83 -328 -83 8 1 -83 0 0 
16965 50 -87 -318 -87 8 1 -87 0 0 
16970 48 -83 -318 -83 8 1 -83 0 0 
16975 46 -80 -303 -80 8 1 -80 0 0 
16980 44 -72 -293 -72 8 1 -72 0 0 
16985 42 -72 -280 -72 8 1 -72 0 0 
16990 42 -72 -270 -72 8 1 -72 0 0 
16995 42 -72 -265 -72 8 1 -72 0 0 
17000 39 -72 -253 -72 8 1 -72 0 0 
17005 37 -72 -248 -72 8 1 -72 0 0 
17010 37 -68 -240 -68 8 1 -68 0 0 
17015 35 -65 -228 -65 8 1 -65 0 0 
17020 35 -57 -218 -57 8 1 -57 0 0 
17025 33 -53 -213 -53 8 1 -53 0 0 
17030 33 -50 -198 -50 8 1 -50 0 0 
17035 31 -50 -193 -50 8 1 -50 0 0 
17040 31 -50 -175 -50 8 1 -50 0 0 
17045 30 -50 -170 -50 8 1 -50 0 0 
17050 30 -45 -160 -45 8 1 -45 0 0 
17055 28 -42 -155 -42 8 1 -42 0 0 
17060 26 -38 -148 -38 8 1 -38 0 0 
17065 26 -35 -133 -35 8 1 -35 0 0 
17070 26 -30 -130 -30 8 1 -30 0 0 
17075 26 -27 -130 -27 8 1 -27 0 0 
17080 24 -20 -120 -20 8 1 -20 0 0 
17085 24 -15 -118 -15 8 1 -15 0 0 
17090 22 -8 -115 -8 8 1 -8 0 0 
17095 22 0 -105 0 8 1 0 0 0 
17100 22 5 -103 5 8 1 5 0 0 
17105 22 12 -100 12 8 1 12 0 0 
17110 20 12 -95 12 8 1 12 0 0 
17115 20 15 -83 15 8 1 15 0 0 
17120 20 15 -75 15 8 1 15 0 0 
17125 20 20 -70 20 8 1 20 0 0 
17130 19 23 -65 23 8 1 23 0 0 
17135 19 27 -58 27 8 1 27 0 0 
17140 19 30 -50 30 8 1 30 0 0 
17145 19 30 -40 30 8 1 30 0 0 
17150 19 35 -28 35 8 1 35 0 0 
17155 19 35 -15 35 8 1 35 0 0 
17160 17 42 -3 42 8 1 42 0 0 
17165 17 45 0 45 8 1 45 0 0 
17170 19 50 10 50 8 1 50 0 0 
17175 19 50 23 50 8 1 50 0 0 
17180 19 50 40 50 8 1 50 0 0 
17185 19 53 55 53 8 1 53 0 0 
17190 19 57 70 57 8 1 57 0 0 
17195 19 60 78 60 8 1 60 0 0 
17200 19 68 90 68 8 1 68 0 0 
17205 20 65 103 65 8 1 65 0 0 
17210 20 60 120 60 8 1 60 0 0 
17215 20 57 143 57 8 1 57 0 0 
17220 20 60 158 60 8 1 60 0 0 
17225 22 65 173 65 8 1 65 0 0 
17230 24 68 185 68 8 1 68 0 0 
17235 24 72 200 72 8 1 72 0 0 
17240 26 68 223 68 8 1 68 0 0 
17245 26 65 240 65 8 1 65 0 0 
17250 28 65 258 65 8 1 65 0 0 
17255 28 68 275 68 8 1 68 0 0 
17260 30 72 288 72 8 1 72 0 0 
17265 31 72 303 72 9 1 72 0 0 
17270 33 72 323 72 9 1 72 0 0 
17275 35 65 343 65 9 1 65 0 0 
17280 37 60 365 60 9 1 60 0 0 
17285 39 65 383 65 9 1 65 0 0 
17290 40 68 395 68 9 1 68 0 0 
17295 42 68 410 68 9 1 68 0 0 
17300 42 68 428 68 9 1 68 0 0 
17305 46 65 448 65 9 1 65 0 0 
17310 48 60 470 60 9 1 60 0 0 
17315 51 57 493 57 9 1 57 0 0 
17320 53 60 510 60 9 1 60 0 0 
17325 57 65 520 65 9 1 65 0 0 
17330 59 65 535 65 9 1 65 0 0 
17335 62 60 553 60 9 1 60 0 0 
17340 64 57 578 57 9 1 57 0 0 
17345 68 50 593 50 9 1 50 0 0 
17350 69 53 600 53 9 1 53 0 0 
17355 73 57 600 57 9 1 57 0 0 
17360 77 60 603 60 9 1 60 0 0 
17365 80 60 600 60 9 1 60 0 0 
17370 82 60 603 60 9 1 60 0 0 
17375 86 60 603 60 9 1 60 0 0 
17380 89 65 600 65 9 1 65 0 0 
17385 93 75 600 75 9 1 75 0 0 
17390 95 83 600 83 9 1 83 0 0 
17395 98 87 600 87 9 1 87 0 0 
17400 100 83 600 83 9 1 83 0 0 
17405 104 80 603 80 9 1 80 0 0 
17410 106 75 603 75 9 1 75 0 0 
17415 109 72 600 72 9 1 72 0 0 
17420 111 72 600 72 9 1 72 0 0 
17425 117 75 600 75 9 1 75 0 0 
17430 118 75 600 75 9 1 75 0 0 
17435 122 75 600 75 9 1 75 0 0 
17440 124 72 600 72 9 1 72 0 0 
17445 127 68 600 68 9 1 68 0 0 
17450 131 68 600 68 9 1 68 0 0 
17455 133 68 600 68 9 1 68 0 0 
17460 137 72 600 72 9 1 72 0 0 
17465 140 72 603 72 9 1 72 0 0 
17470 142 68 600 68 9 1 68 0 0 
17475 146 65 600 65 9 1 65 0 0 
17480 147 60 600 60 9 1 60 0 0 
17485 151 60 600 60 9 1 60 0 0 
17490 155 65 600 65 9 1 65 0 0 
17495 157 65 603 65 9 1 65 0 0 
17500 160 65 600 65 9 1 65 0 0 
17505 164 65 600 65 9 1 65 0 0 
17510 166 60 600 60 9 1 60 0 0 
17515 169 60 600 60 9 1 60 0 0 
17520 171 57 603 57 9 1 57 0 0 
17525 175 57 600 57 9 1 57 0 0 
17530 178 53 600 53 9 1 53 0 0 
17535 182 53 603 53 9 1 53 0 0 
17540 184 53 600 53 9 1 53 0 0 
17545 187 53 600 53 9 1 53 0 0 
17550 189 53 600 53 9 1 53 0 0 
17555 193 53 600 53 9 1 53 0 0 
17560 196 50 603 50 9 1 50 0 0 
17565 200 53 600 53 9 1 53 0 0 
17570 202 50 600 50 9 1 50 0 0 
17575 205 50 603 50 9 1 50 0 0 
17580 209 50 600 50 9 1 50 0 0 
17585 211 50 600 50 9 1 50 0 0 
17590 215 50 603 50 9 1 50 0 0 
17595 219 50 600 50 9 1 50 0 0 
17600 221 50 600 50 9 1 50 0 0 
17605 225 50 603 50 9 1 50 0 0 
17610 228 50 600 50 9 1 50 0 0 
17615 230 50 600 50 9 1 50 0 0 
17620 232 50 600 50 9 1 50 0 0 
17625 236 45 600 45 9 1 45 0 0 
17630 239 45 600 45 9 1 45 0 0 
17635 243 42 600 42 9 1 42 0 0 
17640 245 42 600 42 9 1 42 0 0 
17645 250 42 600 42 9 1 42 0 0 
17650 252 42 603 42 9 1 42 0 0 
17655 255 42 600 42 9 1 42 0 0 
17660 257 42 600 42 9 1 42 0 0 
17665 261 38 600 38 9 1 38 0 0 
17670 265 38 600 38 9 1 38 0 0 
17675 266 38 600 38 9 1 38 0 0 
17680 270 38 603 38 9 1 38 0 0 
17685 274 38 603 38 9 1 38 0 0 
17690 277 38 600 38 9 1 38 0 0 
17695 279 38 600 38 9 1 38 0 0 
17700 283 38 603 38 9 1 38 0 0 
17705 286 35 600 35 9 1 35 0 0 
17710 288 35 600 35 9 1 35 0 0 
17715 292 35 603 35 9 1 35 0 0 
17720 294 35 600 35 9 1 35 0 0 
17725 297 35 600 35 9 1 35 0 0 
17730 301 35 600 35 9 1 35 0 0 
17735 303 30 603 30 9 1 30 0 0 
17740 306 30 600 30 9 1 30 0 0 
17745 310 30 600 30 9 1 30 0 0 
17750 313 30 603 30 9 1 30 0 0 
17755 315 30 600 30 9 1 30 0 0 
17760 319 30 603 30 9 1 30 0 0 
17765 323 30 603 30 9 1 30 0 0 
17770 324 30 600 30 9 1 30 0 0 
17775 328 30 600 30 9 1 30 0 0 
17780 330 30 600 30 9 1 30 0 0 
17785 333 30 600 30 9 1 30 0 0 
17790 337 30 600 30 9 1 30 0 0 
17795 339 30 603 30 9 1 30 0 0 
17800 343 30 600 30 9 1 30 0 0 
17805 346 30 603 30 9 1 30 0 0 
17810 348 30 600 30 9 1 30 0 0 
17815 352 30 600 30 9 1 30 0 0 
17820 353 35 600 35 9 1 35 0 0 
17825 357 35 600 35 9 1 35 0 0 
17830 361 35 603 35 9 1 35 0 0 
17835 364 35 600 35 9 1 35 0 0 
17840 366 35 600 35 9 1 35 0 0 
17845 370 35 603 35 9 1 35 0 0 
17850 373 35 600 35 9 1 35 0 0 
17855 375 35 600 35 9 1 35 0 0 
17860 379 30 600 30 9 1 30 0 0 
17865 382 30 600 30 9 1 30 0 0 
17870 384 35 600 35 9 1 35 0 0 
17875 388 35 600 35 9 1 35 0 0 
17880 390 35 600 35 9 1 35 0 0 
17885 393 35 600 35 9 1 35 0 0 
17890 397 35 600 35 9 1 35 0 0 
17895 401 35 603 35 9 1 35 0 0 
17900 402 35 600 35 9 1 35 0 0 
17905 406 35 600 35 9 1 35 0 0 
17910 410 35 600 35 9 1 35 0 0 
17915 411 35 600 35 9 1 35 0 0 
17920 415 35 600 35 9 1 35 0 0 
17925 419 35 603 35 9 1 35 0 0 
17930 420 35 600 35 9 1 35 0 0 
17935 424 35 603 35 9 1 35 0 0 
17940 428 35 600 35 9 1 35 0 0 
17945 430 35 600 35 9 1 35 0 0 
17950 433 35 603 35 9 1 35 0 0 
17955 435 30 600 30 9 1 30 0 0 
17960 439 30 600 30 9 1 30 0 0 
17965 445 30 603 30 9 1 30 0 0 
17970 447 30 600 30 9 1 30 0 0 
17975 449 30 600 30 9 1 30 0 0 
17980 452 30 600 30 9 1 30 0 0 
17985 456 35 600 35 9 1 35 0 0 
17990 458 35 603 35 9 1 35 0 0 
17995 461 35 600 35 9 1 35 0 0 
18000 463 35 603 35 9 1 35 0 0 
18005 467 35 603 35 9 1 35 0 0 
18010 470 35 600 35 9 1 35 0 0 
18015 472 35 600 35 9 1 35 0 0 
18020 476 30 603 30 9 1 30 0 0 
18025 480 30 600 30 9 1 30 0 0 
18030 481 30 600 30 9 1 30 0 0 
18035 485 30 600 30 9 1 30 0 0 
18040 489 30 600 30 9 1 30 0 0 
18045 492 30 600 30 9 1 30 0 0 
18050 494 30 600 30 9 1 30 0 0 
18055 498 27 600 27 9 1 27 0 0 
18060 499 27 600 27 9 1 27 0 0 
18065 505 27 600 27 9 1 27 0 0 
18070 505 23 600 23 9 1 23 0 0 
18075 509 23 600 23 9 1 23 0 0 
18080 512 23 600 23 9 1 23 0 0 
18085 516 23 600 23 9 1 23 0 0 
18090 518 20 603 20 9 1 20 0 0 
18095 521 23 600 23 9 1 23 0 0 
18100 525 20 600 20 9 1 20 0 0 
18105 528 20 600 20 9 1 20 0 0 
18110 530 15 603 15 9 1 15 0 0 
18115 534 15 600 15 9 1 15 0 0 
18120 538 15 598 15 9 1 15 0 0 
18125 539 15 600 15 9 1 15 0 0 
18130 543 15 598 15 9 1 15 0 0 
18135 547 12 598 12 9 1 12 0 0 
18140 548 12 598 12 9 1 12 0 0 
18145 552 12 593 12 9 1 12 0 0 
18150 554 12 593 12 9 1 12 0 0 
18155 558 8 593 8 9 1 8 0 0 
18160 561 8 590 8 9 1 8 0 0 
18165 565 8 590 8 9 1 8 0 0 
18170 567 5 588 5 9 1 5 0 0 
18175 568 5 585 5 9 1 5 0 0 
18180 572 8 585 8 9 1 8 0 0 
18185 576 8 580 8 9 1 8 0 0 
18190 579 5 578 5 9 1 5 0 0 
18195 581 5 575 5 9 1 5 0 0 
18200 583 5 573 5 9 1 5 0 0 
18205 587 0 573 0 9 1 0 0 0 
18210 588 5 568 5 9 1 5 0 0 
18215 592 5 565 5 9 1 5 0 0 
18220 594 5 563 5 9 1 5 0 0 
18225 597 5 560 5 9 1 5 0 0 
18230 601 5 555 5 9 1 5 0 0 
18235 603 5 553 5 9 1 5 0 0 
18240 606 5 550 5 9 1 5 0 0 
18245 608 5 548 5 9 1 5 0 0 
18250 612 5 545 5 9 1 5 0 0 
18255 614 5 540 5 9 1 5 0 0 
18260 617 5 538 5 9 1 5 0 0 
18265 619 0 535 0 9 1 0 0 0 
18270 623 0 533 0 9 1 0 0 0 
18275 625 5 525 5 9 1 5 0 0 
18280 628 5 525 5 9 1 5 0 0 
18285 630 5 520 5 9 1 5 0 0 
18290 634 5 520 5 9 1 5 0 0 
18295 635 5 515 5 9 1 5 0 0 
18300 637 5 513 5 9 1 5 0 0 
18305 641 5 510 5 9 1 5 0 0 
18310 643 0 503 0 9 1 0 0 0 
18315 645 0 498 0 9 1 0 0 0 
18320 648 0 495 0 9 1 0 0 0 
18325 652 0 493 0 9 1 0 0 0 
18330 652 0 485 0 9 1 0 0 0 
18335 655 -5 483 -5 9 1 -5 0 0 
18340 657 0 475 0 9 1 0 0 0 
18345 661 0 470 0 9 1 0 0 0 
18350 664 -5 468 -5 9 1 -5 0 0 
18355 666 -5 463 -5 9 1 -5 0 0 
18360 669 -8 455 -8 9 1 -8 0 0 
18365 671 -8 450 -8 9 1 -8 0 0 
18370 673 -8 445 -8 9 1 -8 0 0 
18375 675 -8 443 -8 9 1 -8 0 0 
18380 676 -12 435 -12 9 1 -12 0 0 
18385 680 -12 428 -12 9 1 -12 0 0 
18390 682 -12 420 -12 9 1 -12 0 0 
18395 684 -12 418 -12 9 1 -12 0 0 
18400 685 -15 410 -15 9 1 -15 0 0 
18405 689 -15 403 -15 9 1 -15 0 0 
18410 691 -15 393 -15 9 1 -15 0 0 
18415 693 -12 385 -12 9 1 -12 0 0 
18420 695 -15 380 -15 9 1 -15 0 0 
18425 696 -15 370 -15 9 1 -15 0 0 
18430 698 -15 368 -15 9 1 -15 0 0 
18435 700 -15 363 -15 9 1 -15 0 0 
18440 702 -15 353 -15 9 1 -15 0 0 
18445 704 -15 343 -15 9 1 -15 0 0 
18450 705 -15 338 -15 9 1 -15 0 0 
18455 707 -15 328 -15 9 1 -15 0 0 
18460 707 -15 318 -15 9 1 -15 0 0 
18465 709 -15 310 -15 9 1 -15 0 0 
18470 711 -15 303 -15 9 1 -15 0 0 
18475 713 -15 298 -15 9 1 -15 0 0 
18480 714 -15 290 -15 9 1 -15 0 0 
18485 716 -15 280 -15 9 1 -15 0 0 
18490 716 -15 275 -15 9 1 -15 0 0 
18495 718 -12 265 -12 9 1 -12 0 0 
18500 720 -15 260 -15 9 1 -15 0 0 
18505 722 -12 250 -12 9 1 -12 0 0 
18510 724 -12 245 -12 9 1 -12 0 0 
18515 724 -12 238 -12 9 1 -12 0 0 
18520 725 -12 228 -12 9 1 -12 0 0 
18525 725 -12 223 -12 9 1 -12 0 0 
18530 727 -12 218 -12 9 1 -12 0 0 
18535 729 -12 208 -12 9 1 -12 0 0 
18540 729 -12 200 -12 9 1 -12 0 0 
18545 731 -8 193 -8 9 1 -8 0 0 
18550 731 -8 183 -8 9 1 -8 0 0 
18555 733 -8 175 -8 9 1 -8 0 0 
18560 733 -8 170 -8 9 1 -8 0 0 
18565 734 -8 160 -8 9 1 -8 0 0 
18570 734 -8 155 -8 9 1 -8 0 0 
18575 734 -8 148 -8 9 1 -8 0 0 
18580 736 -8 140 -8 9 1 -8 0 0 
18585 736 -8 130 -8 9 1 -8 0 0 
18590 736 -8 123 -8 9 1 -8 0 0 
18595 738 -8 115 -8 9 1 -8 0 0 
18600 738 -5 108 -5 9 1 -5 0 0 
18605 738 -5 100 -5 9 1 -5 0 0 
18610 740 -5 90 -5 9 1 -5 0 0 
18615 740 -5 83 -5 9 1 -5 0 0 
18620 740 -5 75 -5 9 1 -5 0 0 
18625 740 0 68 0 9 1 0 0 0 
18630 742 0 58 0 9 1 0 0 0 
18635 742 0 53 0 9 1 0 0 0 
18640 742 0 43 0 9 1 0 0 0 
18645 742 0 38 0 9 1 0 0 0 
18650 742 0 28 0 9 1 0 0 0 
18655 742 0 23 0 9 1 0 0 0 
18660 742 0 13 0 9 1 0 0 0 
18665 742 5 3 5 9 1 5 0 0 
18670 742 5 0 5 9 1 5 0 0 
18675 742 5 -3 5 9 1 5 0 0 
18680 742 0 -3 0 9 1 0 0 0 
18685 742 0 -5 0 9 1 0 0 0 
18690 742 -5 -5 -5 9 1 -5 0 0 
18695 742 -5 -13 -5 9 1 -5 0 0 
18700 742 -5 -15 -5 9 1 -5 0 0 
18705 742 -8 -23 -8 9 1 -8 0 0 
18710 742 -15 -25 -15 9 1 -15 0 0 
18715 742 -20 -28 -20 9 1 -20 0 0 
18720 742 -20 -30 -20 9 1 -20 0 0 
18725 742 -20 -38 -20 9 1 -20 0 0 
18730 742 -20 -43 -20 9 1 -20 0 0 
18735 742 -20 -50 -20 9 1 -20 0 0 
18740 742 -20 -55 -20 9 1 -20 0 0 
18745 740 -23 -63 -23 9 1 -23 0 0 
18750 740 -23 -68 -23 9 1 -23 0 0 
18755 740 -27 -75 -27 9 1 -27 0 0 
18760 740 -27 -80 -27 9 1 -27 0 0 
18765 738 -27 -93 -27 9 1 -27 0 0 
18770 738 -27 -103 -27 9 1 -27 0 0 
18775 738 -30 -110 -30 9 1 -30 0 0 
18780 738 -35 -118 -35 9 1 -35 0 0 
18785 736 -35 -130 -35 9 1 -35 0 0 
18790 736 -35 -140 -35 9 1 -35 0 0 
18795 736 -35 -148 -35 9 1 -35 0 0 
18800 734 -35 -158 -35 9 1 -35 0 0 
18805 734 -35 -173 -35 9 1 -35 0 0 
18810 733 -38 -183 -38 9 1 -38 0 0 
18815 733 -38 -195 -38 9 1 -38 0 0 
18820 731 -42 -205 -42 9 1 -42 0 0 
18825 731 -42 -223 -42 9 1 -42 0 0 
18830 729 -42 -235 -42 9 1 -42 0 0 
18835 729 -42 -250 -42 9 1 -42 0 0 
18840 727 -42 -263 -42 10 1 -42 0 0 
18845 725 -45 -280 -45 10 1 -45 0 0 
18850 724 -50 -298 -50 10 1 -50 0 0 
18855 722 -50 -310 -50 10 1 -50 0 0 
18860 720 -50 -328 -50 10 1 -50 0 0 
18865 720 -50 -343 -50 10 1 -50 0 0 
18870 718 -53 -365 -53 10 1 -53 0 0 
18875 716 -57 -378 -57 10 1 -57 0 0 
18880 714 -57 -395 -57 10 1 -57 0 0 
18885 713 -57 -415 -57 10 1 -57 0 0 
18890 711 -57 -438 -57 10 1 -57 0 0 
18895 707 -53 -450 -53 10 1 -53 0 0 
18900 705 -57 -470 -57 10 1 -57 0 0 
18905 704 -57 -488 -57 10 1 -57 0 0 
18910 700 -57 -513 -57 10 1 -57 0 0 
18915 698 -57 -528 -57 10 1 -57 0 0 
18920 695 -57 -550 -57 10 1 -57 0 0 
18925 693 -57 -568 -57 10 1 -57 0 0 
18930 689 -57 -588 -57 10 1 -57 0 0 
18935 687 -57 -598 -57 10 1 -57 0 0 
18940 684 -57 -598 -57 10 1 -57 0 0 
18945 680 -53 -598 -53 10 1 -53 0 0 
18950 676 -53 -598 -53 10 1 -53 0 0 
18955 675 -57 -600 -57 10 1 -57 0 0 
18960 671 -65 -598 -65 10 1 -65 0 0 
18965 669 -72 -600 -72 10 1 -72 0 0 
18970 666 -80 -600 -80 10 1 -80 0 0 
18975 661 -90 -598 -90 10 1 -90 0 0 
18980 657 -95 -600 -95 10 1 -95 0 0 
18985 655 -95 -600 -95 10 1 -95 0 0 
18990 652 -90 -600 -90 10 1 -90 0 0 
18995 648 -87 -600 -87 10 1 -87 0 0 
19000 646 -87 -600 -87 10 1 -87 0 0 
19005 643 -83 -598 -83 10 1 -83 0 0 
19010 639 -87 -600 -87 10 1 -87 0 0 
19015 637 -90 -598 -90 10 1 -90 0 0 
19020 634 -90 -600 -90 10 1 -90 0 0 
19025 632 -90 -600 -90 10 1 -90 0 0 
19030 626 -90 -600 -90 10 1 -90 0 0 
19035 625 -90 -600 -90 10 1 -90 0 0 
19040 621 -90 -600 -90 10 1 -90 0 0 
19045 619 -90 -598 -90 10 1 -90 0 0 
19050 616 -90 -598 -90 10 1 -90 0 0 
19055 612 -90 -600 -90 10 1 -90 0 0 
19060 610 -95 -598 -95 10 1 -95 0 0 
19065 606 -95 -600 -95 10 1 -95 0 0 
19070 603 -95 -598 -95 10 1 -95 0 0 
19075 601 -95 -600 -95 10 1 -95 0 0 
19080 597 -95 -600 -95 10 1 -95 0 0 
19085 596 -98 -600 -98 10 1 -98 0 0 
19090 592 -98 -600 -98 10 1 -98 0 0 
19095 588 -102 -598 -102 10 1 -102 0 0 
19100 585 -102 -600 -102 10 1 -102 0 0 
19105 583 -102 -598 -102 10 1 -102 0 0 
19110 579 -98 -600 -98 10 1 -98 0 0 
19115 576 -98 -600 -98 10 1 -98 0 0 
19120 574 -98 -600 -98 10 1 -98 0 0 
19125 570 -98 -600 -98 10 1 -98 0 0 
19130 568 -102 -600 -102 10 1 -102 0 0 
19135 565 -98 -600 -98 10 1 -98 0 0 
19140 561 -98 -600 -98 10 1 -98 0 0 
19145 559 -98 -600 -98 10 1 -98 0 0 
19150 556 -98 -600 -98 10 1 -98 0 0 
19155 552 -98 -600 -98 10 1 -98 0 0 
19160 550 -102 -598 -102 10 1 -102 0 0 
19165 547 -98 -600 -98 10 1 -98 0 0 
19170 543 -102 -600 -102 10 1 -102 0 0 
19175 539 -102 -600 -102 10 1 -102 0 0 
19180 538 -102 -600 -102 10 1 -102 0 0 
19185 534 -102 -598 -102 10 1 -102 0 0 
19190 532 -102 -600 -102 10 1 -102 0 0 
19195 528 -105 -600 -105 10 1 -105 0 0 
19200 525 -105 -600 -105 10 1 -105 0 0 
19205 523 -105 -600 -105 10 1 -105 0 0 
19210 518 -110 -600 -110 10 1 -110 0 0 
19215 516 -110 -600 -110 10 1 -110 0 0 
19220 512 -105 -598 -105 10 1 -105 0 0 
19225 510 -110 -600 -110 10 1 -110 0 0 
19230 507 -105 -598 -105 10 1 -105 0 0 
19235 503 -105 -600 -105 10 1 -105 0 0 
19240 501 -105 -600 -105 10 1 -105 0 0 
19245 498 -105 -598 -105 10 1 -105 0 0 
19250 494 -110 -600 -110 10 1 -110 0 0 
19255 490 -113 -600 -113 10 1 -113 0 0 
19260 489 -113 -600 -113 10 1 -113 0 0 
19265 485 -113 -600 -113 10 1 -113 0 0 
19270 481 -113 -598 -113 10 1 -113 0 0 
19275 480 -113 -598 -113 10 1 -113 0 0 
19280 476 -113 -598 -113 10 1 -113 0 0 
19285 474 -117 -598 -117 10 1 -117 0 0 
19290 470 -113 -600 -113 10 1 -113 0 0 
19295 467 -113 -598 -113 10 1 -113 0 0 
19300 463 -113 -600 -113 10 1 -113 0 0 
19305 461 -113 -598 -113 10 1 -113 0 0 
19310 458 -113 -600 -113 10 1 -113 0 0 
19315 456 -113 -598 -113 10 1 -113 0 0 
19320 452 -113 -600 -113 10 1 -113 0 0 
19325 451 -113 -600 -113 10 1 -113 0 0 
19330 445 -113 -598 -113 10 1 -113 0 0 
19335 443 -113 -600 -113 10 1 -113 0 0 
19340 441 -113 -598 -113 10 1 -113 0 0 
19345 437 -117 -598 -117 10 1 -117 0 0 
19350 433 -117 -600 -117 10 1 -117 0 0 
19355 431 -113 -600 -113 10 1 -113 0 0 
19360 428 -113 -600 -113 10 1 -113 0 0 
19365 424 -113 -598 -113 10 1 -113 0 0 
19370 420 -113 -600 -113 10 1 -113 0 0 
19375 419 -113 -600 -113 10 1 -113 0 0 
19380 417 -113 -600 -113 10 1 -113 0 0 
19385 411 -117 -600 -117 10 1 -117 0 0 
19390 410 -117 -600 -117 10 1 -117 0 0 
19395 406 -117 -600 -117 10 1 -117 0 0 
19400 402 -117 -598 -117 10 1 -117 0 0 
19405 401 -117 -598 -117 10 1 -117 0 0 
19410 397 -113 -600 -113 10 1 -113 0 0 
19415 395 -117 -598 -117 10 1 -117 0 0 
19420 391 -117 -598 -117 10 1 -117 0 0 
19425 388 -117 -600 -117 10 1 -117 0 0 
19430 384 -113 -600 -113 10 1 -113 0 0 
19435 381 -110 -600 -110 10 1 -110 0 0 
19440 379 -110 -600 -110 10 1 -110 0 0 
19445 375 -110 -600 -110 10 1 -110 0 0 
19450 372 -110 -600 -110 10 1 -110 0 0 
19455 370 -113 -600 -113 10 1 -113 0 0 
19460 366 -110 -600 -110 10 1 -110 0 0 
19465 364 -110 -600 -110 10 1 -110 0 0 
19470 361 -102 -600 -102 10 1 -102 0 0 
19475 357 -98 -600 -98 10 1 -98 0 0 
19480 353 -95 -600 -95 10 1 -95 0 0 
19485 352 -95 -600 -95 10 1 -95 0 0 
19490 348 -95 -600 -95 10 1 -95 0 0 
19495 344 -95 -600 -95 10 1 -95 0 0 
19500 343 -95 -600 -95 10 1 -95 0 0 
19505 339 -95 -600 -95 10 1 -95 0 0 
19510 337 -90 -600 -90 10 1 -90 0 0 
19515 333 -90 -600 -90 10 1 -90 0 0 
19520 330 -90 -600 -90 10 1 -90 0 0 
19525 328 -90 -600 -90 10 1 -90 0 0 
19530 324 -90 -600 -90 10 1 -90 0 0 
19535 321 -90 -600 -90 10 1 -90 0 0 
19540 319 -87 -598 -87 10 1 -87 0 0 
19545 315 -87 -600 -87 10 1 -87 0 0 
19550 312 -87 -600 -87 10 1 -87 0 0 
19555 310 -83 -598 -83 10 1 -83 0 0 
19560 306 -80 -600 -80 10 1 -80 0 0 
19565 303 -80 -600 -80 10 1 -80 0 0 
19570 299 -80 -600 -80 10 1 -80 0 0 
19575 297 -80 -600 -80 10 1 -80 0 0 
19580 294 -80 -598 -80 10 1 -80 0 0 
19585 292 -80 -600 -80 10 1 -80 0 0 
19590 288 -83 -600 -83 10 1 -83 0 0 
19595 286 -87 -598 -87 10 1 -87 0 0 
19600 283 -87 -598 -87 10 1 -87 0 0 
19605 279 -87 -600 -87 10 1 -87 0 0 
19610 275 -87 -600 -87 10 1 -87 0 0 
19615 272 -90 -600 -90 10 1 -90 0 0 
19620 270 -90 -600 -90 10 1 -90 0 0 
19625 268 -90 -600 -90 10 1 -90 0 0 
19630 263 -95 -600 -95 10 1 -95 0 0 
19635 259 -95 -600 -95 10 1 -95 0 0 
19640 257 -95 -600 -95 10 1 -95 0 0 
19645 254 -95 -600 -95 10 1 -95 0 0 
19650 252 -98 -600 -98 10 1 -98 0 0 
19655 248 -98 -600 -98 10 1 -98 0 0 
19660 246 -98 -600 -98 10 1 -98 0 0 
19665 243 -98 -600 -98 10 1 -98 0 0 
19670 239 -98 -600 -98 10 1 -98 0 0 
19675 236 -95 -600 -95 10 1 -95 0 0 
19680 232 -95 -600 -95 10 1 -95 0 0 
19685 230 -95 -598 -95 10 1 -95 0 0 
19690 226 -90 -600 -90 10 1 -90 0 0 
19695 223 -87 -600 -87 10 1 -87 0 0 
19700 221 -87 -600 -87 10 1 -87 0 0 
19705 216 -83 -600 -83 10 1 -83 0 0 
19710 213 -80 -600 -80 10 1 -80 0 0 
19715 211 -80 -600 -80 10 1 -80 0 0 
19720 207 -80 -598 -80 10 1 -80 0 0 
19725 205 -75 -600 -75 10 1 -75 0 0 
19730 202 -72 -598 -72 10 1 -72 0 0 
19735 198 -72 -600 -72 10 1 -72 0 0 
19740 196 -68 -600 -68 10 1 -68 0 0 
19745 193 -65 -600 -65 10 1 -65 0 0 
19750 189 -65 -600 -65 10 1 -65 0 0 
19755 186 -60 -600 -60 10 1 -60 0 0 
19760 184 -60 -600 -60 10 1 -60 0 0 
19765 180 -60 -598 -60 10 1 -60 0 0 
19770 176 -57 -600 -57 10 1 -57 0 0 
19775 175 -57 -600 -57 10 1 -57 0 0 
19780 171 -53 -600 -53 10 1 -53 0 0 
19785 169 -50 -598 -50 10 1 -50 0 0 
19790 166 -45 -600 -45 10 1 -45 0 0 
19795 162 -45 -598 -45 10 1 -45 0 0 
19800 160 -42 -600 -42 10 1 -42 0 0 
19805 157 -38 -598 -38 10 1 -38 0 0 
19810 153 -35 -600 -35 10 1 -35 0 0 
19815 149 -30 -600 -30 10 1 -30 0 0 
19820 147 -30 -600 -30 10 1 -30 0 0 
19825 144 -30 -600 -30 10 1 -30 0 0 
19830 142 -30 -598 -30 10 1 -30 0 0 
19835 138 -27 -598 -27 10 1 -27 0 0 
19840 137 -23 -598 -23 10 1 -23 0 0 
19845 133 -20 -598 -20 10 1 -20 0 0 
19850 129 -12 -600 -12 10 1 -12 0 0 
19855 127 -12 -598 -12 10 1 -12 0 0 
19860 124 -12 -598 -12 10 1 -12 0 0 
19865 120 -12 -593 -12 10 1 -12 0 0 
19870 118 -8 -593 -8 10 1 -8 0 0 
19875 115 -5 -580 -5 10 1 -5 0 0 
19880 111 0 -568 0 10 1 0 0 0 
19885 109 8 -560 8 10 1 8 0 0 
19890 106 12 -548 12 10 1 12 0 0 
19895 104 12 -540 12 10 1 12 0 0 
19900 102 12 -533 12 10 1 12 0 0 
19905 98 5 -523 5 10 1 5 0 0 
19910 95 5 -510 5 10 1 5 0 0 
19915 93 12 -498 12 10 1 12 0 0 
19920 91 20 -493 20 10 1 20 0 0 
19925 88 30 -483 30 10 1 30 0 0 
19930 86 42 -470 42 10 1 42 0 0 
19935 84 45 -458 45 10 1 45 0 0 
19940 80 45 -443 45 10 1 45 0 0 
19945 79 50 -423 50 10 1 50 0 0 
19950 77 53 -408 53 10 1 53 0 0 
19955 75 60 -393 60 10 1 60 0 0 
19960 73 68 -380 68 10 1 68 0 0 
19965 69 68 -368 68 10 1 68 0 0 
19970 69 68 -345 68 10 1 68 0 0 
19975 68 68 -323 68 10 1 68 0 0 
19980 66 68 -298 68 10 1 68 0 0 
19985 64 72 -280 72 10 1 72 0 0 
19990 62 80 -260 80 10 1 80 0 0 
19995 60 80 -245 80 10 1 80 0 0 
20000 59 80 -223 80 10 1 80 0 0 
20005 59 80 -198 80 10 1 80 0 0 
20010 57 80 -168 80 10 1 80 0 0 
20015 57 80 -145 80 10 1 80 0 0 
20020 57 83 -123 83 10 1 83 0 0 
20025 55 90 -105 90 10 1 90 0 0 
20030 55 90 -78 90 10 1 90 0 0 
20035 53 87 -53 87 10 1 87 0 0 
20040 53 80 -25 80 10 1 80 0 0 
20045 53 80 0 80 10 1 80 0 0 
20050 53 80 15 80 10 1 80 0 0 
20055 53 87 35 87 10 1 87 0 0 
20060 53 90 58 90 10 1 90 0 0 
20065 55 90 83 90 10 1 90 0 0 
20070 55 87 123 87 10 1 87 0 0 
20075 55 87 153 87 10 1 87 0 0 
20080 57 90 173 90 10 1 90 0 0 
20085 57 98 195 98 10 1 98 0 0 
20090 59 98 223 98 10 1 98 0 0 
20095 59 95 250 95 10 1 95 0 0 
20100 60 87 288 87 10 1 87 0 0 
20105 62 83 318 83 10 1 83 0 0 
20110 64 87 353 87 10 1 87 0 0 
20115 66 95 378 95 10 1 95 0 0 
20120 68 98 398 98 10 1 98 0 0 
20125 69 98 430 98 11 1 98 0 0 
20130 71 90 470 90 11 1 90 0 0 
20135 73 87 508 87 11 1 87 0 0 
20140 77 87 538 87 11 1 87 0 0 
20145 79 95 568 95 11 1 95 0 0 
20150 82 102 593 102 11 1 102 0 0 
20155 86 102 600 102 11 1 102 0 0 
20160 88 98 600 98 11 1 98 0 0 
20165 91 95 603 95 11 1 95 0 0 
20170 95 95 603 95 11 1 95 0 0 
20175 97 105 600 105 11 1 105 0 0 
20180 100 125 600 125 11 1 125 0 0 
20185 102 150 600 150 11 1 150 0 0 
20190 106 177 603 177 11 1 177 0 0 
20195 109 185 600 185 11 1 185 0 0 
20200 113 185 600 185 11 1 185 0 0 
20205 115 180 600 180 11 1 180 0 0 
20210 118 177 600 177 11 1 177 0 0 
20215 122 177 603 177 11 1 177 0 0 
20220 126 185 600 185 11 1 185 0 0 
20225 127 195 600 195 11 1 195 0 0 
20230 131 200 600 200 11 1 200 0 0 
20235 133 200 603 200 11 1 200 0 0 
20240 137 200 600 200 11 1 200 0 0 
20245 140 200 600 200 11 1 200 0 0 
20250 142 200 600 200 11 1 200 0 0 
20255 146 200 600 200 11 1 200 0 0 
20260 147 203 600 203 11 1 203 0 0 
20265 151 203 600 203 11 1 203 0 0 
20270 155 203 600 203 11 1 203 0 0 
20275 157 200 600 200 11 1 200 0 0 
20280 160 200 603 200 11 1 200 0 0 
20285 164 200 603 200 11 1 200 0 0 
20290 166 203 603 203 11 1 203 0 0 
20295 169 207 600 207 11 1 207 0 0 
20300 171 207 600 207 11 1 207 0 0 
20305 175 207 600 207 11 1 207 0 0 
20310 178 207 600 207 11 1 207 0 0 
20315 180 203 600 203 11 1 203 0 0 
20320 184 200 600 200 11 1 200 0 0 
20325 187 195 600 195 11 1 195 0 0 
20330 191 195 603 195 11 1 195 0 0 
20335 193 195 600 195 11 1 195 0 0 
20340 196 195 603 195 11 1 195 0 0 
20345 198 192 600 192 11 1 192 0 0 
20350 202 192 603 192 11 1 192 0 0 
20355 205 192 600 192 11 1 192 0 0 
20360 207 192 600 192 11 1 192 0 0 
20365 211 192 600 192 11 1 192 0 0 
20370 215 195 600 195 11 1 195 0 0 
20375 219 200 600 200 11 1 200 0 0 
20380 221 200 600 200 11 1 200 0 0 
20385 225 200 600 200 11 1 200 0 0 
20390 226 203 600 203 11 1 203 0 0 
20395 230 203 600 203 11 1 203 0 0 
20400 234 203 603 203 11 1 203 0 0 
20405 236 200 600 200 11 1 200 0 0 
20410 239 200 600 200 11 1 200 0 0 
20415 243 200 600 200 11 1 200 0 0 
20420 245 200 600 200 11 1 200 0 0 
20425 248 200 600 200 11 1 200 0 0 
20430 252 203 600 203 11 1 203 0 0 
20435 255 203 600 203 11 1 203 0 0 
20440 257 203 603 203 11 1 203 0 0 
20445 261 203 600 203 11 1 203 0 0 
20450 265 200 600 200 11 1 200 0 0 
20455 266 200 600 200 11 1 200 0 0 
20460 270 203 600 203 11 1 203 0 0 
20465 274 207 600 207 11 1 207 0 0 
20470 277 207 603 207 11 1 207 0 0 
20475 279 207 600 207 11 1 207 0 0 
20480 283 207 600 207 11 1 207 0 0 
20485 284 207 603 207 11 1 207 0 0 
20490 288 207 600 207 11 1 207 0 0 
20495 292 207 600 207 11 1 207 0 0 
20500 295 207 600 207 11 1 207 0 0 
20505 297 210 600 210 11 1 210 0 0 
20510 299 215 603 215 11 1 215 0 0 
20515 304 215 603 215 11 1 215 0 0 
20520 306 218 600 218 11 1 218 0 0 
20525 310 222 600 222 11 1 222 0 0 
20530 312 225 600 225 11 1 225 0 0 
20535 315 225 600 225 11 1 225 0 0 
20540 319 230 603 230 11 1 230 0 0 
20545 323 230 600 230 11 1 230 0 0 
20550 324 230 603 230 11 1 230 0 0 
20555 328 230 603 230 11 1 230 0 0 
20560 332 230 600 230 11 1 230 0 0 
20565 333 230 600 230 11 1 230 0 0 
20570 337 233 603 233 11 1 233 0 0 
20575 341 233 603 233 11 1 233 0 0 
20580 343 233 600 233 11 1 233 0 0 
20585 346 233 600 233 11 1 233 0 0 
20590 348 233 600 233 11 1 233 0 0 
20595 352 233 600 233 11 1 233 0 0 
20600 353 233 600 233 11 1 233 0 0 
20605 357 233 600 233 11 1 233 0 0 
20610 361 233 600 233 11 1 233 0 0 
20615 364 237 600 237 11 1 237 0 0 
20620 366 237 603 237 11 1 237 0 0 
20625 370 237 603 237 11 1 237 0 0 
20630 372 240 600 240 11 1 240 0 0 
20635 375 245 600 245 11 1 245 0 0 
20640 379 245 603 245 11 1 245 0 0 
20645 381 245 600 245 11 1 245 0 0 
20650 384 245 600 245 11 1 245 0 0 
20655 388 245 600 245 11 1 245 0 0 
20660 391 245 600 245 11 1 245 0 0 
20665 393 245 603 245 11 1 245 0 0 
20670 397 240 600 240 11 1 240 0 0 
20675 401 245 603 245 11 1 245 0 0 
20680 402 240 600 240 11 1 240 0 0 
20685 406 245 600 245 11 1 245 0 0 
20690 410 245 600 245 11 1 245 0 0 
20695 413 245 600 245 11 1 245 0 0 
20700 415 240 600 240 11 1 240 0 0 
20705 419 245 603 245 11 1 245 0 0 
20710 420 240 600 240 11 1 240 0 0 
20715 424 240 600 240 11 1 240 0 0 
20720 428 240 603 240 11 1 240 0 0 
20725 430 237 600 237 11 1 237 0 0 
20730 433 237 600 237 11 1 237 0 0 
20735 437 237 603 237 11 1 237 0 0 
20740 441 237 600 237 11 1 237 0 0 
20745 443 237 600 237 11 1 237 0 0 
20750 447 237 603 237 11 1 237 0 0 
20755 451 237 600 237 11 1 237 0 0 
20760 452 237 600 237 11 1 237 0 0 
20765 456 237 600 237 11 1 237 0 0 
20770 458 237 600 237 11 1 237 0 0 
20775 461 237 603 237 11 1 237 0 0 
20780 463 237 603 237 11 1 237 0 0 
20785 467 233 603 233 11 1 233 0 0 
20790 469 233 600 233 11 1 233 0 0 
20795 472 233 603 233 11 1 233 0 0 
20800 476 233 600 233 11 1 233 0 0 
20805 480 237 600 237 11 1 237 0 0 
20810 481 237 600 237 11 1 237 0 0 
20815 485 233 603 233 11 1 233 0 0 
20820 489 233 600 233 11 1 233 0 0 
20825 490 233 603 233 11 1 233 0 0 
20830 494 233 603 233 11 1 233 0 0 
20835 498 230 600 230 11 1 230 0 0 
20840 499 233 600 233 11 1 233 0 0 
20845 503 233 600 233 11 1 233 0 0 
20850 505 233 600 233 11 1 233 0 0 
20855 509 237 600 237 11 1 237 0 0 
20860 512 237 603 237 11 1 237 0 0 
20865 516 240 603 240 11 1 240 0 0 
20870 519 240 600 240 11 1 240 0 0 
20875 521 245 600 245 11 1 245 0 0 
20880 525 245 600 245 11 1 245 0 0 
20885 528 240 603 240 11 1 240 0 0 
20890 530 240 600 240 11 1 240 0 0 
20895 534 237 603 237 11 1 237 0 0 
20900 538 237 600 237 11 1 237 0 0 
20905 539 237 600 237 11 1 237 0 0 
20910 543 233 600 233 11 1 233 0 0 
20915 547 233 600 233 11 1 233 0 0 
20920 548 233 600 233 11 1 233 0 0 
20925 552 233 603 233 11 1 233 0 0 
20930 554 233 600 233 11 1 233 0 0 
20935 558 233 600 233 11 1 233 0 0 
20940 561 233 600 233 11 1 233 0 0 
20945 565 233 603 233 11 1 233 0 0 
20950 567 233 600 233 11 1 233 0 0 
20955 570 230 600 230 11 1 230 0 0 
20960 572 230 603 230 11 1 230 0 0 
20965 576 225 600 225 11 1 225 0 0 
20970 579 225 600 225 11 1 225 0 0 
20975 581 225 603 225 11 1 225 0 0 
20980 585 222 600 222 11 1 222 0 0 
20985 588 222 600 222 11 1 222 0 0 
20990 590 222 603 222 11 1 222 0 0 
20995 594 222 600 222 11 1 222 0 0 
21000 597 218 600 218 11 1 218 0 0 
21005 599 222 603 222 11 1 222 0 0 
21010 603 222 600 222 11 1 222 0 0 
21015 605 225 603 225 11 1 225 0 0 
21020 608 222 600 222 11 1 222 0 0 
21025 612 222 600 222 11 1 222 0 0 
21030 614 222 600 222 11 1 222 0 0 
21035 617 222 600 222 11 1 222 0 0 
21040 619 222 600 222 11 1 222 0 0 
21045 625 222 603 222 11 1 222 0 0 
21050 626 225 603 225 11 1 225 0 0 
21055 630 222 603 222 11 1 222 0 0 
21060 634 222 603 222 11 1 222 0 0 
21065 635 218 600 218 11 1 218 0 0 
21070 639 215 600 215 11 1 215 0 0 
21075 641 215 603 215 11 1 215 0 0 
21080 645 215 600 215 11 1 215 0 0 
21085 648 215 600 215 11 1 215 0 0 
21090 652 215 600 215 11 1 215 0 0 
21095 654 215 600 215 11 1 215 0 0 
21100 657 215 600 215 11 1 215 0 0 
21105 661 215 600 215 11 1 215 0 0 
21110 664 210 603 210 11 1 210 0 0 
21115 667 210 600 210 11 1 210 0 0 
21120 671 210 603 210 11 1 210 0 0 
21125 673 207 603 207 11 1 207 0 0 
21130 676 203 600 203 11 1 203 0 0 
21135 680 203 600 203 11 1 203 0 0 
21140 684 200 600 200 11 1 200 0 0 
21145 685 195 600 195 11 1 195 0 0 
21150 687 195 600 195 11 1 195 0 0 
21155 693 192 603 192 11 1 192 0 0 
21160 695 192 600 192 11 1 192 0 0 
21165 698 192 600 192 11 1 192 0 0 
21170 700 192 600 192 11 1 192 0 0 
21175 704 195 600 195 11 1 195 0 0 
21180 707 195 600 195 11 1 195 0 0 
21185 711 195 600 195 11 1 195 0 0 
21190 713 195 600 195 11 1 195 0 0 
21195 716 195 600 195 11 1 195 0 0 
21200 718 192 600 192 11 1 192 0 0 
21205 722 192 600 192 11 1 192 0 0 
21210 725 192 600 192 11 1 192 0 0 
21215 729 192 603 192 11 1 192 0 0 
21220 731 188 600 188 11 1 188 0 0 
21225 733 188 603 188 11 1 188 0 0 
21230 736 188 600 188 11 1 188 0 0 
21235 740 185 600 185 11 1 185 0 0 
21240 743 185 600 185 11 1 185 0 0 
21245 745 180 600 180 11 1 180 0 0 
21250 749 185 603 185 11 1 185 0 0 
21255 751 185 603 185 11 1 185 0 0 
21260 754 185 600 185 11 1 185 0 0 
21265 758 185 603 185 11 1 185 0 0 
21270 762 185 600 185 11 1 185 0 0 
21275 765 185 600 185 11 1 185 0 0 
21280 767 185 603 185 11 1 185 0 0 
21285 771 185 600 185 11 1 185 0 0 
21290 773 180 600 180 11 1 180 0 0 
21295 776 177 603 177 11 1 177 0 0 
21300 778 177 603 177 11 1 177 0 0 
21305 782 173 600 173 11 1 173 0 0 
21310 785 173 600 173 11 1 173 0 0 
21315 789 170 600 170 11 1 170 0 0 
21320 791 170 600 170 11 1 170 0 0 
21325 794 165 600 165 11 1 165 0 0 
21330 796 165 603 165 11 1 165 0 0 
21335 800 162 600 162 11 1 162 0 0 
21340 802 158 600 158 11 1 158 0 0 
21345 805 158 600 158 11 1 158 0 0 
21350 809 158 600 158 11 1 158 0 0 
21355 811 155 603 155 11 1 155 0 0 
21360 814 155 600 155 11 1 155 0 0 
21365 818 150 600 150 11 1 150 0 0 
21370 820 150 603 150 11 1 150 0 0 
21375 823 150 600 150 11 1 150 0 0 
21380 827 147 603 147 11 1 147 0 0 
21385 829 147 600 147 11 1 147 0 0 
21390 832 147 600 147 11 1 147 0 0 
21395 836 143 600 143 11 1 143 0 0 
21400 840 143 600 143 11 1 143 0 0 
21405 841 140 600 140 11 1 140 0 0 
21410 845 135 600 135 11 1 135 0 0 
21415 847 135 600 135 11 1 135 0 0 
21420 850 128 600 128 11 1 128 0 0 
21425 852 128 600 128 11 1 128 0 0 
21430 856 120 600 120 11 1 120 0 0 
21435 860 117 603 117 11 1 117 0 0 
21440 863 113 603 113 11 1 113 0 0 
21445 865 113 600 113 11 1 113 0 0 
21450 869 110 600 110 11 1 110 0 0 
21455 872 105 600 105 11 1 105 0 0 
21460 874 105 600 105 11 1 105 0 0 
21465 878 102 600 102 11 1 102 0 0 
21470 881 98 600 98 11 1 98 0 0 
21475 883 95 603 95 11 1 95 0 0 
21480 888 90 603 90 11 1 90 0 0 
21485 891 90 600 90 11 1 90 0 0 
21490 893 87 600 87 11 1 87 0 0 
21495 897 83 600 83 11 1 83 0 0 
21500 900 80 600 80 11 1 80 0 0 
21505 902 80 600 80 11 1 80 0 0 
21510 906 80 603 80 11 1 80 0 0 
21515 910 75 600 75 11 1 75 0 0 
21520 911 72 600 72 11 1 72 0 0 
21525 915 68 600 68 11 1 68 0 0 
21530 917 68 600 68 11 1 68 0 0 
21535 920 65 603 65 11 1 65 0 0 
21540 922 65 603 65 11 1 65 0 0 
21545 928 60 603 60 11 1 60 0 0 
21550 929 57 600 57 11 1 57 0 0 
21555 933 53 600 53 11 1 53 0 0 
21560 937 53 600 53 11 1 53 0 0 
21565 939 50 600 50 11 1 50 0 0 
21570 940 45 600 45 11 1 45 0 0 
21575 944 42 600 42 11 1 42 0 0 
21580 948 35 600 35 11 1 35 0 0 
21585 951 30 600 30 11 1 30 0 0 
21590 953 27 600 27 11 1 27 0 0 
21595 957 23 598 23 11 1 23 0 0 
21600 960 20 593 20 11 1 20 0 0 
21605 962 15 593 15 11 1 15 0 0 
21610 966 12 593 12 11 1 12 0 0 
21615 969 8 593 8 11 1 8 0 0 
21620 971 8 590 8 11 1 8 0 0 
21625 975 8 588 8 11 1 8 0 0 
21630 978 8 585 8 11 1 8 0 0 
21635 980 5 580 5 11 1 5 0 0 
21640 984 5 575 5 11 1 5 0 0 
21645 986 0 575 0 11 1 0 0 0 
21650 989 -5 568 -5 11 1 -5 0 0 
21655 991 0 565 0 11 1 0 0 0 
21660 995 -5 563 -5 11 1 -5 0 0 
21665 997 -5 560 -5 11 1 -5 0 0 
21670 1000 -5 553 -5 11 1 -5 0 0 
21675 1004 -5 548 -5 11 1 -5 0 0 
21680 1006 -8 538 -8 11 1 -8 0 0 
21685 1007 -12 535 -12 11 1 -12 0 0 
21690 1011 -15 528 -15 11 1 -15 0 0 
21695 1013 -15 520 -15 11 1 -15 0 0 
21700 1015 -15 520 -15 11 1 -15 0 0 
21705 1018 -15 510 -15 11 1 -15 0 0 
21710 1020 -15 503 -15 11 1 -15 0 0 
21715 1024 -15 495 -15 11 1 -15 0 0 
21720 1026 -20 485 -20 11 1 -20 0 0 
21725 1027 -20 475 -20 11 1 -20 0 0 
21730 1031 -23 468 -23 11 1 -23 0 0 
21735 1033 -27 455 -27 11 1 -27 0 0 
21740 1035 -27 445 -27 11 1 -27 0 0 
21745 1036 -27 430 -27 11 1 -27 0 0 
21750 1038 -30 418 -30 11 1 -30 0 0 
21755 1042 -35 403 -35 11 1 -35 0 0 
21760 1042 -38 390 -38 11 1 -38 0 0 
21765 1046 -42 378 -42 11 1 -42 0 0 
21770 1047 -42 365 -42 11 1 -42 0 0 
21775 1049 -42 345 -42 11 1 -42 0 0 
21780 1051 -38 333 -38 11 1 -38 0 0 
21785 1053 -38 318 -38 11 1 -38 0 0 
21790 1053 -38 303 -38 11 1 -38 0 0 
21795 1055 -42 285 -42 11 1 -42 0 0 
21800 1056 -42 273 -42 11 1 -42 0 0 
21805 1058 -42 258 -42 11 1 -42 0 0 
21810 1058 -45 238 -45 11 1 -45 0 0 
21815 1060 -45 218 -45 11 1 -45 0 0 
21820 1062 -45 198 -45 11 1 -45 0 0 
21825 1062 -45 180 -45 11 1 -45 0 0 
21830 1064 -50 158 -50 11 1 -50 0 0 
21835 1064 -53 135 -53 11 1 -53 0 0 
21840 1066 -53 115 -53 11 1 -53 0 0 
21845 1066 -57 93 -57 11 1 -57 0 0 
21850 1066 -57 75 -57 11 1 -57 0 0 
21855 1067 -60 43 -60 11 1 -60 0 0 
21860 1067 -60 18 -60 11 1 -60 0 0 
21865 1066 -60 0 -60 11 1 -60 0 0 
21870 1067 -65 -3 -65 11 1 -65 0 0 
21875 1067 -68 -30 -68 11 1 -68 0 0 
21880 1066 -72 -63 -72 11 1 -72 0 0 
21885 1066 -75 -90 -75 11 1 -75 0 0 
21890 1066 -80 -120 -80 11 1 -80 0 0 
21895 1066 -83 -148 -83 11 1 -83 0 0 
21900 1066 -87 -168 -87 11 1 -87 0 0 
21905 1064 -87 -195 -87 11 1 -87 0 0 
21910 1062 -80 -223 -80 11 1 -80 0 0 
21915 1062 -75 -253 -75 11 1 -75 0 0 
21920 1060 -75 -285 -75 11 1 -75 0 0 
21925 1058 -75 -315 -75 11 1 -75 0 0 
21930 1056 -80 -345 -80 11 1 -80 0 0 
21935 1055 -83 -380 -83 11 1 -83 0 0 
21940 1053 -83 -408 -83 12 1 -83 0 0 
21945 1051 -87 -438 -87 12 1 -87 0 0 
21950 1049 -83 -470 -83 12 1 -83 0 0 
21955 1046 -83 -510 -83 12 1 -83 0 0 
21960 1044 -83 -545 -83 12 1 -83 0 0 
21965 1042 -83 -578 -83 12 1 -83 0 0 
21970 1038 -87 -593 -87 12 1 -87 0 0 
21975 1036 -87 -598 -87 12 1 -87 0 0 
21980 1033 -87 -600 -87 12 1 -87 0 0 
21985 1029 -87 -598 -87 12 1 -87 0 0 
21990 1026 -90 -600 -90 12 1 -90 0 0 
21995 1024 -98 -600 -98 12 1 -98 0 0 
22000 1020 -113 -600 -113 12 1 -113 0 0 
22005 1018 -132 -600 -132 12 1 -132 0 0 
22010 1015 -150 -598 -150 12 1 -150 0 0 
22015 1011 -165 -600 -165 12 1 -165 0 0 
22020 1009 -170 -600 -170 12 1 -170 0 0 
22025 1006 -173 -598 -173 12 1 -173 0 0 
22030 1002 -165 -600 -165 12 1 -165 0 0 
22035 1000 -158 -598 -158 12 1 -158 0 0 
22040 997 -158 -600 -158 12 1 -158 0 0 
22045 993 -155 -600 -155 12 1 -155 0 0 
22050 991 -158 -600 -158 12 1 -158 0 0 
22055 988 -165 -598 -165 12 1 -165 0 0 
22060 984 -165 -600 -165 12 1 -165 0 0 
22065 982 -170 -600 -170 12 1 -170 0 0 
22070 978 -170 -600 -170 12 1 -170 0 0 
22075 975 -165 -600 -165 12 1 -165 0 0 
22080 973 -165 -598 -165 12 1 -165 0 0 
22085 969 -165 -600 -165 12 1 -165 0 0 
22090 966 -165 -600 -165 12 1 -165 0 0 
22095 964 -165 -598 -165 12 1 -165 0 0 
22100 960 -170 -600 -170 12 1 -170 0 0 
22105 959 -170 -600 -170 12 1 -170 0 0 
22110 955 -170 -600 -170 12 1 -170 0 0 
22115 951 -173 -598 -173 12 1 -173 0 0 
22120 948 -173 -598 -173 12 1 -173 0 0 
22125 946 -177 -600 -177 12 1 -177 0 0 
22130 944 -177 -598 -177 12 1 -177 0 0 
22135 940 -180 -598 -180 12 1 -180 0 0 
22140 937 -180 -598 -180 12 1 -180 0 0 
22145 933 -185 -600 -185 12 1 -185 0 0 
22150 929 -185 -598 -185 12 1 -185 0 0 
22155 928 -188 -600 -188 12 1 -188 0 0 
22160 924 -188 -600 -188 12 1 -188 0 0 
22165 922 -192 -600 -192 12 1 -192 0 0 
22170 919 -192 -600 -192 12 1 -192 0 0 
22175 915 -192 -600 -192 12 1 -192 0 0 
22180 913 -195 -600 -195 12 1 -195 0 0 
22185 910 -195 -600 -195 12 1 -195 0 0 
22190 908 -195 -600 -195 12 1 -195 0 0 
22195 902 -195 -600 -195 12 1 -195 0 0 
22200 900 -195 -600 -195 12 1 -195 0 0 
22205 897 -195 -600 -195 12 1 -195 0 0 
22210 893 -200 -600 -200 12 1 -200 0 0 
22215 891 -200 -600 -200 12 1 -200 0 0 
22220 888 -203 -600 -203 12 1 -203 0 0 
22225 883 -203 -598 -203 12 1 -203 0 0 
22230 881 -203 -600 -203 12 1 -203 0 0 
22235 878 -203 -598 -203 12 1 -203 0 0 
22240 874 -203 -600 -203 12 1 -203 0 0 
22245 872 -203 -600 -203 12 1 -203 0 0 
22250 869 -203 -600 -203 12 1 -203 0 0 
22255 867 -207 -598 -207 12 1 -207 0 0 
22260 861 -207 -600 -207 12 1 -207 0 0 
22265 860 -210 -598 -210 12 1 -210 0 0 
22270 856 -210 -598 -210 12 1 -210 0 0 
22275 854 -210 -600 -210 12 1 -210 0 0 
22280 850 -215 -600 -215 12 1 -215 0 0 
22285 847 -215 -600 -215 12 1 -215 0 0 
22290 843 -215 -600 -215 12 1 -215 0 0 
22295 841 -210 -600 -210 12 1 -210 0 0 
22300 840 -210 -600 -210 12 1 -210 0 0 
22305 836 -210 -600 -210 12 1 -210 0 0 
22310 832 -210 -600 -210 12 1 -210 0 0 
22315 829 -210 -600 -210 12 1 -210 0 0 
22320 825 -210 -600 -210 12 1 -210 0 0 
22325 823 -210 -600 -210 12 1 -210 0 0 
22330 820 -210 -600 -210 12 1 -210 0 0 
22335 818 -210 -600 -210 12 1 -210 0 0 
22340 814 -210 -600 -210 12 1 -210 0 0 
22345 811 -215 -600 -215 12 1 -215 0 0 
22350 809 -215 -600 -215 12 1 -215 0 0 
22355 805 -215 -600 -215 12 1 -215 0 0 
22360 802 -215 -598 -215 12 1 -215 0 0 
22365 800 -215 -600 -215 12 1 -215 0 0 
22370 796 -215 -598 -215 12 1 -215 0 0 
22375 794 -218 -600 -218 12 1 -218 0 0 
22380 791 -215 -598 -215 12 1 -215 0 0 
22385 787 -218 -598 -218 12 1 -218 0 0 
22390 785 -218 -600 -218 12 1 -218 0 0 
22395 782 -218 -598 -218 12 1 -218 0 0 
22400 778 -218 -600 -218 12 1 -218 0 0 
22405 776 -218 -600 -218 12 1 -218 0 0 
22410 773 -218 -598 -218 12 1 -218 0 0 
22415 769 -218 -600 -218 12 1 -218 0 0 
22420 765 -218 -598 -218 12 1 -218 0 0 
22425 763 -218 -600 -218 12 1 -218 0 0 
22430 760 -218 -600 -218 12 1 -218 0 0 
22435 756 -218 -598 -218 12 1 -218 0 0 
22440 754 -218 -600 -218 12 1 -218 0 0 
22445 751 -218 -598 -218 12 1 -218 0 0 
22450 747 -218 -598 -218 12 1 -218 0 0 
22455 745 -218 -600 -218 12 1 -218 0 0 
22460 742 -218 -600 -218 12 1 -218 0 0 
22465 740 -218 -600 -218 12 1 -218 0 0 
22470 736 -218 -598 -218 12 1 -218 0 0 
22475 734 -218 -600 -218 12 1 -218 0 0 
22480 731 -218 -598 -218 12 1 -218 0 0 
22485 727 -218 -600 -218 12 1 -218 0 0 
22490 724 -218 -600 -218 12 1 -218 0 0 
22495 722 -218 -598 -218 12 1 -218 0 0 
22500 718 -215 -600 -215 12 1 -215 0 0 
22505 714 -215 -600 -215 12 1 -215 0 0 
22510 713 -215 -598 -215 12 1 -215 0 0 
22515 709 -215 -600 -215 12 1 -215 0 0 
22520 705 -215 -598 -215 12 1 -215 0 0 
22525 702 -210 -600 -210 12 1 -210 0 0 
22530 700 -215 -600 -215 12 1 -215 0 0 
22535 696 -215 -600 -215 12 1 -215 0 0 
22540 693 -215 -598 -215 12 1 -215 0 0 
22545 691 -215 -600 -215 12 1 -215 0 0 
22550 689 -210 -600 -210 12 1 -210 0 0 
22555 685 -210 -598 -210 12 1 -210 0 0 
22560 680 -210 -600 -210 12 1 -210 0 0 
22565 678 -210 -600 -210 12 1 -210 0 0 
22570 675 -210 -600 -210 12 1 -210 0 0 
22575 673 -210 -598 -210 12 1 -210 0 0 
22580 669 -210 -600 -210 12 1 -210 0 0 
22585 666 -215 -598 -215 12 1 -215 0 0 
22590 664 -215 -598 -215 12 1 -215 0 0 
22595 659 -215 -600 -215 12 1 -215 0 0 
22600 655 -210 -600 -210 12 1 -210 0 0 
22605 652 -210 -598 -210 12 1 -210 0 0 
22610 650 -210 -600 -210 12 1 -210 0 0 
22615 646 -207 -598 -207 12 1 -207 0 0 
22620 645 -207 -600 -207 12 1 -207 0 0 
22625 641 -207 -600 -207 12 1 -207 0 0 
22630 637 -207 -600 -207 12 1 -207 0 0 
22635 635 -207 -598 -207 12 1 -207 0 0 
22640 632 -203 -600 -203 12 1 -203 0 0 
22645 628 -207 -600 -207 12 1 -207 0 0 
22650 626 -203 -600 -203 12 1 -203 0 0 
22655 623 -207 -600 -207 12 1 -207 0 0 
22660 619 -207 -598 -207 12 1 -207 0 0 
22665 616 -207 -600 -207 12 1 -207 0 0 
22670 614 -207 -600 -207 12 1 -207 0 0 
22675 610 -207 -600 -207 12 1 -207 0 0 
22680 606 -203 -600 -203 12 1 -203 0 0 
22685 605 -207 -600 -207 12 1 -207 0 0 
22690 601 -203 -600 -203 12 1 -203 0 0 
22695 597 -203 -600 -203 12 1 -203 0 0 
22700 596 -203 -600 -203 12 1 -203 0 0 
22705 592 -200 -600 -200 12 1 -200 0 0 
22710 590 -200 -600 -200 12 1 -200 0 0 
22715 587 -200 -600 -200 12 1 -200 0 0 
22720 583 -203 -598 -203 12 1 -203 0 0 
22725 581 -203 -600 -203 12 1 -203 0 0 
22730 577 -203 -600 -203 12 1 -203 0 0 
22735 574 -203 -600 -203 12 1 -203 0 0 
22740 572 -203 -600 -203 12 1 -203 0 0 
22745 568 -200 -598 -200 12 1 -200 0 0 
22750 567 -200 -598 -200 12 1 -200 0 0 
22755 563 -200 -600 -200 12 1 -200 0 0 
22760 559 -195 -600 -195 12 1 -195 0 0 
22765 556 -195 -598 -195 12 1 -195 0 0 
22770 554 -200 -598 -200 12 1 -200 0 0 
22775 550 -200 -598 -200 12 1 -200 0 0 
22780 547 -200 -600 -200 12 1 -200 0 0 
22785 545 -200 -600 -200 12 1 -200 0 0 
22790 541 -200 -598 -200 12 1 -200 0 0 
22795 539 -200 -598 -200 12 1 -200 0 0 
22800 536 -200 -600 -200 12 1 -200 0 0 
22805 532 -200 -600 -200 12 1 -200 0 0 
22810 530 -195 -600 -195 12 1 -195 0 0 
22815 527 -195 -600 -195 12 1 -195 0 0 
22820 523 -195 -600 -195 12 1 -195 0 0 
22825 519 -200 -598 -200 12 1 -200 0 0 
22830 516 -195 -600 -195 12 1 -195 0 0 
22835 514 -195 -598 -195 12 1 -195 0 0 
22840 510 -195 -600 -195 12 1 -195 0 0 
22845 509 -195 -598 -195 12 1 -195 0 0 
22850 505 -195 -600 -195 12 1 -195 0 0 
22855 503 -195 -600 -195 12 1 -195 0 0 
22860 498 -192 -600 -192 12 1 -192 0 0 
22865 496 -192 -598 -192 12 1 -192 0 0 
22870 492 -192 -600 -192 12 1 -192 0 0 
22875 489 -195 -600 -195 12 1 -195 0 0 
22880 487 -192 -598 -192 12 1 -192 0 0 
22885 483 -192 -600 -192 12 1 -192 0 0 
22890 480 -192 -600 -192 12 1 -192 0 0 
22895 478 -195 -600 -195 12 1 -195 0 0 
22900 474 -195 -600 -195 12 1 -195 0 0 
22905 470 -192 -600 -192 12 1 -192 0 0 
22910 469 -192 -600 -192 12 1 -192 0 0 
22915 465 -192 -600 -192 12 1 -192 0 0 
22920 461 -192 -600 -192 12 1 -192 0 0 
22925 460 -192 -600 -192 12 1 -192 0 0 
22930 456 -192 -600 -192 12 1 -192 0 0 
22935 454 -192 -598 -192 12 1 -192 0 0 
22940 451 -192 -600 -192 12 1 -192 0 0 
22945 447 -188 -598 -188 12 1 -188 0 0 
22950 445 -188 -600 -188 12 1 -188 0 0 
22955 441 -188 -600 -188 12 1 -188 0 0 
22960 437 -188 -600 -188 12 1 -188 0 0 
22965 435 -188 -600 -188 12 1 -188 0 0 
22970 431 -188 -600 -188 12 1 -188 0 0 
22975 428 -188 -600 -188 12 1 -188 0 0 
22980 426 -185 -600 -185 12 1 -185 0 0 
22985 422 -185 -600 -185 12 1 -185 0 0 
22990 419 -185 -600 -185 12 1 -185 0 0 
22995 417 -185 -600 -185 12 1 -185 0 0 
23000 413 -185 -600 -185 12 1 -185 0 0 
23005 410 -185 -600 -185 12 1 -185 0 0 
23010 408 -185 -598 -185 12 1 -185 0 0 
23015 404 -185 -598 -185 12 1 -185 0 0 
23020 401 -180 -600 -180 12 1 -180 0 0 
23025 399 -180 -600 -180 12 1 -180 0 0 
23030 395 -180 -600 -180 12 1 -180 0 0 
23035 391 -180 -600 -180 12 1 -180 0 0 
23040 388 -177 -600 -177 12 1 -177 0 0 
23045 386 -177 -600 -177 12 1 -177 0 0 
23050 382 -177 -600 -177 12 1 -177 0 0 
23055 381 -177 -600 -177 12 1 -177 0 0 
23060 377 -177 -598 -177 12 1 -177 0 0 
23065 373 -173 -600 -173 12 1 -173 0 0 
23070 372 -173 -600 -173 12 1 -173 0 0 
23075 368 -177 -600 -177 12 1 -177 0 0 
23080 364 -173 -598 -173 12 1 -173 0 0 
23085 361 -173 -600 -173 12 1 -173 0 0 
23090 359 -170 -598 -170 12 1 -170 0 0 
23095 355 -173 -600 -173 12 1 -173 0 0 
23100 352 -170 -600 -170 12 1 -170 0 0 
23105 350 -170 -600 -170 12 1 -170 0 0 
23110 346 -173 -598 -173 12 1 -173 0 0 
23115 344 -170 -600 -170 12 1 -170 0 0 
23120 341 -170 -600 -170 12 1 -170 0 0 
23125 337 -170 -600 -170 12 1 -170 0 0 
23130 335 -170 -600 -170 12 1 -170 0 0 
23135 332 -170 -600 -170 12 1 -170 0 0 
23140 330 -165 -598 -165 12 1 -165 0 0 
23145 326 -165 -600 -165 12 1 -165 0 0 
23150 323 -165 -600 -165 12 1 -165 0 0 
23155 321 -162 -600 -162 12 1 -162 0 0 
23160 317 -162 -600 -162 12 1 -162 0 0 
23165 313 -158 -600 -158 12 1 -158 0 0 
23170 310 -158 -598 -158 12 1 -158 0 0 
23175 308 -158 -598 -158 12 1 -158 0 0 
23180 304 -158 -598 -158 12 1 -158 0 0 
23185 301 -158 -598 -158 12 1 -158 0 0 
23190 299 -158 -600 -158 12 1 -158 0 0 
23195 295 -158 -600 -158 12 1 -158 0 0 
23200 292 -158 -598 -158 12 1 -158 0 0 
23205 290 -158 -600 -158 12 1 -158 0 0 
23210 286 -158 -600 -158 12 1 -158 0 0 
23215 284 -158 -600 -158 12 1 -158 0 0 
23220 281 -158 -598 -158 12 1 -158 0 0 
23225 277 -155 -600 -155 12 1 -155 0 0 
23230 275 -155 -598 -155 12 1 -155 0 0 
23235 272 -155 -600 -155 12 1 -155 0 0 
23240 268 -155 -600 -155 12 1 -155 0 0 
23245 265 -150 -600 -150 12 1 -150 0 0 
23250 261 -150 -598 -150 12 1 -150 0 0 
23255 259 -150 -600 -150 12 1 -150 0 0 
23260 255 -147 -600 -147 12 1 -147 0 0 
23265 252 -147 -600 -147 12 1 -147 0 0 
23270 250 -143 -598 -143 12 1 -143 0 0 
23275 246 -143 -600 -143 12 1 -143 0 0 
23280 243 -140 -600 -140 12 1 -140 0 0 
23285 241 -140 -600 -140 12 1 -140 0 0 
23290 237 -140 -600 -140 12 1 -140 0 0 
23295 234 -135 -600 -135 12 1 -135 0 0 
23300 232 -135 -600 -135 12 1 -135 0 0 
23305 228 -135 -600 -135 12 1 -135 0 0 
23310 225 -132 -598 -132 12 1 -132 0 0 
23315 223 -132 -600 -132 12 1 -132 0 0 
23320 219 -128 -600 -128 12 1 -128 0 0 
23325 215 -128 -600 -128 12 1 -128 0 0 
23330 213 -128 -600 -128 12 1 -128 0 0 
23335 209 -125 -598 -125 12 1 -125 0 0 
23340 205 -125 -600 -125 12 1 -125 0 0 
23345 204 -125 -600 -125 12 1 -125 0 0 
23350 200 -120 -600 -120 12 1 -120 0 0 
23355 198 -120 -600 -120 12 1 -120 0 0 
23360 195 -120 -598 -120 12 1 -120 0 0 
23365 191 -117 -598 -117 12 1 -117 0 0 
23370 187 -117 -600 -117 12 1 -117 0 0 
23375 186 -117 -600 -117 12 1 -117 0 0 
23380 182 -113 -600 -113 12 1 -113 0 0 
23385 178 -113 -600 -113 12 1 -113 0 0 
23390 176 -113 -600 -113 12 1 -113 0 0 
23395 173 -110 -600 -110 12 1 -110 0 0 
23400 169 -105 -600 -105 12 1 -105 0 0 
23405 167 -105 -600 -105 12 1 -105 0 0 
23410 166 -105 -598 -105 12 1 -105 0 0 
23415 162 -105 -600 -105 12 1 -105 0 0 
23420 158 -102 -598 -102 12 1 -102 0 0 
23425 155 -102 -600 -102 12 1 -102 0 0 
23430 151 -98 -600 -98 12 1 -98 0 0 
23435 149 -98 -598 -98 12 1 -98 0 0 
23440 146 -95 -600 -95 12 1 -95 0 0 
23445 144 -95 -600 -95 12 1 -95 0 0 
23450 140 -95 -600 -95 12 1 -95 0 0 
23455 137 -90 -600 -90 12 1 -90 0 0 
23460 135 -90 -600 -90 12 1 -90 0 0 
23465 131 -87 -598 -87 12 1 -87 0 0 
23470 129 -83 -600 -83 12 1 -83 0 0 
23475 126 -83 -600 -83 12 1 -83 0 0 
23480 122 -80 -598 -80 12 1 -80 0 0 
23485 118 -75 -598 -75 12 1 -75 0 0 
23490 117 -72 -593 -72 12 1 -72 0 0 
23495 113 -68 -588 -68 12 1 -68 0 0 
23500 109 -65 -575 -65 12 1 -65 0 0 
23505 108 -60 -565 -60 12 1 -60 0 0 
23510 104 -60 -550 -60 12 1 -60 0 0 
23515 102 -65 -535 -65 12 1 -65 0 0 
23520 98 -72 -525 -72 12 1 -72 0 0 
23525 97 -75 -520 -75 12 1 -75 0 0 
23530 95 -75 -510 -75 12 1 -75 0 0 
23535 91 -72 -503 -72 12 1 -72 0 0 
23540 88 -65 -493 -65 12 1 -65 0 0 
23545 86 -57 -485 -57 12 1 -57 0 0 
23550 84 -45 -473 -45 12 1 -45 0 0 
23555 82 -38 -463 -38 12 1 -38 0 0 
23560 79 -27 -455 -27 12 1 -27 0 0 
23565 77 -20 -445 -20 12 1 -20 0 0 
23570 75 -12 -435 -12 12 1 -12 0 0 
23575 73 -5 -428 -5 12 1 -5 0 0 
23580 69 5 -415 5 12 1 5 0 0 
23585 68 12 -405 12 12 1 12 0 0 
23590 66 15 -395 15 12 1 15 0 0 
23595 64 23 -385 23 12 1 23 0 0 
23600 62 30 -370 30 12 1 30 0 0 
23605 60 35 -363 35 12 1 35 0 0 
23610 59 42 -343 42 12 1 42 0 0 
23615 57 50 -328 50 12 1 50 0 0 
23620 55 57 -303 57 12 1 57 0 0 
23625 53 68 -288 68 12 1 68 0 0 
23630 53 75 -263 75 12 1 75 0 0 
23635 50 80 -238 80 12 1 80 0 0 
23640 50 83 -210 83 12 1 83 0 0 
23645 48 90 -183 90 12 1 90 0 0 
23650 48 95 -155 95 12 1 95 0 0 
23655 48 102 -128 102 12 1 102 0 0 
23660 46 110 -88 110 12 1 110 0 0 
23665 44 113 -55 113 12 1 113 0 0 
23670 46 117 -23 117 12 1 117 0 0 
23675 44 120 0 120 12 1 120 0 0 
23680 46 128 15 128 12 1 128 0 0 
23685 44 128 53 128 12 1 128 0 0 
23690 46 132 95 132 12 1 132 0 0 
23695 46 140 145 140 12 1 140 0 0 
23700 48 150 188 150 12 1 150 0 0 
23705 48 158 223 158 12 1 158 0 0 
23710 48 162 250 162 12 1 162 0 0 
23715 50 158 290 158 12 1 158 0 0 
23720 51 147 350 147 12 1 147 0 0 
23725 53 135 395 135 12 1 135 0 0 
23730 55 140 443 140 12 1 140 0 0 
23735 57 147 475 147 12 1 147 0 0 
23740 60 155 508 155 13 1 155 0 0 
23745 62 155 550 155 13 1 155 0 0 
23750 66 147 588 147 13 1 147 0 0 
23755 68 132 598 132 13 1 132 0 0 
23760 71 128 603 128 13 1 128 0 0 
23765 75 132 600 132 13 1 132 0 0 
23770 77 143 600 143 13 1 143 0 0 
23775 80 150 600 150 13 1 150 0 0 
23780 84 162 600 162 13 1 162 0 0 
23785 88 173 600 173 13 1 173 0 0 
23790 89 180 600 180 13 1 180 0 0 
23795 93 188 600 188 13 1 188 0 0 
23800 95 188 600 188 13 1 188 0 0 
23805 98 185 600 185 13 1 185 0 0 
23810 102 180 600 180 13 1 180 0 0 
23815 106 177 603 177 13 1 177 0 0 
23820 108 173 603 173 13 1 173 0 0 
23825 109 173 600 173 13 1 173 0 0 
23830 113 173 600 173 13 1 173 0 0 
23835 117 173 603 173 13 1 173 0 0 
23840 120 173 600 173 13 1 173 0 0 
23845 124 173 603 173 13 1 173 0 0 
23850 126 170 600 170 13 1 170 0 0 
23855 129 162 600 162 13 1 162 0 0 
23860 131 158 600 158 13 1 158 0 0 
23865 135 158 600 158 13 1 158 0 0 
23870 138 155 600 155 13 1 155 0 0 
23875 140 155 600 155 13 1 155 0 0 
23880 144 155 600 155 13 1 155 0 0 
23885 147 150 600 150 13 1 150 0 0 
23890 149 147 603 147 13 1 147 0 0 
23895 153 147 603 147 13 1 147 0 0 
23900 155 147 600 147 13 1 147 0 0 
23905 158 147 600 147 13 1 147 0 0 
23910 162 147 600 147 13 1 147 0 0 
23915 164 143 600 143 13 1 143 0 0 
23920 167 143 600 143 13 1 143 0 0 
23925 171 143 600 143 13 1 143 0 0 
23930 175 143 600 143 13 1 143 0 0 
23935 176 143 600 143 13 1 143 0 0 
23940 180 143 600 143 13 1 143 0 0 
23945 182 143 600 143 13 1 143 0 0 
23950 186 143 600 143 13 1 143 0 0 
23955 187 143 603 143 13 1 143 0 0 
23960 191 143 600 143 13 1 143 0 0 
23965 195 140 600 140 13 1 140 0 0 
23970 198 140 600 140 13 1 140 0 0 
23975 202 135 600 135 13 1 135 0 0 
23980 204 140 600 140 13 1 140 0 0 
23985 207 140 600 140 13 1 140 0 0 
23990 209 140 600 140 13 1 140 0 0 
23995 213 143 603 143 13 1 143 0 0 
24000 215 147 600 147 13 1 147 0 0 
24005 221 147 600 147 13 1 147 0 0 
24010 223 150 600 150 13 1 150 0 0 
24015 226 150 600 150 13 1 150 0 0 
24020 228 155 600 155 13 1 155 0 0 
24025 232 158 600 158 13 1 158 0 0 
24030 234 158 600 158 13 1 158 0 0 
24035 237 158 603 158 13 1 158 0 0 
24040 241 158 600 158 13 1 158 0 0 
24045 245 155 600 155 13 1 155 0 0 
24050 246 158 600 158 13 1 158 0 0 
24055 250 158 603 158 13 1 158 0 0 
24060 254 158 600 158 13 1 158 0 0 
24065 255 158 603 158 13 1 158 0 0 
24070 259 155 600 155 13 1 155 0 0 
24075 261 155 600 155 13 1 155 0 0 
24080 265 155 600 155 13 1 155 0 0 
24085 268 155 600 155 13 1 155 0 0 
24090 272 158 603 158 13 1 158 0 0 
24095 274 162 600 162 13 1 162 0 0 
24100 277 162 603 162 13 1 162 0 0 
24105 281 162 600 162 13 1 162 0 0 
24110 284 158 600 158 13 1 158 0 0 
24115 286 155 603 155 13 1 155 0 0 
24120 290 155 603 155 13 1 155 0 0 
24125 294 155 600 155 13 1 155 0 0 
24130 295 155 603 155 13 1 155 0 0 
24135 299 155 600 155 13 1 155 0 0 
24140 301 155 600 155 13 1 155 0 0 
24145 304 155 600 155 13 1 155 0 0 
24150 308 155 603 155 13 1 155 0 0 
24155 312 155 600 155 13 1 155 0 0 
24160 313 155 603 155 13 1 155 0 0 
24165 317 158 600 158 13 1 158 0 0 
24170 319 155 600 155 13 1 155 0 0 
24175 323 155 600 155 13 1 155 0 0 
24180 326 155 600 155 13 1 155 0 0 
24185 330 155 600 155 13 1 155 0 0 
24190 332 158 600 158 13 1 158 0 0 
24195 335 158 603 158 13 1 158 0 0 
24200 339 158 600 158 13 1 158 0 0 
24205 341 158 600 158 13 1 158 0 0 
24210 344 158 600 158 13 1 158 0 0 
24215 346 155 600 155 13 1 155 0 0 
24220 348 155 603 155 13 1 155 0 0 
24225 353 155 600 155 13 1 155 0 0 
24230 355 155 603 155 13 1 155 0 0 
24235 359 155 600 155 13 1 155 0 0 
24240 362 155 603 155 13 1 155 0 0 
24245 364 155 600 155 13 1 155 0 0 
24250 368 158 600 158 13 1 158 0 0 
24255 372 158 600 158 13 1 158 0 0 
24260 373 162 600 162 13 1 162 0 0 
24265 377 162 603 162 13 1 162 0 0 
24270 381 158 600 158 13 1 158 0 0 
24275 382 162 600 162 13 1 162 0 0 
24280 386 158 600 158 13 1 158 0 0 
24285 390 158 603 158 13 1 158 0 0 
24290 391 162 600 162 13 1 162 0 0 
24295 395 162 600 162 13 1 162 0 0 
24300 399 162 600 162 13 1 162 0 0 
24305 402 162 600 162 13 1 162 0 0 
24310 404 162 600 162 13 1 162 0 0 
24315 408 165 600 165 13 1 165 0 0 
24320 410 165 600 165 13 1 165 0 0 
24325 415 165 600 165 13 1 165 0 0 
24330 417 165 603 165 13 1 165 0 0 
24335 419 165 600 165 13 1 165 0 0 
24340 422 162 600 162 13 1 162 0 0 
24345 426 162 603 162 13 1 162 0 0 
24350 428 158 600 158 13 1 158 0 0 
24355 431 158 603 158 13 1 158 0 0 
24360 433 158 600 158 13 1 158 0 0 
24365 437 158 603 158 13 1 158 0 0 
24370 441 155 603 155 13 1 155 0 0 
24375 445 155 600 155 13 1 155 0 0 
24380 447 150 603 150 13 1 150 0 0 
24385 451 147 603 147 13 1 147 0 0 
24390 454 147 600 147 13 1 147 0 0 
24395 456 147 603 147 13 1 147 0 0 
24400 460 147 600 147 13 1 147 0 0 
24405 461 147 600 147 13 1 147 0 0 
24410 465 147 600 147 13 1 147 0 0 
24415 469 147 600 147 13 1 147 0 0 
24420 470 147 603 147 13 1 147 0 0 
24425 474 147 600 147 13 1 147 0 0 
24430 478 147 600 147 13 1 147 0 0 
24435 480 147 600 147 13 1 147 0 0 
24440 483 147 600 147 13 1 147 0 0 
24445 487 143 600 143 13 1 143 0 0 
24450 489 143 600 143 13 1 143 0 0 
24455 492 140 600 140 13 1 140 0 0 
24460 494 140 600 140 13 1 140 0 0 
24465 498 140 600 140 13 1 140 0 0 
24470 501 140 600 140 13 1 140 0 0 
24475 505 135 600 135 13 1 135 0 0 
24480 509 135 600 135 13 1 135 0 0 
24485 510 135 600 135 13 1 135 0 0 
24490 514 135 600 135 13 1 135 0 0 
24495 516 135 603 135 13 1 135 0 0 
24500 519 135 600 135 13 1 135 0 0 
24505 523 135 600 135 13 1 135 0 0 
24510 527 132 600 132 13 1 132 0 0 
24515 528 132 600 132 13 1 132 0 0 
24520 532 128 600 128 13 1 128 0 0 
24525 536 128 600 128 13 1 128 0 0 
24530 538 128 600 128 13 1 128 0 0 
24535 541 128 600 128 13 1 128 0 0 
24540 543 132 600 132 13 1 132 0 0 
24545 548 128 603 128 13 1 128 0 0 
24550 550 128 600 128 13 1 128 0 0 
24555 552 128 603 128 13 1 128 0 0 
24560 556 128 603 128 13 1 128 0 0 
24565 559 125 600 125 13 1 125 0 0 
24570 563 125 603 125 13 1 125 0 0 
24575 565 125 600 125 13 1 125 0 0 
24580 568 125 600 125 13 1 125 0 0 
24585 572 120 600 120 13 1 120 0 0 
24590 574 120 600 120 13 1 120 0 0 
24595 576 120 600 120 13 1 120 0 0 
24600 579 120 600 120 13 1 120 0 0 
24605 583 117 603 117 13 1 117 0 0 
24610 585 117 603 117 13 1 117 0 0 
24615 588 113 600 113 13 1 113 0 0 
24620 592 117 603 117 13 1 117 0 0 
24625 596 113 600 113 13 1 113 0 0 
24630 597 113 600 113 13 1 113 0 0 
24635 601 113 603 113 13 1 113 0 0 
24640 605 110 600 110 13 1 110 0 0 
24645 606 110 600 110 13 1 110 0 0 
24650 610 110 603 110 13 1 110 0 0 
24655 614 105 600 105 13 1 105 0 0 
24660 616 105 600 105 13 1 105 0 0 
24665 619 102 603 102 13 1 102 0 0 
24670 623 102 600 102 13 1 102 0 0 
24675 626 98 600 98 13 1 98 0 0 
24680 628 98 600 98 13 1 98 0 0 
24685 630 98 600 98 13 1 98 0 0 
24690 634 95 600 95 13 1 95 0 0 
24695 635 95 600 95 13 1 95 0 0 
24700 639 95 600 95 13 1 95 0 0 
24705 643 90 600 90 13 1 90 0 0 
24710 646 90 603 90 13 1 90 0 0 
24715 648 87 600 87 13 1 87 0 0 
24720 652 83 603 83 13 1 83 0 0 
24725 655 83 600 83 13 1 83 0 0 
24730 657 80 600 80 13 1 80 0 0 
24735 661 80 600 80 13 1 80 0 0 
24740 666 80 600 80 13 1 80 0 0 
24745 667 80 603 80 13 1 80 0 0 
24750 671 80 603 80 13 1 80 0 0 
24755 676 80 600 80 13 1 80 0 0 
24760 676 75 600 75 13 1 75 0 0 
24765 680 75 600 75 13 1 75 0 0 
24770 684 75 600 75 13 1 75 0 0 
24775 687 75 600 75 13 1 75 0 0 
24780 689 72 600 72 13 1 72 0 0 
24785 693 72 600 72 13 1 72 0 0 
24790 695 68 600 68 13 1 68 0 0 
24795 698 68 600 68 13 1 68 0 0 
24800 702 65 600 65 13 1 65 0 0 
24805 705 65 600 65 13 1 65 0 0 
24810 707 65 600 65 13 1 65 0 0 
24815 711 65 600 65 13 1 65 0 0 
24820 714 60 600 60 13 1 60 0 0 
24825 716 60 600 60 13 1 60 0 0 
24830 720 60 603 60 13 1 60 0 0 
24835 722 60 600 60 13 1 60 0 0 
24840 725 57 603 57 13 1 57 0 0 
24845 729 57 600 57 13 1 57 0 0 
24850 733 57 603 57 13 1 57 0 0 
24855 733 53 603 53 13 1 53 0 0 
24860 736 53 600 53 13 1 53 0 0 
24865 740 50 600 50 13 1 50 0 0 
24870 743 50 600 50 13 1 50 0 0 
24875 745 45 600 45 13 1 45 0 0 
24880 749 45 600 45 13 1 45 0 0 
24885 753 42 600 42 13 1 42 0 0 
24890 756 42 603 42 13 1 42 0 0 
24895 758 38 600 38 13 1 38 0 0 
24900 762 38 600 38 13 1 38 0 0 
24905 763 35 600 35 13 1 35 0 0 
24910 767 35 603 35 13 1 35 0 0 
24915 769 30 600 30 13 1 30 0 0 
24920 773 30 600 30 13 1 30 0 0 
24925 776 27 600 27 13 1 27 0 0 
24930 780 23 600 23 13 1 23 0 0 
24935 783 23 600 23 13 1 23 0 0 
24940 785 20 600 20 13 1 20 0 0 
24945 789 15 598 15 13 1 15 0 0 
24950 791 15 593 15 13 1 15 0 0 
24955 794 12 593 12 13 1 12 0 0 
24960 798 8 590 8 13 1 8 0 0 
24965 800 5 588 5 13 1 5 0 0 
24970 803 5 580 5 13 1 5 0 0 
24975 805 0 578 0 13 1 0 0 0 
24980 807 0 575 0 13 1 0 0 0 
24985 812 -5 573 -5 13 1 -5 0 0 
24990 814 -5 565 -5 13 1 -5 0 0 
24995 816 -8 560 -8 13 1 -8 0 0 
25000 820 -12 553 -12 13 1 -12 0 0 
25005 823 -15 548 -15 13 1 -15 0 0 
25010 825 -15 540 -15 13 1 -15 0 0 
25015 829 -15 533 -15 13 1 -15 0 0 
25020 831 -20 523 -20 13 1 -20 0 0 
25025 834 -20 515 -20 13 1 -20 0 0 
25030 836 -23 508 -23 13 1 -23 0 0 
25035 838 -23 498 -23 13 1 -23 0 0 
25040 841 -27 488 -27 13 1 -27 0 0 
25045 843 -30 475 -30 13 1 -30 0 0 
25050 845 -30 463 -30 13 1 -30 0 0 
25055 849 -30 450 -30 13 1 -30 0 0 
25060 850 -30 445 -30 13 1 -30 0 0 
25065 852 -35 430 -35 13 1 -35 0 0 
25070 854 -35 418 -35 13 1 -35 0 0 
25075 856 -35 405 -35 13 1 -35 0 0 
25080 858 -35 393 -35 13 1 -35 0 0 
25085 861 -35 380 -35 13 1 -35 0 0 
25090 863 -35 370 -35 13 1 -35 0 0 
25095 865 -35 355 -35 13 1 -35 0 0 
25100 867 -35 343 -35 13 1 -35 0 0 
25105 869 -35 328 -35 13 1 -35 0 0 
25110 870 -35 313 -35 13 1 -35 0 0 
25115 870 -38 298 -38 13 1 -38 0 0 
25120 872 -38 280 -38 13 1 -38 0 0 
25125 874 -42 260 -42 13 1 -42 0 0 
25130 876 -42 245 -42 13 1 -42 0 0 
25135 876 -42 233 -42 13 1 -42 0 0 
25140 880 -45 220 -45 13 1 -45 0 0 
25145 880 -45 200 -45 13 1 -45 0 0 
25150 880 -42 180 -42 13 1 -42 0 0 
25155 881 -42 158 -42 13 1 -42 0 0 
25160 881 -42 140 -42 13 1 -42 0 0 
25165 883 -45 115 -45 13 1 -45 0 0 
25170 883 -53 95 -53 13 1 -53 0 0 
25175 883 -57 80 -57 13 1 -57 0 0 
25180 883 -57 63 -57 13 1 -57 0 0 
25185 885 -53 38 -53 13 1 -53 0 0 
25190 885 -53 15 -53 13 1 -53 0 0 
25195 885 -50 0 -50 13 1 -50 0 0 
25200 885 -50 -5 -50 13 1 -50 0 0 
25205 885 -53 -28 -53 13 1 -53 0 0 
25210 883 -57 -55 -57 13 1 -57 0 0 
25215 883 -60 -75 -60 13 1 -60 0 0 
25220 883 -60 -95 -60 13 1 -60 0 0 
25225 883 -65 -118 -65 13 1 -65 0 0 
25230 883 -65 -140 -65 13 1 -65 0 0 
25235 881 -60 -160 -60 13 1 -60 0 0 
25240 881 -57 -185 -57 13 1 -57 0 0 
25245 880 -57 -213 -57 13 1 -57 0 0 
25250 880 -57 -235 -57 13 1 -57 0 0 
25255 878 -60 -260 -60 13 1 -60 0 0 
25260 876 -65 -288 -65 13 1 -65 0 0 
25265 874 -65 -315 -65 13 1 -65 0 0 
25270 874 -65 -343 -65 13 1 -65 0 0 
25275 872 -68 -370 -68 13 1 -68 0 0 
25280 870 -68 -395 -68 14 1 -68 0 0 
25285 867 -68 -430 -68 14 1 -68 0 0 
25290 865 -72 -458 -72 14 1 -72 0 0 
25295 863 -72 -488 -72 14 1 -72 0 0 
25300 860 -75 -520 -75 14 1 -75 0 0 
25305 858 -75 -550 -75 14 1 -75 0 0 
25310 856 -75 -580 -75 14 1 -75 0 0 
25315 852 -75 -593 -75 14 1 -75 0 0 
25320 849 -75 -600 -75 14 1 -75 0 0 
25325 845 -80 -600 -80 14 1 -80 0 0 
25330 843 -80 -598 -80 14 1 -80 0 0 
25335 840 -87 -600 -87 14 1 -87 0 0 
25340 838 -95 -598 -95 14 1 -95 0 0 
25345 834 -113 -600 -113 14 1 -113 0 0 
25350 831 -132 -598 -132 14 1 -132 0 0 
25355 829 -147 -600 -147 14 1 -147 0 0 
25360 825 -158 -598 -158 14 1 -158 0 0 
25365 821 -162 -600 -162 14 1 -162 0 0 
25370 820 -165 -600 -165 14 1 -165 0 0 
25375 816 -165 -600 -165 14 1 -165 0 0 
25380 812 -165 -598 -165 14 1 -165 0 0 
25385 811 -165 -600 -165 14 1 -165 0 0 
25390 807 -173 -600 -173 14 1 -173 0 0 
25395 803 -173 -600 -173 14 1 -173 0 0 
25400 802 -180 -600 -180 14 1 -180 0 0 
25405 798 -185 -600 -185 14 1 -185 0 0 
25410 794 -185 -598 -185 14 1 -185 0 0 
25415 791 -185 -600 -185 14 1 -185 0 0 
25420 789 -188 -600 -188 14 1 -188 0 0 
25425 785 -188 -600 -188 14 1 -188 0 0 
25430 783 -188 -598 -188 14 1 -188 0 0 
25435 780 -188 -598 -188 14 1 -188 0 0 
25440 778 -192 -598 -192 14 1 -192 0 0 
25445 774 -192 -600 -192 14 1 -192 0 0 
25450 771 -192 -600 -192 14 1 -192 0 0 
25455 767 -195 -598 -195 14 1 -195 0 0 
25460 765 -192 -600 -192 14 1 -192 0 0 
25465 762 -195 -598 -195 14 1 -195 0 0 
25470 758 -195 -600 -195 14 1 -195 0 0 
25475 756 -195 -600 -195 14 1 -195 0 0 
25480 753 -195 -600 -195 14 1 -195 0 0 
25485 751 -200 -600 -200 14 1 -200 0 0 
25490 747 -200 -600 -200 14 1 -200 0 0 
25495 743 -203 -598 -203 14 1 -203 0 0 
25500 740 -203 -598 -203 14 1 -203 0 0 
25505 738 -207 -598 -207 14 1 -207 0 0 
25510 734 -203 -600 -203 14 1 -203 0 0 
25515 733 -207 -598 -207 14 1 -207 0 0 
25520 729 -207 -600 -207 14 1 -207 0 0 
25525 725 -207 -600 -207 14 1 -207 0 0 
25530 722 -210 -600 -210 14 1 -210 0 0 
25535 720 -210 -598 -210 14 1 -210 0 0 
25540 716 -210 -600 -210 14 1 -210 0 0 
25545 713 -210 -600 -210 14 1 -210 0 0 
25550 711 -210 -598 -210 14 1 -210 0 0 
25555 707 -210 -598 -210 14 1 -210 0 0 
25560 704 -210 -600 -210 14 1 -210 0 0 
25565 702 -210 -598 -210 14 1 -210 0 0 
25570 698 -215 -598 -215 14 1 -215 0 0 
25575 695 -210 -600 -210 14 1 -210 0 0 
25580 693 -215 -600 -215 14 1 -215 0 0 
25585 689 -215 -600 -215 14 1 -215 0 0 
25590 685 -215 -600 -215 14 1 -215 0 0 
25595 684 -215 -600 -215 14 1 -215 0 0 
25600 680 -215 -600 -215 14 1 -215 0 0 
25605 678 -215 -600 -215 14 1 -215 0 0 
25610 673 -215 -598 -215 14 1 -215 0 0 
25615 671 -218 -600 -218 14 1 -218 0 0 
25620 667 -218 -600 -218 14 1 -218 0 0 
25625 666 -218 -600 -218 14 1 -218 0 0 
25630 661 -218 -600 -218 14 1 -218 0 0 
25635 657 -218 -600 -218 14 1 -218 0 0 
25640 654 -218 -600 -218 14 1 -218 0 0 
25645 652 -218 -600 -218 14 1 -218 0 0 
25650 648 -218 -600 -218 14 1 -218 0 0 
25655 645 -215 -598 -215 14 1 -215 0 0 
25660 643 -215 -600 -215 14 1 -215 0 0 
25665 639 -215 -600 -215 14 1 -215 0 0 
25670 635 -215 -598 -215 14 1 -215 0 0 
25675 634 -215 -600 -215 14 1 -215 0 0 
25680 630 -215 -600 -215 14 1 -215 0 0 
25685 626 -215 -600 -215 14 1 -215 0 0 
25690 623 -215 -598 -215 14 1 -215 0 0 
25695 621 -215 -600 -215 14 1 -215 0 0 
25700 619 -215 -600 -215 14 1 -215 0 0 
25705 616 -215 -598 -215 14 1 -215 0 0 
25710 612 -215 -598 -215 14 1 -215 0 0 
25715 610 -215 -598 -215 14 1 -215 0 0 
25720 606 -215 -600 -215 14 1 -215 0 0 
25725 603 -215 -600 -215 14 1 -215 0 0 
25730 599 -215 -600 -215 14 1 -215 0 0 
25735 597 -215 -600 -215 14 1 -215 0 0 
25740 594 -215 -600 -215 14 1 -215 0 0 
25745 592 -215 -600 -215 14 1 -215 0 0 
25750 588 -215 -598 -215 14 1 -215 0 0 
25755 585 -215 -598 -215 14 1 -215 0 0 
25760 583 -215 -600 -215 14 1 -215 0 0 
25765 579 -215 -598 -215 14 1 -215 0 0 
25770 576 -210 -600 -210 14 1 -210 0 0 
25775 574 -210 -598 -210 14 1 -210 0 0 
25780 570 -210 -598 -210 14 1 -210 0 0 
25785 568 -210 -600 -210 14 1 -210 0 0 
25790 563 -210 -600 -210 14 1 -210 0 0 
25795 561 -210 -600 -210 14 1 -210 0 0 
25800 558 -210 -600 -210 14 1 -210 0 0 
25805 556 -210 -600 -210 14 1 -210 0 0 
25810 552 -210 -598 -210 14 1 -210 0 0 
25815 548 -210 -600 -210 14 1 -210 0 0 
25820 547 -210 -600 -210 14 1 -210 0 0 
25825 543 -215 -598 -215 14 1 -215 0 0 
25830 539 -210 -600 -210 14 1 -210 0 0 
25835 538 -210 -598 -210 14 1 -210 0 0 
25840 534 -210 -600 -210 14 1 -210 0 0 
25845 530 -210 -600 -210 14 1 -210 0 0 
25850 528 -207 -598 -207 14 1 -207 0 0 
25855 525 -207 -600 -207 14 1 -207 0 0 
25860 521 -207 -598 -207 14 1 -207 0 0 
25865 518 -207 -600 -207 14 1 -207 0 0 
25870 516 -207 -600 -207 14 1 -207 0 0 
25875 512 -207 -600 -207 14 1 -207 0 0 
25880 509 -207 -600 -207 14 1 -207 0 0 
25885 507 -203 -598 -203 14 1 -203 0 0 
25890 503 -203 -598 -203 14 1 -203 0 0 
25895 499 -203 -600 -203 14 1 -203 0 0 
25900 498 -203 -600 -203 14 1 -203 0 0 
25905 494 -203 -600 -203 14 1 -203 0 0 
25910 490 -203 -598 -203 14 1 -203 0 0 
25915 489 -203 -600 -203 14 1 -203 0 0 
25920 485 -200 -598 -200 14 1 -200 0 0 
25925 481 -200 -598 -200 14 1 -200 0 0 
25930 478 -200 -600 -200 14 1 -200 0 0 
25935 476 -200 -598 -200 14 1 -200 0 0 
25940 474 -200 -600 -200 14 1 -200 0 0 
25945 470 -200 -598 -200 14 1 -200 0 0 
25950 467 -200 -600 -200 14 1 -200 0 0 
25955 463 -195 -598 -195 14 1 -195 0 0 
25960 461 -195 -600 -195 14 1 -195 0 0 
25965 458 -192 -600 -192 14 1 -192 0 0 
25970 454 -192 -600 -192 14 1 -192 0 0 
25975 452 -192 -600 -192 14 1 -192 0 0 
25980 449 -192 -600 -192 14 1 -192 0 0 
25985 447 -192 -600 -192 14 1 -192 0 0 
25990 443 -192 -600 -192 14 1 -192 0 0 
25995 439 -192 -598 -192 14 1 -192 0 0 
26000 437 -192 -600 -192 14 1 -192 0 0 
26005 433 -192 -600 -192 14 1 -192 0 0 
26010 430 -192 -600 -192 14 1 -192 0 0 
26015 428 -192 -600 -192 14 1 -192 0 0 
26020 424 -188 -600 -188 14 1 -188 0 0 
26025 420 -188 -600 -188 14 1 -188 0 0 
26030 417 -185 -600 -185 14 1 -185 0 0 
26035 415 -188 -600 -188 14 1 -188 0 0 
26040 411 -188 -600 -188 14 1 -188 0 0 
26045 408 -188 -600 -188 14 1 -188 0 0 
26050 404 -188 -600 -188 14 1 -188 0 0 
26055 402 -188 -600 -188 14 1 -188 0 0 
26060 401 -188 -600 -188 14 1 -188 0 0 
26065 397 -185 -598 -185 14 1 -185 0 0 
26070 393 -188 -600 -188 14 1 -188 0 0 
26075 390 -188 -600 -188 14 1 -188 0 0 
26080 386 -185 -600 -185 14 1 -185 0 0 
26085 384 -185 -600 -185 14 1 -185 0 0 
26090 381 -185 -598 -185 14 1 -185 0 0 
26095 379 -185 -600 -185 14 1 -185 0 0 
26100 375 -185 -598 -185 14 1 -185 0 0 
26105 372 -185 -600 -185 14 1 -185 0 0 
26110 368 -188 -598 -188 14 1 -188 0 0 
26115 366 -188 -598 -188 14 1 -188 0 0 
26120 362 -192 -600 -192 14 1 -192 0 0 
26125 361 -192 -600 -192 14 1 -192 0 0 
26130 357 -192 -600 -192 14 1 -192 0 0 
26135 353 -192 -600 -192 14 1 -192 0 0 
26140 352 -188 -600 -188 14 1 -188 0 0 
26145 348 -188 -598 -188 14 1 -188 0 0 
26150 344 -188 -600 -188 14 1 -188 0 0 
26155 341 -188 -600 -188 14 1 -188 0 0 
26160 339 -185 -598 -185 14 1 -185 0 0 
26165 337 -185 -600 -185 14 1 -185 0 0 
26170 333 -185 -598 -185 14 1 -185 0 0 
26175 330 -180 -600 -180 14 1 -180 0 0 
26180 328 -180 -600 -180 14 1 -180 0 0 
26185 324 -180 -600 -180 14 1 -180 0 0 
26190 321 -185 -600 -185 14 1 -185 0 0 
26195 317 -180 -600 -180 14 1 -180 0 0 
26200 315 -180 -598 -180 14 1 -180 0 0 
26205 312 -180 -600 -180 14 1 -180 0 0 
26210 310 -180 -600 -180 14 1 -180 0 0 
26215 306 -180 -600 -180 14 1 -180 0 0 
26220 303 -180 -598 -180 14 1 -180 0 0 
26225 299 -177 -598 -177 14 1 -177 0 0 
26230 297 -177 -600 -177 14 1 -177 0 0 
26235 294 -177 -600 -177 14 1 -177 0 0 
26240 290 -177 -600 -177 14 1 -177 0 0 
26245 288 -177 -600 -177 14 1 -177 0 0 
26250 284 -177 -600 -177 14 1 -177 0 0 
26255 281 -177 -600 -177 14 1 -177 0 0 
26260 279 -173 -598 -173 14 1 -173 0 0 
26265 275 -173 -598 -173 14 1 -173 0 0 
26270 272 -170 -598 -170 14 1 -170 0 0 
26275 270 -173 -600 -173 14 1 -173 0 0 
26280 266 -170 -600 -170 14 1 -170 0 0 
26285 263 -170 -598 -170 14 1 -170 0 0 
26290 259 -165 -600 -165 14 1 -165 0 0 
26295 257 -165 -600 -165 14 1 -165 0 0 
26300 254 -162 -600 -162 14 1 -162 0 0 
26305 250 -162 -600 -162 14 1 -162 0 0 
26310 246 -162 -600 -162 14 1 -162 0 0 
26315 245 -162 -600 -162 14 1 -162 0 0 
26320 243 -162 -600 -162 14 1 -162 0 0 
26325 239 -162 -600 -162 14 1 -162 0 0 
26330 236 -162 -598 -162 14 1 -162 0 0 
26335 234 -162 -600 -162 14 1 -162 0 0 
26340 230 -162 -600 -162 14 1 -162 0 0 
26345 226 -162 -600 -162 14 1 -162 0 0 
26350 223 -158 -600 -158 14 1 -158 0 0 
26355 221 -162 -600 -162 14 1 -162 0 0 
26360 219 -158 -600 -158 14 1 -158 0 0 
26365 215 -158 -598 -158 14 1 -158 0 0 
26370 211 -155 -600 -155 14 1 -155 0 0 
26375 207 -155 -600 -155 14 1 -155 0 0 
26380 205 -155 -598 -155 14 1 -155 0 0 
26385 202 -155 -600 -155 14 1 -155 0 0 
26390 198 -147 -598 -147 14 1 -147 0 0 
26395 196 -147 -600 -147 14 1 -147 0 0 
26400 193 -147 -600 -147 14 1 -147 0 0 
26405 189 -143 -600 -143 14 1 -143 0 0 
26410 186 -143 -600 -143 14 1 -143 0 0 
26415 184 -140 -600 -140 14 1 -140 0 0 
26420 180 -140 -600 -140 14 1 -140 0 0 
26425 178 -140 -600 -140 14 1 -140 0 0 
26430 173 -135 -600 -135 14 1 -135 0 0 
26435 171 -132 -600 -132 14 1 -132 0 0 
26440 167 -132 -600 -132 14 1 -132 0 0 
26445 166 -128 -600 -128 14 1 -128 0 0 
26450 162 -128 -598 -128 14 1 -128 0 0 
26455 158 -125 -600 -125 14 1 -125 0 0 
26460 157 -117 -600 -117 14 1 -117 0 0 
26465 153 -113 -598 -113 14 1 -113 0 0 
26470 151 -110 -598 -110 14 1 -110 0 0 
26475 147 -102 -600 -102 14 1 -102 0 0 
26480 144 -102 -598 -102 14 1 -102 0 0 
26485 142 -98 -600 -98 14 1 -98 0 0 
26490 138 -98 -600 -98 14 1 -98 0 0 
26495 137 -95 -600 -95 14 1 -95 0 0 
26500 133 -90 -598 -90 14 1 -90 0 0 
26505 129 -90 -600 -90 14 1 -90 0 0 
26510 127 -83 -600 -83 14 1 -83 0 0 
26515 124 -80 -600 -80 14 1 -80 0 0 
26520 120 -80 -600 -80 14 1 -80 0 0 
26525 118 -80 -598 -80 14 1 -80 0 0 
26530 115 -72 -580 -72 14 1 -72 0 0 
26535 111 -72 -568 -72 14 1 -72 0 0 
26540 108 -65 -563 -65 14 1 -65 0 0 
26545 106 -65 -553 -65 14 1 -65 0 0 
26550 104 -60 -545 -60 14 1 -60 0 0 
26555 100 -68 -540 -68 14 1 -68 0 0 
26560 98 -72 -525 -72 14 1 -72 0 0 
26565 95 -75 -520 -75 14 1 -75 0 0 
26570 93 -68 -508 -68 14 1 -68 0 0 
26575 89 -57 -498 -57 14 1 -57 0 0 
26580 88 -42 -488 -42 14 1 -42 0 0 
26585 86 -30 -480 -30 14 1 -30 0 0 
26590 82 -20 -473 -20 14 1 -20 0 0 
26595 80 -20 -460 -20 14 1 -20 0 0 
26600 79 -15 -455 -15 14 1 -15 0 0 
26605 75 -12 -445 -12 14 1 -12 0 0 
26610 73 -5 -433 -5 14 1 -5 0 0 
26615 71 0 -420 0 14 1 0 0 0 
26620 69 8 -410 8 14 1 8 0 0 
26625 68 12 -405 12 14 1 12 0 0 
26630 66 20 -393 20 14 1 20 0 0 
26635 62 23 -380 23 14 1 23 0 0 
26640 62 27 -368 27 14 1 27 0 0 
26645 59 38 -350 38 14 1 38 0 0 
26650 59 50 -330 50 14 1 50 0 0 
26655 55 60 -315 60 14 1 60 0 0 
26660 55 68 -298 68 14 1 68 0 0 
26665 53 72 -280 72 14 1 72 0 0 
26670 51 72 -258 72 14 1 72 0 0 
26675 51 75 -228 75 14 1 75 0 0 
26680 48 80 -208 80 14 1 80 0 0 
26685 48 83 -183 83 14 1 83 0 0 
26690 46 90 -153 90 14 1 90 0 0 
26695 46 95 -130 95 14 1 95 0 0 
26700 46 102 -100 102 14 1 102 0 0 
26705 44 102 -70 102 14 1 102 0 0 
26710 44 105 -30 105 14 1 105 0 0 
26715 44 110 0 110 14 1 110 0 0 
26720 44 113 5 113 14 1 113 0 0 
26725 44 120 35 120 14 1 120 0 0 
26730 44 125 78 125 14 1 125 0 0 
26735 44 125 118 125 14 1 125 0 0 
26740 44 128 153 128 14 1 128 0 0 
26745 46 132 180 132 14 1 132 0 0 
26750 48 135 213 135 14 1 135 0 0 
26755 48 135 240 135 14 1 135 0 0 
26760 50 128 278 128 14 1 128 0 0 
26765 50 117 318 117 14 1 117 0 0 
26770 53 113 365 113 14 1 113 0 0 
26775 55 117 393 117 14 1 117 0 0 
26780 57 125 420 125 14 1 125 0 0 
26785 59 125 448 125 15 1 125 0 0 
26790 60 117 488 117 15 1 117 0 0 
26795 64 110 528 110 15 1 110 0 0 
26800 66 102 565 102 15 1 102 0 0 
26805 68 102 593 102 15 1 102 0 0 
26810 71 110 600 110 15 1 110 0 0 
26815 75 113 600 113 15 1 113 0 0 
26820 79 110 600 110 15 1 110 0 0 
26825 80 102 603 102 15 1 102 0 0 
26830 84 98 600 98 15 1 98 0 0 
26835 88 105 603 105 15 1 105 0 0 
26840 89 125 600 125 15 1 125 0 0 
26845 93 143 600 143 15 1 143 0 0 
26850 97 158 600 158 15 1 158 0 0 
26855 100 155 600 155 15 1 155 0 0 
26860 102 143 600 143 15 1 143 0 0 
26865 106 132 600 132 15 1 132 0 0 
26870 109 120 603 120 15 1 120 0 0 
26875 111 120 603 120 15 1 120 0 0 
26880 115 128 600 128 15 1 128 0 0 
26885 117 132 603 132 15 1 132 0 0 
26890 120 132 600 132 15 1 132 0 0 
26895 124 125 600 125 15 1 125 0 0 
26900 126 117 600 117 15 1 117 0 0 
26905 127 110 603 110 15 1 110 0 0 
26910 133 110 600 110 15 1 110 0 0 
26915 137 113 600 113 15 1 113 0 0 
26920 138 117 600 117 15 1 117 0 0 
26925 140 117 600 117 15 1 117 0 0 
26930 144 113 600 113 15 1 113 0 0 
26935 147 110 600 110 15 1 110 0 0 
26940 149 110 600 110 15 1 110 0 0 
26945 153 113 600 113 15 1 113 0 0 
26950 157 117 600 117 15 1 117 0 0 
26955 158 120 603 120 15 1 120 0 0 
26960 162 120 600 120 15 1 120 0 0 
26965 164 117 603 117 15 1 117 0 0 
26970 169 113 603 113 15 1 113 0 0 
26975 171 113 603 113 15 1 113 0 0 
26980 175 110 600 110 15 1 110 0 0 
26985 176 113 600 113 15 1 113 0 0 
26990 180 110 600 110 15 1 110 0 0 
26995 182 110 600 110 15 1 110 0 0 
27000 186 105 600 105 15 1 105 0 0 
27005 189 102 603 102 15 1 102 0 0 
27010 191 98 603 98 15 1 98 0 0 
27015 195 98 603 98 15 1 98 0 0 
27020 198 98 603 98 15 1 98 0 0 
27025 202 98 600 98 15 1 98 0 0 
27030 204 102 603 102 15 1 102 0 0 
27035 205 102 600 102 15 1 102 0 0 
27040 209 105 600 105 15 1 105 0 0 
27045 213 105 600 105 15 1 105 0 0 
27050 216 110 600 110 15 1 110 0 0 
27055 221 113 603 113 15 1 113 0 0 
27060 223 113 600 113 15 1 113 0 0 
27065 226 117 603 117 15 1 117 0 0 
27070 228 120 600 120 15 1 120 0 0 
27075 232 125 603 125 15 1 125 0 0 
27080 236 125 600 125 15 1 125 0 0 
27085 237 128 600 128 15 1 128 0 0 
27090 241 128 600 128 15 1 128 0 0 
27095 245 128 600 128 15 1 128 0 0 
27100 246 132 603 132 15 1 132 0 0 
27105 250 132 600 132 15 1 132 0 0 
27110 254 132 600 132 15 1 132 0 0 
27115 255 132 600 132 15 1 132 0 0 
27120 259 132 600 132 15 1 132 0 0 
27125 263 128 600 128 15 1 128 0 0 
27130 265 128 600 128 15 1 128 0 0 
27135 270 132 600 132 15 1 132 0 0 
27140 272 132 603 132 15 1 132 0 0 
27145 274 132 600 132 15 1 132 0 0 
27150 277 132 600 132 15 1 132 0 0 
27155 281 135 603 135 15 1 135 0 0 
27160 284 135 600 135 15 1 135 0 0 
27165 286 135 600 135 15 1 135 0 0 
27170 290 140 603 140 15 1 140 0 0 
27175 294 143 603 143 15 1 143 0 0 
27180 297 143 600 143 15 1 143 0 0 
27185 299 143 600 143 15 1 143 0 0 
27190 301 143 600 143 15 1 143 0 0 
27195 306 140 600 140 15 1 140 0 0 
27200 308 140 600 140 15 1 140 0 0 
27205 310 143 600 143 15 1 143 0 0 
27210 315 143 603 143 15 1 143 0 0 
27215 317 143 603 143 15 1 143 0 0 
27220 321 140 600 140 15 1 140 0 0 
27225 324 140 600 140 15 1 140 0 0 
27230 326 140 600 140 15 1 140 0 0 
27235 330 140 600 140 15 1 140 0 0 
27240 333 140 600 140 15 1 140 0 0 
27245 335 143 600 143 15 1 143 0 0 
27250 339 143 600 143 15 1 143 0 0 
27255 343 143 600 143 15 1 143 0 0 
27260 344 140 600 140 15 1 140 0 0 
27265 346 143 600 143 15 1 143 0 0 
27270 350 143 600 143 15 1 143 0 0 
27275 352 147 603 147 15 1 147 0 0 
27280 355 147 600 147 15 1 147 0 0 
27285 359 150 600 150 15 1 150 0 0 
27290 362 147 603 147 15 1 147 0 0 
27295 364 147 603 147 15 1 147 0 0 
27300 368 147 603 147 15 1 147 0 0 
27305 372 147 600 147 15 1 147 0 0 
27310 373 150 600 150 15 1 150 0 0 
27315 377 150 600 150 15 1 150 0 0 
27320 381 150 603 150 15 1 150 0 0 
27325 384 150 600 150 15 1 150 0 0 
27330 386 147 600 147 15 1 147 0 0 
27335 390 147 600 147 15 1 147 0 0 
27340 391 150 600 150 15 1 150 0 0 
27345 395 150 603 150 15 1 150 0 0 
27350 399 150 600 150 15 1 150 0 0 
27355 401 147 603 147 15 1 147 0 0 
27360 404 143 600 143 15 1 143 0 0 
27365 408 143 603 143 15 1 143 0 0 
27370 410 143 600 143 15 1 143 0 0 
27375 415 140 600 140 15 1 140 0 0 
27380 417 140 600 140 15 1 140 0 0 
27385 419 140 600 140 15 1 140 0 0 
27390 422 140 603 140 15 1 140 0 0 
27395 426 140 600 140 15 1 140 0 0 
27400 428 143 603 143 15 1 143 0 0 
27405 431 143 600 143 15 1 143 0 0 
27410 435 143 600 143 15 1 143 0 0 
27415 439 147 600 147 15 1 147 0 0 
27420 441 147 600 147 15 1 147 0 0 
27425 445 143 600 143 15 1 143 0 0 
27430 447 143 600 143 15 1 143 0 0 
27435 451 143 603 143 15 1 143 0 0 
27440 454 143 600 143 15 1 143 0 0 
27445 456 143 600 143 15 1 143 0 0 
27450 460 143 600 143 15 1 143 0 0 
27455 463 143 600 143 15 1 143 0 0 
27460 465 140 600 140 15 1 140 0 0 
27465 469 140 603 140 15 1 140 0 0 
27470 470 140 603 140 15 1 140 0 0 
27475 474 140 600 140 15 1 140 0 0 
27480 478 140 600 140 15 1 140 0 0 
27485 480 140 600 140 15 1 140 0 0 
27490 483 140 603 140 15 1 140 0 0 
27495 487 140 600 140 15 1 140 0 0 
27500 489 140 600 140 15 1 140 0 0 
27505 492 140 600 140 15 1 140 0 0 
27510 494 140 603 140 15 1 140 0 0 
27515 498 140 600 140 15 1 140 0 0 
27520 501 135 600 135 15 1 135 0 0 
27525 505 135 600 135 15 1 135 0 0 
27530 509 135 600 135 15 1 135 0 0 
27535 510 135 600 135 15 1 135 0 0 
27540 514 135 600 135 15 1 135 0 0 
27545 518 135 600 135 15 1 135 0 0 
27550 519 140 600 140 15 1 140 0 0 
27555 523 140 600 140 15 1 140 0 0 
27560 527 140 600 140 15 1 140 0 0 
27565 528 140 600 140 15 1 140 0 0 
27570 532 143 600 143 15 1 143 0 0 
27575 536 143 600 143 15 1 143 0 0 
27580 539 147 600 147 15 1 147 0 0 
27585 541 147 603 147 15 1 147 0 0 
27590 545 147 603 147 15 1 147 0 0 
27595 548 147 600 147 15 1 147 0 0 
27600 550 147 600 147 15 1 147 0 0 
27605 552 143 600 143 15 1 143 0 0 
27610 558 143 603 143 15 1 143 0 0 
27615 559 143 603 143 15 1 143 0 0 
27620 563 140 600 140 15 1 140 0 0 
27625 567 135 603 135 15 1 135 0 0 
27630 568 135 600 135 15 1 135 0 0 
27635 572 132 600 132 15 1 132 0 0 
27640 574 132 600 132 15 1 132 0 0 
27645 577 132 600 132 15 1 132 0 0 
27650 579 132 600 132 15 1 132 0 0 
27655 583 132 603 132 15 1 132 0 0 
27660 587 132 600 132 15 1 132 0 0 
27665 590 132 603 132 15 1 132 0 0 
27670 592 132 600 132 15 1 132 0 0 
27675 596 132 600 132 15 1 132 0 0 
27680 599 128 600 128 15 1 128 0 0 
27685 601 128 603 128 15 1 128 0 0 
27690 605 128 600 128 15 1 128 0 0 
27695 608 128 600 128 15 1 128 0 0 
27700 610 128 600 128 15 1 128 0 0 
27705 614 125 603 125 15 1 125 0 0 
27710 616 125 600 125 15 1 125 0 0 
27715 619 125 603 125 15 1 125 0 0 
27720 623 120 600 120 15 1 120 0 0 
27725 625 120 603 120 15 1 120 0 0 
27730 628 120 600 120 15 1 120 0 0 
27735 632 120 600 120 15 1 120 0 0 
27740 634 120 603 120 15 1 120 0 0 
27745 637 120 600 120 15 1 120 0 0 
27750 639 120 600 120 15 1 120 0 0 
27755 643 120 600 120 15 1 120 0 0 
27760 646 120 600 120 15 1 120 0 0 
27765 650 120 600 120 15 1 120 0 0 
27770 652 120 600 120 15 1 120 0 0 
27775 655 117 600 117 15 1 117 0 0 
27780 657 117 603 117 15 1 117 0 0 
27785 664 120 600 120 15 1 120 0 0 
27790 666 120 600 120 15 1 120 0 0 
27795 669 120 603 120 15 1 120 0 0 
27800 671 125 600 125 15 1 125 0 0 
27805 675 120 600 120 15 1 120 0 0 
27810 678 120 603 120 15 1 120 0 0 
27815 680 120 600 120 15 1 120 0 0 
27820 684 117 600 117 15 1 117 0 0 
27825 687 117 600 117 15 1 117 0 0 
27830 689 117 603 117 15 1 117 0 0 
27835 693 113 603 113 15 1 113 0 0 
27840 696 113 600 113 15 1 113 0 0 
27845 698 110 600 110 15 1 110 0 0 
27850 702 110 600 110 15 1 110 0 0 
27855 705 110 600 110 15 1 110 0 0 
27860 707 110 600 110 15 1 110 0 0 
27865 711 110 600 110 15 1 110 0 0 
27870 714 105 600 105 15 1 105 0 0 
27875 716 105 600 105 15 1 105 0 0 
27880 720 102 600 102 15 1 102 0 0 
27885 722 102 603 102 15 1 102 0 0 
27890 725 102 600 102 15 1 102 0 0 
27895 729 102 603 102 15 1 102 0 0 
27900 733 102 600 102 15 1 102 0 0 
27905 734 102 600 102 15 1 102 0 0 
27910 738 98 600 98 15 1 98 0 0 
27915 740 98 600 98 15 1 98 0 0 
27920 743 95 600 95 15 1 95 0 0 
27925 747 95 600 95 15 1 95 0 0 
27930 751 95 600 95 15 1 95 0 0 
27935 753 95 600 95 15 1 95 0 0 
27940 756 95 600 95 15 1 95 0 0 
27945 758 95 600 95 15 1 95 0 0 
27950 762 95 600 95 15 1 95 0 0 
27955 765 95 603 95 15 1 95 0 0 
27960 769 90 600 90 15 1 90 0 0 
27965 771 90 600 90 15 1 90 0 0 
27970 774 87 600 87 15 1 87 0 0 
27975 778 87 600 87 15 1 87 0 0 
27980 780 83 600 83 15 1 83 0 0 
27985 783 83 603 83 15 1 83 0 0 
27990 785 83 600 83 15 1 83 0 0 
27995 789 83 603 83 15 1 83 0 0 
28000 792 80 600 80 15 1 80 0 0 
28005 794 80 600 80 15 1 80 0 0 
28010 798 80 600 80 15 1 80 0 0 
28015 802 80 600 80 15 1 80 0 0 
28020 803 80 600 80 15 1 80 0 0 
28025 807 80 600 80 15 1 80 0 0 
28030 809 75 600 75 15 1 75 0 0 
28035 812 75 600 75 15 1 75 0 0 
28040 816 75 603 75 15 1 75 0 0 
28045 818 75 600 75 15 1 75 0 0 
28050 821 72 600 72 15 1 72 0 0 
28055 825 72 600 72 15 1 72 0 0 
28060 829 72 603 72 15 1 72 0 0 
28065 831 68 600 68 15 1 68 0 0 
28070 834 68 600 68 15 1 68 0 0 
28075 838 68 600 68 15 1 68 0 0 
28080 840 65 600 65 15 1 65 0 0 
28085 843 60 600 60 15 1 60 0 0 
28090 845 60 600 60 15 1 60 0 0 
28095 849 57 600 57 15 1 57 0 0 
28100 852 57 603 57 15 1 57 0 0 
28105 854 53 600 53 15 1 53 0 0 
28110 858 53 600 53 15 1 53 0 0 
28115 861 50 600 50 15 1 50 0 0 
28120 863 50 603 50 15 1 50 0 0 
28125 867 50 603 50 15 1 50 0 0 
28130 870 45 603 45 15 1 45 0 0 
28135 874 45 603 45 15 1 45 0 0 
28140 876 42 600 42 15 1 42 0 0 
28145 880 42 600 42 15 1 42 0 0 
28150 881 42 600 42 15 1 42 0 0 
28155 885 38 600 38 15 1 38 0 0 
28160 890 38 600 38 15 1 38 0 0 
28165 893 35 603 35 15 1 35 0 0 
28170 895 30 600 30 15 1 30 0 0 
28175 899 30 600 30 15 1 30 0 0 
28180 902 30 600 30 15 1 30 0 0 
28185 904 27 600 27 15 1 27 0 0 
28190 908 27 603 27 15 1 27 0 0 
28195 910 23 600 23 15 1 23 0 0 
28200 913 23 600 23 15 1 23 0 0 
28205 917 20 600 20 15 1 20 0 0 
28210 919 15 598 15 15 1 15 0 0 
28215 922 12 593 12 15 1 12 0 0 
28220 926 12 593 12 15 1 12 0 0 
28225 928 8 590 8 15 1 8 0 0 
28230 931 8 588 8 15 1 8 0 0 
28235 933 5 585 5 15 1 5 0 0 
28240 937 0 580 0 15 1 0 0 0 
28245 940 0 575 0 15 1 0 0 0 
28250 942 0 575 0 15 1 0 0 0 
28255 946 -5 568 -5 15 1 -5 0 0 
28260 949 -5 565 -5 15 1 -5 0 0 
28265 951 -5 563 -5 15 1 -5 0 0 
28270 955 -5 560 -5 15 1 -5 0 0 
28275 957 -8 553 -8 15 1 -8 0 0 
28280 960 -8 548 -8 15 1 -8 0 0 
28285 962 -12 540 -12 15 1 -12 0 0 
28290 966 -12 538 -12 15 1 -12 0 0 
28295 968 -15 528 -15 15 1 -15 0 0 
28300 969 -15 523 -15 15 1 -15 0 0 
28305 973 -15 515 -15 15 1 -15 0 0 
28310 975 -15 510 -15 15 1 -15 0 0 
28315 978 -15 500 -15 15 1 -15 0 0 
28320 980 -20 493 -20 15 1 -20 0 0 
28325 984 -23 485 -23 15 1 -23 0 0 
28330 986 -23 475 -23 15 1 -23 0 0 
28335 988 -23 470 -23 15 1 -23 0 0 
28340 989 -23 458 -23 15 1 -23 0 0 
28345 991 -23 448 -23 15 1 -23 0 0 
28350 995 -20 443 -20 15 1 -20 0 0 
28355 997 -23 433 -23 15 1 -23 0 0 
28360 998 -23 423 -23 15 1 -23 0 0 
28365 1000 -27 415 -27 15 1 -27 0 0 
28370 1002 -27 405 -27 15 1 -27 0 0 
28375 1006 -27 393 -27 15 1 -27 0 0 
28380 1007 -27 380 -27 15 1 -27 0 0 
28385 1007 -27 370 -27 15 1 -27 0 0 
28390 1011 -27 363 -27 15 1 -27 0 0 
28395 1013 -27 343 -27 15 1 -27 0 0 
28400 1013 -30 333 -30 15 1 -30 0 0 
28405 1015 -30 318 -30 15 1 -30 0 0 
28410 1017 -35 310 -35 15 1 -35 0 0 
28415 1018 -35 293 -35 15 1 -35 0 0 
28420 1020 -35 280 -35 15 1 -35 0 0 
28425 1022 -35 263 -35 15 1 -35 0 0 
28430 1022 -35 245 -35 15 1 -35 0 0 
28435 1024 -38 223 -38 15 1 -38 0 0 
28440 1026 -42 208 -42 15 1 -42 0 0 
28445 1026 -45 193 -45 15 1 -45 0 0 
28450 1027 -50 173 -50 15 1 -50 0 0 
28455 1027 -50 153 -50 15 1 -50 0 0 
28460 1027 -50 133 -50 15 1 -50 0 0 
28465 1029 -50 110 -50 15 1 -50 0 0 
28470 1029 -50 90 -50 15 1 -50 0 0 
28475 1029 -53 65 -53 15 1 -53 0 0 
28480 1029 -57 40 -57 15 1 -57 0 0 
28485 1031 -60 18 -60 15 1 -60 0 0 
28490 1031 -60 0 -60 15 1 -60 0 0 
28495 1031 -65 -10 -65 15 1 -65 0 0 
28500 1031 -65 -35 -65 15 1 -65 0 0 
28505 1031 -68 -65 -68 15 1 -68 0 0 
28510 1029 -72 -95 -72 15 1 -72 0 0 
28515 1029 -80 -128 -80 15 1 -80 0 0 
28520 1029 -83 -148 -83 15 1 -83 0 0 
28525 1027 -87 -173 -87 15 1 -87 0 0 
28530 1027 -83 -200 -83 15 1 -83 0 0 
28535 1026 -80 -235 -80 15 1 -80 0 0 
28540 1026 -80 -265 -80 15 1 -80 0 0 
28545 1024 -80 -298 -80 15 1 -80 0 0 
28550 1022 -80 -330 -80 15 1 -80 0 0 
28555 1020 -83 -368 -83 15 1 -83 0 0 
28560 1018 -90 -395 -90 15 1 -90 0 0 
28565 1017 -90 -428 -90 15 1 -90 0 0 
28570 1015 -90 -458 -90 16 1 -90 0 0 
28575 1013 -90 -498 -90 16 1 -90 0 0 
28580 1009 -87 -533 -87 16 1 -87 0 0 
28585 1007 -90 -568 -90 16 1 -90 0 0 
28590 1006 -90 -593 -90 16 1 -90 0 0 
28595 1002 -95 -598 -95 16 1 -95 0 0 
28600 998 -98 -600 -98 16 1 -98 0 0 
28605 997 -98 -598 -98 16 1 -98 0 0 
28610 993 -98 -598 -98 16 1 -98 0 0 
28615 991 -102 -600 -102 16 1 -102 0 0 
28620 986 -120 -600 -120 16 1 -120 0 0 
28625 984 -135 -600 -135 16 1 -135 0 0 
28630 980 -158 -600 -158 16 1 -158 0 0 
28635 978 -173 -598 -173 16 1 -173 0 0 
28640 975 -180 -600 -180 16 1 -180 0 0 
28645 973 -185 -600 -185 16 1 -185 0 0 
28650 969 -180 -600 -180 16 1 -180 0 0 
28655 966 -173 -600 -173 16 1 -173 0 0 
28660 962 -170 -600 -170 16 1 -170 0 0 
28665 960 -165 -598 -165 16 1 -165 0 0 
28670 957 -170 -600 -170 16 1 -170 0 0 
28675 953 -173 -598 -173 16 1 -173 0 0 
28680 949 -177 -600 -177 16 1 -177 0 0 
28685 948 -177 -600 -177 16 1 -177 0 0 
28690 944 -177 -600 -177 16 1 -177 0 0 
28695 942 -173 -598 -173 16 1 -173 0 0 
28700 939 -165 -600 -165 16 1 -165 0 0 
28705 935 -170 -598 -170 16 1 -170 0 0 
28710 933 -170 -600 -170 16 1 -170 0 0 
28715 929 -170 -598 -170 16 1 -170 0 0 
28720 926 -170 -598 -170 16 1 -170 0 0 
28725 922 -173 -600 -173 16 1 -173 0 0 
28730 920 -173 -600 -173 16 1 -173 0 0 
28735 917 -173 -600 -173 16 1 -173 0 0 
28740 915 -173 -600 -173 16 1 -173 0 0 
28745 911 -173 -600 -173 16 1 -173 0 0 
28750 908 -173 -598 -173 16 1 -173 0 0 
28755 906 -173 -598 -173 16 1 -173 0 0 
28760 902 -177 -600 -177 16 1 -177 0 0 
28765 899 -180 -600 -180 16 1 -180 0 0 
28770 897 -180 -600 -180 16 1 -180 0 0 
28775 893 -180 -598 -180 16 1 -180 0 0 
28780 890 -180 -600 -180 16 1 -180 0 0 
28785 888 -180 -600 -180 16 1 -180 0 0 
28790 883 -180 -598 -180 16 1 -180 0 0 
28795 880 -180 -598 -180 16 1 -180 0 0 
28800 876 -180 -598 -180 16 1 -180 0 0 
28805 874 -180 -598 -180 16 1 -180 0 0 
28810 870 -180 -600 -180 16 1 -180 0 0 
28815 869 -180 -600 -180 16 1 -180 0 0 
28820 863 -185 -600 -185 16 1 -185 0 0 
28825 861 -185 -600 -185 16 1 -185 0 0 
28830 858 -185 -600 -185 16 1 -185 0 0 
28835 856 -185 -600 -185 16 1 -185 0 0 
28840 852 -185 -598 -185 16 1 -185 0 0 
28845 849 -185 -600 -185 16 1 -185 0 0 
28850 847 -180 -600 -180 16 1 -180 0 0 
28855 843 -185 -600 -185 16 1 -185 0 0 
28860 840 -185 -600 -185 16 1 -185 0 0 
28865 838 -185 -600 -185 16 1 -185 0 0 
28870 834 -185 -600 -185 16 1 -185 0 0 
28875 831 -188 -600 -188 16 1 -188 0 0 
28880 827 -188 -598 -188 16 1 -188 0 0 
28885 825 -188 -600 -188 16 1 -188 0 0 
28890 821 -188 -600 -188 16 1 -188 0 0 
28895 820 -188 -598 -188 16 1 -188 0 0 
28900 816 -188 -600 -188 16 1 -188 0 0 
28905 812 -188 -600 -188 16 1 -188 0 0 
28910 809 -188 -600 -188 16 1 -188 0 0 
28915 807 -188 -598 -188 16 1 -188 0 0 
28920 803 -188 -598 -188 16 1 -188 0 0 
28925 802 -188 -598 -188 16 1 -188 0 0 
28930 798 -188 -598 -188 16 1 -188 0 0 
28935 796 -188 -600 -188 16 1 -188 0 0 
28940 792 -185 -598 -185 16 1 -185 0 0 
28945 789 -185 -600 -185 16 1 -185 0 0 
28950 787 -185 -600 -185 16 1 -185 0 0 
28955 783 -188 -600 -188 16 1 -188 0 0 
28960 780 -188 -598 -188 16 1 -188 0 0 
28965 778 -188 -600 -188 16 1 -188 0 0 
28970 774 -188 -598 -188 16 1 -188 0 0 
28975 771 -188 -600 -188 16 1 -188 0 0 
28980 767 -188 -598 -188 16 1 -188 0 0 
28985 765 -188 -600 -188 16 1 -188 0 0 
28990 762 -188 -598 -188 16 1 -188 0 0 
28995 760 -188 -598 -188 16 1 -188 0 0 
29000 756 -188 -600 -188 16 1 -188 0 0 
29005 753 -188 -600 -188 16 1 -188 0 0 
29010 749 -188 -600 -188 16 1 -188 0 0 
29015 747 -188 -600 -188 16 1 -188 0 0 
29020 743 -188 -598 -188 16 1 -188 0 0 
29025 742 -192 -598 -192 16 1 -192 0 0 
29030 738 -188 -600 -188 16 1 -188 0 0 
29035 734 -188 -600 -188 16 1 -188 0 0 
29040 731 -188 -600 -188 16 1 -188 0 0 
29045 729 -188 -598 -188 16 1 -188 0 0 
29050 725 -188 -598 -188 16 1 -188 0 0 
29055 724 -188 -600 -188 16 1 -188 0 0 
29060 720 -188 -598 -188 16 1 -188 0 0 
29065 716 -188 -600 -188 16 1 -188 0 0 
29070 714 -188 -600 -188 16 1 -188 0 0 
29075 711 -188 -600 -188 16 1 -188 0 0 
29080 707 -188 -600 -188 16 1 -188 0 0 
29085 705 -188 -600 -188 16 1 -188 0 0 
29090 702 -188 -598 -188 16 1 -188 0 0 
29095 698 -188 -598 -188 16 1 -188 0 0 
29100 696 -188 -600 -188 16 1 -188 0 0 
29105 693 -188 -600 -188 16 1 -188 0 0 
29110 689 -188 -600 -188 16 1 -188 0 0 
29115 687 -188 -600 -188 16 1 -188 0 0 
29120 684 -188 -600 -188 16 1 -188 0 0 
29125 680 -192 -600 -192 16 1 -192 0 0 
29130 676 -188 -600 -188 16 1 -188 0 0 
29135 675 -188 -600 -188 16 1 -188 0 0 
29140 671 -188 -598 -188 16 1 -188 0 0 
29145 667 -188 -600 -188 16 1 -188 0 0 
29150 666 -188 -598 -188 16 1 -188 0 0 
29155 661 -188 -600 -188 16 1 -188 0 0 
29160 659 -192 -598 -192 16 1 -192 0 0 
29165 655 -192 -598 -192 16 1 -192 0 0 
29170 652 -192 -598 -192 16 1 -192 0 0 
29175 650 -188 -598 -188 16 1 -188 0 0 
29180 646 -188 -600 -188 16 1 -188 0 0 
29185 643 -188 -600 -188 16 1 -188 0 0 
29190 639 -188 -600 -188 16 1 -188 0 0 
29195 637 -188 -600 -188 16 1 -188 0 0 
29200 634 -188 -600 -188 16 1 -188 0 0 
29205 630 -188 -600 -188 16 1 -188 0 0 
29210 628 -188 -600 -188 16 1 -188 0 0 
29215 625 -188 -600 -188 16 1 -188 0 0 
29220 621 -192 -600 -192 16 1 -192 0 0 
29225 619 -192 -598 -192 16 1 -192 0 0 
29230 616 -192 -600 -192 16 1 -192 0 0 
29235 614 -188 -600 -188 16 1 -188 0 0 
29240 608 -188 -600 -188 16 1 -188 0 0 
29245 606 -188 -600 -188 16 1 -188 0 0 
29250 603 -188 -600 -188 16 1 -188 0 0 
29255 601 -185 -600 -185 16 1 -185 0 0 
29260 597 -185 -600 -185 16 1 -185 0 0 
29265 596 -185 -600 -185 16 1 -185 0 0 
29270 592 -185 -600 -185 16 1 -185 0 0 
29275 588 -185 -600 -185 16 1 -185 0 0 
29280 585 -185 -600 -185 16 1 -185 0 0 
29285 583 -185 -598 -185 16 1 -185 0 0 
29290 579 -185 -600 -185 16 1 -185 0 0 
29295 577 -185 -600 -185 16 1 -185 0 0 
29300 574 -185 -600 -185 16 1 -185 0 0 
29305 570 -185 -598 -185 16 1 -185 0 0 
29310 568 -185 -598 -185 16 1 -185 0 0 
29315 565 -185 -600 -185 16 1 -185 0 0 
29320 561 -185 -600 -185 16 1 -185 0 0 
29325 559 -185 -598 -185 16 1 -185 0 0 
29330 556 -185 -598 -185 16 1 -185 0 0 
29335 552 -185 -600 -185 16 1 -185 0 0 
29340 550 -188 -598 -188 16 1 -188 0 0 
29345 547 -188 -600 -188 16 1 -188 0 0 
29350 545 -188 -600 -188 16 1 -188 0 0 
29355 541 -188 -600 -188 16 1 -188 0 0 
29360 538 -188 -600 -188 16 1 -188 0 0 
29365 534 -185 -598 -185 16 1 -185 0 0 
29370 532 -185 -598 -185 16 1 -185 0 0 
29375 528 -185 -598 -185 16 1 -185 0 0 
29380 525 -185 -600 -185 16 1 -185 0 0 
29385 523 -185 -600 -185 16 1 -185 0 0 
29390 519 -185 -600 -185 16 1 -185 0 0 
29395 516 -185 -598 -185 16 1 -185 0 0 
29400 512 -185 -600 -185 16 1 -185 0 0 
29405 510 -185 -598 -185 16 1 -185 0 0 
29410 507 -180 -600 -180 16 1 -180 0 0 
29415 505 -180 -600 -180 16 1 -180 0 0 
29420 499 -180 -600 -180 16 1 -180 0 0 
29425 498 -180 -600 -180 16 1 -180 0 0 
29430 494 -180 -600 -180 16 1 -180 0 0 
29435 492 -185 -600 -185 16 1 -185 0 0 
29440 489 -180 -600 -180 16 1 -180 0 0 
29445 485 -180 -598 -180 16 1 -180 0 0 
29450 483 -180 -598 -180 16 1 -180 0 0 
29455 480 -180 -600 -180 16 1 -180 0 0 
29460 476 -180 -598 -180 16 1 -180 0 0 
29465 472 -180 -600 -180 16 1 -180 0 0 
29470 470 -180 -600 -180 16 1 -180 0 0 
29475 467 -180 -600 -180 16 1 -180 0 0 
29480 463 -180 -598 -180 16 1 -180 0 0 
29485 461 -180 -600 -180 16 1 -180 0 0 
29490 458 -177 -600 -177 16 1 -177 0 0 
29495 456 -177 -600 -177 16 1 -177 0 0 
29500 452 -177 -600 -177 16 1 -177 0 0 
29505 451 -177 -600 -177 16 1 -177 0 0 
29510 447 -173 -600 -173 16 1 -173 0 0 
29515 443 -177 -600 -177 16 1 -177 0 0 
29520 439 -173 -598 -173 16 1 -173 0 0 
29525 437 -177 -598 -177 16 1 -177 0 0 
29530 435 -177 -600 -177 16 1 -177 0 0 
29535 430 -177 -600 -177 16 1 -177 0 0 
29540 428 -177 -600 -177 16 1 -177 0 0 
29545 424 -173 -600 -173 16 1 -173 0 0 
29550 422 -173 -600 -173 16 1 -173 0 0 
29555 419 -170 -600 -170 16 1 -170 0 0 
29560 415 -173 -598 -173 16 1 -173 0 0 
29565 411 -173 -600 -173 16 1 -173 0 0 
29570 410 -173 -598 -173 16 1 -173 0 0 
29575 406 -173 -600 -173 16 1 -173 0 0 
29580 404 -173 -600 -173 16 1 -173 0 0 
29585 401 -170 -600 -170 16 1 -170 0 0 
29590 397 -170 -598 -170 16 1 -170 0 0 
29595 395 -173 -598 -173 16 1 -173 0 0 
29600 391 -173 -600 -173 16 1 -173 0 0 
29605 388 -170 -600 -170 16 1 -170 0 0 
29610 384 -170 -600 -170 16 1 -170 0 0 
29615 382 -170 -598 -170 16 1 -170 0 0 
29620 379 -165 -600 -165 16 1 -165 0 0 
29625 375 -165 -598 -165 16 1 -165 0 0 
29630 373 -170 -600 -170 16 1 -170 0 0 
29635 370 -170 -600 -170 16 1 -170 0 0 
29640 366 -170 -600 -170 16 1 -170 0 0 
29645 364 -170 -598 -170 16 1 -170 0 0 
29650 361 -165 -600 -165 16 1 -165 0 0 
29655 357 -165 -600 -165 16 1 -165 0 0 
29660 353 -165 -600 -165 16 1 -165 0 0 
29665 352 -165 -600 -165 16 1 -165 0 0 
29670 348 -165 -598 -165 16 1 -165 0 0 
29675 346 -165 -598 -165 16 1 -165 0 0 
29680 343 -165 -600 -165 16 1 -165 0 0 
29685 339 -165 -600 -165 16 1 -165 0 0 
29690 337 -162 -600 -162 16 1 -162 0 0 
29695 333 -158 -600 -158 16 1 -158 0 0 
29700 330 -162 -600 -162 16 1 -162 0 0 
29705 328 -162 -600 -162 16 1 -162 0 0 
29710 324 -158 -600 -158 16 1 -158 0 0 
29715 321 -162 -600 -162 16 1 -162 0 0 
29720 319 -162 -598 -162 16 1 -162 0 0 
29725 315 -162 -598 -162 16 1 -162 0 0 
29730 313 -162 -600 -162 16 1 -162 0 0 
29735 310 -162 -598 -162 16 1 -162 0 0 
29740 306 -158 -600 -158 16 1 -158 0 0 
29745 303 -158 -600 -158 16 1 -158 0 0 
29750 301 -158 -600 -158 16 1 -158 0 0 
29755 297 -158 -600 -158 16 1 -158 0 0 
29760 294 -158 -600 -158 16 1 -158 0 0 
29765 292 -155 -600 -155 16 1 -155 0 0 
29770 288 -158 -600 -158 16 1 -158 0 0 
29775 286 -158 -600 -158 16 1 -158 0 0 
29780 283 -158 -600 -158 16 1 -158 0 0 
29785 279 -155 -600 -155 16 1 -155 0 0 
29790 275 -155 -600 -155 16 1 -155 0 0 
29795 274 -155 -600 -155 16 1 -155 0 0 
29800 270 -155 -600 -155 16 1 -155 0 0 
29805 266 -155 -598 -155 16 1 -155 0 0 
29810 265 -155 -600 -155 16 1 -155 0 0 
29815 261 -155 -600 -155 16 1 -155 0 0 
29820 257 -150 -598 -150 16 1 -150 0 0 
29825 254 -150 -600 -150 16 1 -150 0 0 
29830 252 -155 -598 -155 16 1 -155 0 0 
29835 248 -150 -600 -150 16 1 -150 0 0 
29840 245 -150 -600 -150 16 1 -150 0 0 
29845 243 -155 -600 -155 16 1 -155 0 0 
29850 239 -155 -600 -155 16 1 -155 0 0 
29855 237 -155 -600 -155 16 1 -155 0 0 
29860 232 -150 -598 -150 16 1 -150 0 0 
29865 230 -150 -600 -150 16 1 -150 0 0 
29870 226 -150 -598 -150 16 1 -150 0 0 
29875 223 -150 -600 -150 16 1 -150 0 0 
29880 221 -147 -600 -147 16 1 -147 0 0 
29885 216 -147 -598 -147 16 1 -147 0 0 
29890 215 -147 -600 -147 16 1 -147 0 0 
29895 211 -147 -598 -147 16 1 -147 0 0 
29900 207 -143 -598 -143 16 1 -143 0 0 
29905 205 -143 -598 -143 16 1 -143 0 0 
29910 202 -143 -600 -143 16 1 -143 0 0 
29915 198 -143 -600 -143 16 1 -143 0 0 
29920 195 -143 -600 -143 16 1 -143 0 0 
29925 193 -140 -600 -140 16 1 -140 0 0 
29930 189 -140 -600 -140 16 1 -140 0 0 
29935 187 -135 -600 -135 16 1 -135 0 0 
29940 184 -140 -600 -140 16 1 -140 0 0 
29945 180 -135 -598 -135 16 1 -135 0 0 
29950 178 -140 -600 -140 16 1 -140 0 0 
29955 175 -140 -600 -140 16 1 -140 0 0 
29960 173 -135 -600 -135 16 1 -135 0 0 
29965 169 -135 -600 -135 16 1 -135 0 0 
29970 166 -132 -600 -132 16 1 -132 0 0 
29975 162 -132 -600 -132 16 1 -132 0 0 
29980 160 -128 -600 -128 16 1 -128 0 0 
29985 157 -120 -598 -120 16 1 -120 0 0 
29990 153 -113 -598 -113 16 1 -113 0 0 
29995 151 -110 -600 -110 16 1 -110 0 0 
30000 147 -105 -600 -105 16 1 -105 0 0 
30005 146 -105 -600 -105 16 1 -105 0 0 
30010 142 -105 -600 -105 16 1 -105 0 0 
30015 140 -105 -600 -105 16 1 -105 0 0 
30020 137 -102 -598 -102 16 1 -102 0 0 
30025 133 -98 -600 -98 16 1 -98 0 0 
30030 131 -95 -600 -95 16 1 -95 0 0 
30035 127 -90 -598 -90 16 1 -90 0 0 
30040 124 -87 -598 -87 16 1 -87 0 0 
30045 120 -87 -600 -87 16 1 -87 0 0 
30050 118 -83 -598 -83 16 1 -83 0 0 
30055 115 -80 -590 -80 16 1 -80 0 0 
30060 111 -80 -580 -80 16 1 -80 0 0 
30065 109 -75 -573 -75 16 1 -75 0 0 
30070 106 -75 -563 -75 16 1 -75 0 0 
30075 104 -72 -553 -72 16 1 -72 0 0 
30080 100 -75 -545 -75 16 1 -75 0 0 
30085 98 -80 -535 -80 16 1 -80 0 0 
30090 95 -80 -525 -80 16 1 -80 0 0 
30095 93 -80 -520 -80 16 1 -80 0 0 
30100 89 -80 -508 -80 16 1 -80 0 0 
30105 88 -72 -488 -72 16 1 -72 0 0 
30110 86 -68 -475 -68 16 1 -68 0 0 
30115 82 -68 -470 -68 16 1 -68 0 0 
30120 80 -68 -455 -68 16 1 -68 0 0 
30125 77 -68 -450 -68 16 1 -68 0 0 
30130 75 -68 -443 -68 16 1 -68 0 0 
30135 73 -68 -430 -68 16 1 -68 0 0 
30140 71 -65 -418 -65 16 1 -65 0 0 
30145 69 -60 -408 -60 16 1 -60 0 0 
30150 66 -57 -405 -57 16 1 -57 0 0 
30155 64 -53 -395 -53 16 1 -53 0 0 
30160 62 -53 -380 -53 16 1 -53 0 0 
30165 60 -53 -370 -53 16 1 -53 0 0 
30170 59 -53 -363 -53 16 1 -53 0 0 
30175 57 -50 -355 -50 16 1 -50 0 0 
30180 55 -42 -345 -42 16 1 -42 0 0 
30185 53 -38 -340 -38 16 1 -38 0 0 
30190 51 -35 -325 -35 16 1 -35 0 0 
30195 50 -30 -318 -30 16 1 -30 0 0 
30200 48 -30 -313 -30 16 1 -30 0 0 
30205 46 -27 -303 -27 16 1 -27 0 0 
30210 44 -23 -293 -23 16 1 -23 0 0 
30215 42 -20 -280 -20 16 1 -20 0 0 
30220 42 -12 -270 -12 16 1 -12 0 0 
30225 40 0 -260 0 16 1 0 0 0 
30230 39 0 -250 0 16 1 0 0 0 
30235 39 8 -240 8 16 1 8 0 0 
30240 37 12 -233 12 16 1 12 0 0 
30245 37 20 -218 20 16 1 20 0 0 
30250 35 27 -200 27 16 1 27 0 0 
30255 35 38 -185 38 16 1 38 0 0 
30260 33 50 -170 50 16 1 50 0 0 
30265 31 60 -153 60 16 1 60 0 0 
30270 31 68 -135 68 16 1 68 0 0 
30275 31 72 -110 72 16 1 72 0 0 
30280 30 75 -88 75 16 1 75 0 0 
30285 30 80 -63 80 16 1 80 0 0 
30290 30 83 -38 83 16 1 83 0 0 
30295 30 90 -10 90 16 1 90 0 0 
30300 30 95 0 95 16 1 95 0 0 
30305 30 98 25 98 16 1 98 0 0 
30310 30 102 58 102 16 1 102 0 0 
30315 30 102 93 102 16 1 102 0 0 
30320 30 110 130 110 16 1 110 0 0 
30325 31 120 165 120 16 1 120 0 0 
30330 31 128 193 128 16 1 128 0 0 
30335 33 132 220 132 16 1 132 0 0 
30340 33 132 253 132 16 1 132 0 0 
30345 35 125 300 125 16 1 125 0 0 
30350 37 125 343 125 16 1 125 0 0 
30355 39 128 378 128 16 1 128 0 0 
30360 39 135 410 135 16 1 135 0 0 
30365 42 143 445 143 17 1 143 0 0 
30370 44 143 483 143 17 1 143 0 0 
30375 48 132 523 132 17 1 132 0 0 
30380 50 128 568 128 17 1 128 0 0 
30385 53 125 593 125 17 1 125 0 0 
30390 55 132 600 132 17 1 132 0 0 
30395 59 135 600 135 17 1 135 0 0 
30400 60 135 600 135 17 1 135 0 0 
30405 64 128 600 128 17 1 128 0 0 
30410 68 128 600 128 17 1 128 0 0 
30415 71 140 603 140 17 1 140 0 0 
30420 73 158 603 158 17 1 158 0 0 
30425 77 180 600 180 17 1 180 0 0 
30430 80 192 600 192 17 1 192 0 0 
30435 82 192 603 192 17 1 192 0 0 
30440 86 180 600 180 17 1 180 0 0 
30445 89 162 600 162 17 1 162 0 0 
30450 93 155 600 155 17 1 155 0 0 
30455 97 158 600 158 17 1 158 0 0 
30460 98 165 600 165 17 1 165 0 0 
30465 100 170 600 170 17 1 170 0 0 
30470 106 170 603 170 17 1 170 0 0 
30475 108 162 600 162 17 1 162 0 0 
30480 109 155 603 155 17 1 155 0 0 
30485 113 143 603 143 17 1 143 0 0 
30490 117 143 600 143 17 1 143 0 0 
30495 118 147 600 147 17 1 147 0 0 
30500 122 147 600 147 17 1 147 0 0 
30505 126 147 600 147 17 1 147 0 0 
30510 129 143 600 143 17 1 143 0 0 
30515 131 135 603 135 17 1 135 0 0 
30520 135 132 600 132 17 1 132 0 0 
30525 137 135 600 135 17 1 135 0 0 
30530 140 135 600 135 17 1 135 0 0 
30535 144 140 600 140 17 1 140 0 0 
30540 146 140 603 140 17 1 140 0 0 
30545 149 135 603 135 17 1 135 0 0 
30550 153 132 600 132 17 1 132 0 0 
30555 155 128 600 128 17 1 128 0 0 
30560 158 128 603 128 17 1 128 0 0 
30565 162 128 603 128 17 1 128 0 0 
30570 164 128 600 128 17 1 128 0 0 
30575 167 128 603 128 17 1 128 0 0 
30580 169 125 600 125 17 1 125 0 0 
30585 173 117 600 117 17 1 117 0 0 
30590 176 117 600 117 17 1 117 0 0 
30595 180 113 603 113 17 1 113 0 0 
30600 182 113 600 113 17 1 113 0 0 
30605 186 113 600 113 17 1 113 0 0 
30610 187 113 600 113 17 1 113 0 0 
30615 191 113 600 113 17 1 113 0 0 
30620 195 110 600 110 17 1 110 0 0 
30625 198 105 600 105 17 1 105 0 0 
30630 200 110 603 110 17 1 110 0 0 
30635 204 110 603 110 17 1 110 0 0 
30640 205 113 600 113 17 1 113 0 0 
30645 209 117 600 117 17 1 117 0 0 
30650 213 117 600 117 17 1 117 0 0 
30655 216 117 600 117 17 1 117 0 0 
30660 219 117 600 117 17 1 117 0 0 
30665 223 117 603 117 17 1 117 0 0 
30670 225 120 603 120 17 1 120 0 0 
30675 228 120 600 120 17 1 120 0 0 
30680 230 125 603 125 17 1 125 0 0 
30685 234 125 600 125 17 1 125 0 0 
30690 237 120 600 120 17 1 120 0 0 
30695 241 125 600 125 17 1 125 0 0 
30700 243 120 600 120 17 1 120 0 0 
30705 246 125 600 125 17 1 125 0 0 
30710 250 128 600 128 17 1 128 0 0 
30715 252 128 603 128 17 1 128 0 0 
30720 255 128 603 128 17 1 128 0 0 
30725 259 128 600 128 17 1 128 0 0 
30730 263 125 600 125 17 1 125 0 0 
30735 265 128 600 128 17 1 128 0 0 
30740 268 128 600 128 17 1 128 0 0 
30745 272 132 600 132 17 1 132 0 0 
30750 274 132 603 132 17 1 132 0 0 
30755 277 135 600 135 17 1 135 0 0 
30760 281 132 603 132 17 1 132 0 0 
30765 283 135 600 135 17 1 135 0 0 
30770 286 132 603 132 17 1 132 0 0 
30775 290 132 603 132 17 1 132 0 0 
30780 292 135 600 135 17 1 135 0 0 
30785 295 135 603 135 17 1 135 0 0 
30790 299 140 600 140 17 1 140 0 0 
30795 301 140 600 140 17 1 140 0 0 
30800 304 140 603 140 17 1 140 0 0 
30805 308 143 600 143 17 1 143 0 0 
30810 310 147 600 147 17 1 147 0 0 
30815 313 150 603 150 17 1 150 0 0 
30820 315 155 600 155 17 1 155 0 0 
30825 319 155 600 155 17 1 155 0 0 
30830 323 155 600 155 17 1 155 0 0 
30835 326 155 600 155 17 1 155 0 0 
30840 328 150 600 150 17 1 150 0 0 
30845 332 150 603 150 17 1 150 0 0 
30850 333 150 600 150 17 1 150 0 0 
30855 339 150 603 150 17 1 150 0 0 
30860 341 150 600 150 17 1 150 0 0 
30865 344 147 603 147 17 1 147 0 0 
30870 346 147 600 147 17 1 147 0 0 
30875 350 147 600 147 17 1 147 0 0 
30880 352 147 600 147 17 1 147 0 0 
30885 355 150 600 150 17 1 150 0 0 
30890 359 150 600 150 17 1 150 0 0 
30895 361 155 600 155 17 1 155 0 0 
30900 364 155 603 155 17 1 155 0 0 
30905 368 155 600 155 17 1 155 0 0 
30910 370 155 600 155 17 1 155 0 0 
30915 373 158 600 158 17 1 158 0 0 
30920 375 158 600 158 17 1 158 0 0 
30925 379 155 603 155 17 1 155 0 0 
30930 382 155 600 155 17 1 155 0 0 
30935 384 150 600 150 17 1 150 0 0 
30940 388 147 600 147 17 1 147 0 0 
30945 391 147 603 147 17 1 147 0 0 
30950 395 150 603 150 17 1 150 0 0 
30955 399 150 600 150 17 1 150 0 0 
30960 401 150 600 150 17 1 150 0 0 
30965 404 150 600 150 17 1 150 0 0 
30970 408 150 603 150 17 1 150 0 0 
30975 410 150 603 150 17 1 150 0 0 
30980 413 147 600 147 17 1 147 0 0 
30985 417 150 603 150 17 1 150 0 0 
30990 419 147 600 147 17 1 147 0 0 
30995 422 147 600 147 17 1 147 0 0 
31000 426 147 600 147 17 1 147 0 0 
31005 428 147 600 147 17 1 147 0 0 
31010 431 143 603 143 17 1 143 0 0 
31015 433 147 600 147 17 1 147 0 0 
31020 437 147 603 147 17 1 147 0 0 
31025 441 147 603 147 17 1 147 0 0 
31030 445 147 600 147 17 1 147 0 0 
31035 447 147 603 147 17 1 147 0 0 
31040 451 143 603 143 17 1 143 0 0 
31045 452 147 603 147 17 1 147 0 0 
31050 456 147 600 147 17 1 147 0 0 
31055 460 147 603 147 17 1 147 0 0 
31060 461 143 600 143 17 1 143 0 0 
31065 465 140 603 140 17 1 140 0 0 
31070 469 140 600 140 17 1 140 0 0 
31075 470 135 603 135 17 1 135 0 0 
31080 474 135 600 135 17 1 135 0 0 
31085 476 135 603 135 17 1 135 0 0 
31090 480 135 600 135 17 1 135 0 0 
31095 483 135 600 135 17 1 135 0 0 
31100 485 135 600 135 17 1 135 0 0 
31105 489 135 600 135 17 1 135 0 0 
31110 492 135 600 135 17 1 135 0 0 
31115 494 135 600 135 17 1 135 0 0 
31120 498 135 603 135 17 1 135 0 0 
31125 501 135 603 135 17 1 135 0 0 
31130 503 132 603 132 17 1 132 0 0 
31135 507 132 600 132 17 1 132 0 0 
31140 510 132 600 132 17 1 132 0 0 
31145 514 135 603 135 17 1 135 0 0 
31150 516 135 603 135 17 1 135 0 0 
31155 519 140 600 140 17 1 140 0 0 
31160 523 140 600 140 17 1 140 0 0 
31165 525 140 603 140 17 1 140 0 0 
31170 528 135 600 135 17 1 135 0 0 
31175 532 135 600 135 17 1 135 0 0 
31180 534 132 600 132 17 1 132 0 0 
31185 538 128 600 128 17 1 128 0 0 
31190 541 128 600 128 17 1 128 0 0 
31195 543 128 600 128 17 1 128 0 0 
31200 547 128 600 128 17 1 128 0 0 
31205 550 125 600 125 17 1 125 0 0 
31210 554 120 600 120 17 1 120 0 0 
31215 556 125 600 125 17 1 125 0 0 
31220 559 125 600 125 17 1 125 0 0 
31225 563 125 600 125 17 1 125 0 0 
31230 565 125 600 125 17 1 125 0 0 
31235 567 125 600 125 17 1 125 0 0 
31240 570 125 603 125 17 1 125 0 0 
31245 574 125 600 125 17 1 125 0 0 
31250 577 125 603 125 17 1 125 0 0 
31255 579 128 600 128 17 1 128 0 0 
31260 583 128 603 128 17 1 128 0 0 
31265 587 125 600 125 17 1 125 0 0 
31270 588 125 600 125 17 1 125 0 0 
31275 592 125 600 125 17 1 125 0 0 
31280 594 120 600 120 17 1 120 0 0 
31285 597 120 600 120 17 1 120 0 0 
31290 601 117 600 117 17 1 117 0 0 
31295 605 117 600 117 17 1 117 0 0 
31300 606 117 600 117 17 1 117 0 0 
31305 610 113 603 113 17 1 113 0 0 
31310 612 113 600 113 17 1 113 0 0 
31315 616 110 600 110 17 1 110 0 0 
31320 619 110 600 110 17 1 110 0 0 
31325 621 105 600 105 17 1 105 0 0 
31330 625 102 600 102 17 1 102 0 0 
31335 628 102 603 102 17 1 102 0 0 
31340 630 98 600 98 17 1 98 0 0 
31345 634 98 600 98 17 1 98 0 0 
31350 637 95 600 95 17 1 95 0 0 
31355 639 95 600 95 17 1 95 0 0 
31360 643 98 600 98 17 1 98 0 0 
31365 646 98 600 98 17 1 98 0 0 
31370 648 98 600 98 17 1 98 0 0 
31375 652 95 600 95 17 1 95 0 0 
31380 654 95 603 95 17 1 95 0 0 
31385 659 95 600 95 17 1 95 0 0 
31390 661 90 600 90 17 1 90 0 0 
31395 664 90 603 90 17 1 90 0 0 
31400 669 87 603 87 17 1 87 0 0 
31405 671 87 603 87 17 1 87 0 0 
31410 673 83 603 83 17 1 83 0 0 
31415 676 83 600 83 17 1 83 0 0 
31420 680 83 600 83 17 1 83 0 0 
31425 684 80 600 80 17 1 80 0 0 
31430 685 80 600 80 17 1 80 0 0 
31435 689 80 600 80 17 1 80 0 0 
31440 693 80 600 80 17 1 80 0 0 
31445 695 80 603 80 17 1 80 0 0 
31450 698 80 600 80 17 1 80 0 0 
31455 702 80 600 80 17 1 80 0 0 
31460 704 80 600 80 17 1 80 0 0 
31465 707 80 600 80 17 1 80 0 0 
31470 711 80 600 80 17 1 80 0 0 
31475 714 75 600 75 17 1 75 0 0 
31480 716 80 600 80 17 1 80 0 0 
31485 720 80 600 80 17 1 80 0 0 
31490 724 80 600 80 17 1 80 0 0 
31495 725 80 603 80 17 1 80 0 0 
31500 727 80 600 80 17 1 80 0 0 
31505 731 80 600 80 17 1 80 0 0 
31510 734 75 600 75 17 1 75 0 0 
31515 736 72 600 72 17 1 72 0 0 
31520 740 72 603 72 17 1 72 0 0 
31525 743 72 600 72 17 1 72 0 0 
31530 747 72 600 72 17 1 72 0 0 
31535 749 68 600 68 17 1 68 0 0 
31540 753 68 600 68 17 1 68 0 0 
31545 756 68 600 68 17 1 68 0 0 
31550 758 68 600 68 17 1 68 0 0 
31555 762 65 600 65 17 1 65 0 0 
31560 763 65 600 65 17 1 65 0 0 
31565 767 65 600 65 17 1 65 0 0 
31570 771 65 600 65 17 1 65 0 0 
31575 773 65 600 65 17 1 65 0 0 
31580 776 60 600 60 17 1 60 0 0 
31585 780 60 603 60 17 1 60 0 0 
31590 783 57 600 57 17 1 57 0 0 
31595 785 60 600 60 17 1 60 0 0 
31600 789 57 603 57 17 1 57 0 0 
31605 791 57 600 57 17 1 57 0 0 
31610 794 53 600 53 17 1 53 0 0 
31615 798 53 603 53 17 1 53 0 0 
31620 800 50 600 50 17 1 50 0 0 
31625 803 45 600 45 17 1 45 0 0 
31630 805 45 600 45 17 1 45 0 0 
31635 809 42 600 42 17 1 42 0 0 
31640 812 42 600 42 17 1 42 0 0 
31645 814 38 600 38 17 1 38 0 0 
31650 818 38 603 38 17 1 38 0 0 
31655 820 35 600 35 17 1 35 0 0 
31660 823 35 600 35 17 1 35 0 0 
31665 827 30 603 30 17 1 30 0 0 
31670 829 30 600 30 17 1 30 0 0 
31675 832 27 600 27 17 1 27 0 0 
31680 836 27 600 27 17 1 27 0 0 
31685 840 27 600 27 17 1 27 0 0 
31690 841 27 600 27 17 1 27 0 0 
31695 845 23 603 23 17 1 23 0 0 
31700 849 23 600 23 17 1 23 0 0 
31705 850 23 600 23 17 1 23 0 0 
31710 854 23 603 23 17 1 23 0 0 
31715 858 20 600 20 17 1 20 0 0 
31720 860 20 600 20 17 1 20 0 0 
31725 863 20 600 20 17 1 20 0 0 
31730 867 15 600 15 17 1 15 0 0 
31735 869 15 600 15 17 1 15 0 0 
31740 872 12 598 12 17 1 12 0 0 
31745 876 12 593 12 17 1 12 0 0 
31750 878 12 593 12 17 1 12 0 0 
31755 881 8 590 8 17 1 8 0 0 
31760 883 8 588 8 17 1 8 0 0 
31765 888 5 585 5 17 1 5 0 0 
31770 891 5 580 5 17 1 5 0 0 
31775 893 0 578 0 17 1 0 0 0 
31780 897 0 575 0 17 1 0 0 0 
31785 900 -5 568 -5 17 1 -5 0 0 
31790 902 -5 565 -5 17 1 -5 0 0 
31795 906 -5 563 -5 17 1 -5 0 0 
31800 908 -8 555 -8 17 1 -8 0 0 
31805 911 -8 553 -8 17 1 -8 0 0 
31810 913 -12 548 -12 17 1 -12 0 0 
31815 917 -12 540 -12 17 1 -12 0 0 
31820 919 -12 538 -12 17 1 -12 0 0 
31825 920 -15 528 -15 17 1 -15 0 0 
31830 924 -15 523 -15 17 1 -15 0 0 
31835 926 -15 520 -15 17 1 -15 0 0 
31840 928 -20 510 -20 17 1 -20 0 0 
31845 933 -20 503 -20 17 1 -20 0 0 
31850 935 -20 495 -20 17 1 -20 0 0 
31855 937 -20 485 -20 17 1 -20 0 0 
31860 940 -20 480 -20 17 1 -20 0 0 
31865 942 -20 468 -20 17 1 -20 0 0 
31870 944 -23 458 -23 17 1 -23 0 0 
31875 946 -23 450 -23 17 1 -23 0 0 
31880 948 -23 443 -23 17 1 -23 0 0 
31885 949 -27 433 -27 17 1 -27 0 0 
31890 953 -27 420 -27 17 1 -27 0 0 
31895 955 -27 408 -27 17 1 -27 0 0 
31900 957 -30 398 -30 17 1 -30 0 0 
31905 959 -30 385 -30 17 1 -30 0 0 
31910 962 -30 370 -30 17 1 -30 0 0 
31915 964 -30 363 -30 17 1 -30 0 0 
31920 966 -30 350 -30 17 1 -30 0 0 
31925 966 -35 338 -35 17 1 -35 0 0 
31930 968 -35 323 -35 17 1 -35 0 0 
31935 969 -35 310 -35 17 1 -35 0 0 
31940 971 -35 298 -35 17 1 -35 0 0 
31945 973 -35 285 -35 17 1 -35 0 0 
31950 975 -35 263 -35 17 1 -35 0 0 
31955 975 -35 248 -35 17 1 -35 0 0 
31960 977 -38 235 -38 17 1 -38 0 0 
31965 978 -42 223 -42 17 1 -42 0 0 
31970 978 -42 200 -42 17 1 -42 0 0 
31975 980 -42 183 -42 17 1 -42 0 0 
31980 980 -42 165 -42 17 1 -42 0 0 
31985 982 -42 145 -42 17 1 -42 0 0 
31990 982 -50 118 -50 17 1 -50 0 0 
31995 982 -53 95 -53 17 1 -53 0 0 
32000 982 -57 75 -57 17 1 -57 0 0 
32005 984 -60 55 -60 17 1 -60 0 0 
32010 984 -60 25 -60 17 1 -60 0 0 
32015 984 -60 3 -60 17 1 -60 0 0 
32020 984 -65 0 -65 17 1 -65 0 0 
32025 984 -65 -18 -65 17 1 -65 0 0 
32030 984 -68 -53 -68 17 1 -68 0 0 
32035 984 -72 -80 -72 17 1 -72 0 0 
32040 984 -75 -108 -75 17 1 -75 0 0 
32045 982 -80 -130 -80 17 1 -80 0 0 
32050 982 -83 -155 -83 17 1 -83 0 0 
32055 982 -80 -180 -80 17 1 -80 0 0 
32060 980 -80 -210 -80 17 1 -80 0 0 
32065 980 -72 -238 -72 17 1 -72 0 0 
32070 978 -72 -273 -72 17 1 -72 0 0 
32075 977 -75 -300 -75 17 1 -75 0 0 
32080 975 -80 -328 -80 17 1 -80 0 0 
32085 973 -80 -358 -80 17 1 -80 0 0 
32090 971 -80 -390 -80 17 1 -80 0 0 
32095 969 -80 -420 -80 18 1 -80 0 0 
32100 968 -80 -450 -80 18 1 -80 0 0 
32105 966 -80 -485 -80 18 1 -80 0 0 
32110 962 -80 -525 -80 18 1 -80 0 0 
32115 960 -83 -560 -83 18 1 -83 0 0 
32120 959 -87 -588 -87 18 1 -87 0 0 
32125 955 -90 -598 -90 18 1 -90 0 0 
32130 951 -90 -598 -90 18 1 -90 0 0 
32135 948 -87 -600 -87 18 1 -87 0 0 
32140 946 -87 -600 -87 18 1 -87 0 0 
32145 942 -90 -598 -90 18 1 -90 0 0 
32150 939 -105 -600 -105 18 1 -105 0 0 
32155 937 -125 -600 -125 18 1 -125 0 0 
32160 933 -143 -600 -143 18 1 -143 0 0 
32165 929 -158 -600 -158 18 1 -158 0 0 
32170 926 -170 -600 -170 18 1 -170 0 0 
32175 924 -170 -598 -170 18 1 -170 0 0 
32180 920 -165 -600 -165 18 1 -165 0 0 
32185 919 -162 -598 -162 18 1 -162 0 0 
32190 915 -162 -598 -162 18 1 -162 0 0 
32195 911 -162 -600 -162 18 1 -162 0 0 
32200 910 -165 -600 -165 18 1 -165 0 0 
32205 906 -165 -598 -165 18 1 -165 0 0 
32210 902 -170 -600 -170 18 1 -170 0 0 
32215 900 -170 -600 -170 18 1 -170 0 0 
32220 897 -170 -600 -170 18 1 -170 0 0 
32225 893 -165 -600 -165 18 1 -165 0 0 
32230 891 -165 -600 -165 18 1 -165 0 0 
32235 888 -170 -600 -170 18 1 -170 0 0 
32240 883 -170 -600 -170 18 1 -170 0 0 
32245 881 -170 -598 -170 18 1 -170 0 0 
32250 878 -170 -600 -170 18 1 -170 0 0 
32255 876 -165 -600 -165 18 1 -165 0 0 
32260 870 -165 -600 -165 18 1 -165 0 0 
32265 869 -165 -600 -165 18 1 -165 0 0 
32270 865 -170 -598 -170 18 1 -170 0 0 
32275 863 -170 -600 -170 18 1 -170 0 0 
32280 860 -173 -600 -173 18 1 -173 0 0 
32285 856 -173 -600 -173 18 1 -173 0 0 
32290 852 -173 -600 -173 18 1 -173 0 0 
32295 850 -177 -598 -177 18 1 -177 0 0 
32300 847 -177 -600 -177 18 1 -177 0 0 
32305 845 -177 -598 -177 18 1 -177 0 0 
32310 841 -177 -600 -177 18 1 -177 0 0 
32315 838 -180 -600 -180 18 1 -180 0 0 
32320 836 -180 -598 -180 18 1 -180 0 0 
32325 832 -180 -600 -180 18 1 -180 0 0 
32330 829 -180 -600 -180 18 1 -180 0 0 
32335 827 -180 -598 -180 18 1 -180 0 0 
32340 823 -185 -600 -185 18 1 -185 0 0 
32345 820 -185 -598 -185 18 1 -185 0 0 
32350 816 -180 -600 -180 18 1 -180 0 0 
32355 814 -180 -600 -180 18 1 -180 0 0 
32360 811 -180 -600 -180 18 1 -180 0 0 
32365 807 -185 -598 -185 18 1 -185 0 0 
32370 805 -185 -600 -185 18 1 -185 0 0 
32375 802 -185 -600 -185 18 1 -185 0 0 
32380 800 -188 -598 -188 18 1 -188 0 0 
32385 796 -188 -598 -188 18 1 -188 0 0 
32390 792 -188 -600 -188 18 1 -188 0 0 
32395 791 -188 -600 -188 18 1 -188 0 0 
32400 787 -188 -600 -188 18 1 -188 0 0 
32405 785 -188 -600 -188 18 1 -188 0 0 
32410 780 -188 -598 -188 18 1 -188 0 0 
32415 778 -188 -600 -188 18 1 -188 0 0 
32420 774 -188 -600 -188 18 1 -188 0 0 
32425 773 -188 -598 -188 18 1 -188 0 0 
32430 769 -192 -598 -192 18 1 -192 0 0 
32435 765 -188 -600 -188 18 1 -188 0 0 
32440 763 -192 -600 -192 18 1 -192 0 0 
32445 760 -188 -600 -188 18 1 -188 0 0 
32450 756 -188 -600 -188 18 1 -188 0 0 
32455 753 -188 -600 -188 18 1 -188 0 0 
32460 751 -188 -600 -188 18 1 -188 0 0 
32465 747 -188 -600 -188 18 1 -188 0 0 
32470 743 -188 -600 -188 18 1 -188 0 0 
32475 742 -188 -600 -188 18 1 -188 0 0 
32480 738 -188 -600 -188 18 1 -188 0 0 
32485 736 -188 -600 -188 18 1 -188 0 0 
32490 733 -188 -598 -188 18 1 -188 0 0 
32495 729 -188 -600 -188 18 1 -188 0 0 
32500 727 -188 -600 -188 18 1 -188 0 0 
32505 724 -192 -600 -192 18 1 -192 0 0 
32510 720 -192 -598 -192 18 1 -192 0 0 
32515 716 -192 -600 -192 18 1 -192 0 0 
32520 714 -195 -600 -195 18 1 -195 0 0 
32525 711 -195 -600 -195 18 1 -195 0 0 
32530 709 -195 -598 -195 18 1 -195 0 0 
32535 705 -195 -600 -195 18 1 -195 0 0 
32540 702 -195 -600 -195 18 1 -195 0 0 
32545 702 -195 -598 -195 18 1 -195 0 0 
32550 696 -195 -600 -195 18 1 -195 0 0 
32555 693 -192 -600 -192 18 1 -192 0 0 
32560 691 -192 -598 -192 18 1 -192 0 0 
32565 687 -192 -598 -192 18 1 -192 0 0 
32570 684 -192 -600 -192 18 1 -192 0 0 
32575 682 -192 -598 -192 18 1 -192 0 0 
32580 678 -192 -600 -192 18 1 -192 0 0 
32585 675 -192 -598 -192 18 1 -192 0 0 
32590 671 -192 -600 -192 18 1 -192 0 0 
32595 669 -192 -600 -192 18 1 -192 0 0 
32600 666 -192 -600 -192 18 1 -192 0 0 
32605 664 -192 -600 -192 18 1 -192 0 0 
32610 659 -195 -600 -195 18 1 -195 0 0 
32615 655 -195 -598 -195 18 1 -195 0 0 
32620 654 -195 -600 -195 18 1 -195 0 0 
32625 650 -195 -598 -195 18 1 -195 0 0 
32630 646 -195 -600 -195 18 1 -195 0 0 
32635 643 -192 -600 -192 18 1 -192 0 0 
32640 641 -192 -600 -192 18 1 -192 0 0 
32645 637 -192 -600 -192 18 1 -192 0 0 
32650 634 -192 -600 -192 18 1 -192 0 0 
32655 632 -192 -598 -192 18 1 -192 0 0 
32660 628 -192 -600 -192 18 1 -192 0 0 
32665 626 -192 -600 -192 18 1 -192 0 0 
32670 623 -192 -600 -192 18 1 -192 0 0 
32675 619 -192 -598 -192 18 1 -192 0 0 
32680 616 -192 -600 -192 18 1 -192 0 0 
32685 614 -192 -598 -192 18 1 -192 0 0 
32690 610 -188 -600 -188 18 1 -188 0 0 
32695 606 -188 -598 -188 18 1 -188 0 0 
32700 605 -188 -600 -188 18 1 -188 0 0 
32705 601 -188 -598 -188 18 1 -188 0 0 
32710 597 -192 -600 -192 18 1 -192 0 0 
32715 596 -192 -600 -192 18 1 -192 0 0 
32720 592 -192 -600 -192 18 1 -192 0 0 
32725 590 -192 -598 -192 18 1 -192 0 0 
32730 587 -192 -600 -192 18 1 -192 0 0 
32735 583 -192 -600 -192 18 1 -192 0 0 
32740 579 -192 -600 -192 18 1 -192 0 0 
32745 577 -192 -598 -192 18 1 -192 0 0 
32750 574 -192 -600 -192 18 1 -192 0 0 
32755 572 -192 -600 -192 18 1 -192 0 0 
32760 568 -192 -598 -192 18 1 -192 0 0 
32765 567 -188 -600 -188 18 1 -188 0 0 
32770 563 -188 -600 -188 18 1 -188 0 0 
32775 559 -188 -598 -188 18 1 -188 0 0 
32780 556 -188 -600 -188 18 1 -188 0 0 
32785 554 -188 -600 -188 18 1 -188 0 0 
32790 550 -188 -600 -188 18 1 -188 0 0 
32795 547 -188 -600 -188 18 1 -188 0 0 
32800 545 -188 -600 -188 18 1 -188 0 0 
32805 541 -188 -600 -188 18 1 -188 0 0 
32810 538 -188 -600 -188 18 1 -188 0 0 
32815 534 -188 -600 -188 18 1 -188 0 0 
32820 532 -188 -600 -188 18 1 -188 0 0 
32825 530 -188 -600 -188 18 1 -188 0 0 
32830 527 -188 -600 -188 18 1 -188 0 0 
32835 523 -185 -598 -185 18 1 -185 0 0 
32840 519 -185 -600 -185 18 1 -185 0 0 
32845 518 -185 -598 -185 18 1 -185 0 0 
32850 512 -185 -600 -185 18 1 -185 0 0 
32855 510 -185 -600 -185 18 1 -185 0 0 
32860 507 -185 -598 -185 18 1 -185 0 0 
32865 505 -185 -598 -185 18 1 -185 0 0 
32870 501 -185 -600 -185 18 1 -185 0 0 
32875 498 -185 -598 -185 18 1 -185 0 0 
32880 496 -185 -600 -185 18 1 -185 0 0 
32885 492 -180 -600 -180 18 1 -180 0 0 
32890 489 -180 -598 -180 18 1 -180 0 0 
32895 487 -185 -600 -185 18 1 -185 0 0 
32900 483 -180 -600 -180 18 1 -180 0 0 
32905 480 -180 -600 -180 18 1 -180 0 0 
32910 476 -180 -600 -180 18 1 -180 0 0 
32915 474 -180 -600 -180 18 1 -180 0 0 
32920 470 -185 -600 -185 18 1 -185 0 0 
32925 469 -180 -600 -180 18 1 -180 0 0 
32930 465 -180 -600 -180 18 1 -180 0 0 
32935 461 -180 -600 -180 18 1 -180 0 0 
32940 460 -180 -600 -180 18 1 -180 0 0 
32945 456 -180 -600 -180 18 1 -180 0 0 
32950 454 -180 -600 -180 18 1 -180 0 0 
32955 451 -180 -600 -180 18 1 -180 0 0 
32960 447 -180 -600 -180 18 1 -180 0 0 
32965 445 -180 -600 -180 18 1 -180 0 0 
32970 441 -177 -600 -177 18 1 -177 0 0 
32975 437 -180 -600 -180 18 1 -180 0 0 
32980 435 -180 -600 -180 18 1 -180 0 0 
32985 431 -180 -600 -180 18 1 -180 0 0 
32990 428 -180 -600 -180 18 1 -180 0 0 
32995 426 -177 -600 -177 18 1 -177 0 0 
33000 422 -177 -600 -177 18 1 -177 0 0 
33005 419 -177 -600 -177 18 1 -177 0 0 
33010 415 -177 -600 -177 18 1 -177 0 0 
33015 413 -177 -600 -177 18 1 -177 0 0 
33020 410 -180 -600 -180 18 1 -180 0 0 
33025 408 -180 -600 -180 18 1 -180 0 0 
33030 404 -180 -598 -180 18 1 -180 0 0 
33035 401 -180 -598 -180 18 1 -180 0 0 
33040 399 -180 -600 -180 18 1 -180 0 0 
33045 395 -180 -598 -180 18 1 -180 0 0 
33050 391 -180 -600 -180 18 1 -180 0 0 
33055 388 -180 -600 -180 18 1 -180 0 0 
33060 386 -185 -600 -185 18 1 -185 0 0 
33065 382 -180 -600 -180 18 1 -180 0 0 
33070 379 -185 -598 -185 18 1 -185 0 0 
33075 375 -185 -598 -185 18 1 -185 0 0 
33080 373 -185 -600 -185 18 1 -185 0 0 
33085 372 -185 -600 -185 18 1 -185 0 0 
33090 368 -188 -600 -188 18 1 -188 0 0 
33095 364 -188 -600 -188 18 1 -188 0 0 
33100 361 -188 -600 -188 18 1 -188 0 0 
33105 359 -185 -600 -185 18 1 -185 0 0 
33110 355 -180 -600 -180 18 1 -180 0 0 
33115 352 -180 -600 -180 18 1 -180 0 0 
33120 350 -180 -600 -180 18 1 -180 0 0 
33125 346 -177 -600 -177 18 1 -177 0 0 
33130 343 -177 -600 -177 18 1 -177 0 0 
33135 341 -177 -598 -177 18 1 -177 0 0 
33140 337 -177 -600 -177 18 1 -177 0 0 
33145 335 -173 -598 -173 18 1 -173 0 0 
33150 332 -173 -600 -173 18 1 -173 0 0 
33155 328 -173 -600 -173 18 1 -173 0 0 
33160 326 -173 -600 -173 18 1 -173 0 0 
33165 323 -173 -600 -173 18 1 -173 0 0 
33170 319 -173 -600 -173 18 1 -173 0 0 
33175 315 -170 -598 -170 18 1 -170 0 0 
33180 313 -170 -598 -170 18 1 -170 0 0 
33185 310 -170 -600 -170 18 1 -170 0 0 
33190 306 -165 -600 -165 18 1 -165 0 0 
33195 304 -165 -600 -165 18 1 -165 0 0 
33200 301 -165 -600 -165 18 1 -165 0 0 
33205 299 -165 -600 -165 18 1 -165 0 0 
33210 295 -165 -600 -165 18 1 -165 0 0 
33215 292 -165 -600 -165 18 1 -165 0 0 
33220 290 -165 -600 -165 18 1 -165 0 0 
33225 286 -165 -598 -165 18 1 -165 0 0 
33230 283 -165 -600 -165 18 1 -165 0 0 
33235 279 -165 -600 -165 18 1 -165 0 0 
33240 277 -165 -600 -165 18 1 -165 0 0 
33245 274 -162 -600 -162 18 1 -162 0 0 
33250 270 -162 -600 -162 18 1 -162 0 0 
33255 268 -162 -600 -162 18 1 -162 0 0 
33260 265 -162 -598 -162 18 1 -162 0 0 
33265 261 -162 -600 -162 18 1 -162 0 0 
33270 257 -158 -600 -158 18 1 -158 0 0 
33275 255 -158 -600 -158 18 1 -158 0 0 
33280 252 -155 -598 -155 18 1 -155 0 0 
33285 248 -155 -600 -155 18 1 -155 0 0 
33290 246 -155 -600 -155 18 1 -155 0 0 
33295 243 -155 -600 -155 18 1 -155 0 0 
33300 241 -155 -600 -155 18 1 -155 0 0 
33305 237 -158 -598 -158 18 1 -158 0 0 
33310 234 -158 -600 -158 18 1 -158 0 0 
33315 230 -155 -600 -155 18 1 -155 0 0 
33320 228 -155 -600 -155 18 1 -155 0 0 
33325 225 -155 -598 -155 18 1 -155 0 0 
33330 221 -150 -598 -150 18 1 -150 0 0 
33335 219 -150 -598 -150 18 1 -150 0 0 
33340 215 -150 -600 -150 18 1 -150 0 0 
33345 213 -150 -598 -150 18 1 -150 0 0 
33350 207 -150 -600 -150 18 1 -150 0 0 
33355 205 -147 -600 -147 18 1 -147 0 0 
33360 202 -147 -598 -147 18 1 -147 0 0 
33365 200 -147 -600 -147 18 1 -147 0 0 
33370 196 -143 -598 -143 18 1 -143 0 0 
33375 193 -143 -598 -143 18 1 -143 0 0 
33380 191 -140 -600 -140 18 1 -140 0 0 
33385 187 -140 -600 -140 18 1 -140 0 0 
33390 184 -140 -600 -140 18 1 -140 0 0 
33395 182 -135 -600 -135 18 1 -135 0 0 
33400 178 -135 -600 -135 18 1 -135 0 0 
33405 176 -135 -598 -135 18 1 -135 0 0 
33410 173 -132 -600 -132 18 1 -132 0 0 
33415 169 -132 -600 -132 18 1 -132 0 0 
33420 166 -132 -598 -132 18 1 -132 0 0 
33425 164 -132 -598 -132 18 1 -132 0 0 
33430 160 -128 -600 -128 18 1 -128 0 0 
33435 157 -128 -600 -128 18 1 -128 0 0 
33440 155 -125 -600 -125 18 1 -125 0 0 
33445 153 -125 -600 -125 18 1 -125 0 0 
33450 147 -125 -600 -125 18 1 -125 0 0 
33455 146 -120 -600 -120 18 1 -120 0 0 
33460 142 -120 -600 -120 18 1 -120 0 0 
33465 140 -120 -600 -120 18 1 -120 0 0 
33470 137 -120 -598 -120 18 1 -120 0 0 
33475 133 -117 -600 -117 18 1 -117 0 0 
33480 131 -113 -600 -113 18 1 -113 0 0 
33485 127 -113 -600 -113 18 1 -113 0 0 
33490 126 -110 -600 -110 18 1 -110 0 0 
33495 122 -105 -598 -105 18 1 -105 0 0 
33500 118 -102 -598 -102 18 1 -102 0 0 
33505 117 -98 -593 -98 18 1 -98 0 0 
33510 113 -90 -585 -90 18 1 -90 0 0 
33515 109 -83 -573 -83 18 1 -83 0 0 
33520 106 -83 -565 -83 18 1 -83 0 0 
33525 104 -80 -555 -80 18 1 -80 0 0 
33530 102 -80 -550 -80 18 1 -80 0 0 
33535 98 -83 -535 -83 18 1 -83 0 0 
33540 95 -83 -528 -83 18 1 -83 0 0 
33545 93 -80 -520 -80 18 1 -80 0 0 
33550 91 -75 -513 -75 18 1 -75 0 0 
33555 88 -68 -498 -68 18 1 -68 0 0 
33560 86 -60 -485 -60 18 1 -60 0 0 
33565 84 -57 -473 -57 18 1 -57 0 0 
33570 80 -57 -468 -57 18 1 -57 0 0 
33575 79 -60 -455 -60 18 1 -60 0 0 
33580 77 -57 -445 -57 18 1 -57 0 0 
33585 73 -53 -433 -53 18 1 -53 0 0 
33590 71 -42 -423 -42 18 1 -42 0 0 
33595 69 -30 -410 -30 18 1 -30 0 0 
33600 68 -15 -405 -15 18 1 -15 0 0 
33605 66 -8 -398 -8 18 1 -8 0 0 
33610 64 -5 -385 -5 18 1 -5 0 0 
33615 60 -5 -370 -5 18 1 -5 0 0 
33620 60 0 -363 0 18 1 0 0 0 
33625 59 8 -355 8 18 1 8 0 0 
33630 55 15 -350 15 18 1 15 0 0 
33635 53 27 -330 27 18 1 27 0 0 
33640 51 30 -318 30 18 1 30 0 0 
33645 50 38 -303 38 18 1 38 0 0 
33650 50 42 -290 42 18 1 42 0 0 
33655 48 50 -275 50 18 1 50 0 0 
33660 46 57 -258 57 18 1 57 0 0 
33665 46 60 -235 60 18 1 60 0 0 
33670 44 68 -220 68 18 1 68 0 0 
33675 42 72 -193 72 18 1 72 0 0 
33680 42 75 -170 75 18 1 75 0 0 
33685 40 80 -148 80 18 1 80 0 0 
33690 40 83 -128 83 18 1 83 0 0 
33695 39 87 -95 87 18 1 87 0 0 
33700 39 90 -70 90 18 1 90 0 0 
33705 39 95 -48 95 18 1 95 0 0 
33710 39 98 -15 98 18 1 98 0 0 
33715 39 98 3 98 18 1 98 0 0 
33720 39 102 23 102 18 1 102 0 0 
33725 39 105 53 105 18 1 105 0 0 
33730 39 105 90 105 18 1 105 0 0 
33735 39 113 133 113 18 1 113 0 0 
33740 39 120 165 120 18 1 120 0 0 
33745 40 128 188 128 18 1 128 0 0 
33750 40 132 218 132 18 1 132 0 0 
33755 42 128 253 128 18 1 128 0 0 
33760 44 117 298 117 18 1 117 0 0 
33765 46 113 338 113 18 1 113 0 0 
33770 48 113 370 113 18 1 113 0 0 
33775 50 125 403 125 18 1 125 0 0 
33780 51 132 430 132 18 1 132 0 0 
33785 53 128 460 128 19 1 128 0 0 
33790 55 120 500 120 19 1 120 0 0 
33795 59 110 553 110 19 1 110 0 0 
33800 62 110 588 110 19 1 110 0 0 
33805 64 113 598 113 19 1 113 0 0 
33810 68 120 600 120 19 1 120 0 0 
33815 69 120 603 120 19 1 120 0 0 
33820 73 110 600 110 19 1 110 0 0 
33825 77 102 603 102 19 1 102 0 0 
33830 80 102 600 102 19 1 102 0 0 
33835 82 120 600 120 19 1 120 0 0 
33840 86 147 603 147 19 1 147 0 0 
33845 88 165 600 165 19 1 165 0 0 
33850 91 170 600 170 19 1 170 0 0 
33855 95 158 603 158 19 1 158 0 0 
33860 98 140 600 140 19 1 140 0 0 
33865 100 128 600 128 19 1 128 0 0 
33870 104 125 600 125 19 1 125 0 0 
33875 108 132 600 132 19 1 132 0 0 
33880 109 140 603 140 19 1 140 0 0 
33885 113 143 600 143 19 1 143 0 0 
33890 117 135 603 135 19 1 135 0 0 
33895 118 128 600 128 19 1 128 0 0 
33900 122 120 603 120 19 1 120 0 0 
33905 124 117 600 117 19 1 117 0 0 
33910 127 120 600 120 19 1 120 0 0 
33915 131 128 600 128 19 1 128 0 0 
33920 133 128 600 128 19 1 128 0 0 
33925 137 125 600 125 19 1 125 0 0 
33930 140 120 603 120 19 1 120 0 0 
33935 142 117 603 117 19 1 117 0 0 
33940 146 120 600 120 19 1 120 0 0 
33945 149 125 603 125 19 1 125 0 0 
33950 151 128 600 128 19 1 128 0 0 
33955 155 132 600 132 19 1 132 0 0 
33960 157 128 600 128 19 1 128 0 0 
33965 160 128 600 128 19 1 128 0 0 
33970 164 125 603 125 19 1 125 0 0 
33975 167 125 600 125 19 1 125 0 0 
33980 169 128 603 128 19 1 128 0 0 
33985 173 128 600 128 19 1 128 0 0 
33990 175 128 600 128 19 1 128 0 0 
33995 178 128 603 128 19 1 128 0 0 
34000 182 125 603 125 19 1 125 0 0 
34005 184 125 600 125 19 1 125 0 0 
34010 186 125 600 125 19 1 125 0 0 
34015 191 125 600 125 19 1 125 0 0 
34020 195 125 600 125 19 1 125 0 0 
34025 196 125 600 125 19 1 125 0 0 
34030 198 125 603 125 19 1 125 0 0 
34035 202 125 600 125 19 1 125 0 0 
34040 205 125 600 125 19 1 125 0 0 
34045 209 125 600 125 19 1 125 0 0 
34050 211 128 600 128 19 1 128 0 0 
34055 215 128 600 128 19 1 128 0 0 
34060 219 128 600 128 19 1 128 0 0 
34065 221 132 600 132 19 1 132 0 0 
34070 225 132 600 132 19 1 132 0 0 
34075 226 135 600 135 19 1 135 0 0 
34080 230 140 600 140 19 1 140 0 0 
34085 234 143 603 143 19 1 143 0 0 
34090 236 143 603 143 19 1 143 0 0 
34095 241 147 603 147 19 1 147 0 0 
34100 243 147 600 147 19 1 147 0 0 
34105 246 150 600 150 19 1 150 0 0 
34110 248 150 600 150 19 1 150 0 0 
34115 252 155 600 155 19 1 155 0 0 
34120 254 155 603 155 19 1 155 0 0 
34125 257 155 600 155 19 1 155 0 0 
34130 261 155 603 155 19 1 155 0 0 
34135 265 155 600 155 19 1 155 0 0 
34140 268 155 600 155 19 1 155 0 0 
34145 270 158 600 158 19 1 158 0 0 
34150 274 158 600 158 19 1 158 0 0 
34155 277 162 600 162 19 1 162 0 0 
34160 279 158 600 158 19 1 158 0 0 
34165 283 158 600 158 19 1 158 0 0 
34170 286 158 600 158 19 1 158 0 0 
34175 288 158 600 158 19 1 158 0 0 
34180 292 158 600 158 19 1 158 0 0 
34185 295 162 600 162 19 1 162 0 0 
34190 297 162 600 162 19 1 162 0 0 
34195 301 162 600 162 19 1 162 0 0 
34200 304 162 600 162 19 1 162 0 0 
34205 306 162 600 162 19 1 162 0 0 
34210 310 165 603 165 19 1 165 0 0 
34215 313 170 603 170 19 1 170 0 0 
34220 315 170 600 170 19 1 170 0 0 
34225 319 170 600 170 19 1 170 0 0 
34230 323 170 603 170 19 1 170 0 0 
34235 326 170 600 170 19 1 170 0 0 
34240 328 173 600 173 19 1 173 0 0 
34245 332 173 600 173 19 1 173 0 0 
34250 333 173 603 173 19 1 173 0 0 
34255 337 173 600 173 19 1 173 0 0 
34260 339 173 600 173 19 1 173 0 0 
34265 343 177 600 177 19 1 177 0 0 
34270 346 173 603 173 19 1 173 0 0 
34275 348 177 600 177 19 1 177 0 0 
34280 352 177 603 177 19 1 177 0 0 
34285 355 177 600 177 19 1 177 0 0 
34290 357 177 603 177 19 1 177 0 0 
34295 361 177 600 177 19 1 177 0 0 
34300 364 177 600 177 19 1 177 0 0 
34305 366 177 600 177 19 1 177 0 0 
34310 370 177 600 177 19 1 177 0 0 
34315 373 180 600 180 19 1 180 0 0 
34320 377 180 600 180 19 1 180 0 0 
34325 379 180 603 180 19 1 180 0 0 
34330 382 180 600 180 19 1 180 0 0 
34335 384 180 600 180 19 1 180 0 0 
34340 388 180 600 180 19 1 180 0 0 
34345 391 180 603 180 19 1 180 0 0 
34350 393 180 600 180 19 1 180 0 0 
34355 399 180 603 180 19 1 180 0 0 
34360 401 177 600 177 19 1 177 0 0 
34365 404 173 603 173 19 1 173 0 0 
34370 406 170 600 170 19 1 170 0 0 
34375 410 162 600 162 19 1 162 0 0 
34380 411 158 600 158 19 1 158 0 0 
34385 415 155 600 155 19 1 155 0 0 
34390 419 155 600 155 19 1 155 0 0 
34395 420 150 603 150 19 1 150 0 0 
34400 424 147 603 147 19 1 147 0 0 
34405 428 143 600 143 19 1 143 0 0 
34410 430 143 600 143 19 1 143 0 0 
34415 433 147 603 147 19 1 147 0 0 
34420 437 147 600 147 19 1 147 0 0 
34425 441 150 603 150 19 1 150 0 0 
34430 443 150 603 150 19 1 150 0 0 
34435 447 150 600 150 19 1 150 0 0 
34440 451 150 600 150 19 1 150 0 0 
34445 454 155 603 155 19 1 155 0 0 
34450 456 155 603 155 19 1 155 0 0 
34455 458 158 600 158 19 1 158 0 0 
34460 461 158 600 158 19 1 158 0 0 
34465 463 162 600 162 19 1 162 0 0 
34470 467 158 600 158 19 1 158 0 0 
34475 470 158 600 158 19 1 158 0 0 
34480 472 158 603 158 19 1 158 0 0 
34485 476 158 600 158 19 1 158 0 0 
34490 480 158 600 158 19 1 158 0 0 
34495 481 158 603 158 19 1 158 0 0 
34500 485 158 603 158 19 1 158 0 0 
34505 489 158 600 158 19 1 158 0 0 
34510 490 162 600 162 19 1 162 0 0 
34515 494 162 600 162 19 1 162 0 0 
34520 498 162 600 162 19 1 162 0 0 
34525 499 162 600 162 19 1 162 0 0 
34530 503 162 600 162 19 1 162 0 0 
34535 507 162 600 162 19 1 162 0 0 
34540 510 162 600 162 19 1 162 0 0 
34545 512 162 603 162 19 1 162 0 0 
34550 514 162 600 162 19 1 162 0 0 
34555 519 162 603 162 19 1 162 0 0 
34560 523 162 600 162 19 1 162 0 0 
34565 525 162 603 162 19 1 162 0 0 
34570 528 162 600 162 19 1 162 0 0 
34575 532 162 600 162 19 1 162 0 0 
34580 534 158 600 158 19 1 158 0 0 
34585 538 158 600 158 19 1 158 0 0 
34590 539 158 600 158 19 1 158 0 0 
34595 543 155 600 155 19 1 155 0 0 
34600 547 155 603 155 19 1 155 0 0 
34605 550 150 600 150 19 1 150 0 0 
34610 552 150 600 150 19 1 150 0 0 
34615 556 147 603 147 19 1 147 0 0 
34620 558 147 600 147 19 1 147 0 0 
34625 561 147 600 147 19 1 147 0 0 
34630 565 147 600 147 19 1 147 0 0 
34635 567 147 600 147 19 1 147 0 0 
34640 570 147 600 147 19 1 147 0 0 
34645 572 147 600 147 19 1 147 0 0 
34650 576 147 603 147 19 1 147 0 0 
34655 579 147 603 147 19 1 147 0 0 
34660 581 143 603 143 19 1 143 0 0 
34665 585 143 600 143 19 1 143 0 0 
34670 588 140 603 140 19 1 140 0 0 
34675 590 135 603 135 19 1 135 0 0 
34680 594 135 603 135 19 1 135 0 0 
34685 597 132 600 132 19 1 132 0 0 
34690 599 132 600 132 19 1 132 0 0 
34695 603 132 603 132 19 1 132 0 0 
34700 605 132 600 132 19 1 132 0 0 
34705 608 132 600 132 19 1 132 0 0 
34710 612 128 600 128 19 1 128 0 0 
34715 616 128 600 128 19 1 128 0 0 
34720 617 128 603 128 19 1 128 0 0 
34725 621 128 600 128 19 1 128 0 0 
34730 625 125 600 125 19 1 125 0 0 
34735 626 125 603 125 19 1 125 0 0 
34740 630 125 603 125 19 1 125 0 0 
34745 634 125 603 125 19 1 125 0 0 
34750 635 125 600 125 19 1 125 0 0 
34755 639 120 600 120 19 1 120 0 0 
34760 643 125 603 125 19 1 125 0 0 
34765 645 120 603 120 19 1 120 0 0 
34770 648 125 603 125 19 1 125 0 0 
34775 650 117 603 117 19 1 117 0 0 
34780 654 113 600 113 19 1 113 0 0 
34785 657 113 600 113 19 1 113 0 0 
34790 659 110 600 110 19 1 110 0 0 
34795 664 110 600 110 19 1 110 0 0 
34800 667 110 600 110 19 1 110 0 0 
34805 671 105 600 105 19 1 105 0 0 
34810 673 102 603 102 19 1 102 0 0 
34815 676 102 603 102 19 1 102 0 0 
34820 680 98 600 98 19 1 98 0 0 
34825 684 98 603 98 19 1 98 0 0 
34830 685 95 600 95 19 1 95 0 0 
34835 689 95 600 95 19 1 95 0 0 
34840 691 95 600 95 19 1 95 0 0 
34845 695 90 600 90 19 1 90 0 0 
34850 698 90 600 90 19 1 90 0 0 
34855 700 87 600 87 19 1 87 0 0 
34860 704 87 603 87 19 1 87 0 0 
34865 707 87 600 87 19 1 87 0 0 
34870 709 87 600 87 19 1 87 0 0 
34875 713 83 600 83 19 1 83 0 0 
34880 716 83 603 83 19 1 83 0 0 
34885 720 83 600 83 19 1 83 0 0 
34890 722 83 603 83 19 1 83 0 0 
34895 725 83 600 83 19 1 83 0 0 
34900 727 83 603 83 19 1 83 0 0 
34905 731 83 600 83 19 1 83 0 0 
34910 733 83 600 83 19 1 83 0 0 
34915 736 80 600 80 19 1 80 0 0 
34920 740 80 603 80 19 1 80 0 0 
34925 742 80 600 80 19 1 80 0 0 
34930 745 80 603 80 19 1 80 0 0 
34935 749 80 603 80 19 1 80 0 0 
34940 751 83 600 83 19 1 83 0 0 
34945 754 83 600 83 19 1 83 0 0 
34950 756 80 600 80 19 1 80 0 0 
34955 762 83 600 83 19 1 83 0 0 
34960 763 83 600 83 19 1 83 0 0 
34965 765 83 600 83 19 1 83 0 0 
34970 769 83 600 83 19 1 83 0 0 
34975 773 83 600 83 19 1 83 0 0 
34980 776 83 600 83 19 1 83 0 0 
34985 780 83 600 83 19 1 83 0 0 
34990 782 80 600 80 19 1 80 0 0 
34995 785 80 600 80 19 1 80 0 0 
35000 787 80 600 80 19 1 80 0 0 
35005 791 80 603 80 19 1 80 0 0 
35010 794 80 600 80 19 1 80 0 0 
35015 796 80 603 80 19 1 80 0 0 
35020 800 75 600 75 19 1 75 0 0 
35025 802 75 603 75 19 1 75 0 0 
35030 805 72 600 72 19 1 72 0 0 
35035 809 72 600 72 19 1 72 0 0 
35040 811 72 603 72 19 1 72 0 0 
35045 814 68 603 68 19 1 68 0 0 
35050 816 65 603 65 19 1 65 0 0 
35055 820 65 600 65 19 1 65 0 0 
35060 823 60 600 60 19 1 60 0 0 
35065 827 60 600 60 19 1 60 0 0 
35070 829 57 600 57 19 1 57 0 0 
35075 832 57 603 57 19 1 57 0 0 
35080 836 57 603 57 19 1 57 0 0 
35085 838 53 600 53 19 1 53 0 0 
35090 841 53 600 53 19 1 53 0 0 
35095 845 50 600 50 19 1 50 0 0 
35100 847 45 600 45 19 1 45 0 0 
35105 850 45 600 45 19 1 45 0 0 
35110 854 42 600 42 19 1 42 0 0 
35115 856 42 600 42 19 1 42 0 0 
35120 860 42 600 42 19 1 42 0 0 
35125 861 38 600 38 19 1 38 0 0 
35130 865 35 600 35 19 1 35 0 0 
35135 869 35 600 35 19 1 35 0 0 
35140 872 30 600 30 19 1 30 0 0 
35145 874 27 600 27 19 1 27 0 0 
35150 878 27 600 27 19 1 27 0 0 
35155 880 23 600 23 19 1 23 0 0 
35160 883 20 600 20 19 1 20 0 0 
35165 888 20 600 20 19 1 20 0 0 
35170 891 15 600 15 19 1 15 0 0 
35175 893 15 598 15 19 1 15 0 0 
35180 897 12 598 12 19 1 12 0 0 
35185 899 12 598 12 19 1 12 0 0 
35190 902 12 593 12 19 1 12 0 0 
35195 906 8 593 8 19 1 8 0 0 
35200 910 8 590 8 19 1 8 0 0 
35205 911 8 590 8 19 1 8 0 0 
35210 915 8 585 8 19 1 8 0 0 
35215 917 5 580 5 19 1 5 0 0 
35220 920 5 578 5 19 1 5 0 0 
35225 922 0 575 0 19 1 0 0 0 
35230 926 0 573 0 19 1 0 0 0 
35235 928 0 568 0 19 1 0 0 0 
35240 931 -5 563 -5 19 1 -5 0 0 
35245 935 -5 560 -5 19 1 -5 0 0 
35250 937 -5 555 -5 19 1 -5 0 0 
35255 939 -8 553 -8 19 1 -8 0 0 
35260 942 -12 548 -12 19 1 -12 0 0 
35265 946 -12 540 -12 19 1 -12 0 0 
35270 948 -12 535 -12 19 1 -12 0 0 
35275 951 -12 528 -12 19 1 -12 0 0 
35280 955 -15 520 -15 19 1 -15 0 0 
35285 957 -15 520 -15 19 1 -15 0 0 
35290 959 -15 510 -15 19 1 -15 0 0 
35295 960 -20 503 -20 19 1 -20 0 0 
35300 964 -20 495 -20 19 1 -20 0 0 
35305 966 -20 485 -20 19 1 -20 0 0 
35310 968 -20 475 -20 19 1 -20 0 0 
35315 971 -23 470 -23 19 1 -23 0 0 
35320 973 -23 458 -23 19 1 -23 0 0 
35325 975 -23 448 -23 19 1 -23 0 0 
35330 978 -23 438 -23 19 1 -23 0 0 
35335 980 -27 430 -27 19 1 -27 0 0 
35340 984 -27 418 -27 19 1 -27 0 0 
35345 984 -30 408 -30 19 1 -30 0 0 
35350 986 -30 395 -30 19 1 -30 0 0 
35355 988 -30 383 -30 19 1 -30 0 0 
35360 989 -30 370 -30 19 1 -30 0 0 
35365 991 -30 363 -30 19 1 -30 0 0 
35370 993 -30 350 -30 19 1 -30 0 0 
35375 995 -35 338 -35 19 1 -35 0 0 
35380 997 -30 325 -30 19 1 -30 0 0 
35385 998 -35 310 -35 19 1 -35 0 0 
35390 1000 -30 298 -30 19 1 -30 0 0 
35395 1000 -35 280 -35 19 1 -35 0 0 
35400 1004 -35 263 -35 19 1 -35 0 0 
35405 1004 -38 245 -38 19 1 -38 0 0 
35410 1006 -42 225 -42 19 1 -42 0 0 
35415 1006 -42 210 -42 19 1 -42 0 0 
35420 1007 -45 185 -45 19 1 -45 0 0 
35425 1007 -50 165 -50 19 1 -50 0 0 
35430 1009 -53 148 -53 19 1 -53 0 0 
35435 1009 -57 128 -57 19 1 -57 0 0 
35440 1011 -57 103 -57 19 1 -57 0 0 
35445 1011 -60 80 -60 19 1 -60 0 0 
35450 1011 -60 58 -60 19 1 -60 0 0 
35455 1011 -60 38 -60 19 1 -60 0 0 
35460 1011 -60 5 -60 19 1 -60 0 0 
35465 1013 -60 0 -60 19 1 -60 0 0 
35470 1011 -60 -13 -60 19 1 -60 0 0 
35475 1011 -65 -40 -65 19 1 -65 0 0 
35480 1011 -65 -75 -65 19 1 -65 0 0 
35485 1011 -68 -100 -68 19 1 -68 0 0 
35490 1009 -75 -128 -75 19 1 -75 0 0 
35495 1011 -80 -148 -80 19 1 -80 0 0 
35500 1009 -80 -180 -80 19 1 -80 0 0 
35505 1007 -80 -208 -80 19 1 -80 0 0 
35510 1007 -80 -235 -80 19 1 -80 0 0 
35515 1006 -80 -270 -80 19 1 -80 0 0 
35520 1004 -80 -303 -80 19 1 -80 0 0 
35525 1004 -80 -333 -80 19 1 -80 0 0 
35530 1002 -87 -368 -87 19 1 -87 0 0 
35535 1000 -90 -395 -90 19 1 -90 0 0 
35540 998 -90 -435 -90 20 1 -90 0 0 
35545 995 -90 -463 -90 20 1 -90 0 0 
35550 993 -90 -500 -90 20 1 -90 0 0 
35555 991 -90 -535 -90 20 1 -90 0 0 
35560 988 -90 -578 -90 20 1 -90 0 0 
35565 986 -90 -593 -90 20 1 -90 0 0 
35570 982 -95 -600 -95 20 1 -95 0 0 
35575 978 -98 -600 -98 20 1 -98 0 0 
35580 977 -98 -598 -98 20 1 -98 0 0 
35585 973 -98 -600 -98 20 1 -98 0 0 
35590 971 -105 -600 -105 20 1 -105 0 0 
35595 968 -120 -600 -120 20 1 -120 0 0 
35600 964 -143 -600 -143 20 1 -143 0 0 
35605 960 -162 -600 -162 20 1 -162 0 0 
35610 959 -173 -598 -173 20 1 -173 0 0 
35615 957 -180 -600 -180 20 1 -180 0 0 
35620 951 -180 -600 -180 20 1 -180 0 0 
35625 949 -177 -600 -177 20 1 -177 0 0 
35630 946 -173 -598 -173 20 1 -173 0 0 
35635 944 -170 -598 -170 20 1 -170 0 0 
35640 940 -173 -598 -173 20 1 -173 0 0 
35645 937 -177 -600 -177 20 1 -177 0 0 
35650 935 -180 -600 -180 20 1 -180 0 0 
35655 931 -185 -600 -185 20 1 -185 0 0 
35660 928 -185 -600 -185 20 1 -185 0 0 
35665 924 -185 -600 -185 20 1 -185 0 0 
35670 922 -180 -600 -180 20 1 -180 0 0 
35675 919 -180 -600 -180 20 1 -180 0 0 
35680 915 -180 -598 -180 20 1 -180 0 0 
35685 913 -185 -600 -185 20 1 -185 0 0 
35690 910 -188 -600 -188 20 1 -188 0 0 
35695 908 -185 -600 -185 20 1 -185 0 0 
35700 902 -188 -598 -188 20 1 -188 0 0 
35705 900 -185 -598 -185 20 1 -185 0 0 
35710 899 -185 -600 -185 20 1 -185 0 0 
35715 895 -185 -600 -185 20 1 -185 0 0 
35720 891 -188 -600 -188 20 1 -188 0 0 
35725 888 -188 -600 -188 20 1 -188 0 0 
35730 885 -192 -600 -192 20 1 -192 0 0 
35735 881 -192 -600 -192 20 1 -192 0 0 
35740 878 -195 -598 -195 20 1 -195 0 0 
35745 876 -195 -600 -195 20 1 -195 0 0 
35750 872 -195 -598 -195 20 1 -195 0 0 
35755 869 -195 -598 -195 20 1 -195 0 0 
35760 867 -200 -600 -200 20 1 -200 0 0 
35765 863 -200 -600 -200 20 1 -200 0 0 
35770 860 -203 -600 -203 20 1 -203 0 0 
35775 858 -203 -600 -203 20 1 -203 0 0 
35780 854 -203 -600 -203 20 1 -203 0 0 
35785 852 -203 -598 -203 20 1 -203 0 0 
35790 849 -203 -600 -203 20 1 -203 0 0 
35795 845 -207 -600 -207 20 1 -207 0 0 
35800 843 -207 -600 -207 20 1 -207 0 0 
35805 838 -207 -598 -207 20 1 -207 0 0 
35810 836 -207 -600 -207 20 1 -207 0 0 
35815 832 -207 -600 -207 20 1 -207 0 0 
35820 831 -203 -600 -203 20 1 -203 0 0 
35825 827 -207 -598 -207 20 1 -207 0 0 
35830 823 -207 -598 -207 20 1 -207 0 0 
35835 821 -207 -600 -207 20 1 -207 0 0 
35840 818 -207 -600 -207 20 1 -207 0 0 
35845 814 -207 -600 -207 20 1 -207 0 0 
35850 811 -210 -598 -210 20 1 -210 0 0 
35855 809 -210 -600 -210 20 1 -210 0 0 
35860 805 -210 -600 -210 20 1 -210 0 0 
35865 802 -210 -598 -210 20 1 -210 0 0 
35870 800 -210 -600 -210 20 1 -210 0 0 
35875 796 -210 -600 -210 20 1 -210 0 0 
35880 794 -210 -600 -210 20 1 -210 0 0 
35885 791 -210 -600 -210 20 1 -210 0 0 
35890 787 -215 -600 -215 20 1 -215 0 0 
35895 785 -215 -600 -215 20 1 -215 0 0 
35900 782 -215 -600 -215 20 1 -215 0 0 
35905 778 -215 -600 -215 20 1 -215 0 0 
35910 776 -215 -600 -215 20 1 -215 0 0 
35915 773 -215 -600 -215 20 1 -215 0 0 
35920 769 -215 -598 -215 20 1 -215 0 0 
35925 767 -215 -598 -215 20 1 -215 0 0 
35930 763 -215 -600 -215 20 1 -215 0 0 
35935 762 -215 -598 -215 20 1 -215 0 0 
35940 758 -215 -600 -215 20 1 -215 0 0 
35945 754 -215 -600 -215 20 1 -215 0 0 
35950 751 -215 -600 -215 20 1 -215 0 0 
35955 749 -215 -600 -215 20 1 -215 0 0 
35960 745 -218 -600 -218 20 1 -218 0 0 
35965 742 -218 -598 -218 20 1 -218 0 0 
35970 740 -218 -598 -218 20 1 -218 0 0 
35975 736 -218 -600 -218 20 1 -218 0 0 
35980 733 -222 -600 -222 20 1 -222 0 0 
35985 731 -222 -600 -222 20 1 -222 0 0 
35990 727 -222 -600 -222 20 1 -222 0 0 
35995 725 -222 -598 -222 20 1 -222 0 0 
36000 722 -222 -600 -222 20 1 -222 0 0 
36005 718 -222 -600 -222 20 1 -222 0 0 
36010 714 -222 -600 -222 20 1 -222 0 0 
36015 713 -222 -600 -222 20 1 -222 0 0 
36020 709 -222 -600 -222 20 1 -222 0 0 
36025 705 -222 -600 -222 20 1 -222 0 0 
36030 704 -222 -600 -222 20 1 -222 0 0 
36035 700 -222 -600 -222 20 1 -222 0 0 
36040 698 -225 -600 -225 20 1 -225 0 0 
36045 695 -225 -600 -225 20 1 -225 0 0 
36050 691 -225 -600 -225 20 1 -225 0 0 
36055 689 -225 -598 -225 20 1 -225 0 0 
36060 685 -225 -600 -225 20 1 -225 0 0 
36065 682 -225 -600 -225 20 1 -225 0 0 
36070 678 -225 -600 -225 20 1 -225 0 0 
36075 676 -225 -598 -225 20 1 -225 0 0 
36080 673 -225 -600 -225 20 1 -225 0 0 
36085 669 -225 -598 -225 20 1 -225 0 0 
36090 667 -230 -600 -230 20 1 -230 0 0 
36095 664 -230 -600 -230 20 1 -230 0 0 
36100 659 -230 -598 -230 20 1 -230 0 0 
36105 655 -230 -598 -230 20 1 -230 0 0 
36110 654 -230 -600 -230 20 1 -230 0 0 
36115 650 -230 -598 -230 20 1 -230 0 0 
36120 646 -225 -600 -225 20 1 -225 0 0 
36125 645 -230 -600 -230 20 1 -230 0 0 
36130 641 -230 -598 -230 20 1 -230 0 0 
36135 639 -230 -600 -230 20 1 -230 0 0 
36140 635 -225 -600 -225 20 1 -225 0 0 
36145 632 -225 -600 -225 20 1 -225 0 0 
36150 628 -225 -600 -225 20 1 -225 0 0 
36155 626 -225 -598 -225 20 1 -225 0 0 
36160 623 -230 -600 -230 20 1 -230 0 0 
36165 619 -230 -600 -230 20 1 -230 0 0 
36170 617 -230 -598 -230 20 1 -230 0 0 
36175 614 -233 -600 -233 20 1 -233 0 0 
36180 612 -230 -600 -230 20 1 -230 0 0 
36185 608 -230 -598 -230 20 1 -230 0 0 
36190 605 -230 -600 -230 20 1 -230 0 0 
36195 603 -230 -598 -230 20 1 -230 0 0 
36200 599 -230 -598 -230 20 1 -230 0 0 
36205 596 -230 -600 -230 20 1 -230 0 0 
36210 594 -230 -600 -230 20 1 -230 0 0 
36215 590 -230 -600 -230 20 1 -230 0 0 
36220 587 -230 -598 -230 20 1 -230 0 0 
36225 585 -230 -600 -230 20 1 -230 0 0 
36230 581 -230 -598 -230 20 1 -230 0 0 
36235 577 -230 -600 -230 20 1 -230 0 0 
36240 574 -225 -600 -225 20 1 -225 0 0 
36245 572 -225 -600 -225 20 1 -225 0 0 
36250 570 -230 -598 -230 20 1 -230 0 0 
36255 567 -225 -600 -225 20 1 -225 0 0 
36260 565 -225 -598 -225 20 1 -225 0 0 
36265 559 -225 -598 -225 20 1 -225 0 0 
36270 558 -225 -600 -225 20 1 -225 0 0 
36275 554 -225 -600 -225 20 1 -225 0 0 
36280 552 -225 -598 -225 20 1 -225 0 0 
36285 548 -225 -600 -225 20 1 -225 0 0 
36290 547 -225 -598 -225 20 1 -225 0 0 
36295 543 -225 -600 -225 20 1 -225 0 0 
36300 539 -225 -600 -225 20 1 -225 0 0 
36305 536 -225 -598 -225 20 1 -225 0 0 
36310 534 -225 -598 -225 20 1 -225 0 0 
36315 530 -225 -600 -225 20 1 -225 0 0 
36320 527 -222 -600 -222 20 1 -222 0 0 
36325 523 -222 -600 -222 20 1 -222 0 0 
36330 521 -222 -598 -222 20 1 -222 0 0 
36335 518 -218 -600 -218 20 1 -218 0 0 
36340 514 -218 -600 -218 20 1 -218 0 0 
36345 510 -218 -600 -218 20 1 -218 0 0 
36350 509 -218 -600 -218 20 1 -218 0 0 
36355 505 -215 -600 -215 20 1 -215 0 0 
36360 501 -215 -598 -215 20 1 -215 0 0 
36365 499 -215 -600 -215 20 1 -215 0 0 
36370 496 -215 -600 -215 20 1 -215 0 0 
36375 492 -218 -598 -218 20 1 -218 0 0 
36380 490 -218 -598 -218 20 1 -218 0 0 
36385 487 -218 -600 -218 20 1 -218 0 0 
36390 483 -215 -600 -215 20 1 -215 0 0 
36395 481 -215 -598 -215 20 1 -215 0 0 
36400 478 -215 -598 -215 20 1 -215 0 0 
36405 474 -215 -600 -215 20 1 -215 0 0 
36410 472 -215 -598 -215 20 1 -215 0 0 
36415 469 -215 -600 -215 20 1 -215 0 0 
36420 465 -210 -600 -210 20 1 -210 0 0 
36425 463 -210 -600 -210 20 1 -210 0 0 
36430 460 -210 -600 -210 20 1 -210 0 0 
36435 458 -210 -600 -210 20 1 -210 0 0 
36440 454 -210 -600 -210 20 1 -210 0 0 
36445 451 -210 -598 -210 20 1 -210 0 0 
36450 449 -207 -600 -207 20 1 -207 0 0 
36455 445 -207 -598 -207 20 1 -207 0 0 
36460 443 -207 -600 -207 20 1 -207 0 0 
36465 439 -207 -600 -207 20 1 -207 0 0 
36470 435 -207 -600 -207 20 1 -207 0 0 
36475 431 -207 -600 -207 20 1 -207 0 0 
36480 430 -207 -600 -207 20 1 -207 0 0 
36485 426 -203 -600 -203 20 1 -203 0 0 
36490 422 -203 -600 -203 20 1 -203 0 0 
36495 420 -203 -600 -203 20 1 -203 0 0 
36500 417 -203 -600 -203 20 1 -203 0 0 
36505 413 -200 -600 -200 20 1 -200 0 0 
36510 411 -203 -600 -203 20 1 -203 0 0 
36515 408 -203 -598 -203 20 1 -203 0 0 
36520 404 -200 -598 -200 20 1 -200 0 0 
36525 402 -200 -600 -200 20 1 -200 0 0 
36530 399 -200 -600 -200 20 1 -200 0 0 
36535 395 -200 -600 -200 20 1 -200 0 0 
36540 391 -200 -600 -200 20 1 -200 0 0 
36545 390 -195 -598 -195 20 1 -195 0 0 
36550 386 -195 -600 -195 20 1 -195 0 0 
36555 384 -195 -600 -195 20 1 -195 0 0 
36560 381 -192 -598 -192 20 1 -192 0 0 
36565 377 -192 -600 -192 20 1 -192 0 0 
36570 373 -192 -600 -192 20 1 -192 0 0 
36575 372 -192 -600 -192 20 1 -192 0 0 
36580 368 -192 -598 -192 20 1 -192 0 0 
36585 364 -192 -598 -192 20 1 -192 0 0 
36590 362 -192 -598 -192 20 1 -192 0 0 
36595 359 -192 -603 -192 20 1 -192 0 0 
36600 355 -188 -598 -188 20 1 -188 0 0 
36605 353 -188 -600 -188 20 1 -188 0 0 
36610 350 -188 -600 -188 20 1 -188 0 0 
36615 346 -188 -598 -188 20 1 -188 0 0 
36620 344 -188 -600 -188 20 1 -188 0 0 
36625 341 -188 -600 -188 20 1 -188 0 0 
36630 339 -185 -600 -185 20 1 -185 0 0 
36635 335 -185 -600 -185 20 1 -185 0 0 
36640 332 -185 -600 -185 20 1 -185 0 0 
36645 330 -185 -600 -185 20 1 -185 0 0 
36650 326 -185 -600 -185 20 1 -185 0 0 
36655 324 -185 -600 -185 20 1 -185 0 0 
36660 321 -185 -598 -185 20 1 -185 0 0 
36665 317 -180 -600 -180 20 1 -180 0 0 
36670 313 -180 -600 -180 20 1 -180 0 0 
36675 312 -180 -600 -180 20 1 -180 0 0 
36680 308 -180 -600 -180 20 1 -180 0 0 
36685 304 -177 -600 -177 20 1 -177 0 0 
36690 303 -177 -600 -177 20 1 -177 0 0 
36695 299 -177 -600 -177 20 1 -177 0 0 
36700 295 -177 -600 -177 20 1 -177 0 0 
36705 294 -177 -600 -177 20 1 -177 0 0 
36710 290 -177 -600 -177 20 1 -177 0 0 
36715 286 -177 -600 -177 20 1 -177 0 0 
36720 284 -173 -598 -173 20 1 -173 0 0 
36725 281 -173 -600 -173 20 1 -173 0 0 
36730 277 -173 -600 -173 20 1 -173 0 0 
36735 274 -173 -600 -173 20 1 -173 0 0 
36740 272 -170 -598 -170 20 1 -170 0 0 
36745 268 -170 -600 -170 20 1 -170 0 0 
36750 266 -165 -600 -165 20 1 -165 0 0 
36755 263 -165 -600 -165 20 1 -165 0 0 
36760 259 -165 -600 -165 20 1 -165 0 0 
36765 255 -162 -598 -162 20 1 -162 0 0 
36770 254 -162 -600 -162 20 1 -162 0 0 
36775 250 -162 -600 -162 20 1 -162 0 0 
36780 246 -162 -600 -162 20 1 -162 0 0 
36785 243 -158 -600 -158 20 1 -158 0 0 
36790 241 -158 -598 -158 20 1 -158 0 0 
36795 239 -158 -598 -158 20 1 -158 0 0 
36800 236 -158 -600 -158 20 1 -158 0 0 
36805 232 -155 -600 -155 20 1 -155 0 0 
36810 228 -155 -598 -155 20 1 -155 0 0 
36815 226 -155 -598 -155 20 1 -155 0 0 
36820 223 -155 -600 -155 20 1 -155 0 0 
36825 219 -155 -600 -155 20 1 -155 0 0 
36830 216 -155 -600 -155 20 1 -155 0 0 
36835 213 -155 -600 -155 20 1 -155 0 0 
36840 209 -155 -600 -155 20 1 -155 0 0 
36845 207 -155 -600 -155 20 1 -155 0 0 
36850 204 -155 -598 -155 20 1 -155 0 0 
36855 202 -150 -600 -150 20 1 -150 0 0 
36860 198 -150 -600 -150 20 1 -150 0 0 
36865 195 -147 -600 -147 20 1 -147 0 0 
36870 191 -147 -600 -147 20 1 -147 0 0 
36875 189 -147 -600 -147 20 1 -147 0 0 
36880 186 -143 -600 -143 20 1 -143 0 0 
36885 182 -143 -600 -143 20 1 -143 0 0 
36890 180 -143 -598 -143 20 1 -143 0 0 
36895 176 -143 -598 -143 20 1 -143 0 0 
36900 175 -143 -600 -143 20 1 -143 0 0 
36905 171 -140 -600 -140 20 1 -140 0 0 
36910 167 -140 -598 -140 20 1 -140 0 0 
36915 166 -140 -600 -140 20 1 -140 0 0 
36920 160 -140 -600 -140 20 1 -140 0 0 
36925 158 -135 -600 -135 20 1 -135 0 0 
36930 155 -135 -598 -135 20 1 -135 0 0 
36935 153 -135 -600 -135 20 1 -135 0 0 
36940 149 -132 -600 -132 20 1 -132 0 0 
36945 146 -132 -598 -132 20 1 -132 0 0 
36950 144 -128 -600 -128 20 1 -128 0 0 
36955 140 -128 -600 -128 20 1 -128 0 0 
36960 138 -128 -598 -128 20 1 -128 0 0 
36965 135 -128 -600 -128 20 1 -128 0 0 
36970 131 -125 -600 -125 20 1 -125 0 0 
36975 127 -125 -600 -125 20 1 -125 0 0 
36980 126 -120 -600 -120 20 1 -120 0 0 
36985 122 -120 -600 -120 20 1 -120 0 0 
36990 120 -125 -600 -125 20 1 -125 0 0 
36995 117 -125 -588 -125 20 1 -125 0 0 
37000 113 -120 -580 -120 20 1 -120 0 0 
37005 111 -120 -568 -120 20 1 -120 0 0 
37010 108 -120 -560 -120 20 1 -120 0 0 
37015 106 -117 -550 -117 20 1 -117 0 0 
37020 104 -120 -540 -120 20 1 -120 0 0 
37025 100 -128 -528 -128 20 1 -128 0 0 
37030 97 -132 -523 -132 20 1 -132 0 0 
37035 95 -128 -515 -128 20 1 -128 0 0 
37040 91 -125 -503 -125 20 1 -125 0 0 
37045 89 -110 -495 -110 20 1 -110 0 0 
37050 88 -105 -488 -105 20 1 -105 0 0 
37055 84 -105 -480 -105 20 1 -105 0 0 
37060 82 -105 -468 -105 20 1 -105 0 0 
37065 79 -113 -458 -113 20 1 -113 0 0 
37070 77 -113 -450 -113 20 1 -113 0 0 
37075 75 -110 -438 -110 20 1 -110 0 0 
37080 73 -102 -430 -102 20 1 -102 0 0 
37085 69 -95 -420 -95 20 1 -95 0 0 
37090 68 -90 -410 -90 20 1 -90 0 0 
37095 66 -95 -398 -95 20 1 -95 0 0 
37100 64 -95 -393 -95 20 1 -95 0 0 
37105 62 -95 -380 -95 20 1 -95 0 0 
37110 60 -90 -370 -90 20 1 -90 0 0 
37115 57 -83 -368 -83 20 1 -83 0 0 
37120 57 -80 -355 -80 20 1 -80 0 0 
37125 53 -72 -343 -72 20 1 -72 0 0 
37130 53 -65 -333 -65 20 1 -65 0 0 
37135 51 -65 -325 -65 20 1 -65 0 0 
37140 50 -65 -318 -65 20 1 -65 0 0 
37145 48 -65 -310 -65 20 1 -65 0 0 
37150 46 -65 -305 -65 20 1 -65 0 0 
37155 44 -60 -298 -60 20 1 -60 0 0 
37160 42 -57 -285 -57 20 1 -57 0 0 
37165 40 -45 -270 -45 20 1 -45 0 0 
37170 40 -38 -260 -38 20 1 -38 0 0 
37175 39 -30 -248 -30 20 1 -30 0 0 
37180 37 -23 -245 -23 20 1 -23 0 0 
37185 37 -15 -233 -15 20 1 -15 0 0 
37190 35 -15 -223 -15 20 1 -15 0 0 
37195 33 -12 -218 -12 20 1 -12 0 0 
37200 33 -8 -208 -8 20 1 -8 0 0 
37205 31 0 -195 0 20 1 0 0 0 
37210 31 8 -183 8 20 1 8 0 0 
37215 30 12 -170 12 20 1 12 0 0 
37220 30 15 -165 15 20 1 15 0 0 
37225 28 20 -153 20 20 1 20 0 0 
37230 28 23 -140 23 20 1 23 0 0 
37235 28 27 -128 27 20 1 27 0 0 
37240 26 35 -110 35 20 1 35 0 0 
37245 26 42 -93 42 20 1 42 0 0 
37250 24 50 -75 50 20 1 50 0 0 
37255 26 57 -58 57 20 1 57 0 0 
37260 24 65 -40 65 20 1 65 0 0 
37265 24 72 -13 72 20 1 72 0 0 
37270 24 75 0 75 20 1 75 0 0 
37275 24 80 10 80 20 1 80 0 0 
37280 26 83 35 83 20 1 83 0 0 
37285 24 90 70 90 20 1 90 0 0 
37290 26 98 100 98 20 1 98 0 0 
37295 26 102 133 102 20 1 102 0 0 
