19110715.345
File-type:2
Date of Test:07.11.2019
Time of Test:15:34
Name of Person:GREEN JULIA         
Joint-Side:0
Test-Mode:1
Joint:3
Plane:0
Zero:235
Motion-Start:0
Motion-End:125
Speed (Movement 1):60
Speed (Movement 2):60
Acceleration  (conc):5
Acceleration  (ecc):5
Decelerat.(conc):
Decelerat.(ecc):
Break:60
Start-Holdposition:
End-Holdposition:
Hold-Time:
No. of sets:1
No. of repetitions:10
Start-Trigg.:
Weight:89 
Height:182
Date of birth:08.01.1980
Insured side:                      
Sex:          
Therapist:                      
Gravitycomp.:0
Astacustest:0
Dyna-Tilt-Angle:0
Dyna-Rotation:30
Dyna-Height:300
Dyna-Swivelarm:33643
Seatback-Tilt-Angle:70
Seatback-Move:100
Seat-Tilt:1
Seat-Thigh-Pad:0
Adapter-Pullout-Lenght:170
Adapter-Pullout-Side:0
Footadapter-Rotation:30
Footadapter-Tilt:0
Footadapter-Move:0
Supporthandle-Lenght:180
Supporthandle-Move:50
Supporthandle-Side:0
Shoulder-Lenght:0
Shoulder-Side:0
Double-Pad:0


fdgsfdgsgfsfgsgfsfgssfgsf
UserID:0
MwareID:0


























EXPLANATION OF THE COLUMNS
1.column: time in milliseconds
2.column: relative position in 1/10 degree or millimeter
3.column: torque in 1/10 Nm or force in newton
4.column: speed in 1/10 degree/second or 1/10 millimeter/second
5.column: torque without gravitycalibration in 1/10 Nm
6.column: current repetition(about 1.2 degrees delayed)
7.column: current set
8.column: torque on dynamometer
9.column: force on right leg or deviation of force
10.column: force on left leg or deviation of position
 
MEASUREMENT STARTS AFTER LINE 100





5 6 15 18 15 1 1 15 0 0 
10 6 15 18 15 1 1 15 0 0 
15 6 20 23 20 1 1 20 0 0 
20 6 20 25 20 1 1 20 0 0 
25 6 20 28 20 1 1 20 0 0 
30 6 20 30 20 1 1 20 0 0 
35 6 20 35 20 1 1 20 0 0 
40 8 20 38 20 1 1 20 0 0 
45 8 23 40 23 1 1 23 0 0 
50 8 23 43 23 1 1 23 0 0 
55 8 23 48 23 1 1 23 0 0 
60 8 23 50 23 1 1 23 0 0 
65 8 23 53 23 1 1 23 0 0 
70 8 23 58 23 1 1 23 0 0 
75 8 20 63 20 1 1 20 0 0 
80 10 23 70 23 1 1 23 0 0 
85 10 27 75 27 1 1 27 0 0 
90 10 30 80 30 1 1 30 0 0 
95 11 35 83 35 1 1 35 0 0 
100 10 35 93 35 1 1 35 0 0 
105 11 30 105 30 1 1 30 0 0 
110 11 35 115 35 1 1 35 0 0 
115 11 35 120 35 1 1 35 0 0 
120 11 38 130 38 1 1 38 0 0 
125 13 42 135 42 1 1 42 0 0 
130 13 42 143 42 1 1 42 0 0 
135 15 38 153 38 1 1 38 0 0 
140 15 38 165 38 1 1 38 0 0 
145 17 38 175 38 1 1 38 0 0 
150 17 42 185 42 1 1 42 0 0 
155 17 42 195 42 1 1 42 0 0 
160 19 45 205 45 1 1 45 0 0 
165 20 45 218 45 1 1 45 0 0 
170 22 45 228 45 1 1 45 0 0 
175 22 45 245 45 1 1 45 0 0 
180 24 45 263 45 1 1 45 0 0 
185 26 50 275 50 1 1 50 0 0 
190 26 57 288 57 1 1 57 0 0 
195 28 57 300 57 1 1 57 0 0 
200 30 60 318 60 1 1 60 0 0 
205 31 60 340 60 1 1 60 0 0 
210 33 60 358 60 1 1 60 0 0 
215 35 65 380 65 1 1 65 0 0 
220 37 68 405 68 1 1 68 0 0 
225 39 72 423 72 1 1 72 0 0 
230 40 75 445 75 1 1 75 0 0 
235 42 80 468 80 1 1 80 0 0 
240 46 80 498 80 1 1 80 0 0 
245 48 80 523 80 1 1 80 0 0 
250 51 83 553 83 1 1 83 0 0 
255 53 87 578 87 1 1 87 0 0 
260 57 95 598 95 1 1 95 0 0 
265 60 98 600 98 1 1 98 0 0 
270 64 98 603 98 1 1 98 0 0 
275 66 98 603 98 1 1 98 0 0 
280 69 102 600 102 1 1 102 0 0 
285 73 113 600 113 1 1 113 0 0 
290 75 132 600 132 1 1 132 0 0 
295 79 155 600 155 1 1 155 0 0 
300 82 177 600 177 1 1 177 0 0 
305 86 188 600 188 1 1 188 0 0 
310 88 192 603 192 1 1 192 0 0 
315 91 188 603 188 1 1 188 0 0 
320 95 185 600 185 1 1 185 0 0 
325 97 180 600 180 1 1 180 0 0 
330 100 185 600 185 1 1 185 0 0 
335 102 188 603 188 1 1 188 0 0 
340 106 195 600 195 1 1 195 0 0 
345 109 203 600 203 1 1 203 0 0 
350 111 207 603 207 1 1 207 0 0 
355 115 210 600 210 1 1 210 0 0 
360 118 215 600 215 1 1 215 0 0 
365 122 218 603 218 1 1 218 0 0 
370 124 218 600 218 1 1 218 0 0 
375 127 222 603 222 1 1 222 0 0 
380 131 225 600 225 1 1 225 0 0 
385 135 225 600 225 1 1 225 0 0 
390 137 230 600 230 1 1 230 0 0 
395 138 233 600 233 1 1 233 0 0 
400 142 233 600 233 1 1 233 0 0 
405 146 237 603 237 1 1 237 0 0 
410 149 240 603 240 1 1 240 0 0 
415 151 245 600 245 1 1 245 0 0 
420 155 245 600 245 1 1 245 0 0 
425 157 248 603 248 1 1 248 0 0 
430 160 248 600 248 1 1 248 0 0 
435 164 248 600 248 1 1 248 0 0 
440 167 252 600 252 1 1 252 0 0 
445 169 252 603 252 1 1 252 0 0 
450 173 260 600 260 1 1 260 0 0 
455 175 260 600 260 1 1 260 0 0 
460 178 263 600 263 1 1 263 0 0 
465 182 263 600 263 1 1 263 0 0 
470 184 263 603 263 1 1 263 0 0 
475 187 263 600 263 1 1 263 0 0 
480 191 267 600 267 1 1 267 0 0 
485 193 267 600 267 1 1 267 0 0 
490 196 270 600 270 1 1 270 0 0 
495 200 270 600 270 1 1 270 0 0 
500 204 275 600 275 1 1 275 0 0 
505 205 275 603 275 1 1 275 0 0 
510 209 275 600 275 1 1 275 0 0 
515 211 275 600 275 1 1 275 0 0 
520 216 278 603 278 1 1 278 0 0 
525 219 278 600 278 1 1 278 0 0 
530 223 278 600 278 1 1 278 0 0 
535 225 278 603 278 1 1 278 0 0 
540 228 278 600 278 1 1 278 0 0 
545 232 282 600 282 1 1 282 0 0 
550 234 282 600 282 1 1 282 0 0 
555 237 282 603 282 1 1 282 0 0 
560 241 278 600 278 1 1 278 0 0 
565 243 282 600 282 1 1 282 0 0 
570 246 282 600 282 1 1 282 0 0 
575 248 282 603 282 1 1 282 0 0 
580 254 285 600 285 1 1 285 0 0 
585 255 285 600 285 1 1 285 0 0 
590 257 285 600 285 1 1 285 0 0 
595 261 282 600 282 1 1 282 0 0 
600 265 282 600 282 1 1 282 0 0 
605 268 282 600 282 1 1 282 0 0 
610 272 285 600 285 1 1 285 0 0 
615 274 285 600 285 1 1 285 0 0 
620 277 285 600 285 1 1 285 0 0 
625 281 290 600 290 1 1 290 0 0 
630 283 290 603 290 1 1 290 0 0 
635 286 290 600 290 1 1 290 0 0 
640 290 285 600 285 1 1 285 0 0 
645 292 290 600 290 1 1 290 0 0 
650 295 285 600 285 1 1 285 0 0 
655 299 285 600 285 1 1 285 0 0 
660 303 285 600 285 1 1 285 0 0 
665 304 285 600 285 1 1 285 0 0 
670 308 290 600 290 1 1 290 0 0 
675 312 290 600 290 1 1 290 0 0 
680 313 290 600 290 1 1 290 0 0 
685 317 290 600 290 1 1 290 0 0 
690 319 290 600 290 1 1 290 0 0 
695 323 290 600 290 1 1 290 0 0 
700 326 290 600 290 1 1 290 0 0 
705 330 290 600 290 1 1 290 0 0 
710 332 293 600 293 1 1 293 0 0 
715 335 293 600 293 1 1 293 0 0 
720 339 293 600 293 1 1 293 0 0 
725 341 293 600 293 1 1 293 0 0 
730 344 293 600 293 1 1 293 0 0 
735 346 293 603 293 1 1 293 0 0 
740 350 293 603 293 1 1 293 0 0 
745 353 297 603 297 1 1 297 0 0 
750 357 297 600 297 1 1 297 0 0 
755 361 297 600 297 1 1 297 0 0 
760 362 300 600 300 1 1 300 0 0 
765 364 300 600 300 1 1 300 0 0 
770 368 300 600 300 1 1 300 0 0 
775 372 305 603 305 1 1 305 0 0 
780 375 305 603 305 1 1 305 0 0 
785 377 308 600 308 1 1 308 0 0 
790 381 308 603 308 1 1 308 0 0 
795 382 308 600 308 1 1 308 0 0 
800 386 308 600 308 1 1 308 0 0 
805 390 308 603 308 1 1 308 0 0 
810 393 312 600 312 1 1 312 0 0 
815 395 312 600 312 1 1 312 0 0 
820 399 315 600 315 1 1 315 0 0 
825 402 315 600 315 1 1 315 0 0 
830 404 320 603 320 1 1 320 0 0 
835 408 320 603 320 1 1 320 0 0 
840 411 323 600 323 1 1 323 0 0 
845 415 323 600 323 1 1 323 0 0 
850 417 327 600 327 1 1 327 0 0 
855 419 330 603 330 1 1 330 0 0 
860 424 330 600 330 1 1 330 0 0 
865 426 330 603 330 1 1 330 0 0 
870 430 330 603 330 1 1 330 0 0 
875 431 330 600 330 1 1 330 0 0 
880 435 330 603 330 1 1 330 0 0 
885 439 330 603 330 1 1 330 0 0 
890 441 330 600 330 1 1 330 0 0 
895 445 335 600 335 1 1 335 0 0 
900 449 335 600 335 1 1 335 0 0 
905 452 335 603 335 1 1 335 0 0 
910 454 338 600 338 1 1 338 0 0 
915 456 338 600 338 1 1 338 0 0 
920 460 342 600 342 1 1 342 0 0 
925 463 342 600 342 1 1 342 0 0 
930 467 342 600 342 1 1 342 0 0 
935 469 342 600 342 1 1 342 0 0 
940 472 342 600 342 1 1 342 0 0 
945 476 345 603 345 1 1 345 0 0 
950 478 350 600 350 1 1 350 0 0 
955 481 353 603 353 1 1 353 0 0 
960 485 353 600 353 1 1 353 0 0 
965 487 353 600 353 1 1 353 0 0 
970 490 353 600 353 1 1 353 0 0 
975 494 350 600 350 1 1 350 0 0 
980 498 345 600 345 1 1 345 0 0 
985 499 345 600 345 1 1 345 0 0 
990 501 345 600 345 1 1 345 0 0 
995 505 350 600 350 1 1 350 0 0 
1000 509 353 600 353 1 1 353 0 0 
1005 512 353 600 353 1 1 353 0 0 
1010 516 357 600 357 1 1 357 0 0 
1015 518 357 600 357 1 1 357 0 0 
1020 521 360 600 360 1 1 360 0 0 
1025 525 360 600 360 1 1 360 0 0 
1030 527 357 600 357 1 1 357 0 0 
1035 530 360 600 360 1 1 360 0 0 
1040 534 360 600 360 1 1 360 0 0 
1045 538 360 600 360 1 1 360 0 0 
1050 539 360 600 360 1 1 360 0 0 
1055 543 360 600 360 1 1 360 0 0 
1060 547 357 603 357 1 1 357 0 0 
1065 548 357 600 357 1 1 357 0 0 
1070 552 360 600 360 1 1 360 0 0 
1075 554 360 600 360 1 1 360 0 0 
1080 558 360 600 360 1 1 360 0 0 
1085 561 360 603 360 1 1 360 0 0 
1090 565 365 600 365 1 1 365 0 0 
1095 567 360 600 360 1 1 360 0 0 
1100 570 360 600 360 1 1 360 0 0 
1105 574 360 600 360 1 1 360 0 0 
1110 576 360 600 360 1 1 360 0 0 
1115 579 360 600 360 1 1 360 0 0 
1120 583 368 600 368 1 1 368 0 0 
1125 585 372 603 372 1 1 372 0 0 
1130 588 372 600 372 1 1 372 0 0 
1135 590 372 600 372 1 1 372 0 0 
1140 594 372 600 372 1 1 372 0 0 
1145 596 375 600 375 1 1 375 0 0 
1150 599 375 603 375 1 1 375 0 0 
1155 603 380 600 380 1 1 380 0 0 
1160 605 380 600 380 1 1 380 0 0 
1165 610 380 603 380 1 1 380 0 0 
1170 612 380 600 380 1 1 380 0 0 
1175 614 375 600 375 1 1 375 0 0 
1180 617 375 600 375 1 1 375 0 0 
1185 621 380 603 380 1 1 380 0 0 
1190 625 380 600 380 1 1 380 0 0 
1195 626 380 600 380 1 1 380 0 0 
1200 630 380 603 380 1 1 380 0 0 
1205 634 380 600 380 1 1 380 0 0 
1210 635 380 600 380 1 1 380 0 0 
1215 639 380 603 380 1 1 380 0 0 
1220 641 380 600 380 1 1 380 0 0 
1225 645 375 603 375 1 1 375 0 0 
1230 648 375 600 375 1 1 375 0 0 
1235 650 375 600 375 1 1 375 0 0 
1240 654 375 600 375 1 1 375 0 0 
1245 657 372 603 372 1 1 372 0 0 
1250 661 372 600 372 1 1 372 0 0 
1255 666 372 603 372 1 1 372 0 0 
1260 667 372 603 372 1 1 372 0 0 
1265 671 372 600 372 1 1 372 0 0 
1270 673 372 600 372 1 1 372 0 0 
1275 676 372 603 372 1 1 372 0 0 
1280 680 372 600 372 1 1 372 0 0 
1285 684 372 600 372 1 1 372 0 0 
1290 685 368 600 368 1 1 368 0 0 
1295 689 365 600 365 1 1 365 0 0 
1300 691 360 600 360 1 1 360 0 0 
1305 696 357 600 357 1 1 357 0 0 
1310 698 357 603 357 1 1 357 0 0 
1315 702 357 600 357 1 1 357 0 0 
1320 704 357 603 357 1 1 357 0 0 
1325 707 360 603 360 1 1 360 0 0 
1330 711 360 600 360 1 1 360 0 0 
1335 713 360 600 360 1 1 360 0 0 
1340 716 360 600 360 1 1 360 0 0 
1345 720 357 600 357 1 1 357 0 0 
1350 722 353 603 353 1 1 353 0 0 
1355 725 353 600 353 1 1 353 0 0 
1360 727 357 600 357 1 1 357 0 0 
1365 733 360 603 360 1 1 360 0 0 
1370 734 360 600 360 1 1 360 0 0 
1375 738 360 600 360 1 1 360 0 0 
1380 740 360 600 360 1 1 360 0 0 
1385 743 357 603 357 1 1 357 0 0 
1390 747 357 600 357 1 1 357 0 0 
1395 749 357 600 357 1 1 357 0 0 
1400 753 357 600 357 1 1 357 0 0 
1405 756 360 600 360 1 1 360 0 0 
1410 758 360 600 360 1 1 360 0 0 
1415 762 365 600 365 1 1 365 0 0 
1420 765 360 600 360 1 1 360 0 0 
1425 769 357 603 357 1 1 357 0 0 
1430 771 357 600 357 1 1 357 0 0 
1435 774 357 600 357 1 1 357 0 0 
1440 776 353 603 353 1 1 353 0 0 
1445 780 353 600 353 1 1 353 0 0 
1450 783 357 600 357 1 1 357 0 0 
1455 785 357 600 357 1 1 357 0 0 
1460 789 357 603 357 1 1 357 0 0 
1465 792 353 600 353 1 1 353 0 0 
1470 794 353 600 353 1 1 353 0 0 
1475 796 350 603 350 1 1 350 0 0 
1480 800 350 600 350 1 1 350 0 0 
1485 803 350 600 350 1 1 350 0 0 
1490 807 350 600 350 1 1 350 0 0 
1495 809 350 603 350 1 1 350 0 0 
1500 812 350 600 350 1 1 350 0 0 
1505 816 345 600 345 1 1 345 0 0 
1510 818 342 600 342 1 1 342 0 0 
1515 821 342 603 342 1 1 342 0 0 
1520 825 342 600 342 1 1 342 0 0 
1525 827 345 600 345 1 1 345 0 0 
1530 831 342 603 342 1 1 342 0 0 
1535 834 342 600 342 1 1 342 0 0 
1540 836 338 600 338 1 1 338 0 0 
1545 840 335 600 335 1 1 335 0 0 
1550 843 335 600 335 1 1 335 0 0 
1555 847 335 603 335 1 1 335 0 0 
1560 849 330 600 330 1 1 330 0 0 
1565 852 335 600 335 1 1 335 0 0 
1570 854 330 600 330 1 1 330 0 0 
1575 858 330 600 330 1 1 330 0 0 
1580 861 330 600 330 1 1 330 0 0 
1585 865 330 603 330 1 1 330 0 0 
1590 867 327 600 327 1 1 327 0 0 
1595 870 327 600 327 1 1 327 0 0 
1600 872 327 600 327 1 1 327 0 0 
1605 876 327 600 327 1 1 327 0 0 
1610 880 327 603 327 1 1 327 0 0 
1615 883 327 600 327 1 1 327 0 0 
1620 885 323 603 323 1 1 323 0 0 
1625 890 323 600 323 1 1 323 0 0 
1630 893 323 603 323 1 1 323 0 0 
1635 895 323 600 323 1 1 323 0 0 
1640 899 323 600 323 1 1 323 0 0 
1645 900 327 603 327 1 1 327 0 0 
1650 904 327 603 327 1 1 327 0 0 
1655 908 323 600 323 1 1 323 0 0 
1660 911 323 603 323 1 1 323 0 0 
1665 913 320 600 320 1 1 320 0 0 
1670 917 320 600 320 1 1 320 0 0 
1675 920 320 600 320 1 1 320 0 0 
1680 922 315 600 315 1 1 315 0 0 
1685 926 315 603 315 1 1 315 0 0 
1690 928 315 603 315 1 1 315 0 0 
1695 931 312 600 312 1 1 312 0 0 
1700 935 312 603 312 1 1 312 0 0 
1705 939 308 600 308 1 1 308 0 0 
1710 940 308 603 308 1 1 308 0 0 
1715 944 308 600 308 1 1 308 0 0 
1720 946 312 600 312 1 1 312 0 0 
1725 949 312 600 312 1 1 312 0 0 
1730 953 312 600 312 1 1 312 0 0 
1735 955 308 600 308 1 1 308 0 0 
1740 959 308 600 308 1 1 308 0 0 
1745 962 305 600 305 1 1 305 0 0 
1750 966 305 600 305 1 1 305 0 0 
1755 968 300 600 300 1 1 300 0 0 
1760 971 305 600 305 1 1 305 0 0 
1765 973 305 603 305 1 1 305 0 0 
1770 978 300 600 300 1 1 300 0 0 
1775 980 300 600 300 1 1 300 0 0 
1780 982 297 600 297 1 1 297 0 0 
1785 986 293 603 293 1 1 293 0 0 
1790 989 293 600 293 1 1 293 0 0 
1795 991 290 603 290 1 1 290 0 0 
1800 995 290 600 290 1 1 290 0 0 
1805 998 293 600 293 1 1 293 0 0 
1810 1000 290 600 290 1 1 290 0 0 
1815 1004 290 600 290 1 1 290 0 0 
1820 1007 285 603 285 1 1 285 0 0 
1825 1009 282 600 282 1 1 282 0 0 
1830 1013 275 600 275 1 1 275 0 0 
1835 1015 275 603 275 1 1 275 0 0 
1840 1018 275 603 275 1 1 275 0 0 
1845 1022 270 600 270 1 1 270 0 0 
1850 1026 270 603 270 1 1 270 0 0 
1855 1027 270 600 270 1 1 270 0 0 
1860 1031 267 603 267 1 1 267 0 0 
1865 1035 267 600 267 1 1 267 0 0 
1870 1036 263 600 263 1 1 263 0 0 
1875 1040 263 600 263 1 1 263 0 0 
1880 1042 260 603 260 1 1 260 0 0 
1885 1046 255 600 255 1 1 255 0 0 
1890 1049 255 600 255 1 1 255 0 0 
1895 1051 255 603 255 1 1 255 0 0 
1900 1055 255 600 255 1 1 255 0 0 
1905 1058 255 600 255 1 1 255 0 0 
1910 1062 255 600 255 1 1 255 0 0 
1915 1064 252 603 252 1 1 252 0 0 
1920 1067 248 600 248 1 1 248 0 0 
1925 1071 245 603 245 1 1 245 0 0 
1930 1073 240 600 240 1 1 240 0 0 
1935 1076 240 600 240 1 1 240 0 0 
1940 1080 240 600 240 1 1 240 0 0 
1945 1084 240 600 240 1 1 240 0 0 
1950 1087 240 600 240 1 1 240 0 0 
1955 1089 240 600 240 1 1 240 0 0 
1960 1093 237 600 237 1 1 237 0 0 
1965 1096 233 603 233 1 1 233 0 0 
1970 1098 233 600 233 1 1 233 0 0 
1975 1100 233 600 233 1 1 233 0 0 
1980 1104 230 603 230 1 1 230 0 0 
1985 1107 230 600 230 1 1 230 0 0 
1990 1112 225 603 225 1 1 225 0 0 
1995 1114 225 600 225 1 1 225 0 0 
2000 1117 225 603 225 1 1 225 0 0 
2005 1121 222 600 222 1 1 222 0 0 
2010 1123 222 600 222 1 1 222 0 0 
2015 1126 218 600 218 1 1 218 0 0 
2020 1130 218 600 218 1 1 218 0 0 
2025 1132 218 600 218 1 1 218 0 0 
2030 1135 215 593 215 1 1 215 0 0 
2035 1139 215 588 215 1 1 215 0 0 
2040 1141 215 575 215 1 1 215 0 0 
2045 1144 215 565 215 1 1 215 0 0 
2050 1146 215 555 215 1 1 215 0 0 
2055 1150 218 548 218 1 1 218 0 0 
2060 1152 222 535 222 1 1 222 0 0 
2065 1155 225 528 225 1 1 225 0 0 
2070 1159 225 520 225 1 1 225 0 0 
2075 1161 225 510 225 1 1 225 0 0 
2080 1163 222 498 222 1 1 222 0 0 
2085 1166 215 493 215 1 1 215 0 0 
2090 1168 215 480 215 1 1 215 0 0 
2095 1170 210 473 210 1 1 210 0 0 
2100 1174 210 460 210 1 1 210 0 0 
2105 1175 215 450 215 1 1 215 0 0 
2110 1177 218 438 218 1 1 218 0 0 
2115 1179 218 423 218 1 1 218 0 0 
2120 1181 215 410 215 1 1 215 0 0 
2125 1184 210 403 210 1 1 210 0 0 
2130 1186 207 398 207 1 1 207 0 0 
2135 1188 207 393 207 1 1 207 0 0 
2140 1190 207 378 207 1 1 207 0 0 
2145 1192 210 370 210 1 1 210 0 0 
2150 1193 210 365 210 1 1 210 0 0 
2155 1195 207 353 207 1 1 207 0 0 
2160 1197 200 333 200 1 1 200 0 0 
2165 1199 195 333 195 1 1 195 0 0 
2170 1201 192 325 192 1 1 192 0 0 
2175 1203 192 318 192 1 1 192 0 0 
2180 1204 195 313 195 1 1 195 0 0 
2185 1206 200 300 200 1 1 200 0 0 
2190 1208 200 288 200 1 1 200 0 0 
2195 1210 200 280 200 1 1 200 0 0 
2200 1210 192 265 192 1 1 192 0 0 
2205 1213 180 253 180 1 1 180 0 0 
2210 1213 177 235 177 1 1 177 0 0 
2215 1213 177 233 177 1 1 177 0 0 
2220 1215 180 228 180 1 1 180 0 0 
2225 1217 185 218 185 1 1 185 0 0 
2230 1219 185 205 185 1 1 185 0 0 
2235 1219 180 193 180 1 1 180 0 0 
2240 1219 170 185 170 1 1 170 0 0 
2245 1221 155 173 155 1 1 155 0 0 
2250 1221 140 165 140 1 1 140 0 0 
2255 1222 128 148 128 1 1 128 0 0 
2260 1222 120 148 120 1 1 120 0 0 
2265 1224 113 145 113 1 1 113 0 0 
2270 1224 105 133 105 1 1 105 0 0 
2275 1224 95 133 95 1 1 95 0 0 
2280 1224 83 133 83 1 1 83 0 0 
2285 1226 72 123 72 1 1 72 0 0 
2290 1226 53 115 53 1 1 53 0 0 
2295 1226 30 105 30 1 1 30 0 0 
2300 1228 12 95 12 1 1 12 0 0 
2305 1228 -8 80 -8 1 1 -8 0 0 
2310 1228 -20 65 -20 1 1 -20 0 0 
2315 1230 -35 48 -35 1 1 -35 0 0 
2320 1230 -42 18 -42 1 1 -42 0 0 
2325 1228 -60 0 -60 1 1 -60 0 0 
2330 1228 -72 -10 -72 1 1 -72 0 0 
2335 1230 -83 -43 -83 1 1 -83 0 0 
2340 1228 -98 -83 -98 1 1 -98 0 0 
2345 1228 -120 -143 -120 1 1 -120 0 0 
2350 1228 -135 -188 -135 1 1 -135 0 0 
2355 1226 -155 -233 -155 1 1 -155 0 0 
2360 1224 -170 -285 -170 1 1 -170 0 0 
2365 1224 -180 -350 -180 1 1 -180 0 0 
2370 1222 -188 -408 -188 1 1 -188 0 0 
2375 1221 -195 -470 -195 1 1 -195 0 0 
2380 1217 -203 -533 -203 1 1 -203 0 0 
2385 1215 -215 -578 -215 2 1 -215 0 0 
2390 1212 -225 -588 -225 2 1 -225 0 0 
2395 1210 -233 -593 -233 2 1 -233 0 0 
2400 1206 -240 -593 -240 2 1 -240 0 0 
2405 1203 -252 -600 -252 2 1 -252 0 0 
2410 1199 -270 -600 -270 2 1 -270 0 0 
2415 1195 -297 -600 -297 2 1 -297 0 0 
2420 1193 -330 -598 -330 2 1 -330 0 0 
2425 1190 -372 -600 -372 2 1 -372 0 0 
2430 1188 -405 -600 -405 2 1 -405 0 0 
2435 1184 -432 -600 -432 2 1 -432 0 0 
2440 1181 -450 -600 -450 2 1 -450 0 0 
2445 1177 -450 -600 -450 2 1 -450 0 0 
2450 1174 -447 -598 -447 2 1 -447 0 0 
2455 1172 -432 -600 -432 2 1 -432 0 0 
2460 1168 -425 -600 -425 2 1 -425 0 0 
2465 1164 -420 -600 -420 2 1 -420 0 0 
2470 1163 -428 -600 -428 2 1 -428 0 0 
2475 1159 -440 -598 -440 2 1 -440 0 0 
2480 1157 -455 -600 -455 2 1 -455 0 0 
2485 1154 -470 -600 -470 2 1 -470 0 0 
2490 1150 -477 -598 -477 2 1 -477 0 0 
2495 1148 -473 -600 -473 2 1 -473 0 0 
2500 1144 -465 -598 -465 2 1 -465 0 0 
2505 1141 -458 -600 -458 2 1 -458 0 0 
2510 1137 -450 -600 -450 2 1 -450 0 0 
2515 1135 -447 -600 -447 2 1 -447 0 0 
2520 1132 -447 -600 -447 2 1 -447 0 0 
2525 1128 -455 -598 -455 2 1 -455 0 0 
2530 1126 -458 -600 -458 2 1 -458 0 0 
2535 1123 -462 -600 -462 2 1 -462 0 0 
2540 1121 -470 -600 -470 2 1 -470 0 0 
2545 1117 -470 -600 -470 2 1 -470 0 0 
2550 1114 -473 -600 -473 2 1 -473 0 0 
2555 1109 -473 -600 -473 2 1 -473 0 0 
2560 1107 -473 -600 -473 2 1 -473 0 0 
2565 1104 -473 -600 -473 2 1 -473 0 0 
2570 1100 -477 -600 -477 2 1 -477 0 0 
2575 1098 -480 -598 -480 2 1 -480 0 0 
2580 1095 -480 -600 -480 2 1 -480 0 0 
2585 1091 -485 -600 -485 2 1 -485 0 0 
2590 1089 -485 -600 -485 2 1 -485 0 0 
2595 1085 -485 -600 -485 2 1 -485 0 0 
2600 1082 -485 -598 -485 2 1 -485 0 0 
2605 1080 -480 -600 -480 2 1 -480 0 0 
2610 1076 -480 -600 -480 2 1 -480 0 0 
2615 1075 -480 -600 -480 2 1 -480 0 0 
2620 1071 -480 -600 -480 2 1 -480 0 0 
2625 1071 -485 -598 -485 2 1 -485 0 0 
2630 1064 -488 -600 -488 2 1 -488 0 0 
2635 1062 -492 -600 -492 2 1 -492 0 0 
2640 1056 -495 -600 -495 2 1 -495 0 0 
2645 1055 -503 -600 -503 2 1 -503 0 0 
2650 1051 -503 -600 -503 2 1 -503 0 0 
2655 1049 -507 -600 -507 2 1 -507 0 0 
2660 1046 -510 -600 -510 2 1 -510 0 0 
2665 1042 -510 -598 -510 2 1 -510 0 0 
2670 1040 -510 -598 -510 2 1 -510 0 0 
2675 1036 -515 -600 -515 2 1 -515 0 0 
2680 1035 -518 -600 -518 2 1 -518 0 0 
2685 1031 -522 -600 -522 2 1 -522 0 0 
2690 1027 -525 -600 -525 2 1 -525 0 0 
2695 1026 -525 -600 -525 2 1 -525 0 0 
2700 1022 -530 -598 -530 2 1 -530 0 0 
2705 1018 -530 -600 -530 2 1 -530 0 0 
2710 1017 -530 -600 -530 2 1 -530 0 0 
2715 1013 -530 -600 -530 2 1 -530 0 0 
2720 1009 -530 -600 -530 2 1 -530 0 0 
2725 1006 -530 -600 -530 2 1 -530 0 0 
2730 1004 -530 -600 -530 2 1 -530 0 0 
2735 1000 -530 -600 -530 2 1 -530 0 0 
2740 998 -530 -598 -530 2 1 -530 0 0 
2745 995 -530 -600 -530 2 1 -530 0 0 
2750 991 -525 -598 -525 2 1 -525 0 0 
2755 988 -525 -600 -525 2 1 -525 0 0 
2760 986 -530 -598 -530 2 1 -530 0 0 
2765 982 -533 -600 -533 2 1 -533 0 0 
2770 980 -537 -600 -537 2 1 -537 0 0 
2775 977 -540 -598 -540 2 1 -540 0 0 
2780 973 -545 -600 -545 2 1 -545 0 0 
2785 971 -548 -598 -548 2 1 -548 0 0 
2790 968 -548 -600 -548 2 1 -548 0 0 
2795 966 -548 -600 -548 2 1 -548 0 0 
2800 962 -548 -600 -548 2 1 -548 0 0 
2805 960 -548 -600 -548 2 1 -548 0 0 
2810 957 -548 -600 -548 2 1 -548 0 0 
2815 953 -548 -598 -548 2 1 -548 0 0 
2820 951 -548 -600 -548 2 1 -548 0 0 
2825 948 -545 -600 -545 2 1 -545 0 0 
2830 944 -545 -598 -545 2 1 -545 0 0 
2835 940 -545 -600 -545 2 1 -545 0 0 
2840 939 -548 -598 -548 2 1 -548 0 0 
2845 935 -548 -600 -548 2 1 -548 0 0 
2850 931 -548 -600 -548 2 1 -548 0 0 
2855 928 -548 -598 -548 2 1 -548 0 0 
2860 926 -548 -600 -548 2 1 -548 0 0 
2865 922 -552 -600 -552 2 1 -552 0 0 
2870 920 -552 -598 -552 2 1 -552 0 0 
2875 917 -552 -598 -552 2 1 -552 0 0 
2880 915 -552 -600 -552 2 1 -552 0 0 
2885 911 -555 -600 -555 2 1 -555 0 0 
2890 908 -560 -600 -560 2 1 -560 0 0 
2895 904 -560 -600 -560 2 1 -560 0 0 
2900 902 -560 -600 -560 2 1 -560 0 0 
2905 899 -560 -600 -560 2 1 -560 0 0 
2910 895 -560 -598 -560 2 1 -560 0 0 
2915 893 -560 -600 -560 2 1 -560 0 0 
2920 890 -560 -600 -560 2 1 -560 0 0 
2925 885 -555 -600 -555 2 1 -555 0 0 
2930 883 -555 -600 -555 2 1 -555 0 0 
2935 880 -555 -600 -555 2 1 -555 0 0 
2940 876 -555 -600 -555 2 1 -555 0 0 
2945 874 -555 -600 -555 2 1 -555 0 0 
2950 870 -555 -600 -555 2 1 -555 0 0 
2955 867 -560 -600 -560 2 1 -560 0 0 
2960 865 -560 -600 -560 2 1 -560 0 0 
2965 861 -560 -600 -560 2 1 -560 0 0 
2970 858 -560 -600 -560 2 1 -560 0 0 
2975 856 -560 -600 -560 2 1 -560 0 0 
2980 852 -560 -598 -560 2 1 -560 0 0 
2985 849 -560 -598 -560 2 1 -560 0 0 
2990 847 -560 -600 -560 2 1 -560 0 0 
2995 843 -563 -598 -563 2 1 -563 0 0 
3000 840 -563 -600 -563 2 1 -563 0 0 
3005 838 -563 -600 -563 2 1 -563 0 0 
3010 834 -563 -600 -563 2 1 -563 0 0 
3015 831 -560 -600 -560 2 1 -560 0 0 
3020 829 -560 -598 -560 2 1 -560 0 0 
3025 825 -560 -598 -560 2 1 -560 0 0 
3030 821 -563 -600 -563 2 1 -563 0 0 
3035 820 -563 -600 -563 2 1 -563 0 0 
3040 816 -563 -598 -563 2 1 -563 0 0 
3045 812 -563 -598 -563 2 1 -563 0 0 
3050 809 -563 -600 -563 2 1 -563 0 0 
3055 807 -563 -600 -563 2 1 -563 0 0 
3060 803 -563 -600 -563 2 1 -563 0 0 
3065 802 -563 -600 -563 2 1 -563 0 0 
3070 798 -563 -598 -563 2 1 -563 0 0 
3075 794 -563 -598 -563 2 1 -563 0 0 
3080 792 -563 -598 -563 2 1 -563 0 0 
3085 789 -563 -600 -563 2 1 -563 0 0 
3090 787 -563 -600 -563 2 1 -563 0 0 
3095 783 -563 -598 -563 2 1 -563 0 0 
3100 780 -563 -600 -563 2 1 -563 0 0 
3105 778 -563 -600 -563 2 1 -563 0 0 
3110 774 -563 -600 -563 2 1 -563 0 0 
3115 773 -563 -600 -563 2 1 -563 0 0 
3120 769 -563 -600 -563 2 1 -563 0 0 
3125 765 -563 -600 -563 2 1 -563 0 0 
3130 763 -560 -600 -560 2 1 -560 0 0 
3135 760 -555 -598 -555 2 1 -555 0 0 
3140 756 -555 -600 -555 2 1 -555 0 0 
3145 753 -555 -600 -555 2 1 -555 0 0 
3150 751 -555 -600 -555 2 1 -555 0 0 
3155 747 -555 -600 -555 2 1 -555 0 0 
3160 743 -560 -600 -560 2 1 -560 0 0 
3165 742 -560 -600 -560 2 1 -560 0 0 
3170 738 -563 -600 -563 2 1 -563 0 0 
3175 736 -563 -600 -563 2 1 -563 0 0 
3180 733 -563 -600 -563 2 1 -563 0 0 
3185 729 -560 -600 -560 2 1 -560 0 0 
3190 725 -555 -600 -555 2 1 -555 0 0 
3195 724 -555 -600 -555 2 1 -555 0 0 
3200 720 -555 -600 -555 2 1 -555 0 0 
3205 718 -560 -600 -560 2 1 -560 0 0 
3210 714 -560 -598 -560 2 1 -560 0 0 
3215 711 -560 -600 -560 2 1 -560 0 0 
3220 709 -555 -598 -555 2 1 -555 0 0 
3225 705 -555 -600 -555 2 1 -555 0 0 
3230 702 -555 -598 -555 2 1 -555 0 0 
3235 698 -560 -600 -560 2 1 -560 0 0 
3240 696 -560 -600 -560 2 1 -560 0 0 
3245 693 -560 -600 -560 2 1 -560 0 0 
3250 689 -563 -600 -563 2 1 -563 0 0 
3255 687 -560 -598 -560 2 1 -560 0 0 
3260 685 -560 -600 -560 2 1 -560 0 0 
3265 682 -555 -600 -555 2 1 -555 0 0 
3270 678 -552 -600 -552 2 1 -552 0 0 
3275 675 -552 -600 -552 2 1 -552 0 0 
3280 671 -552 -600 -552 2 1 -552 0 0 
3285 669 -552 -600 -552 2 1 -552 0 0 
3290 666 -552 -600 -552 2 1 -552 0 0 
3295 664 -552 -600 -552 2 1 -552 0 0 
3300 659 -552 -600 -552 2 1 -552 0 0 
3305 655 -552 -600 -552 2 1 -552 0 0 
3310 654 -552 -600 -552 2 1 -552 0 0 
3315 650 -552 -600 -552 2 1 -552 0 0 
3320 646 -552 -600 -552 2 1 -552 0 0 
3325 645 -548 -600 -548 2 1 -548 0 0 
3330 641 -545 -600 -545 2 1 -545 0 0 
3335 637 -540 -600 -540 2 1 -540 0 0 
3340 635 -533 -600 -533 2 1 -533 0 0 
3345 632 -530 -600 -530 2 1 -530 0 0 
3350 630 -525 -598 -525 2 1 -525 0 0 
3355 625 -522 -600 -522 2 1 -522 0 0 
3360 623 -525 -600 -525 2 1 -525 0 0 
3365 619 -530 -600 -530 2 1 -530 0 0 
3370 616 -533 -598 -533 2 1 -533 0 0 
3375 614 -537 -600 -537 2 1 -537 0 0 
3380 610 -540 -598 -540 2 1 -540 0 0 
3385 608 -540 -600 -540 2 1 -540 0 0 
3390 605 -540 -600 -540 2 1 -540 0 0 
3395 601 -540 -598 -540 2 1 -540 0 0 
3400 599 -537 -600 -537 2 1 -537 0 0 
3405 596 -537 -600 -537 2 1 -537 0 0 
3410 592 -533 -600 -533 2 1 -533 0 0 
3415 590 -533 -598 -533 2 1 -533 0 0 
3420 587 -533 -600 -533 2 1 -533 0 0 
3425 585 -533 -600 -533 2 1 -533 0 0 
3430 581 -530 -600 -530 2 1 -530 0 0 
3435 577 -530 -598 -530 2 1 -530 0 0 
3440 576 -530 -600 -530 2 1 -530 0 0 
3445 572 -525 -600 -525 2 1 -525 0 0 
3450 568 -522 -600 -522 2 1 -522 0 0 
3455 567 -518 -600 -518 2 1 -518 0 0 
3460 563 -515 -600 -515 2 1 -515 0 0 
3465 561 -515 -600 -515 2 1 -515 0 0 
3470 556 -515 -600 -515 2 1 -515 0 0 
3475 554 -518 -600 -518 2 1 -518 0 0 
3480 552 -518 -600 -518 2 1 -518 0 0 
3485 548 -518 -600 -518 2 1 -518 0 0 
3490 545 -515 -600 -515 2 1 -515 0 0 
3495 541 -515 -600 -515 2 1 -515 0 0 
3500 539 -510 -600 -510 2 1 -510 0 0 
3505 538 -507 -598 -507 2 1 -507 0 0 
3510 532 -503 -600 -503 2 1 -503 0 0 
3515 530 -500 -600 -500 2 1 -500 0 0 
3520 527 -500 -600 -500 2 1 -500 0 0 
3525 525 -503 -598 -503 2 1 -503 0 0 
3530 521 -503 -600 -503 2 1 -503 0 0 
3535 518 -500 -600 -500 2 1 -500 0 0 
3540 514 -500 -600 -500 2 1 -500 0 0 
3545 512 -495 -600 -495 2 1 -495 0 0 
3550 509 -492 -598 -492 2 1 -492 0 0 
3555 505 -492 -598 -492 2 1 -492 0 0 
3560 503 -492 -598 -492 2 1 -492 0 0 
3565 499 -495 -600 -495 2 1 -495 0 0 
3570 496 -500 -600 -500 2 1 -500 0 0 
3575 494 -500 -600 -500 2 1 -500 0 0 
3580 490 -495 -598 -495 2 1 -495 0 0 
3585 487 -492 -600 -492 2 1 -492 0 0 
3590 485 -488 -600 -488 2 1 -488 0 0 
3595 481 -488 -598 -488 2 1 -488 0 0 
3600 478 -485 -600 -485 2 1 -485 0 0 
3605 476 -480 -600 -480 2 1 -480 0 0 
3610 472 -480 -598 -480 2 1 -480 0 0 
3615 469 -480 -600 -480 2 1 -480 0 0 
3620 467 -477 -600 -477 2 1 -477 0 0 
3625 463 -477 -600 -477 2 1 -477 0 0 
3630 461 -473 -600 -473 2 1 -473 0 0 
3635 458 -473 -600 -473 2 1 -473 0 0 
3640 454 -470 -598 -470 2 1 -470 0 0 
3645 452 -465 -600 -465 2 1 -465 0 0 
3650 449 -462 -598 -462 2 1 -462 0 0 
3655 447 -462 -600 -462 2 1 -462 0 0 
3660 443 -462 -600 -462 2 1 -462 0 0 
3665 439 -458 -600 -458 2 1 -458 0 0 
3670 435 -458 -600 -458 2 1 -458 0 0 
3675 433 -462 -598 -462 2 1 -462 0 0 
3680 430 -458 -600 -458 2 1 -458 0 0 
3685 428 -455 -598 -455 2 1 -455 0 0 
3690 424 -455 -600 -455 2 1 -455 0 0 
3695 420 -450 -600 -450 2 1 -450 0 0 
3700 419 -447 -600 -447 2 1 -447 0 0 
3705 415 -447 -598 -447 2 1 -447 0 0 
3710 411 -443 -600 -443 2 1 -443 0 0 
3715 408 -447 -598 -447 2 1 -447 0 0 
3720 406 -447 -600 -447 2 1 -447 0 0 
3725 402 -447 -600 -447 2 1 -447 0 0 
3730 401 -447 -600 -447 2 1 -447 0 0 
3735 397 -447 -600 -447 2 1 -447 0 0 
3740 393 -443 -600 -443 2 1 -443 0 0 
3745 391 -440 -600 -440 2 1 -440 0 0 
3750 388 -435 -600 -435 2 1 -435 0 0 
3755 384 -432 -600 -432 2 1 -432 0 0 
3760 382 -428 -600 -428 2 1 -428 0 0 
3765 379 -425 -600 -425 2 1 -425 0 0 
3770 375 -420 -600 -420 2 1 -420 0 0 
3775 372 -420 -598 -420 2 1 -420 0 0 
3780 370 -420 -600 -420 2 1 -420 0 0 
3785 366 -420 -598 -420 2 1 -420 0 0 
3790 362 -420 -600 -420 2 1 -420 0 0 
3795 361 -420 -600 -420 2 1 -420 0 0 
3800 357 -420 -598 -420 2 1 -420 0 0 
3805 355 -420 -600 -420 2 1 -420 0 0 
3810 350 -417 -598 -417 2 1 -417 0 0 
3815 348 -417 -600 -417 2 1 -417 0 0 
3820 344 -413 -600 -413 2 1 -413 0 0 
3825 343 -413 -600 -413 2 1 -413 0 0 
3830 339 -410 -600 -410 2 1 -410 0 0 
3835 337 -405 -598 -405 2 1 -405 0 0 
3840 333 -402 -600 -402 2 1 -402 0 0 
3845 332 -402 -598 -402 2 1 -402 0 0 
3850 328 -402 -600 -402 2 1 -402 0 0 
3855 324 -402 -600 -402 2 1 -402 0 0 
3860 323 -402 -598 -402 2 1 -402 0 0 
3865 319 -398 -600 -398 2 1 -398 0 0 
3870 315 -395 -600 -395 2 1 -395 0 0 
3875 312 -395 -600 -395 2 1 -395 0 0 
3880 310 -387 -598 -387 2 1 -387 0 0 
3885 306 -383 -600 -383 2 1 -383 0 0 
3890 304 -375 -600 -375 2 1 -375 0 0 
3895 301 -372 -598 -372 2 1 -372 0 0 
3900 297 -372 -598 -372 2 1 -372 0 0 
3905 294 -368 -600 -368 2 1 -368 0 0 
3910 292 -368 -600 -368 2 1 -368 0 0 
3915 288 -368 -600 -368 2 1 -368 0 0 
3920 284 -368 -600 -368 2 1 -368 0 0 
3925 283 -365 -600 -365 2 1 -365 0 0 
3930 279 -360 -600 -360 2 1 -360 0 0 
3935 277 -353 -598 -353 2 1 -353 0 0 
3940 274 -345 -600 -345 2 1 -345 0 0 
3945 270 -338 -598 -338 2 1 -338 0 0 
3950 266 -335 -600 -335 2 1 -335 0 0 
3955 265 -335 -600 -335 2 1 -335 0 0 
3960 261 -335 -598 -335 2 1 -335 0 0 
3965 259 -342 -598 -342 2 1 -342 0 0 
3970 255 -345 -600 -345 2 1 -345 0 0 
3975 252 -345 -600 -345 2 1 -345 0 0 
3980 250 -342 -600 -342 2 1 -342 0 0 
3985 246 -342 -600 -342 2 1 -342 0 0 
3990 243 -338 -600 -338 2 1 -338 0 0 
3995 241 -335 -600 -335 2 1 -335 0 0 
4000 237 -330 -600 -330 2 1 -330 0 0 
4005 234 -330 -600 -330 2 1 -330 0 0 
4010 230 -327 -598 -327 2 1 -327 0 0 
4015 226 -323 -600 -323 2 1 -323 0 0 
4020 225 -323 -600 -323 2 1 -323 0 0 
4025 223 -323 -598 -323 2 1 -323 0 0 
4030 219 -323 -600 -323 2 1 -323 0 0 
4035 216 -323 -600 -323 2 1 -323 0 0 
4040 213 -323 -598 -323 2 1 -323 0 0 
4045 209 -323 -600 -323 2 1 -323 0 0 
4050 205 -327 -600 -327 2 1 -327 0 0 
4055 202 -323 -600 -323 2 1 -323 0 0 
4060 200 -323 -600 -323 2 1 -323 0 0 
4065 198 -320 -600 -320 2 1 -320 0 0 
4070 195 -315 -598 -315 2 1 -315 0 0 
4075 191 -315 -600 -315 2 1 -315 0 0 
4080 187 -315 -600 -315 2 1 -315 0 0 
4085 186 -312 -600 -312 2 1 -312 0 0 
4090 182 -315 -600 -315 2 1 -315 0 0 
4095 180 -315 -600 -315 2 1 -315 0 0 
4100 176 -315 -600 -315 2 1 -315 0 0 
4105 173 -312 -600 -312 2 1 -312 0 0 
4110 169 -315 -600 -315 2 1 -315 0 0 
4115 167 -312 -600 -312 2 1 -312 0 0 
4120 164 -312 -600 -312 2 1 -312 0 0 
4125 160 -312 -598 -312 2 1 -312 0 0 
4130 158 -312 -598 -312 2 1 -312 0 0 
4135 155 -312 -600 -312 2 1 -312 0 0 
4140 153 -308 -600 -308 2 1 -308 0 0 
4145 149 -308 -600 -308 2 1 -308 0 0 
4150 146 -308 -600 -308 2 1 -308 0 0 
4155 144 -308 -598 -308 2 1 -308 0 0 
4160 140 -312 -600 -312 2 1 -312 0 0 
4165 138 -312 -600 -312 2 1 -312 0 0 
4170 133 -312 -598 -312 2 1 -312 0 0 
4175 131 -312 -600 -312 2 1 -312 0 0 
4180 129 -308 -600 -308 2 1 -308 0 0 
4185 126 -305 -598 -305 2 1 -305 0 0 
4190 122 -308 -600 -308 2 1 -308 0 0 
4195 118 -308 -598 -308 2 1 -308 0 0 
4200 117 -308 -590 -308 2 1 -308 0 0 
4205 113 -312 -575 -312 2 1 -312 0 0 
4210 109 -312 -565 -312 2 1 -312 0 0 
4215 108 -312 -553 -312 2 1 -312 0 0 
4220 106 -312 -550 -312 2 1 -312 0 0 
4225 102 -315 -538 -315 2 1 -315 0 0 
4230 100 -323 -525 -323 2 1 -323 0 0 
4235 97 -335 -520 -335 2 1 -335 0 0 
4240 93 -335 -510 -335 2 1 -335 0 0 
4245 91 -330 -503 -330 2 1 -330 0 0 
4250 89 -323 -488 -323 2 1 -323 0 0 
4255 88 -312 -485 -312 2 1 -312 0 0 
4260 84 -312 -475 -312 2 1 -312 0 0 
4265 82 -315 -463 -315 2 1 -315 0 0 
4270 80 -320 -458 -320 2 1 -320 0 0 
4275 77 -323 -445 -323 2 1 -323 0 0 
4280 75 -323 -438 -323 2 1 -323 0 0 
4285 73 -315 -428 -315 2 1 -315 0 0 
4290 69 -308 -408 -308 2 1 -308 0 0 
4295 68 -305 -405 -305 2 1 -305 0 0 
4300 66 -305 -403 -305 2 1 -305 0 0 
4305 64 -305 -393 -305 2 1 -305 0 0 
4310 62 -308 -380 -308 2 1 -308 0 0 
4315 60 -305 -370 -305 2 1 -305 0 0 
4320 59 -300 -363 -300 2 1 -300 0 0 
4325 57 -290 -355 -290 2 1 -290 0 0 
4330 55 -282 -343 -282 2 1 -282 0 0 
4335 53 -275 -333 -275 2 1 -275 0 0 
4340 51 -278 -325 -278 2 1 -278 0 0 
4345 50 -278 -318 -278 2 1 -278 0 0 
4350 48 -285 -313 -285 2 1 -285 0 0 
4355 46 -285 -303 -285 2 1 -285 0 0 
4360 44 -285 -293 -285 2 1 -285 0 0 
4365 44 -282 -280 -282 2 1 -282 0 0 
4370 42 -278 -270 -278 2 1 -278 0 0 
4375 40 -275 -260 -275 2 1 -275 0 0 
4380 39 -278 -250 -278 2 1 -278 0 0 
4385 39 -278 -248 -278 2 1 -278 0 0 
4390 37 -282 -240 -282 2 1 -282 0 0 
4395 35 -282 -228 -282 2 1 -282 0 0 
4400 33 -282 -218 -282 2 1 -282 0 0 
4405 33 -278 -210 -278 2 1 -278 0 0 
4410 33 -270 -198 -270 2 1 -270 0 0 
4415 31 -267 -193 -267 2 1 -267 0 0 
4420 31 -267 -180 -267 2 1 -267 0 0 
4425 30 -270 -170 -270 2 1 -270 0 0 
4430 28 -278 -168 -278 2 1 -278 0 0 
4435 28 -278 -148 -278 2 1 -278 0 0 
4440 28 -275 -145 -275 2 1 -275 0 0 
4445 28 -270 -143 -270 2 1 -270 0 0 
4450 26 -263 -133 -263 2 1 -263 0 0 
4455 26 -255 -133 -255 2 1 -255 0 0 
4460 24 -255 -123 -255 2 1 -255 0 0 
4465 24 -252 -120 -252 2 1 -252 0 0 
4470 24 -248 -118 -248 2 1 -248 0 0 
4475 22 -240 -115 -240 2 1 -240 0 0 
4480 22 -225 -103 -225 2 1 -225 0 0 
4485 22 -215 -100 -215 2 1 -215 0 0 
4490 22 -200 -95 -200 2 1 -200 0 0 
4495 20 -185 -95 -185 2 1 -185 0 0 
4500 20 -170 -83 -170 2 1 -170 0 0 
4505 20 -158 -83 -158 2 1 -158 0 0 
4510 19 -143 -80 -143 2 1 -143 0 0 
4515 19 -125 -78 -125 2 1 -125 0 0 
4520 19 -105 -75 -105 2 1 -105 0 0 
4525 19 -90 -75 -90 2 1 -90 0 0 
4530 19 -75 -75 -75 2 1 -75 0 0 
4535 19 -57 -70 -57 2 1 -57 0 0 
4540 19 -42 -65 -42 2 1 -42 0 0 
4545 17 -27 -48 -27 2 1 -27 0 0 
4550 17 -12 -25 -12 2 1 -12 0 0 
4555 17 12 0 12 2 1 12 0 0 
4560 17 35 3 35 2 1 35 0 0 
4565 17 57 18 57 2 1 57 0 0 
4570 17 72 40 72 2 1 72 0 0 
4575 17 83 70 83 2 1 83 0 0 
4580 17 87 105 87 2 1 87 0 0 
4585 19 95 140 95 2 1 95 0 0 
4590 19 105 170 105 2 1 105 0 0 
4595 20 120 210 120 2 1 120 0 0 
4600 20 132 240 132 2 1 132 0 0 
4605 22 135 278 135 2 1 135 0 0 
4610 24 140 318 140 2 1 140 0 0 
4615 26 143 375 143 2 1 143 0 0 
4620 28 150 420 150 2 1 150 0 0 
4625 30 158 468 158 2 1 158 0 0 
4630 31 165 513 165 3 1 165 0 0 
4635 35 173 565 173 3 1 173 0 0 
4640 37 177 593 177 3 1 177 0 0 
4645 40 180 600 180 3 1 180 0 0 
4650 42 180 603 180 3 1 180 0 0 
4655 46 185 600 185 3 1 185 0 0 
4660 50 195 600 195 3 1 195 0 0 
4665 53 215 600 215 3 1 215 0 0 
4670 55 233 603 233 3 1 233 0 0 
4675 59 270 603 270 3 1 270 0 0 
4680 62 300 603 300 3 1 300 0 0 
4685 66 315 600 315 3 1 315 0 0 
4690 68 323 600 323 3 1 323 0 0 
4695 71 315 600 315 3 1 315 0 0 
4700 75 305 600 305 3 1 305 0 0 
4705 79 297 603 297 3 1 297 0 0 
4710 80 293 603 293 3 1 293 0 0 
4715 84 300 600 300 3 1 300 0 0 
4720 88 308 600 308 3 1 308 0 0 
4725 89 312 600 312 3 1 312 0 0 
4730 93 320 603 320 3 1 320 0 0 
4735 97 323 600 323 3 1 323 0 0 
4740 98 323 600 323 3 1 323 0 0 
4745 102 323 600 323 3 1 323 0 0 
4750 106 323 603 323 3 1 323 0 0 
4755 109 323 600 323 3 1 323 0 0 
4760 111 323 600 323 3 1 323 0 0 
4765 115 327 600 327 3 1 327 0 0 
4770 118 327 600 327 3 1 327 0 0 
4775 120 327 600 327 3 1 327 0 0 
4780 124 330 600 330 3 1 330 0 0 
4785 127 335 600 335 3 1 335 0 0 
4790 129 335 603 335 3 1 335 0 0 
4795 133 335 600 335 3 1 335 0 0 
4800 137 335 600 335 3 1 335 0 0 
4805 138 335 600 335 3 1 335 0 0 
4810 142 330 603 330 3 1 330 0 0 
4815 144 330 603 330 3 1 330 0 0 
4820 147 327 600 327 3 1 327 0 0 
4825 149 330 600 330 3 1 330 0 0 
4830 153 330 603 330 3 1 330 0 0 
4835 157 335 600 335 3 1 335 0 0 
4840 160 335 603 335 3 1 335 0 0 
4845 162 338 600 338 3 1 338 0 0 
4850 166 338 600 338 3 1 338 0 0 
4855 169 335 600 335 3 1 335 0 0 
4860 173 335 600 335 3 1 335 0 0 
4865 175 330 600 330 3 1 330 0 0 
4870 178 330 600 330 3 1 330 0 0 
4875 180 330 603 330 3 1 330 0 0 
4880 184 330 600 330 3 1 330 0 0 
4885 187 330 600 330 3 1 330 0 0 
4890 189 335 600 335 3 1 335 0 0 
4895 195 335 600 335 3 1 335 0 0 
4900 196 335 600 335 3 1 335 0 0 
4905 198 335 600 335 3 1 335 0 0 
4910 202 330 600 330 3 1 330 0 0 
4915 205 330 603 330 3 1 330 0 0 
4920 209 330 600 330 3 1 330 0 0 
4925 211 330 600 330 3 1 330 0 0 
4930 215 335 600 335 3 1 335 0 0 
4935 219 338 600 338 3 1 338 0 0 
4940 221 342 600 342 3 1 342 0 0 
4945 225 345 600 345 3 1 345 0 0 
4950 226 350 600 350 3 1 350 0 0 
4955 230 350 600 350 3 1 350 0 0 
4960 234 345 603 345 3 1 345 0 0 
4965 236 350 600 350 3 1 350 0 0 
4970 239 345 600 345 3 1 345 0 0 
4975 243 350 603 350 3 1 350 0 0 
4980 246 350 600 350 3 1 350 0 0 
4985 248 350 600 350 3 1 350 0 0 
4990 252 350 600 350 3 1 350 0 0 
4995 255 353 600 353 3 1 353 0 0 
5000 257 353 600 353 3 1 353 0 0 
5005 261 353 600 353 3 1 353 0 0 
5010 263 353 600 353 3 1 353 0 0 
5015 268 353 600 353 3 1 353 0 0 
5020 270 357 603 357 3 1 357 0 0 
5025 274 360 600 360 3 1 360 0 0 
5030 277 365 600 365 3 1 365 0 0 
5035 281 365 600 365 3 1 365 0 0 
5040 283 365 600 365 3 1 365 0 0 
5045 286 365 600 365 3 1 365 0 0 
5050 288 368 600 368 3 1 368 0 0 
5055 292 368 600 368 3 1 368 0 0 
5060 295 372 600 372 3 1 372 0 0 
5065 297 372 600 372 3 1 372 0 0 
5070 301 372 600 372 3 1 372 0 0 
5075 304 372 600 372 3 1 372 0 0 
5080 308 368 600 368 3 1 368 0 0 
5085 312 368 600 368 3 1 368 0 0 
5090 313 368 603 368 3 1 368 0 0 
5095 317 368 600 368 3 1 368 0 0 
5100 319 368 600 368 3 1 368 0 0 
5105 323 368 600 368 3 1 368 0 0 
5110 326 368 603 368 3 1 368 0 0 
5115 328 368 603 368 3 1 368 0 0 
5120 332 372 600 372 3 1 372 0 0 
5125 335 372 600 372 3 1 372 0 0 
5130 337 375 603 375 3 1 375 0 0 
5135 341 375 600 375 3 1 375 0 0 
5140 343 375 603 375 3 1 375 0 0 
5145 346 375 603 375 3 1 375 0 0 
5150 348 372 600 372 3 1 372 0 0 
5155 352 372 600 372 3 1 372 0 0 
5160 355 372 600 372 3 1 372 0 0 
5165 359 375 600 375 3 1 375 0 0 
5170 361 375 603 375 3 1 375 0 0 
5175 364 380 600 380 3 1 380 0 0 
5180 368 380 600 380 3 1 380 0 0 
5185 370 383 600 383 3 1 383 0 0 
5190 373 383 603 383 3 1 383 0 0 
5195 377 383 600 383 3 1 383 0 0 
5200 379 383 600 383 3 1 383 0 0 
5205 382 383 603 383 3 1 383 0 0 
5210 386 380 600 380 3 1 380 0 0 
5215 388 380 603 380 3 1 380 0 0 
5220 391 380 600 380 3 1 380 0 0 
5225 395 380 600 380 3 1 380 0 0 
5230 399 380 603 380 3 1 380 0 0 
5235 401 383 600 383 3 1 383 0 0 
5240 404 383 600 383 3 1 383 0 0 
5245 406 380 600 380 3 1 380 0 0 
5250 410 380 600 380 3 1 380 0 0 
5255 413 375 603 375 3 1 375 0 0 
5260 417 375 603 375 3 1 375 0 0 
5265 419 372 600 372 3 1 372 0 0 
5270 422 372 600 372 3 1 372 0 0 
5275 426 368 600 368 3 1 368 0 0 
5280 430 368 600 368 3 1 368 0 0 
5285 431 368 603 368 3 1 368 0 0 
5290 435 368 600 368 3 1 368 0 0 
5295 439 368 600 368 3 1 368 0 0 
5300 441 368 600 368 3 1 368 0 0 
5305 445 372 600 372 3 1 372 0 0 
5310 447 372 603 372 3 1 372 0 0 
5315 451 375 603 375 3 1 375 0 0 
5320 454 375 600 375 3 1 375 0 0 
5325 456 380 603 380 3 1 380 0 0 
5330 460 380 600 380 3 1 380 0 0 
5335 463 380 600 380 3 1 380 0 0 
5340 465 375 603 375 3 1 375 0 0 
5345 469 372 600 372 3 1 372 0 0 
5350 470 372 600 372 3 1 372 0 0 
5355 474 368 600 368 3 1 368 0 0 
5360 478 368 600 368 3 1 368 0 0 
5365 480 368 600 368 3 1 368 0 0 
5370 483 368 600 368 3 1 368 0 0 
5375 487 368 600 368 3 1 368 0 0 
5380 489 368 600 368 3 1 368 0 0 
5385 492 365 600 365 3 1 365 0 0 
5390 496 365 600 365 3 1 365 0 0 
5395 499 365 600 365 3 1 365 0 0 
5400 501 368 603 368 3 1 368 0 0 
5405 505 368 600 368 3 1 368 0 0 
5410 509 368 600 368 3 1 368 0 0 
5415 510 372 603 372 3 1 372 0 0 
5420 514 372 600 372 3 1 372 0 0 
5425 518 372 600 372 3 1 372 0 0 
5430 521 372 600 372 3 1 372 0 0 
5435 525 368 600 368 3 1 368 0 0 
5440 527 372 600 372 3 1 372 0 0 
5445 530 372 600 372 3 1 372 0 0 
5450 532 372 603 372 3 1 372 0 0 
5455 536 372 603 372 3 1 372 0 0 
5460 539 375 603 375 3 1 375 0 0 
5465 541 372 603 372 3 1 372 0 0 
5470 545 372 603 372 3 1 372 0 0 
5475 548 368 603 368 3 1 368 0 0 
5480 552 368 600 368 3 1 368 0 0 
5485 554 368 600 368 3 1 368 0 0 
5490 558 368 600 368 3 1 368 0 0 
5495 561 368 600 368 3 1 368 0 0 
5500 565 368 603 368 3 1 368 0 0 
5505 567 368 600 368 3 1 368 0 0 
5510 568 368 600 368 3 1 368 0 0 
5515 572 368 600 368 3 1 368 0 0 
5520 574 368 600 368 3 1 368 0 0 
5525 577 372 600 372 3 1 372 0 0 
5530 581 372 600 372 3 1 372 0 0 
5535 585 372 600 372 3 1 372 0 0 
5540 587 375 603 375 3 1 375 0 0 
5545 590 372 600 372 3 1 372 0 0 
5550 594 375 603 375 3 1 375 0 0 
5555 596 372 603 372 3 1 372 0 0 
5560 597 372 600 372 3 1 372 0 0 
5565 603 372 603 372 3 1 372 0 0 
5570 605 375 600 375 3 1 375 0 0 
5575 608 375 600 375 3 1 375 0 0 
5580 612 375 600 375 3 1 375 0 0 
5585 614 372 600 372 3 1 372 0 0 
5590 617 372 603 372 3 1 372 0 0 
5595 621 372 600 372 3 1 372 0 0 
5600 623 372 600 372 3 1 372 0 0 
5605 626 372 600 372 3 1 372 0 0 
5610 628 375 600 375 3 1 375 0 0 
5615 632 380 600 380 3 1 380 0 0 
5620 635 380 600 380 3 1 380 0 0 
5625 637 380 600 380 3 1 380 0 0 
5630 641 380 603 380 3 1 380 0 0 
5635 645 380 600 380 3 1 380 0 0 
5640 648 380 600 380 3 1 380 0 0 
5645 650 380 600 380 3 1 380 0 0 
5650 654 383 600 383 3 1 383 0 0 
5655 655 383 600 383 3 1 383 0 0 
5660 661 383 600 383 3 1 383 0 0 
5665 664 387 600 387 3 1 387 0 0 
5670 666 383 600 383 3 1 383 0 0 
5675 671 383 600 383 3 1 383 0 0 
5680 673 380 600 380 3 1 380 0 0 
5685 676 383 603 383 3 1 383 0 0 
5690 678 383 603 383 3 1 383 0 0 
5695 682 387 603 387 3 1 387 0 0 
5700 685 387 603 387 3 1 387 0 0 
5705 689 387 600 387 3 1 387 0 0 
5710 691 387 603 387 3 1 387 0 0 
5715 695 383 600 383 3 1 383 0 0 
5720 698 380 603 380 3 1 380 0 0 
5725 700 383 600 383 3 1 383 0 0 
5730 704 380 600 380 3 1 380 0 0 
5735 705 380 600 380 3 1 380 0 0 
5740 709 383 603 383 3 1 383 0 0 
5745 713 380 603 380 3 1 380 0 0 
5750 714 383 600 383 3 1 383 0 0 
5755 718 380 600 380 3 1 380 0 0 
5760 722 380 603 380 3 1 380 0 0 
5765 724 380 600 380 3 1 380 0 0 
5770 727 380 600 380 3 1 380 0 0 
5775 731 380 603 380 3 1 380 0 0 
5780 733 383 600 383 3 1 383 0 0 
5785 736 380 600 380 3 1 380 0 0 
5790 740 383 600 383 3 1 383 0 0 
5795 742 383 600 383 3 1 383 0 0 
5800 745 383 600 383 3 1 383 0 0 
5805 749 383 600 383 3 1 383 0 0 
5810 751 387 600 387 3 1 387 0 0 
5815 754 390 603 390 3 1 390 0 0 
5820 758 390 603 390 3 1 390 0 0 
5825 762 390 603 390 3 1 390 0 0 
5830 763 390 600 390 3 1 390 0 0 
5835 767 390 600 390 3 1 390 0 0 
5840 771 390 600 390 3 1 390 0 0 
5845 773 390 600 390 3 1 390 0 0 
5850 776 390 600 390 3 1 390 0 0 
5855 780 390 600 390 3 1 390 0 0 
5860 782 390 603 390 3 1 390 0 0 
5865 785 395 600 395 3 1 395 0 0 
5870 787 395 603 395 3 1 395 0 0 
5875 791 395 603 395 3 1 395 0 0 
5880 794 398 600 398 3 1 398 0 0 
5885 796 398 600 398 3 1 398 0 0 
5890 800 398 603 398 3 1 398 0 0 
5895 803 402 600 402 3 1 402 0 0 
5900 805 402 600 402 3 1 402 0 0 
5905 809 402 600 402 3 1 402 0 0 
5910 811 402 600 402 3 1 402 0 0 
5915 816 398 603 398 3 1 398 0 0 
5920 818 398 600 398 3 1 398 0 0 
5925 821 402 603 402 3 1 402 0 0 
5930 823 402 600 402 3 1 402 0 0 
5935 827 402 600 402 3 1 402 0 0 
5940 831 402 600 402 3 1 402 0 0 
5945 832 402 600 402 3 1 402 0 0 
5950 836 402 600 402 3 1 402 0 0 
5955 840 398 603 398 3 1 398 0 0 
5960 841 398 600 398 3 1 398 0 0 
5965 845 398 600 398 3 1 398 0 0 
5970 849 398 600 398 3 1 398 0 0 
5975 850 398 600 398 3 1 398 0 0 
5980 854 398 600 398 3 1 398 0 0 
5985 858 398 603 398 3 1 398 0 0 
5990 860 398 600 398 3 1 398 0 0 
5995 865 395 600 395 3 1 395 0 0 
6000 867 395 600 395 3 1 395 0 0 
6005 870 390 603 390 3 1 390 0 0 
6010 872 390 600 390 3 1 390 0 0 
6015 876 390 600 390 3 1 390 0 0 
6020 880 390 603 390 3 1 390 0 0 
6025 881 395 600 395 3 1 395 0 0 
6030 885 395 600 395 3 1 395 0 0 
6035 888 395 603 395 3 1 395 0 0 
6040 891 395 600 395 3 1 395 0 0 
6045 895 390 603 390 3 1 390 0 0 
6050 899 395 600 395 3 1 395 0 0 
6055 900 395 600 395 3 1 395 0 0 
6060 904 395 603 395 3 1 395 0 0 
6065 908 390 600 390 3 1 390 0 0 
6070 910 395 600 395 3 1 395 0 0 
6075 913 395 600 395 3 1 395 0 0 
6080 917 390 600 390 3 1 390 0 0 
6085 919 390 600 390 3 1 390 0 0 
6090 922 390 600 390 3 1 390 0 0 
6095 924 390 600 390 3 1 390 0 0 
6100 928 390 600 390 3 1 390 0 0 
6105 931 390 600 390 3 1 390 0 0 
6110 935 390 603 390 3 1 390 0 0 
6115 937 387 600 387 3 1 387 0 0 
6120 940 387 600 387 3 1 387 0 0 
6125 942 387 600 387 3 1 387 0 0 
6130 946 387 600 387 3 1 387 0 0 
6135 949 387 600 387 3 1 387 0 0 
6140 953 387 600 387 3 1 387 0 0 
6145 955 383 600 383 3 1 383 0 0 
6150 959 383 600 383 3 1 383 0 0 
6155 960 383 600 383 3 1 383 0 0 
6160 964 380 603 380 3 1 380 0 0 
6165 968 375 600 375 3 1 375 0 0 
6170 971 375 600 375 3 1 375 0 0 
6175 973 375 603 375 3 1 375 0 0 
6180 977 375 600 375 3 1 375 0 0 
6185 978 375 600 375 3 1 375 0 0 
6190 982 375 603 375 3 1 375 0 0 
6195 986 375 600 375 3 1 375 0 0 
6200 989 375 600 375 3 1 375 0 0 
6205 991 372 600 372 3 1 372 0 0 
6210 995 368 600 368 3 1 368 0 0 
6215 997 368 600 368 3 1 368 0 0 
6220 1002 365 600 365 3 1 365 0 0 
6225 1004 365 603 365 3 1 365 0 0 
6230 1006 365 603 365 3 1 365 0 0 
6235 1009 360 600 360 3 1 360 0 0 
6240 1013 360 603 360 3 1 360 0 0 
6245 1015 357 600 357 3 1 357 0 0 
6250 1018 353 600 353 3 1 353 0 0 
6255 1020 353 600 353 3 1 353 0 0 
6260 1024 350 600 350 3 1 350 0 0 
6265 1027 350 600 350 3 1 350 0 0 
6270 1029 345 600 345 3 1 345 0 0 
6275 1033 345 603 345 3 1 345 0 0 
6280 1036 342 600 342 3 1 342 0 0 
6285 1038 338 600 338 3 1 338 0 0 
6290 1042 335 600 335 3 1 335 0 0 
6295 1044 330 600 330 3 1 330 0 0 
6300 1049 323 600 323 3 1 323 0 0 
6305 1051 323 603 323 3 1 323 0 0 
6310 1055 320 600 320 3 1 320 0 0 
6315 1056 320 600 320 3 1 320 0 0 
6320 1060 320 603 320 3 1 320 0 0 
6325 1062 315 603 315 3 1 315 0 0 
6330 1066 315 600 315 3 1 315 0 0 
6335 1067 312 600 312 3 1 312 0 0 
6340 1073 308 600 308 3 1 308 0 0 
6345 1076 305 603 305 3 1 305 0 0 
6350 1078 300 603 300 3 1 300 0 0 
6355 1082 300 603 300 3 1 300 0 0 
6360 1085 300 600 300 3 1 300 0 0 
6365 1089 297 603 297 3 1 297 0 0 
6370 1091 297 600 297 3 1 297 0 0 
6375 1095 293 600 293 3 1 293 0 0 
6380 1098 293 600 293 3 1 293 0 0 
6385 1100 290 603 290 3 1 290 0 0 
6390 1104 290 603 290 3 1 290 0 0 
6395 1105 285 600 285 3 1 285 0 0 
6400 1112 285 603 285 3 1 285 0 0 
6405 1114 282 600 282 3 1 282 0 0 
6410 1115 282 600 282 3 1 282 0 0 
6415 1121 282 603 282 3 1 282 0 0 
6420 1123 282 600 282 3 1 282 0 0 
6425 1126 278 600 278 3 1 278 0 0 
6430 1128 278 600 278 3 1 278 0 0 
6435 1132 278 600 278 3 1 278 0 0 
6440 1134 278 593 278 3 1 278 0 0 
6445 1137 278 588 278 3 1 278 0 0 
6450 1141 278 578 278 3 1 278 0 0 
6455 1144 278 568 278 3 1 278 0 0 
6460 1146 278 560 278 3 1 278 0 0 
6465 1150 278 548 278 3 1 278 0 0 
6470 1152 282 538 282 3 1 282 0 0 
6475 1155 285 533 285 3 1 285 0 0 
6480 1157 290 523 290 3 1 290 0 0 
6485 1161 293 513 293 3 1 293 0 0 
6490 1161 293 503 293 3 1 293 0 0 
6495 1164 290 495 290 3 1 290 0 0 
6500 1168 282 485 282 3 1 282 0 0 
6505 1170 275 473 275 3 1 275 0 0 
6510 1174 278 463 278 3 1 278 0 0 
6515 1174 278 455 278 3 1 278 0 0 
6520 1177 285 445 285 3 1 285 0 0 
6525 1179 290 435 290 3 1 290 0 0 
6530 1183 290 428 290 3 1 290 0 0 
6535 1183 285 415 285 3 1 285 0 0 
6540 1186 282 403 282 3 1 282 0 0 
6545 1188 278 383 278 3 1 278 0 0 
6550 1190 275 375 275 3 1 275 0 0 
6555 1192 270 370 270 3 1 270 0 0 
6560 1193 275 363 275 3 1 275 0 0 
6565 1195 275 350 275 3 1 275 0 0 
6570 1197 278 338 278 3 1 278 0 0 
6575 1199 278 333 278 3 1 278 0 0 
6580 1201 270 315 270 3 1 270 0 0 
6585 1203 263 305 263 3 1 263 0 0 
6590 1204 255 300 255 3 1 255 0 0 
6595 1204 248 298 248 3 1 248 0 0 
6600 1208 245 293 245 3 1 245 0 0 
6605 1208 245 280 245 3 1 245 0 0 
6610 1210 245 270 245 3 1 245 0 0 
6615 1212 240 253 240 3 1 240 0 0 
6620 1212 233 238 233 3 1 233 0 0 
6625 1213 222 233 222 3 1 222 0 0 
6630 1215 210 228 210 3 1 210 0 0 
6635 1215 203 220 203 3 1 203 0 0 
6640 1217 192 210 192 3 1 192 0 0 
6645 1219 188 198 188 3 1 188 0 0 
6650 1219 180 193 180 3 1 180 0 0 
6655 1221 170 180 170 3 1 170 0 0 
6660 1221 150 168 150 3 1 150 0 0 
6665 1222 132 155 132 3 1 132 0 0 
6670 1222 113 148 113 3 1 113 0 0 
6675 1222 95 145 95 3 1 95 0 0 
6680 1224 80 145 80 3 1 80 0 0 
6685 1224 60 133 60 3 1 60 0 0 
6690 1226 45 120 45 3 1 45 0 0 
6695 1224 27 108 27 3 1 27 0 0 
6700 1226 8 88 8 3 1 8 0 0 
6705 1226 -12 75 -12 3 1 -12 0 0 
6710 1226 -30 53 -30 3 1 -30 0 0 
6715 1226 -45 28 -45 3 1 -45 0 0 
6720 1226 -65 0 -65 3 1 -65 0 0 
6725 1226 -75 -3 -75 3 1 -75 0 0 
6730 1228 -83 -28 -83 3 1 -83 0 0 
6735 1226 -95 -70 -95 3 1 -95 0 0 
6740 1226 -110 -135 -110 3 1 -110 0 0 
6745 1226 -128 -188 -128 3 1 -128 0 0 
6750 1224 -150 -240 -150 3 1 -150 0 0 
6755 1222 -177 -290 -177 3 1 -177 0 0 
6760 1221 -195 -353 -195 3 1 -195 0 0 
6765 1221 -207 -405 -207 3 1 -207 0 0 
6770 1219 -207 -458 -207 3 1 -207 0 0 
6775 1217 -203 -515 -203 3 1 -203 0 0 
6780 1213 -200 -580 -200 4 1 -200 0 0 
6785 1210 -203 -598 -203 4 1 -203 0 0 
6790 1206 -207 -600 -207 4 1 -207 0 0 
6795 1204 -218 -598 -218 4 1 -218 0 0 
6800 1201 -237 -600 -237 4 1 -237 0 0 
6805 1197 -252 -598 -252 4 1 -252 0 0 
6810 1195 -278 -598 -278 4 1 -278 0 0 
6815 1192 -308 -598 -308 4 1 -308 0 0 
6820 1188 -350 -600 -350 4 1 -350 0 0 
6825 1184 -380 -598 -380 4 1 -380 0 0 
6830 1183 -402 -600 -402 4 1 -402 0 0 
6835 1179 -413 -600 -413 4 1 -413 0 0 
6840 1175 -417 -600 -417 4 1 -417 0 0 
6845 1174 -413 -600 -413 4 1 -413 0 0 
6850 1170 -402 -600 -402 4 1 -402 0 0 
6855 1166 -398 -600 -398 4 1 -398 0 0 
6860 1163 -395 -600 -395 4 1 -395 0 0 
6865 1161 -402 -598 -402 4 1 -402 0 0 
6870 1157 -410 -600 -410 4 1 -410 0 0 
6875 1155 -420 -598 -420 4 1 -420 0 0 
6880 1152 -435 -600 -435 4 1 -435 0 0 
6885 1148 -440 -598 -440 4 1 -440 0 0 
6890 1144 -440 -598 -440 4 1 -440 0 0 
6895 1143 -440 -600 -440 4 1 -440 0 0 
6900 1139 -435 -600 -435 4 1 -435 0 0 
6905 1135 -435 -600 -435 4 1 -435 0 0 
6910 1134 -435 -600 -435 4 1 -435 0 0 
6915 1130 -435 -600 -435 4 1 -435 0 0 
6920 1128 -435 -600 -435 4 1 -435 0 0 
6925 1125 -440 -600 -440 4 1 -440 0 0 
6930 1121 -440 -600 -440 4 1 -440 0 0 
6935 1117 -443 -600 -443 4 1 -443 0 0 
6940 1114 -447 -600 -447 4 1 -447 0 0 
6945 1112 -443 -600 -443 4 1 -443 0 0 
6950 1107 -447 -600 -447 4 1 -447 0 0 
6955 1105 -447 -600 -447 4 1 -447 0 0 
6960 1102 -450 -600 -450 4 1 -450 0 0 
6965 1100 -455 -600 -455 4 1 -455 0 0 
6970 1096 -458 -598 -458 4 1 -458 0 0 
6975 1093 -458 -598 -458 4 1 -458 0 0 
6980 1089 -462 -600 -462 4 1 -462 0 0 
6985 1087 -462 -600 -462 4 1 -462 0 0 
6990 1085 -462 -600 -462 4 1 -462 0 0 
6995 1082 -465 -598 -465 4 1 -465 0 0 
7000 1078 -465 -600 -465 4 1 -465 0 0 
7005 1075 -465 -600 -465 4 1 -465 0 0 
7010 1073 -470 -600 -470 4 1 -470 0 0 
7015 1069 -470 -600 -470 4 1 -470 0 0 
7020 1064 -470 -598 -470 4 1 -470 0 0 
7025 1062 -470 -598 -470 4 1 -470 0 0 
7030 1058 -465 -600 -465 4 1 -465 0 0 
7035 1056 -465 -600 -465 4 1 -465 0 0 
7040 1053 -470 -598 -470 4 1 -470 0 0 
7045 1049 -470 -600 -470 4 1 -470 0 0 
7050 1046 -473 -600 -473 4 1 -473 0 0 
7055 1044 -477 -600 -477 4 1 -477 0 0 
7060 1040 -480 -600 -480 4 1 -480 0 0 
7065 1036 -485 -600 -485 4 1 -485 0 0 
7070 1035 -485 -598 -485 4 1 -485 0 0 
7075 1033 -485 -598 -485 4 1 -485 0 0 
7080 1027 -485 -598 -485 4 1 -485 0 0 
7085 1027 -488 -600 -488 4 1 -488 0 0 
7090 1024 -492 -600 -492 4 1 -492 0 0 
7095 1020 -495 -600 -495 4 1 -495 0 0 
7100 1018 -500 -600 -500 4 1 -500 0 0 
7105 1013 -503 -598 -503 4 1 -503 0 0 
7110 1011 -503 -600 -503 4 1 -503 0 0 
7115 1007 -507 -600 -507 4 1 -507 0 0 
7120 1004 -507 -598 -507 4 1 -507 0 0 
7125 1002 -507 -598 -507 4 1 -507 0 0 
7130 998 -507 -598 -507 4 1 -507 0 0 
7135 997 -510 -600 -510 4 1 -510 0 0 
7140 993 -515 -600 -515 4 1 -515 0 0 
7145 989 -518 -600 -518 4 1 -518 0 0 
7150 986 -518 -600 -518 4 1 -518 0 0 
7155 984 -522 -600 -522 4 1 -522 0 0 
7160 980 -522 -598 -522 4 1 -522 0 0 
7165 978 -525 -600 -525 4 1 -525 0 0 
7170 975 -530 -600 -530 4 1 -530 0 0 
7175 971 -530 -600 -530 4 1 -530 0 0 
7180 969 -530 -600 -530 4 1 -530 0 0 
7185 966 -533 -600 -533 4 1 -533 0 0 
7190 964 -533 -600 -533 4 1 -533 0 0 
7195 960 -533 -600 -533 4 1 -533 0 0 
7200 957 -537 -600 -537 4 1 -537 0 0 
7205 955 -537 -598 -537 4 1 -537 0 0 
7210 951 -537 -598 -537 4 1 -537 0 0 
7215 948 -537 -598 -537 4 1 -537 0 0 
7220 946 -537 -600 -537 4 1 -537 0 0 
7225 942 -533 -600 -533 4 1 -533 0 0 
7230 939 -533 -600 -533 4 1 -533 0 0 
7235 937 -533 -600 -533 4 1 -533 0 0 
7240 931 -533 -600 -533 4 1 -533 0 0 
7245 929 -533 -600 -533 4 1 -533 0 0 
7250 928 -533 -600 -533 4 1 -533 0 0 
7255 924 -533 -600 -533 4 1 -533 0 0 
7260 920 -537 -598 -537 4 1 -537 0 0 
7265 917 -533 -600 -533 4 1 -533 0 0 
7270 915 -537 -600 -537 4 1 -537 0 0 
7275 913 -537 -600 -537 4 1 -537 0 0 
7280 910 -537 -600 -537 4 1 -537 0 0 
7285 906 -540 -600 -540 4 1 -540 0 0 
7290 902 -540 -598 -540 4 1 -540 0 0 
7295 900 -540 -600 -540 4 1 -540 0 0 
7300 897 -540 -600 -540 4 1 -540 0 0 
7305 893 -545 -600 -545 4 1 -545 0 0 
7310 891 -545 -600 -545 4 1 -545 0 0 
7315 888 -545 -600 -545 4 1 -545 0 0 
7320 883 -545 -600 -545 4 1 -545 0 0 
7325 881 -540 -600 -540 4 1 -540 0 0 
7330 878 -537 -600 -537 4 1 -537 0 0 
7335 876 -537 -600 -537 4 1 -537 0 0 
7340 870 -533 -600 -533 4 1 -533 0 0 
7345 869 -533 -600 -533 4 1 -533 0 0 
7350 865 -537 -600 -537 4 1 -537 0 0 
7355 863 -540 -598 -540 4 1 -540 0 0 
7360 860 -540 -598 -540 4 1 -540 0 0 
7365 856 -545 -598 -545 4 1 -545 0 0 
7370 854 -545 -600 -545 4 1 -545 0 0 
7375 850 -545 -598 -545 4 1 -545 0 0 
7380 847 -540 -600 -540 4 1 -540 0 0 
7385 845 -540 -600 -540 4 1 -540 0 0 
7390 841 -540 -600 -540 4 1 -540 0 0 
7395 840 -545 -598 -545 4 1 -545 0 0 
7400 834 -545 -600 -545 4 1 -545 0 0 
7405 832 -545 -600 -545 4 1 -545 0 0 
7410 831 -548 -600 -548 4 1 -548 0 0 
7415 827 -548 -600 -548 4 1 -548 0 0 
7420 823 -545 -600 -545 4 1 -545 0 0 
7425 820 -545 -598 -545 4 1 -545 0 0 
7430 818 -545 -600 -545 4 1 -545 0 0 
7435 814 -545 -600 -545 4 1 -545 0 0 
7440 811 -545 -600 -545 4 1 -545 0 0 
7445 809 -545 -600 -545 4 1 -545 0 0 
7450 805 -540 -600 -540 4 1 -540 0 0 
7455 803 -540 -600 -540 4 1 -540 0 0 
7460 800 -537 -598 -537 4 1 -537 0 0 
7465 796 -537 -600 -537 4 1 -537 0 0 
7470 794 -537 -598 -537 4 1 -537 0 0 
7475 791 -540 -598 -540 4 1 -540 0 0 
7480 787 -545 -600 -545 4 1 -545 0 0 
7485 785 -545 -600 -545 4 1 -545 0 0 
7490 782 -545 -598 -545 4 1 -545 0 0 
7495 778 -545 -600 -545 4 1 -545 0 0 
7500 774 -540 -600 -540 4 1 -540 0 0 
7505 773 -540 -600 -540 4 1 -540 0 0 
7510 771 -540 -600 -540 4 1 -540 0 0 
7515 767 -540 -598 -540 4 1 -540 0 0 
7520 763 -540 -600 -540 4 1 -540 0 0 
7525 762 -540 -598 -540 4 1 -540 0 0 
7530 758 -537 -600 -537 4 1 -537 0 0 
7535 754 -537 -598 -537 4 1 -537 0 0 
7540 751 -530 -600 -530 4 1 -530 0 0 
7545 749 -525 -600 -525 4 1 -525 0 0 
7550 745 -522 -598 -522 4 1 -522 0 0 
7555 742 -518 -600 -518 4 1 -518 0 0 
7560 740 -518 -600 -518 4 1 -518 0 0 
7565 736 -518 -600 -518 4 1 -518 0 0 
7570 734 -515 -600 -515 4 1 -515 0 0 
7575 731 -515 -600 -515 4 1 -515 0 0 
7580 727 -515 -598 -515 4 1 -515 0 0 
7585 724 -515 -600 -515 4 1 -515 0 0 
7590 722 -518 -600 -518 4 1 -518 0 0 
7595 718 -518 -600 -518 4 1 -518 0 0 
7600 714 -522 -600 -522 4 1 -522 0 0 
7605 713 -522 -600 -522 4 1 -522 0 0 
7610 709 -522 -600 -522 4 1 -522 0 0 
7615 707 -522 -600 -522 4 1 -522 0 0 
7620 704 -522 -600 -522 4 1 -522 0 0 
7625 702 -522 -600 -522 4 1 -522 0 0 
7630 698 -525 -600 -525 4 1 -525 0 0 
7635 695 -522 -600 -522 4 1 -522 0 0 
7640 693 -525 -600 -525 4 1 -525 0 0 
7645 689 -525 -598 -525 4 1 -525 0 0 
7650 685 -530 -600 -530 4 1 -530 0 0 
7655 684 -530 -600 -530 4 1 -530 0 0 
7660 680 -530 -600 -530 4 1 -530 0 0 
7665 676 -525 -600 -525 4 1 -525 0 0 
7670 673 -530 -600 -530 4 1 -530 0 0 
7675 671 -530 -600 -530 4 1 -530 0 0 
7680 667 -530 -598 -530 4 1 -530 0 0 
7685 664 -530 -600 -530 4 1 -530 0 0 
7690 661 -530 -600 -530 4 1 -530 0 0 
7695 657 -525 -598 -525 4 1 -525 0 0 
7700 654 -525 -600 -525 4 1 -525 0 0 
7705 650 -525 -600 -525 4 1 -525 0 0 
7710 648 -525 -598 -525 4 1 -525 0 0 
7715 645 -525 -600 -525 4 1 -525 0 0 
7720 643 -525 -598 -525 4 1 -525 0 0 
7725 639 -525 -600 -525 4 1 -525 0 0 
7730 635 -525 -598 -525 4 1 -525 0 0 
7735 635 -530 -600 -530 4 1 -530 0 0 
7740 630 -525 -598 -525 4 1 -525 0 0 
7745 626 -525 -600 -525 4 1 -525 0 0 
7750 625 -522 -600 -522 4 1 -522 0 0 
7755 621 -525 -598 -525 4 1 -525 0 0 
7760 617 -525 -600 -525 4 1 -525 0 0 
7765 614 -522 -598 -522 4 1 -522 0 0 
7770 612 -522 -598 -522 4 1 -522 0 0 
7775 610 -522 -600 -522 4 1 -522 0 0 
7780 606 -518 -600 -518 4 1 -518 0 0 
7785 603 -510 -600 -510 4 1 -510 0 0 
7790 599 -507 -600 -507 4 1 -507 0 0 
7795 597 -503 -598 -503 4 1 -503 0 0 
7800 594 -503 -600 -503 4 1 -503 0 0 
7805 592 -507 -600 -507 4 1 -507 0 0 
7810 588 -510 -600 -510 4 1 -510 0 0 
7815 585 -510 -598 -510 4 1 -510 0 0 
7820 583 -515 -600 -515 4 1 -515 0 0 
7825 579 -522 -600 -522 4 1 -522 0 0 
7830 576 -518 -600 -518 4 1 -518 0 0 
7835 572 -522 -600 -522 4 1 -522 0 0 
7840 570 -522 -598 -522 4 1 -522 0 0 
7845 567 -518 -600 -518 4 1 -518 0 0 
7850 565 -515 -598 -515 4 1 -515 0 0 
7855 561 -515 -600 -515 4 1 -515 0 0 
7860 559 -515 -600 -515 4 1 -515 0 0 
7865 556 -510 -600 -510 4 1 -510 0 0 
7870 552 -515 -598 -515 4 1 -515 0 0 
7875 550 -515 -600 -515 4 1 -515 0 0 
7880 547 -515 -598 -515 4 1 -515 0 0 
7885 543 -515 -598 -515 4 1 -515 0 0 
7890 541 -515 -600 -515 4 1 -515 0 0 
7895 538 -515 -600 -515 4 1 -515 0 0 
7900 534 -510 -600 -510 4 1 -510 0 0 
7905 530 -507 -600 -507 4 1 -507 0 0 
7910 528 -507 -600 -507 4 1 -507 0 0 
7915 525 -507 -600 -507 4 1 -507 0 0 
7920 523 -503 -600 -503 4 1 -503 0 0 
7925 519 -503 -600 -503 4 1 -503 0 0 
7930 516 -500 -600 -500 4 1 -500 0 0 
7935 512 -500 -600 -500 4 1 -500 0 0 
7940 510 -495 -600 -495 4 1 -495 0 0 
7945 507 -492 -600 -492 4 1 -492 0 0 
7950 503 -492 -600 -492 4 1 -492 0 0 
7955 501 -492 -598 -492 4 1 -492 0 0 
7960 498 -495 -600 -495 4 1 -495 0 0 
7965 494 -500 -600 -500 4 1 -500 0 0 
7970 490 -503 -600 -503 4 1 -503 0 0 
7975 489 -503 -600 -503 4 1 -503 0 0 
7980 485 -500 -600 -500 4 1 -500 0 0 
7985 483 -495 -600 -495 4 1 -495 0 0 
7990 480 -488 -600 -488 4 1 -488 0 0 
7995 476 -485 -598 -485 4 1 -485 0 0 
8000 474 -480 -600 -480 4 1 -480 0 0 
8005 470 -477 -598 -477 4 1 -477 0 0 
8010 467 -477 -600 -477 4 1 -477 0 0 
8015 465 -477 -600 -477 4 1 -477 0 0 
8020 461 -477 -600 -477 4 1 -477 0 0 
8025 458 -477 -600 -477 4 1 -477 0 0 
8030 456 -477 -600 -477 4 1 -477 0 0 
8035 452 -473 -600 -473 4 1 -473 0 0 
8040 451 -470 -600 -470 4 1 -470 0 0 
8045 447 -470 -600 -470 4 1 -470 0 0 
8050 443 -465 -600 -465 4 1 -465 0 0 
8055 441 -465 -600 -465 4 1 -465 0 0 
8060 437 -462 -600 -462 4 1 -462 0 0 
8065 433 -462 -598 -462 4 1 -462 0 0 
8070 431 -458 -600 -458 4 1 -458 0 0 
8075 428 -458 -600 -458 4 1 -458 0 0 
8080 426 -458 -600 -458 4 1 -458 0 0 
8085 420 -458 -600 -458 4 1 -458 0 0 
8090 419 -455 -598 -455 4 1 -455 0 0 
8095 415 -450 -600 -450 4 1 -450 0 0 
8100 413 -450 -600 -450 4 1 -450 0 0 
8105 410 -450 -598 -450 4 1 -450 0 0 
8110 408 -450 -600 -450 4 1 -450 0 0 
8115 404 -450 -600 -450 4 1 -450 0 0 
8120 401 -450 -600 -450 4 1 -450 0 0 
8125 397 -450 -598 -450 4 1 -450 0 0 
8130 393 -450 -600 -450 4 1 -450 0 0 
8135 391 -447 -600 -447 4 1 -447 0 0 
8140 388 -447 -600 -447 4 1 -447 0 0 
8145 386 -447 -600 -447 4 1 -447 0 0 
8150 382 -443 -600 -443 4 1 -443 0 0 
8155 379 -443 -600 -443 4 1 -443 0 0 
8160 377 -443 -600 -443 4 1 -443 0 0 
8165 373 -443 -600 -443 4 1 -443 0 0 
8170 372 -443 -600 -443 4 1 -443 0 0 
8175 368 -443 -600 -443 4 1 -443 0 0 
8180 364 -443 -598 -443 4 1 -443 0 0 
8185 361 -440 -600 -440 4 1 -440 0 0 
8190 359 -440 -598 -440 4 1 -440 0 0 
8195 355 -435 -598 -435 4 1 -435 0 0 
8200 352 -435 -598 -435 4 1 -435 0 0 
8205 350 -435 -598 -435 4 1 -435 0 0 
8210 346 -435 -600 -435 4 1 -435 0 0 
8215 344 -435 -598 -435 4 1 -435 0 0 
8220 341 -440 -600 -440 4 1 -440 0 0 
8225 337 -440 -600 -440 4 1 -440 0 0 
8230 335 -435 -600 -435 4 1 -435 0 0 
8235 332 -435 -600 -435 4 1 -435 0 0 
8240 328 -435 -600 -435 4 1 -435 0 0 
8245 326 -432 -600 -432 4 1 -432 0 0 
8250 323 -432 -600 -432 4 1 -432 0 0 
8255 321 -432 -600 -432 4 1 -432 0 0 
8260 317 -432 -600 -432 4 1 -432 0 0 
8265 313 -432 -600 -432 4 1 -432 0 0 
8270 312 -428 -600 -428 4 1 -428 0 0 
8275 308 -432 -600 -432 4 1 -432 0 0 
8280 304 -432 -600 -432 4 1 -432 0 0 
8285 301 -432 -600 -432 4 1 -432 0 0 
8290 299 -428 -598 -428 4 1 -428 0 0 
8295 295 -428 -598 -428 4 1 -428 0 0 
8300 294 -428 -600 -428 4 1 -428 0 0 
8305 290 -425 -600 -425 4 1 -425 0 0 
8310 286 -425 -600 -425 4 1 -425 0 0 
8315 283 -425 -600 -425 4 1 -425 0 0 
8320 281 -425 -600 -425 4 1 -425 0 0 
8325 277 -425 -600 -425 4 1 -425 0 0 
8330 274 -420 -600 -420 4 1 -420 0 0 
8335 272 -420 -598 -420 4 1 -420 0 0 
8340 270 -417 -600 -417 4 1 -417 0 0 
8345 265 -417 -598 -417 4 1 -417 0 0 
8350 261 -420 -600 -420 4 1 -420 0 0 
8355 259 -420 -598 -420 4 1 -420 0 0 
8360 255 -420 -600 -420 4 1 -420 0 0 
8365 254 -420 -600 -420 4 1 -420 0 0 
8370 250 -425 -600 -425 4 1 -425 0 0 
8375 246 -425 -600 -425 4 1 -425 0 0 
8380 245 -425 -598 -425 4 1 -425 0 0 
8385 241 -425 -598 -425 4 1 -425 0 0 
8390 237 -425 -598 -425 4 1 -425 0 0 
8395 236 -425 -600 -425 4 1 -425 0 0 
8400 232 -425 -600 -425 4 1 -425 0 0 
8405 228 -420 -600 -420 4 1 -420 0 0 
8410 225 -420 -600 -420 4 1 -420 0 0 
8415 223 -420 -598 -420 4 1 -420 0 0 
8420 219 -420 -598 -420 4 1 -420 0 0 
8425 216 -420 -598 -420 4 1 -420 0 0 
8430 213 -425 -600 -425 4 1 -425 0 0 
8435 209 -428 -598 -428 4 1 -428 0 0 
8440 205 -428 -600 -428 4 1 -428 0 0 
8445 204 -425 -600 -425 4 1 -425 0 0 
8450 202 -425 -598 -425 4 1 -425 0 0 
8455 198 -425 -600 -425 4 1 -425 0 0 
8460 195 -425 -598 -425 4 1 -425 0 0 
8465 191 -425 -600 -425 4 1 -425 0 0 
8470 189 -428 -600 -428 4 1 -428 0 0 
8475 186 -428 -600 -428 4 1 -428 0 0 
8480 182 -428 -600 -428 4 1 -428 0 0 
8485 178 -432 -600 -432 4 1 -432 0 0 
8490 176 -432 -600 -432 4 1 -432 0 0 
8495 173 -432 -598 -432 4 1 -432 0 0 
8500 173 -432 -600 -432 4 1 -432 0 0 
8505 167 -432 -600 -432 4 1 -432 0 0 
8510 166 -432 -600 -432 4 1 -432 0 0 
8515 162 -428 -598 -428 4 1 -428 0 0 
8520 160 -428 -598 -428 4 1 -428 0 0 
8525 155 -428 -598 -428 4 1 -428 0 0 
8530 153 -425 -600 -425 4 1 -425 0 0 
8535 149 -420 -600 -420 4 1 -420 0 0 
8540 146 -420 -600 -420 4 1 -420 0 0 
8545 144 -420 -600 -420 4 1 -420 0 0 
8550 140 -420 -600 -420 4 1 -420 0 0 
8555 138 -420 -600 -420 4 1 -420 0 0 
8560 135 -420 -600 -420 4 1 -420 0 0 
8565 131 -417 -600 -417 4 1 -417 0 0 
8570 129 -413 -600 -413 4 1 -413 0 0 
8575 126 -410 -598 -410 4 1 -410 0 0 
8580 122 -410 -600 -410 4 1 -410 0 0 
8585 120 -410 -600 -410 4 1 -410 0 0 
8590 117 -410 -588 -410 4 1 -410 0 0 
8595 115 -410 -580 -410 4 1 -410 0 0 
8600 111 -413 -573 -413 4 1 -413 0 0 
8605 108 -410 -560 -410 4 1 -410 0 0 
8610 106 -413 -553 -413 4 1 -413 0 0 
8615 102 -417 -545 -417 4 1 -417 0 0 
8620 100 -425 -533 -425 4 1 -425 0 0 
8625 97 -432 -523 -432 4 1 -432 0 0 
8630 95 -435 -520 -435 4 1 -435 0 0 
8635 93 -428 -508 -428 4 1 -428 0 0 
8640 91 -420 -498 -420 4 1 -420 0 0 
8645 86 -413 -488 -413 4 1 -413 0 0 
8650 84 -410 -480 -410 4 1 -410 0 0 
8655 82 -405 -468 -405 4 1 -405 0 0 
8660 80 -410 -455 -410 4 1 -410 0 0 
8665 77 -410 -448 -410 4 1 -410 0 0 
8670 75 -405 -443 -405 4 1 -405 0 0 
8675 73 -402 -433 -402 4 1 -402 0 0 
8680 71 -398 -420 -398 4 1 -398 0 0 
8685 68 -390 -410 -390 4 1 -390 0 0 
8690 66 -387 -403 -387 4 1 -387 0 0 
8695 64 -383 -393 -383 4 1 -383 0 0 
8700 62 -383 -390 -383 4 1 -383 0 0 
8705 60 -380 -375 -380 4 1 -380 0 0 
8710 59 -372 -368 -372 4 1 -372 0 0 
8715 57 -368 -355 -368 4 1 -368 0 0 
8720 55 -360 -350 -360 4 1 -360 0 0 
8725 53 -357 -333 -357 4 1 -357 0 0 
8730 51 -353 -333 -353 4 1 -353 0 0 
8735 50 -353 -315 -353 4 1 -353 0 0 
8740 48 -350 -315 -350 4 1 -350 0 0 
8745 46 -350 -303 -350 4 1 -350 0 0 
8750 44 -345 -298 -345 4 1 -345 0 0 
8755 42 -342 -285 -342 4 1 -342 0 0 
8760 42 -330 -270 -330 4 1 -330 0 0 
8765 40 -323 -270 -323 4 1 -323 0 0 
8770 40 -312 -253 -312 4 1 -312 0 0 
8775 39 -305 -248 -305 4 1 -305 0 0 
8780 37 -300 -245 -300 4 1 -300 0 0 
8785 35 -293 -228 -293 4 1 -293 0 0 
8790 35 -282 -220 -282 4 1 -282 0 0 
8795 33 -270 -213 -270 4 1 -270 0 0 
8800 33 -260 -200 -260 4 1 -260 0 0 
8805 31 -245 -188 -245 4 1 -245 0 0 
8810 31 -240 -180 -240 4 1 -240 0 0 
8815 31 -233 -170 -233 4 1 -233 0 0 
8820 30 -230 -170 -230 4 1 -230 0 0 
8825 28 -225 -158 -225 4 1 -225 0 0 
8830 28 -218 -148 -218 4 1 -218 0 0 
8835 28 -203 -140 -203 4 1 -203 0 0 
8840 26 -192 -135 -192 4 1 -192 0 0 
8845 26 -170 -130 -170 4 1 -170 0 0 
8850 26 -150 -133 -150 4 1 -150 0 0 
8855 24 -132 -120 -132 4 1 -132 0 0 
8860 24 -117 -118 -117 4 1 -117 0 0 
8865 22 -98 -120 -98 4 1 -98 0 0 
8870 22 -83 -105 -83 4 1 -83 0 0 
8875 22 -72 -103 -72 4 1 -72 0 0 
8880 22 -57 -103 -57 4 1 -57 0 0 
8885 20 -42 -95 -42 4 1 -42 0 0 
8890 20 -27 -78 -27 4 1 -27 0 0 
8895 20 -12 -53 -12 4 1 -12 0 0 
8900 20 8 -15 8 4 1 8 0 0 
8905 20 42 0 42 4 1 42 0 0 
8910 20 72 18 72 4 1 72 0 0 
8915 20 98 35 98 4 1 98 0 0 
8920 20 113 53 113 4 1 113 0 0 
8925 20 117 83 117 4 1 117 0 0 
8930 20 105 120 105 4 1 105 0 0 
8935 22 102 155 102 4 1 102 0 0 
8940 22 105 193 105 4 1 105 0 0 
8945 24 120 228 120 4 1 120 0 0 
8950 24 132 263 132 4 1 132 0 0 
8955 26 143 300 143 4 1 143 0 0 
8960 28 147 345 147 4 1 147 0 0 
8965 30 147 403 147 4 1 147 0 0 
8970 31 150 448 150 4 1 150 0 0 
8975 33 158 498 158 4 1 158 0 0 
8980 37 165 538 165 5 1 165 0 0 
8985 40 173 585 173 5 1 173 0 0 
8990 42 177 598 177 5 1 177 0 0 
8995 46 170 600 170 5 1 170 0 0 
9000 48 165 603 165 5 1 165 0 0 
9005 51 165 600 165 5 1 165 0 0 
9010 55 180 600 180 5 1 180 0 0 
9015 59 207 600 207 5 1 207 0 0 
9020 60 237 600 237 5 1 237 0 0 
9025 64 278 603 278 5 1 278 0 0 
9030 68 300 600 300 5 1 300 0 0 
9035 71 308 603 308 5 1 308 0 0 
9040 73 300 600 300 5 1 300 0 0 
9045 77 285 600 285 5 1 285 0 0 
9050 80 270 600 270 5 1 270 0 0 
9055 84 267 600 267 5 1 267 0 0 
9060 86 270 600 270 5 1 270 0 0 
9065 88 285 603 285 5 1 285 0 0 
9070 93 297 600 297 5 1 297 0 0 
9075 95 305 600 305 5 1 305 0 0 
9080 98 312 603 312 5 1 312 0 0 
9085 102 312 600 312 5 1 312 0 0 
9090 104 312 603 312 5 1 312 0 0 
9095 108 312 600 312 5 1 312 0 0 
9100 111 312 600 312 5 1 312 0 0 
9105 113 312 603 312 5 1 312 0 0 
9110 117 315 603 315 5 1 315 0 0 
9115 120 320 600 320 5 1 320 0 0 
9120 122 323 600 323 5 1 323 0 0 
9125 126 330 600 330 5 1 330 0 0 
9130 129 335 600 335 5 1 335 0 0 
9135 131 335 600 335 5 1 335 0 0 
9140 135 338 600 338 5 1 338 0 0 
9145 138 338 600 338 5 1 338 0 0 
9150 140 335 600 335 5 1 335 0 0 
9155 144 335 603 335 5 1 335 0 0 
9160 147 335 600 335 5 1 335 0 0 
9165 149 335 600 335 5 1 335 0 0 
9170 153 335 600 335 5 1 335 0 0 
9175 155 338 600 338 5 1 338 0 0 
9180 158 342 600 342 5 1 342 0 0 
9185 162 342 600 342 5 1 342 0 0 
9190 164 342 603 342 5 1 342 0 0 
9195 167 338 600 338 5 1 338 0 0 
9200 171 338 600 338 5 1 338 0 0 
9205 175 338 600 338 5 1 338 0 0 
9210 176 335 600 335 5 1 335 0 0 
9215 180 335 600 335 5 1 335 0 0 
9220 182 335 600 335 5 1 335 0 0 
9225 186 335 603 335 5 1 335 0 0 
9230 189 330 603 330 5 1 330 0 0 
9235 193 330 600 330 5 1 330 0 0 
9240 195 327 603 327 5 1 327 0 0 
9245 196 323 603 323 5 1 323 0 0 
9250 200 327 600 327 5 1 327 0 0 
9255 204 327 603 327 5 1 327 0 0 
9260 207 323 603 323 5 1 323 0 0 
9265 209 323 600 323 5 1 323 0 0 
9270 213 323 600 323 5 1 323 0 0 
9275 216 323 603 323 5 1 323 0 0 
9280 219 323 603 323 5 1 323 0 0 
9285 223 320 600 320 5 1 320 0 0 
9290 226 320 600 320 5 1 320 0 0 
9295 228 320 600 320 5 1 320 0 0 
9300 232 320 600 320 5 1 320 0 0 
9305 234 320 600 320 5 1 320 0 0 
9310 237 320 600 320 5 1 320 0 0 
9315 241 320 603 320 5 1 320 0 0 
9320 245 315 603 315 5 1 315 0 0 
9325 246 312 600 312 5 1 312 0 0 
9330 250 312 600 312 5 1 312 0 0 
9335 254 312 600 312 5 1 312 0 0 
9340 257 312 603 312 5 1 312 0 0 
9345 259 312 600 312 5 1 312 0 0 
9350 263 312 603 312 5 1 312 0 0 
9355 266 312 600 312 5 1 312 0 0 
9360 268 312 600 312 5 1 312 0 0 
9365 272 312 603 312 5 1 312 0 0 
9370 274 308 600 308 5 1 308 0 0 
9375 277 308 600 308 5 1 308 0 0 
9380 281 305 603 305 5 1 305 0 0 
9385 284 305 600 305 5 1 305 0 0 
9390 286 305 600 305 5 1 305 0 0 
9395 290 305 600 305 5 1 305 0 0 
9400 294 305 600 305 5 1 305 0 0 
9405 295 305 600 305 5 1 305 0 0 
9410 299 305 603 305 5 1 305 0 0 
9415 303 300 600 300 5 1 300 0 0 
9420 304 305 600 305 5 1 305 0 0 
9425 308 305 600 305 5 1 305 0 0 
9430 312 305 603 305 5 1 305 0 0 
9435 315 305 603 305 5 1 305 0 0 
9440 317 305 603 305 5 1 305 0 0 
9445 321 305 603 305 5 1 305 0 0 
9450 323 305 600 305 5 1 305 0 0 
9455 326 305 600 305 5 1 305 0 0 
9460 330 305 600 305 5 1 305 0 0 
9465 333 305 600 305 5 1 305 0 0 
9470 337 305 600 305 5 1 305 0 0 
9475 339 308 600 308 5 1 308 0 0 
9480 343 305 603 305 5 1 305 0 0 
9485 344 305 600 305 5 1 305 0 0 
9490 348 305 600 305 5 1 305 0 0 
9495 350 305 600 305 5 1 305 0 0 
9500 353 308 603 308 5 1 308 0 0 
9505 357 308 603 308 5 1 308 0 0 
9510 361 308 603 308 5 1 308 0 0 
9515 362 308 603 308 5 1 308 0 0 
9520 366 308 600 308 5 1 308 0 0 
9525 368 308 600 308 5 1 308 0 0 
9530 372 308 600 308 5 1 308 0 0 
9535 375 312 600 312 5 1 312 0 0 
9540 379 312 600 312 5 1 312 0 0 
9545 381 312 600 312 5 1 312 0 0 
9550 384 312 603 312 5 1 312 0 0 
9555 386 312 603 312 5 1 312 0 0 
9560 390 312 600 312 5 1 312 0 0 
9565 393 312 603 312 5 1 312 0 0 
9570 395 312 603 312 5 1 312 0 0 
9575 399 312 600 312 5 1 312 0 0 
9580 402 312 600 312 5 1 312 0 0 
9585 404 312 600 312 5 1 312 0 0 
9590 408 312 600 312 5 1 312 0 0 
9595 411 315 600 315 5 1 315 0 0 
9600 415 315 600 315 5 1 315 0 0 
9605 417 320 600 320 5 1 320 0 0 
9610 420 320 600 320 5 1 320 0 0 
9615 424 323 600 323 5 1 323 0 0 
9620 426 323 600 323 5 1 323 0 0 
9625 430 323 600 323 5 1 323 0 0 
9630 433 323 600 323 5 1 323 0 0 
9635 435 327 600 327 5 1 327 0 0 
9640 439 327 603 327 5 1 327 0 0 
9645 443 327 600 327 5 1 327 0 0 
9650 447 327 600 327 5 1 327 0 0 
9655 449 327 603 327 5 1 327 0 0 
9660 452 327 600 327 5 1 327 0 0 
9665 456 327 600 327 5 1 327 0 0 
9670 458 330 603 330 5 1 330 0 0 
9675 460 335 600 335 5 1 335 0 0 
9680 463 335 600 335 5 1 335 0 0 
9685 467 335 600 335 5 1 335 0 0 
9690 470 335 600 335 5 1 335 0 0 
9695 474 338 603 338 5 1 338 0 0 
9700 476 338 600 338 5 1 338 0 0 
9705 478 342 600 342 5 1 342 0 0 
9710 481 342 600 342 5 1 342 0 0 
9715 485 345 603 345 5 1 345 0 0 
9720 489 345 600 345 5 1 345 0 0 
9725 490 345 600 345 5 1 345 0 0 
9730 494 342 600 342 5 1 342 0 0 
9735 496 342 600 342 5 1 342 0 0 
9740 499 338 600 338 5 1 338 0 0 
9745 503 338 603 338 5 1 338 0 0 
9750 507 342 600 342 5 1 342 0 0 
9755 509 342 600 342 5 1 342 0 0 
9760 512 345 600 345 5 1 345 0 0 
9765 516 350 600 350 5 1 350 0 0 
9770 518 350 600 350 5 1 350 0 0 
9775 521 353 600 353 5 1 353 0 0 
9780 525 353 603 353 5 1 353 0 0 
9785 528 353 603 353 5 1 353 0 0 
9790 532 353 603 353 5 1 353 0 0 
9795 534 357 600 357 5 1 357 0 0 
9800 538 357 603 357 5 1 357 0 0 
9805 539 360 600 360 5 1 360 0 0 
9810 543 360 600 360 5 1 360 0 0 
9815 547 360 600 360 5 1 360 0 0 
9820 548 360 600 360 5 1 360 0 0 
9825 552 360 600 360 5 1 360 0 0 
9830 556 360 600 360 5 1 360 0 0 
9835 559 357 600 357 5 1 357 0 0 
9840 561 357 600 357 5 1 357 0 0 
9845 565 360 600 360 5 1 360 0 0 
9850 568 360 600 360 5 1 360 0 0 
9855 570 360 600 360 5 1 360 0 0 
9860 574 365 600 365 5 1 365 0 0 
9865 576 365 600 365 5 1 365 0 0 
9870 579 365 603 365 5 1 365 0 0 
9875 583 365 600 365 5 1 365 0 0 
9880 585 365 600 365 5 1 365 0 0 
9885 588 365 600 365 5 1 365 0 0 
9890 592 365 603 365 5 1 365 0 0 
9895 594 360 600 360 5 1 360 0 0 
9900 597 360 600 360 5 1 360 0 0 
9905 601 360 603 360 5 1 360 0 0 
9910 605 360 603 360 5 1 360 0 0 
9915 606 360 600 360 5 1 360 0 0 
9920 610 360 600 360 5 1 360 0 0 
9925 612 357 600 357 5 1 357 0 0 
9930 616 357 600 357 5 1 357 0 0 
9935 619 357 603 357 5 1 357 0 0 
9940 621 357 600 357 5 1 357 0 0 
9945 625 357 603 357 5 1 357 0 0 
9950 628 357 600 357 5 1 357 0 0 
9955 630 357 600 357 5 1 357 0 0 
9960 634 357 600 357 5 1 357 0 0 
9965 635 357 600 357 5 1 357 0 0 
9970 639 357 603 357 5 1 357 0 0 
9975 643 357 600 357 5 1 357 0 0 
9980 645 357 603 357 5 1 357 0 0 
9985 648 357 600 357 5 1 357 0 0 
9990 652 357 603 357 5 1 357 0 0 
9995 655 357 600 357 5 1 357 0 0 
10000 657 353 603 353 5 1 353 0 0 
10005 661 357 600 357 5 1 357 0 0 
10010 666 360 600 360 5 1 360 0 0 
10015 667 360 600 360 5 1 360 0 0 
10020 671 365 600 365 5 1 365 0 0 
10025 675 365 603 365 5 1 365 0 0 
10030 678 360 603 360 5 1 360 0 0 
10035 680 365 600 365 5 1 365 0 0 
10040 684 365 600 365 5 1 365 0 0 
10045 687 365 600 365 5 1 365 0 0 
10050 689 365 600 365 5 1 365 0 0 
10055 693 365 603 365 5 1 365 0 0 
10060 696 365 600 365 5 1 365 0 0 
10065 698 360 600 360 5 1 360 0 0 
10070 702 360 600 360 5 1 360 0 0 
10075 705 360 600 360 5 1 360 0 0 
10080 709 360 600 360 5 1 360 0 0 
10085 711 360 600 360 5 1 360 0 0 
10090 714 360 600 360 5 1 360 0 0 
10095 716 357 603 357 5 1 357 0 0 
10100 720 357 600 357 5 1 357 0 0 
10105 724 353 600 353 5 1 353 0 0 
10110 727 350 600 350 5 1 350 0 0 
10115 729 345 603 345 5 1 345 0 0 
10120 733 345 600 345 5 1 345 0 0 
10125 734 342 600 342 5 1 342 0 0 
10130 738 345 600 345 5 1 345 0 0 
10135 742 345 600 345 5 1 345 0 0 
10140 743 345 600 345 5 1 345 0 0 
10145 747 345 600 345 5 1 345 0 0 
10150 751 342 600 342 5 1 342 0 0 
10155 753 342 600 342 5 1 342 0 0 
10160 756 338 600 338 5 1 338 0 0 
10165 760 338 603 338 5 1 338 0 0 
10170 762 338 600 338 5 1 338 0 0 
10175 765 338 600 338 5 1 338 0 0 
10180 769 338 603 338 5 1 338 0 0 
10185 771 335 600 335 5 1 335 0 0 
10190 774 335 603 335 5 1 335 0 0 
10195 778 335 603 335 5 1 335 0 0 
10200 780 335 600 335 5 1 335 0 0 
10205 782 335 600 335 5 1 335 0 0 
10210 787 335 600 335 5 1 335 0 0 
10215 789 330 600 330 5 1 330 0 0 
10220 792 330 600 330 5 1 330 0 0 
10225 794 330 600 330 5 1 330 0 0 
10230 798 330 600 330 5 1 330 0 0 
10235 802 335 600 335 5 1 335 0 0 
10240 803 330 600 330 5 1 330 0 0 
10245 807 330 600 330 5 1 330 0 0 
10250 811 327 600 327 5 1 327 0 0 
10255 812 327 600 327 5 1 327 0 0 
10260 816 323 600 323 5 1 323 0 0 
10265 820 323 600 323 5 1 323 0 0 
10270 823 327 603 327 5 1 327 0 0 
10275 825 327 600 327 5 1 327 0 0 
10280 829 327 600 327 5 1 327 0 0 
10285 831 327 600 327 5 1 327 0 0 
10290 834 327 600 327 5 1 327 0 0 
10295 838 323 600 323 5 1 323 0 0 
10300 841 320 603 320 5 1 320 0 0 
10305 843 320 600 320 5 1 320 0 0 
10310 847 320 600 320 5 1 320 0 0 
10315 849 320 600 320 5 1 320 0 0 
10320 852 320 603 320 5 1 320 0 0 
10325 856 320 600 320 5 1 320 0 0 
10330 858 315 600 315 5 1 315 0 0 
10335 861 315 600 315 5 1 315 0 0 
10340 865 312 600 312 5 1 312 0 0 
10345 869 312 603 312 5 1 312 0 0 
10350 870 308 600 308 5 1 308 0 0 
10355 874 312 603 312 5 1 312 0 0 
10360 876 312 600 312 5 1 312 0 0 
10365 880 312 600 312 5 1 312 0 0 
10370 883 315 600 315 5 1 315 0 0 
10375 885 312 600 312 5 1 312 0 0 
10380 890 312 600 312 5 1 312 0 0 
10385 893 308 600 308 5 1 308 0 0 
10390 897 308 600 308 5 1 308 0 0 
10395 899 308 603 308 5 1 308 0 0 
10400 902 308 600 308 5 1 308 0 0 
10405 906 308 600 308 5 1 308 0 0 
10410 910 308 600 308 5 1 308 0 0 
10415 911 308 600 308 5 1 308 0 0 
10420 915 308 600 308 5 1 308 0 0 
10425 917 308 600 308 5 1 308 0 0 
10430 920 308 600 308 5 1 308 0 0 
10435 922 305 603 305 5 1 305 0 0 
10440 926 305 603 305 5 1 305 0 0 
10445 929 305 603 305 5 1 305 0 0 
10450 931 305 600 305 5 1 305 0 0 
10455 935 305 600 305 5 1 305 0 0 
10460 937 308 600 308 5 1 308 0 0 
10465 942 308 600 308 5 1 308 0 0 
10470 944 312 600 312 5 1 312 0 0 
10475 949 312 603 312 5 1 312 0 0 
10480 951 312 600 312 5 1 312 0 0 
10485 953 312 603 312 5 1 312 0 0 
10490 957 312 600 312 5 1 312 0 0 
10495 960 312 600 312 5 1 312 0 0 
10500 962 308 603 308 5 1 308 0 0 
10505 966 308 603 308 5 1 308 0 0 
10510 969 312 600 312 5 1 312 0 0 
10515 971 312 600 312 5 1 312 0 0 
10520 975 312 600 312 5 1 312 0 0 
10525 978 308 600 308 5 1 308 0 0 
10530 980 308 600 308 5 1 308 0 0 
10535 984 308 600 308 5 1 308 0 0 
10540 988 308 600 308 5 1 308 0 0 
10545 991 308 600 308 5 1 308 0 0 
10550 993 308 600 308 5 1 308 0 0 
10555 997 308 600 308 5 1 308 0 0 
10560 998 308 603 308 5 1 308 0 0 
10565 1002 312 600 312 5 1 312 0 0 
10570 1004 312 600 312 5 1 312 0 0 
10575 1007 308 603 308 5 1 308 0 0 
10580 1011 308 600 308 5 1 308 0 0 
10585 1015 305 600 305 5 1 305 0 0 
10590 1017 305 603 305 5 1 305 0 0 
10595 1020 308 603 308 5 1 308 0 0 
10600 1024 308 603 308 5 1 308 0 0 
10605 1026 312 600 312 5 1 312 0 0 
10610 1029 312 600 312 5 1 312 0 0 
10615 1031 315 600 315 5 1 315 0 0 
10620 1035 315 600 315 5 1 315 0 0 
10625 1036 320 600 320 5 1 320 0 0 
10630 1040 320 600 320 5 1 320 0 0 
10635 1044 320 600 320 5 1 320 0 0 
10640 1047 320 600 320 5 1 320 0 0 
10645 1049 320 603 320 5 1 320 0 0 
10650 1053 323 600 323 5 1 323 0 0 
10655 1056 323 600 323 5 1 323 0 0 
10660 1058 327 600 327 5 1 327 0 0 
10665 1060 327 600 327 5 1 327 0 0 
10670 1066 327 603 327 5 1 327 0 0 
10675 1067 327 603 327 5 1 327 0 0 
10680 1071 323 600 323 5 1 323 0 0 
10685 1075 323 600 323 5 1 323 0 0 
10690 1078 323 600 323 5 1 323 0 0 
10695 1080 323 603 323 5 1 323 0 0 
10700 1084 323 603 323 5 1 323 0 0 
10705 1085 323 600 323 5 1 323 0 0 
10710 1091 320 600 320 5 1 320 0 0 
10715 1093 315 600 315 5 1 315 0 0 
10720 1096 315 600 315 5 1 315 0 0 
10725 1098 308 603 308 5 1 308 0 0 
10730 1102 305 600 305 5 1 305 0 0 
10735 1105 300 600 300 5 1 300 0 0 
10740 1109 297 603 297 5 1 297 0 0 
10745 1112 293 600 293 5 1 293 0 0 
10750 1115 290 603 290 5 1 290 0 0 
10755 1119 290 600 290 5 1 290 0 0 
10760 1121 285 600 285 5 1 285 0 0 
10765 1125 285 600 285 5 1 285 0 0 
10770 1128 282 600 282 5 1 282 0 0 
10775 1130 275 600 275 5 1 275 0 0 
10780 1134 267 598 267 5 1 267 0 0 
10785 1135 267 593 267 5 1 267 0 0 
10790 1139 260 580 260 5 1 260 0 0 
10795 1143 252 573 252 5 1 252 0 0 
10800 1144 252 563 252 5 1 252 0 0 
10805 1148 252 555 252 5 1 252 0 0 
10810 1150 248 545 248 5 1 248 0 0 
10815 1154 252 535 252 5 1 252 0 0 
10820 1155 255 525 255 5 1 255 0 0 
10825 1159 255 520 255 5 1 255 0 0 
10830 1161 255 508 255 5 1 255 0 0 
10835 1164 248 495 248 5 1 248 0 0 
10840 1166 240 488 240 5 1 240 0 0 
10845 1168 233 480 233 5 1 233 0 0 
10850 1172 230 468 230 5 1 230 0 0 
10855 1174 222 460 222 5 1 222 0 0 
10860 1175 218 450 218 5 1 218 0 0 
10865 1177 215 445 215 5 1 215 0 0 
10870 1181 207 433 207 5 1 207 0 0 
10875 1183 200 420 200 5 1 200 0 0 
10880 1184 188 415 188 5 1 188 0 0 
10885 1186 180 403 180 5 1 180 0 0 
10890 1188 170 395 170 5 1 170 0 0 
10895 1190 165 385 165 5 1 165 0 0 
10900 1193 158 375 158 5 1 158 0 0 
10905 1193 155 368 155 5 1 155 0 0 
10910 1195 147 358 147 5 1 147 0 0 
10915 1197 135 343 135 5 1 135 0 0 
10920 1201 125 333 125 5 1 125 0 0 
10925 1201 113 323 113 5 1 113 0 0 
10930 1203 102 310 102 5 1 102 0 0 
10935 1204 87 298 87 5 1 87 0 0 
10940 1206 80 293 80 5 1 80 0 0 
10945 1208 80 285 80 5 1 80 0 0 
10950 1208 72 278 72 5 1 72 0 0 
10955 1210 65 265 65 5 1 65 0 0 
10960 1212 53 253 53 5 1 53 0 0 
10965 1213 38 240 38 5 1 38 0 0 
10970 1213 23 228 23 5 1 23 0 0 
10975 1217 5 218 5 5 1 5 0 0 
10980 1217 -8 200 -8 5 1 -8 0 0 
10985 1217 -20 185 -20 5 1 -20 0 0 
10990 1219 -30 168 -30 5 1 -30 0 0 
10995 1219 -42 143 -42 5 1 -42 0 0 
11000 1219 -53 118 -53 5 1 -53 0 0 
11005 1221 -65 88 -65 5 1 -65 0 0 
11010 1221 -80 55 -80 5 1 -80 0 0 
11015 1221 -90 10 -90 5 1 -90 0 0 
11020 1221 -105 -3 -105 5 1 -105 0 0 
11025 1221 -120 -28 -120 5 1 -120 0 0 
11030 1221 -132 -83 -132 5 1 -132 0 0 
11035 1221 -158 -155 -158 5 1 -158 0 0 
11040 1219 -177 -218 -177 5 1 -177 0 0 
11045 1219 -203 -270 -203 5 1 -203 0 0 
11050 1217 -218 -318 -218 5 1 -218 0 0 
11055 1215 -225 -378 -225 5 1 -225 0 0 
11060 1213 -222 -433 -222 5 1 -222 0 0 
11065 1210 -210 -488 -210 5 1 -210 0 0 
11070 1208 -203 -548 -203 5 1 -203 0 0 
11075 1206 -195 -593 -195 6 1 -195 0 0 
11080 1203 -200 -600 -200 6 1 -200 0 0 
11085 1199 -210 -600 -210 6 1 -210 0 0 
11090 1197 -225 -600 -225 6 1 -225 0 0 
11095 1193 -245 -600 -245 6 1 -245 0 0 
11100 1190 -263 -600 -263 6 1 -263 0 0 
11105 1188 -293 -600 -293 6 1 -293 0 0 
11110 1184 -320 -598 -320 6 1 -320 0 0 
11115 1181 -357 -600 -357 6 1 -357 0 0 
11120 1177 -383 -600 -383 6 1 -383 0 0 
11125 1175 -398 -598 -398 6 1 -398 0 0 
11130 1172 -405 -598 -405 6 1 -405 0 0 
11135 1168 -402 -600 -402 6 1 -402 0 0 
11140 1164 -398 -598 -398 6 1 -398 0 0 
11145 1163 -390 -600 -390 6 1 -390 0 0 
11150 1159 -383 -600 -383 6 1 -383 0 0 
11155 1155 -387 -600 -387 6 1 -387 0 0 
11160 1154 -395 -598 -395 6 1 -395 0 0 
11165 1150 -405 -598 -405 6 1 -405 0 0 
11170 1148 -417 -600 -417 6 1 -417 0 0 
11175 1144 -428 -600 -428 6 1 -428 0 0 
11180 1141 -428 -600 -428 6 1 -428 0 0 
11185 1137 -428 -598 -428 6 1 -428 0 0 
11190 1135 -420 -598 -420 6 1 -420 0 0 
11195 1132 -417 -598 -417 6 1 -417 0 0 
11200 1128 -413 -600 -413 6 1 -413 0 0 
11205 1126 -413 -598 -413 6 1 -413 0 0 
11210 1123 -417 -600 -417 6 1 -417 0 0 
11215 1121 -420 -600 -420 6 1 -420 0 0 
11220 1117 -425 -600 -425 6 1 -425 0 0 
11225 1114 -428 -600 -428 6 1 -428 0 0 
11230 1112 -432 -598 -432 6 1 -432 0 0 
11235 1107 -435 -600 -435 6 1 -435 0 0 
11240 1104 -440 -600 -440 6 1 -440 0 0 
11245 1100 -440 -600 -440 6 1 -440 0 0 
11250 1098 -447 -598 -447 6 1 -447 0 0 
11255 1095 -447 -600 -447 6 1 -447 0 0 
11260 1091 -450 -598 -450 6 1 -450 0 0 
11265 1089 -455 -600 -455 6 1 -455 0 0 
11270 1085 -455 -600 -455 6 1 -455 0 0 
11275 1082 -458 -598 -458 6 1 -458 0 0 
11280 1080 -458 -598 -458 6 1 -458 0 0 
11285 1076 -462 -600 -462 6 1 -462 0 0 
11290 1073 -462 -598 -462 6 1 -462 0 0 
11295 1071 -462 -598 -462 6 1 -462 0 0 
11300 1069 -462 -600 -462 6 1 -462 0 0 
11305 1064 -462 -600 -462 6 1 -462 0 0 
11310 1062 -462 -600 -462 6 1 -462 0 0 
11315 1058 -462 -600 -462 6 1 -462 0 0 
11320 1055 -462 -600 -462 6 1 -462 0 0 
11325 1051 -465 -600 -465 6 1 -465 0 0 
11330 1049 -470 -600 -470 6 1 -470 0 0 
11335 1046 -470 -600 -470 6 1 -470 0 0 
11340 1042 -470 -600 -470 6 1 -470 0 0 
11345 1040 -473 -600 -473 6 1 -473 0 0 
11350 1038 -473 -600 -473 6 1 -473 0 0 
11355 1033 -473 -600 -473 6 1 -473 0 0 
11360 1031 -477 -600 -477 6 1 -477 0 0 
11365 1027 -477 -600 -477 6 1 -477 0 0 
11370 1026 -477 -598 -477 6 1 -477 0 0 
11375 1022 -477 -600 -477 6 1 -477 0 0 
11380 1018 -480 -600 -480 6 1 -480 0 0 
11385 1017 -480 -600 -480 6 1 -480 0 0 
11390 1013 -480 -600 -480 6 1 -480 0 0 
11395 1009 -485 -600 -485 6 1 -485 0 0 
11400 1006 -485 -600 -485 6 1 -485 0 0 
11405 1004 -488 -600 -488 6 1 -488 0 0 
11410 1002 -488 -600 -488 6 1 -488 0 0 
11415 998 -488 -598 -488 6 1 -488 0 0 
11420 995 -488 -600 -488 6 1 -488 0 0 
11425 991 -488 -600 -488 6 1 -488 0 0 
11430 989 -488 -598 -488 6 1 -488 0 0 
11435 986 -488 -600 -488 6 1 -488 0 0 
11440 984 -492 -600 -492 6 1 -492 0 0 
11445 980 -492 -600 -492 6 1 -492 0 0 
11450 978 -495 -600 -495 6 1 -495 0 0 
11455 973 -500 -600 -500 6 1 -500 0 0 
11460 971 -500 -598 -500 6 1 -500 0 0 
11465 968 -503 -600 -503 6 1 -503 0 0 
11470 966 -503 -598 -503 6 1 -503 0 0 
11475 962 -503 -600 -503 6 1 -503 0 0 
11480 959 -507 -600 -507 6 1 -507 0 0 
11485 957 -510 -600 -510 6 1 -510 0 0 
11490 953 -515 -600 -515 6 1 -515 0 0 
11495 949 -515 -600 -515 6 1 -515 0 0 
11500 946 -515 -600 -515 6 1 -515 0 0 
11505 944 -515 -600 -515 6 1 -515 0 0 
11510 940 -515 -600 -515 6 1 -515 0 0 
11515 937 -515 -600 -515 6 1 -515 0 0 
11520 935 -515 -598 -515 6 1 -515 0 0 
11525 931 -515 -600 -515 6 1 -515 0 0 
11530 929 -515 -598 -515 6 1 -515 0 0 
11535 926 -515 -600 -515 6 1 -515 0 0 
11540 922 -515 -600 -515 6 1 -515 0 0 
11545 920 -515 -598 -515 6 1 -515 0 0 
11550 917 -518 -600 -518 6 1 -518 0 0 
11555 915 -518 -600 -518 6 1 -518 0 0 
11560 911 -518 -600 -518 6 1 -518 0 0 
11565 908 -522 -600 -522 6 1 -522 0 0 
11570 904 -525 -600 -525 6 1 -525 0 0 
11575 900 -525 -600 -525 6 1 -525 0 0 
11580 899 -530 -600 -530 6 1 -530 0 0 
11585 895 -530 -600 -530 6 1 -530 0 0 
11590 893 -533 -598 -533 6 1 -533 0 0 
11595 890 -537 -600 -537 6 1 -537 0 0 
11600 885 -537 -600 -537 6 1 -537 0 0 
11605 883 -540 -600 -540 6 1 -540 0 0 
11610 880 -540 -598 -540 6 1 -540 0 0 
11615 876 -537 -600 -537 6 1 -537 0 0 
11620 874 -537 -600 -537 6 1 -537 0 0 
11625 870 -537 -600 -537 6 1 -537 0 0 
11630 867 -537 -598 -537 6 1 -537 0 0 
11635 863 -537 -600 -537 6 1 -537 0 0 
11640 861 -540 -600 -540 6 1 -540 0 0 
11645 858 -545 -600 -545 6 1 -545 0 0 
11650 856 -545 -598 -545 6 1 -545 0 0 
11655 852 -545 -598 -545 6 1 -545 0 0 
11660 849 -548 -600 -548 6 1 -548 0 0 
11665 847 -548 -600 -548 6 1 -548 0 0 
11670 843 -548 -598 -548 6 1 -548 0 0 
11675 840 -548 -600 -548 6 1 -548 0 0 
11680 838 -548 -600 -548 6 1 -548 0 0 
11685 834 -552 -600 -552 6 1 -552 0 0 
11690 831 -552 -600 -552 6 1 -552 0 0 
11695 829 -555 -600 -555 6 1 -555 0 0 
11700 825 -560 -600 -560 6 1 -560 0 0 
11705 821 -560 -600 -560 6 1 -560 0 0 
11710 820 -560 -600 -560 6 1 -560 0 0 
11715 816 -563 -600 -563 6 1 -563 0 0 
11720 812 -563 -600 -563 6 1 -563 0 0 
11725 809 -563 -600 -563 6 1 -563 0 0 
11730 807 -563 -598 -563 6 1 -563 0 0 
11735 803 -563 -600 -563 6 1 -563 0 0 
11740 802 -563 -598 -563 6 1 -563 0 0 
11745 798 -560 -600 -560 6 1 -560 0 0 
11750 794 -560 -600 -560 6 1 -560 0 0 
11755 792 -563 -600 -563 6 1 -563 0 0 
11760 789 -563 -600 -563 6 1 -563 0 0 
11765 785 -567 -600 -567 6 1 -567 0 0 
11770 783 -567 -600 -567 6 1 -567 0 0 
11775 780 -570 -598 -570 6 1 -570 0 0 
11780 776 -570 -600 -570 6 1 -570 0 0 
11785 774 -575 -600 -575 6 1 -575 0 0 
11790 773 -578 -600 -578 6 1 -578 0 0 
11795 767 -578 -600 -578 6 1 -578 0 0 
11800 765 -578 -600 -578 6 1 -578 0 0 
11805 763 -578 -600 -578 6 1 -578 0 0 
11810 760 -582 -600 -582 6 1 -582 0 0 
11815 756 -578 -600 -578 6 1 -578 0 0 
11820 753 -578 -600 -578 6 1 -578 0 0 
11825 751 -578 -600 -578 6 1 -578 0 0 
11830 747 -578 -600 -578 6 1 -578 0 0 
11835 743 -578 -598 -578 6 1 -578 0 0 
11840 742 -582 -600 -582 6 1 -582 0 0 
11845 738 -582 -598 -582 6 1 -582 0 0 
11850 734 -585 -600 -585 6 1 -585 0 0 
11855 733 -585 -598 -585 6 1 -585 0 0 
11860 729 -585 -600 -585 6 1 -585 0 0 
11865 725 -585 -600 -585 6 1 -585 0 0 
11870 724 -585 -600 -585 6 1 -585 0 0 
11875 720 -590 -598 -590 6 1 -590 0 0 
11880 716 -590 -600 -590 6 1 -590 0 0 
11885 714 -593 -600 -593 6 1 -593 0 0 
11890 711 -593 -600 -593 6 1 -593 0 0 
11895 707 -597 -598 -597 6 1 -597 0 0 
11900 705 -597 -600 -597 6 1 -597 0 0 
11905 702 -597 -600 -597 6 1 -597 0 0 
11910 698 -597 -600 -597 6 1 -597 0 0 
11915 696 -597 -600 -597 6 1 -597 0 0 
11920 693 -600 -600 -600 6 1 -600 0 0 
11925 691 -600 -598 -600 6 1 -600 0 0 
11930 687 -600 -600 -600 6 1 -600 0 0 
11935 684 -605 -600 -605 6 1 -605 0 0 
11940 680 -605 -598 -605 6 1 -605 0 0 
11945 678 -608 -600 -608 6 1 -608 0 0 
11950 675 -608 -600 -608 6 1 -608 0 0 
11955 671 -608 -600 -608 6 1 -608 0 0 
11960 669 -608 -600 -608 6 1 -608 0 0 
11965 666 -608 -598 -608 6 1 -608 0 0 
11970 664 -612 -598 -612 6 1 -612 0 0 
11975 659 -612 -600 -612 6 1 -612 0 0 
11980 655 -615 -598 -615 6 1 -615 0 0 
11985 654 -620 -600 -620 6 1 -620 0 0 
11990 650 -620 -600 -620 6 1 -620 0 0 
11995 646 -620 -598 -620 6 1 -620 0 0 
12000 645 -615 -600 -615 6 1 -615 0 0 
12005 639 -615 -600 -615 6 1 -615 0 0 
12010 637 -615 -598 -615 6 1 -615 0 0 
12015 634 -615 -598 -615 6 1 -615 0 0 
12020 630 -615 -600 -615 6 1 -615 0 0 
12025 628 -615 -600 -615 6 1 -615 0 0 
12030 625 -620 -600 -620 6 1 -620 0 0 
12035 621 -620 -600 -620 6 1 -620 0 0 
12040 619 -623 -600 -623 6 1 -623 0 0 
12045 616 -623 -598 -623 6 1 -623 0 0 
12050 614 -623 -600 -623 6 1 -623 0 0 
12055 610 -623 -600 -623 6 1 -623 0 0 
12060 606 -623 -600 -623 6 1 -623 0 0 
12065 605 -623 -598 -623 6 1 -623 0 0 
12070 601 -620 -600 -620 6 1 -620 0 0 
12075 597 -620 -600 -620 6 1 -620 0 0 
12080 596 -615 -598 -615 6 1 -615 0 0 
12085 592 -615 -598 -615 6 1 -615 0 0 
12090 590 -620 -598 -620 6 1 -620 0 0 
12095 587 -620 -598 -620 6 1 -620 0 0 
12100 583 -620 -600 -620 6 1 -620 0 0 
12105 581 -623 -598 -623 6 1 -623 0 0 
12110 577 -623 -600 -623 6 1 -623 0 0 
12115 574 -620 -600 -620 6 1 -620 0 0 
12120 572 -620 -600 -620 6 1 -620 0 0 
12125 568 -615 -598 -615 6 1 -615 0 0 
12130 567 -615 -600 -615 6 1 -615 0 0 
12135 563 -615 -600 -615 6 1 -615 0 0 
12140 559 -620 -598 -620 6 1 -620 0 0 
12145 558 -620 -600 -620 6 1 -620 0 0 
12150 554 -620 -600 -620 6 1 -620 0 0 
12155 550 -620 -598 -620 6 1 -620 0 0 
12160 548 -623 -598 -623 6 1 -623 0 0 
12165 545 -623 -600 -623 6 1 -623 0 0 
12170 541 -623 -600 -623 6 1 -623 0 0 
12175 539 -627 -600 -627 6 1 -627 0 0 
12180 536 -627 -600 -627 6 1 -627 0 0 
12185 532 -627 -600 -627 6 1 -627 0 0 
12190 530 -627 -598 -627 6 1 -627 0 0 
12195 527 -627 -600 -627 6 1 -627 0 0 
12200 523 -630 -600 -630 6 1 -630 0 0 
12205 519 -627 -600 -627 6 1 -627 0 0 
12210 518 -627 -598 -627 6 1 -627 0 0 
12215 514 -627 -600 -627 6 1 -627 0 0 
12220 510 -627 -598 -627 6 1 -627 0 0 
12225 509 -627 -600 -627 6 1 -627 0 0 
12230 505 -623 -600 -623 6 1 -623 0 0 
12235 501 -623 -600 -623 6 1 -623 0 0 
12240 499 -627 -598 -627 6 1 -627 0 0 
12245 496 -627 -600 -627 6 1 -627 0 0 
12250 492 -627 -598 -627 6 1 -627 0 0 
12255 489 -630 -600 -630 6 1 -630 0 0 
12260 485 -630 -598 -630 6 1 -630 0 0 
12265 483 -630 -600 -630 6 1 -630 0 0 
12270 480 -630 -598 -630 6 1 -630 0 0 
12275 478 -627 -598 -627 6 1 -627 0 0 
12280 474 -627 -598 -627 6 1 -627 0 0 
12285 472 -627 -600 -627 6 1 -627 0 0 
12290 469 -627 -600 -627 6 1 -627 0 0 
12295 465 -627 -600 -627 6 1 -627 0 0 
12300 463 -623 -598 -623 6 1 -623 0 0 
12305 460 -627 -600 -627 6 1 -627 0 0 
12310 456 -623 -598 -623 6 1 -623 0 0 
12315 454 -623 -600 -623 6 1 -623 0 0 
12320 451 -623 -600 -623 6 1 -623 0 0 
12325 449 -623 -600 -623 6 1 -623 0 0 
12330 445 -623 -600 -623 6 1 -623 0 0 
12335 441 -623 -600 -623 6 1 -623 0 0 
12340 439 -620 -600 -620 6 1 -620 0 0 
12345 433 -620 -600 -620 6 1 -620 0 0 
12350 431 -620 -598 -620 6 1 -620 0 0 
12355 428 -620 -600 -620 6 1 -620 0 0 
12360 426 -620 -600 -620 6 1 -620 0 0 
12365 422 -620 -600 -620 6 1 -620 0 0 
12370 420 -620 -600 -620 6 1 -620 0 0 
12375 417 -615 -600 -615 6 1 -615 0 0 
12380 413 -612 -600 -612 6 1 -612 0 0 
12385 410 -612 -600 -612 6 1 -612 0 0 
12390 408 -612 -600 -612 6 1 -612 0 0 
12395 404 -612 -600 -612 6 1 -612 0 0 
12400 401 -612 -600 -612 6 1 -612 0 0 
12405 399 -612 -600 -612 6 1 -612 0 0 
12410 397 -612 -600 -612 6 1 -612 0 0 
12415 391 -612 -598 -612 6 1 -612 0 0 
12420 390 -608 -600 -608 6 1 -608 0 0 
12425 386 -608 -600 -608 6 1 -608 0 0 
12430 384 -608 -600 -608 6 1 -608 0 0 
12435 381 -605 -600 -605 6 1 -605 0 0 
12440 377 -605 -600 -605 6 1 -605 0 0 
12445 375 -605 -600 -605 6 1 -605 0 0 
12450 372 -605 -600 -605 6 1 -605 0 0 
12455 370 -605 -598 -605 6 1 -605 0 0 
12460 364 -605 -598 -605 6 1 -605 0 0 
12465 362 -605 -600 -605 6 1 -605 0 0 
12470 359 -605 -600 -605 6 1 -605 0 0 
12475 357 -605 -600 -605 6 1 -605 0 0 
12480 353 -605 -600 -605 6 1 -605 0 0 
12485 350 -605 -600 -605 6 1 -605 0 0 
12490 348 -605 -600 -605 6 1 -605 0 0 
12495 344 -605 -600 -605 6 1 -605 0 0 
12500 343 -600 -600 -600 6 1 -600 0 0 
12505 339 -600 -600 -600 6 1 -600 0 0 
12510 335 -597 -598 -597 6 1 -597 0 0 
12515 333 -593 -600 -593 6 1 -593 0 0 
12520 330 -593 -600 -593 6 1 -593 0 0 
12525 326 -590 -600 -590 6 1 -590 0 0 
12530 324 -585 -600 -585 6 1 -585 0 0 
12535 321 -585 -600 -585 6 1 -585 0 0 
12540 319 -585 -600 -585 6 1 -585 0 0 
12545 315 -582 -600 -582 6 1 -582 0 0 
12550 312 -578 -600 -578 6 1 -578 0 0 
12555 308 -578 -600 -578 6 1 -578 0 0 
12560 306 -575 -600 -575 6 1 -575 0 0 
12565 303 -570 -598 -570 6 1 -570 0 0 
12570 299 -567 -598 -567 6 1 -567 0 0 
12575 297 -567 -600 -567 6 1 -567 0 0 
12580 294 -567 -600 -567 6 1 -567 0 0 
12585 290 -567 -600 -567 6 1 -567 0 0 
12590 288 -567 -600 -567 6 1 -567 0 0 
12595 284 -567 -600 -567 6 1 -567 0 0 
12600 283 -567 -598 -567 6 1 -567 0 0 
12605 279 -567 -598 -567 6 1 -567 0 0 
12610 277 -567 -600 -567 6 1 -567 0 0 
12615 272 -563 -600 -563 6 1 -563 0 0 
12620 270 -563 -600 -563 6 1 -563 0 0 
12625 266 -560 -600 -560 6 1 -560 0 0 
12630 263 -560 -600 -560 6 1 -560 0 0 
12635 261 -560 -598 -560 6 1 -560 0 0 
12640 257 -555 -600 -555 6 1 -555 0 0 
12645 254 -552 -600 -552 6 1 -552 0 0 
12650 252 -548 -600 -548 6 1 -548 0 0 
12655 248 -545 -600 -545 6 1 -545 0 0 
12660 245 -545 -600 -545 6 1 -545 0 0 
12665 243 -540 -600 -540 6 1 -540 0 0 
12670 239 -537 -600 -537 6 1 -537 0 0 
12675 236 -533 -600 -533 6 1 -533 0 0 
12680 232 -530 -598 -530 6 1 -530 0 0 
12685 230 -525 -600 -525 6 1 -525 0 0 
12690 226 -522 -598 -522 6 1 -522 0 0 
12695 225 -522 -600 -522 6 1 -522 0 0 
12700 221 -522 -598 -522 6 1 -522 0 0 
12705 216 -522 -600 -522 6 1 -522 0 0 
12710 215 -522 -600 -522 6 1 -522 0 0 
12715 211 -518 -600 -518 6 1 -518 0 0 
12720 207 -515 -600 -515 6 1 -515 0 0 
12725 205 -507 -598 -507 6 1 -507 0 0 
12730 202 -503 -600 -503 6 1 -503 0 0 
12735 200 -495 -600 -495 6 1 -495 0 0 
12740 196 -492 -600 -492 6 1 -492 0 0 
12745 193 -492 -600 -492 6 1 -492 0 0 
12750 191 -488 -600 -488 6 1 -488 0 0 
12755 187 -488 -600 -488 6 1 -488 0 0 
12760 184 -485 -600 -485 6 1 -485 0 0 
12765 180 -485 -600 -485 6 1 -485 0 0 
12770 178 -485 -598 -485 6 1 -485 0 0 
12775 175 -480 -600 -480 6 1 -480 0 0 
12780 171 -477 -600 -477 6 1 -477 0 0 
12785 169 -473 -600 -473 6 1 -473 0 0 
12790 166 -470 -598 -470 6 1 -470 0 0 
12795 164 -465 -600 -465 6 1 -465 0 0 
12800 158 -462 -600 -462 6 1 -462 0 0 
12805 158 -458 -598 -458 6 1 -458 0 0 
12810 153 -455 -598 -455 6 1 -455 0 0 
12815 151 -455 -600 -455 6 1 -455 0 0 
12820 149 -447 -598 -447 6 1 -447 0 0 
12825 146 -443 -600 -443 6 1 -443 0 0 
12830 142 -435 -598 -435 6 1 -435 0 0 
12835 140 -432 -600 -432 6 1 -432 0 0 
12840 137 -420 -600 -420 6 1 -420 0 0 
12845 135 -410 -600 -410 6 1 -410 0 0 
12850 131 -402 -600 -402 6 1 -402 0 0 
12855 129 -395 -600 -395 6 1 -395 0 0 
12860 126 -387 -600 -387 6 1 -387 0 0 
12865 122 -380 -600 -380 6 1 -380 0 0 
12870 118 -375 -600 -375 6 1 -375 0 0 
12875 117 -375 -588 -375 6 1 -375 0 0 
12880 113 -372 -573 -372 6 1 -372 0 0 
12885 109 -365 -565 -365 6 1 -365 0 0 
12890 108 -360 -555 -360 6 1 -360 0 0 
12895 104 -353 -550 -353 6 1 -353 0 0 
12900 102 -345 -538 -345 6 1 -345 0 0 
12905 98 -345 -528 -345 6 1 -345 0 0 
12910 97 -342 -523 -342 6 1 -342 0 0 
12915 93 -335 -513 -335 6 1 -335 0 0 
12920 91 -323 -500 -323 6 1 -323 0 0 
12925 89 -308 -495 -308 6 1 -308 0 0 
12930 86 -293 -488 -293 6 1 -293 0 0 
12935 84 -282 -480 -282 6 1 -282 0 0 
12940 82 -267 -463 -267 6 1 -267 0 0 
12945 79 -255 -458 -255 6 1 -255 0 0 
12950 77 -245 -448 -245 6 1 -245 0 0 
12955 75 -237 -443 -237 6 1 -237 0 0 
12960 71 -218 -430 -218 6 1 -218 0 0 
12965 71 -203 -420 -203 6 1 -203 0 0 
12970 68 -192 -410 -192 6 1 -192 0 0 
12975 66 -177 -403 -177 6 1 -177 0 0 
12980 64 -165 -393 -165 6 1 -165 0 0 
12985 62 -158 -383 -158 6 1 -158 0 0 
12990 60 -150 -370 -150 6 1 -150 0 0 
12995 59 -147 -365 -147 6 1 -147 0 0 
13000 57 -135 -355 -135 6 1 -135 0 0 
13005 55 -128 -345 -128 6 1 -128 0 0 
13010 53 -117 -338 -117 6 1 -117 0 0 
13015 51 -105 -330 -105 6 1 -105 0 0 
13020 50 -95 -318 -95 6 1 -95 0 0 
13025 48 -87 -313 -87 6 1 -87 0 0 
13030 46 -80 -305 -80 6 1 -80 0 0 
13035 46 -68 -298 -68 6 1 -68 0 0 
13040 42 -53 -285 -53 6 1 -53 0 0 
13045 42 -42 -270 -42 6 1 -42 0 0 
13050 40 -23 -258 -23 6 1 -23 0 0 
13055 40 -8 -245 -8 6 1 -8 0 0 
13060 39 12 -228 12 6 1 12 0 0 
13065 37 23 -220 23 6 1 23 0 0 
13070 37 35 -198 35 6 1 35 0 0 
13075 35 45 -180 45 6 1 45 0 0 
13080 35 60 -148 60 6 1 60 0 0 
13085 35 68 -128 68 6 1 68 0 0 
13090 33 80 -100 80 6 1 80 0 0 
13095 33 87 -70 87 6 1 87 0 0 
13100 33 98 -35 98 6 1 98 0 0 
13105 31 105 0 105 6 1 105 0 0 
13110 33 113 10 113 6 1 113 0 0 
13115 33 120 43 120 6 1 120 0 0 
13120 33 132 103 132 6 1 132 0 0 
13125 33 143 153 143 6 1 143 0 0 
13130 35 158 198 158 6 1 158 0 0 
13135 35 173 235 173 6 1 173 0 0 
13140 37 185 280 185 6 1 185 0 0 
13145 39 185 323 185 6 1 185 0 0 
13150 39 173 375 173 6 1 173 0 0 
13155 40 165 423 165 6 1 165 0 0 
13160 44 165 480 165 6 1 165 0 0 
13165 46 173 520 173 7 1 173 0 0 
13170 48 188 545 188 7 1 188 0 0 
13175 51 200 563 200 7 1 200 0 0 
13180 55 203 578 203 7 1 203 0 0 
13185 57 203 585 203 7 1 203 0 0 
13190 60 207 590 207 7 1 207 0 0 
13195 64 215 593 215 7 1 215 0 0 
13200 68 237 598 237 7 1 237 0 0 
13205 69 263 600 263 7 1 263 0 0 
13210 73 290 600 290 7 1 290 0 0 
13215 77 305 603 305 7 1 305 0 0 
13220 79 312 600 312 7 1 312 0 0 
13225 82 308 600 308 7 1 308 0 0 
13230 86 300 600 300 7 1 300 0 0 
13235 88 297 600 297 7 1 297 0 0 
13240 91 297 600 297 7 1 297 0 0 
13245 95 308 600 308 7 1 308 0 0 
13250 97 315 600 315 7 1 315 0 0 
13255 100 327 600 327 7 1 327 0 0 
13260 104 327 600 327 7 1 327 0 0 
13265 106 330 600 330 7 1 330 0 0 
13270 109 330 600 330 7 1 330 0 0 
13275 113 327 603 327 7 1 327 0 0 
13280 117 330 600 330 7 1 330 0 0 
13285 118 330 600 330 7 1 330 0 0 
13290 122 335 600 335 7 1 335 0 0 
13295 124 338 600 338 7 1 338 0 0 
13300 127 338 600 338 7 1 338 0 0 
13305 131 342 600 342 7 1 342 0 0 
13310 135 342 600 342 7 1 342 0 0 
13315 137 342 600 342 7 1 342 0 0 
13320 140 342 600 342 7 1 342 0 0 
13325 142 342 600 342 7 1 342 0 0 
13330 146 342 600 342 7 1 342 0 0 
13335 147 338 600 338 7 1 338 0 0 
13340 153 338 603 338 7 1 338 0 0 
13345 155 338 600 338 7 1 338 0 0 
13350 157 338 603 338 7 1 338 0 0 
13355 160 338 600 338 7 1 338 0 0 
13360 164 342 603 342 7 1 342 0 0 
13365 166 342 603 342 7 1 342 0 0 
13370 169 342 600 342 7 1 342 0 0 
13375 173 342 603 342 7 1 342 0 0 
13380 176 338 600 338 7 1 338 0 0 
13385 178 335 603 335 7 1 335 0 0 
13390 182 330 603 330 7 1 330 0 0 
13395 184 330 603 330 7 1 330 0 0 
13400 187 330 600 330 7 1 330 0 0 
13405 191 330 603 330 7 1 330 0 0 
13410 195 330 600 330 7 1 330 0 0 
13415 196 330 600 330 7 1 330 0 0 
13420 200 327 600 327 7 1 327 0 0 
13425 204 323 603 323 7 1 323 0 0 
13430 205 323 600 323 7 1 323 0 0 
13435 209 323 600 323 7 1 323 0 0 
13440 213 320 600 320 7 1 320 0 0 
13445 216 320 603 320 7 1 320 0 0 
13450 219 320 600 320 7 1 320 0 0 
13455 221 323 600 323 7 1 323 0 0 
13460 225 323 600 323 7 1 323 0 0 
13465 228 323 600 323 7 1 323 0 0 
13470 232 323 600 323 7 1 323 0 0 
13475 234 320 600 320 7 1 320 0 0 
13480 237 320 603 320 7 1 320 0 0 
13485 239 320 600 320 7 1 320 0 0 
13490 243 320 600 320 7 1 320 0 0 
13495 246 320 603 320 7 1 320 0 0 
13500 248 320 600 320 7 1 320 0 0 
13505 252 320 600 320 7 1 320 0 0 
13510 255 320 600 320 7 1 320 0 0 
13515 259 320 600 320 7 1 320 0 0 
13520 263 320 600 320 7 1 320 0 0 
13525 265 320 603 320 7 1 320 0 0 
13530 268 320 600 320 7 1 320 0 0 
13535 272 320 600 320 7 1 320 0 0 
13540 274 320 600 320 7 1 320 0 0 
13545 277 320 603 320 7 1 320 0 0 
13550 281 320 603 320 7 1 320 0 0 
13555 283 320 600 320 7 1 320 0 0 
13560 286 320 600 320 7 1 320 0 0 
13565 290 320 600 320 7 1 320 0 0 
13570 292 320 603 320 7 1 320 0 0 
13575 295 320 600 320 7 1 320 0 0 
13580 299 320 600 320 7 1 320 0 0 
13585 303 320 600 320 7 1 320 0 0 
13590 304 320 603 320 7 1 320 0 0 
13595 308 320 603 320 7 1 320 0 0 
13600 312 320 600 320 7 1 320 0 0 
13605 313 320 603 320 7 1 320 0 0 
13610 317 320 600 320 7 1 320 0 0 
13615 319 320 603 320 7 1 320 0 0 
13620 324 315 600 315 7 1 315 0 0 
13625 326 315 600 315 7 1 315 0 0 
13630 330 315 600 315 7 1 315 0 0 
13635 332 315 603 315 7 1 315 0 0 
13640 335 315 603 315 7 1 315 0 0 
13645 339 315 600 315 7 1 315 0 0 
13650 341 315 603 315 7 1 315 0 0 
13655 344 315 600 315 7 1 315 0 0 
13660 346 315 600 315 7 1 315 0 0 
13665 350 315 600 315 7 1 315 0 0 
13670 352 315 600 315 7 1 315 0 0 
13675 355 315 600 315 7 1 315 0 0 
13680 359 315 603 315 7 1 315 0 0 
13685 362 315 600 315 7 1 315 0 0 
13690 364 315 603 315 7 1 315 0 0 
13695 368 312 600 312 7 1 312 0 0 
13700 372 312 603 312 7 1 312 0 0 
13705 373 315 600 315 7 1 315 0 0 
13710 377 315 600 315 7 1 315 0 0 
13715 381 315 603 315 7 1 315 0 0 
13720 384 315 600 315 7 1 315 0 0 
13725 386 315 600 315 7 1 315 0 0 
13730 390 315 603 315 7 1 315 0 0 
13735 391 320 600 320 7 1 320 0 0 
13740 395 320 600 320 7 1 320 0 0 
13745 399 320 600 320 7 1 320 0 0 
13750 401 323 603 323 7 1 323 0 0 
13755 404 323 600 323 7 1 323 0 0 
13760 408 327 600 327 7 1 327 0 0 
13765 411 327 600 327 7 1 327 0 0 
13770 413 330 600 330 7 1 330 0 0 
13775 417 330 600 330 7 1 330 0 0 
13780 420 330 600 330 7 1 330 0 0 
13785 424 330 603 330 7 1 330 0 0 
13790 424 330 600 330 7 1 330 0 0 
13795 428 330 600 330 7 1 330 0 0 
13800 431 330 600 330 7 1 330 0 0 
13805 435 330 600 330 7 1 330 0 0 
13810 439 330 600 330 7 1 330 0 0 
13815 443 330 600 330 7 1 330 0 0 
13820 447 330 603 330 7 1 330 0 0 
13825 449 330 600 330 7 1 330 0 0 
13830 451 335 600 335 7 1 335 0 0 
13835 454 335 600 335 7 1 335 0 0 
13840 458 335 603 335 7 1 335 0 0 
13845 460 338 603 338 7 1 338 0 0 
13850 463 338 600 338 7 1 338 0 0 
13855 467 338 600 338 7 1 338 0 0 
13860 470 338 603 338 7 1 338 0 0 
13865 472 342 603 342 7 1 342 0 0 
13870 476 342 600 342 7 1 342 0 0 
13875 478 342 603 342 7 1 342 0 0 
13880 481 345 600 345 7 1 345 0 0 
13885 485 345 603 345 7 1 345 0 0 
13890 487 345 603 345 7 1 345 0 0 
13895 490 345 600 345 7 1 345 0 0 
13900 494 342 600 342 7 1 342 0 0 
13905 496 342 600 342 7 1 342 0 0 
13910 499 342 600 342 7 1 342 0 0 
13915 501 345 600 345 7 1 345 0 0 
13920 505 345 603 345 7 1 345 0 0 
13925 509 345 600 345 7 1 345 0 0 
13930 512 350 600 350 7 1 350 0 0 
13935 516 350 600 350 7 1 350 0 0 
13940 518 350 600 350 7 1 350 0 0 
13945 521 350 600 350 7 1 350 0 0 
13950 523 353 603 353 7 1 353 0 0 
13955 527 353 603 353 7 1 353 0 0 
13960 530 353 600 353 7 1 353 0 0 
13965 534 353 600 353 7 1 353 0 0 
13970 538 357 600 357 7 1 357 0 0 
13975 539 357 603 357 7 1 357 0 0 
13980 543 353 600 353 7 1 353 0 0 
13985 547 353 603 353 7 1 353 0 0 
13990 548 353 600 353 7 1 353 0 0 
13995 552 353 600 353 7 1 353 0 0 
14000 556 357 600 357 7 1 357 0 0 
14005 558 357 600 357 7 1 357 0 0 
14010 561 357 600 357 7 1 357 0 0 
14015 563 357 603 357 7 1 357 0 0 
14020 568 353 603 353 7 1 353 0 0 
14025 570 350 600 350 7 1 350 0 0 
14030 574 350 600 350 7 1 350 0 0 
14035 576 350 600 350 7 1 350 0 0 
14040 579 350 600 350 7 1 350 0 0 
14045 581 350 600 350 7 1 350 0 0 
14050 585 353 600 353 7 1 353 0 0 
14055 588 353 600 353 7 1 353 0 0 
14060 590 350 600 350 7 1 350 0 0 
14065 594 350 603 350 7 1 350 0 0 
14070 596 350 600 350 7 1 350 0 0 
14075 599 350 600 350 7 1 350 0 0 
14080 603 350 603 350 7 1 350 0 0 
14085 606 353 600 353 7 1 353 0 0 
14090 610 350 603 350 7 1 350 0 0 
14095 612 353 600 353 7 1 353 0 0 
14100 616 350 603 350 7 1 350 0 0 
14105 617 345 600 345 7 1 345 0 0 
14110 621 345 600 345 7 1 345 0 0 
14115 625 345 600 345 7 1 345 0 0 
14120 626 345 600 345 7 1 345 0 0 
14125 630 345 600 345 7 1 345 0 0 
14130 634 350 600 350 7 1 350 0 0 
14135 635 350 600 350 7 1 350 0 0 
14140 639 353 603 353 7 1 353 0 0 
14145 643 353 600 353 7 1 353 0 0 
14150 645 353 600 353 7 1 353 0 0 
14155 648 353 603 353 7 1 353 0 0 
14160 652 350 600 350 7 1 350 0 0 
14165 654 353 600 353 7 1 353 0 0 
14170 657 353 600 353 7 1 353 0 0 
14175 659 357 600 357 7 1 357 0 0 
14180 664 357 600 357 7 1 357 0 0 
14185 667 357 600 357 7 1 357 0 0 
14190 671 357 600 357 7 1 357 0 0 
14195 673 353 600 353 7 1 353 0 0 
14200 676 353 600 353 7 1 353 0 0 
14205 680 353 600 353 7 1 353 0 0 
14210 682 357 600 357 7 1 357 0 0 
14215 685 357 603 357 7 1 357 0 0 
14220 687 360 600 360 7 1 360 0 0 
14225 693 360 600 360 7 1 360 0 0 
14230 696 357 603 357 7 1 357 0 0 
14235 698 357 600 357 7 1 357 0 0 
14240 702 357 600 357 7 1 357 0 0 
14245 704 357 603 357 7 1 357 0 0 
14250 707 353 600 353 7 1 353 0 0 
14255 711 353 600 353 7 1 353 0 0 
14260 713 357 603 357 7 1 357 0 0 
14265 716 353 600 353 7 1 353 0 0 
14270 720 353 603 353 7 1 353 0 0 
14275 722 353 600 353 7 1 353 0 0 
14280 725 350 600 350 7 1 350 0 0 
14285 729 350 600 350 7 1 350 0 0 
14290 731 353 603 353 7 1 353 0 0 
14295 734 353 603 353 7 1 353 0 0 
14300 736 353 600 353 7 1 353 0 0 
14305 740 357 603 357 7 1 357 0 0 
14310 743 357 600 357 7 1 357 0 0 
14315 747 357 600 357 7 1 357 0 0 
14320 749 360 603 360 7 1 360 0 0 
14325 753 360 603 360 7 1 360 0 0 
14330 756 365 603 365 7 1 365 0 0 
14335 758 368 603 368 7 1 368 0 0 
14340 762 368 600 368 7 1 368 0 0 
14345 765 368 600 368 7 1 368 0 0 
14350 767 368 600 368 7 1 368 0 0 
14355 771 368 600 368 7 1 368 0 0 
14360 773 368 600 368 7 1 368 0 0 
14365 776 368 603 368 7 1 368 0 0 
14370 780 368 603 368 7 1 368 0 0 
14375 783 368 600 368 7 1 368 0 0 
14380 785 368 603 368 7 1 368 0 0 
14385 789 372 600 372 7 1 372 0 0 
14390 792 368 603 368 7 1 368 0 0 
14395 794 368 600 368 7 1 368 0 0 
14400 796 368 603 368 7 1 368 0 0 
14405 802 368 603 368 7 1 368 0 0 
14410 803 368 600 368 7 1 368 0 0 
14415 805 365 603 365 7 1 365 0 0 
14420 809 365 600 365 7 1 365 0 0 
14425 812 360 600 360 7 1 360 0 0 
14430 816 357 600 357 7 1 357 0 0 
14435 818 357 600 357 7 1 357 0 0 
14440 821 353 600 353 7 1 353 0 0 
14445 825 353 600 353 7 1 353 0 0 
14450 827 353 600 353 7 1 353 0 0 
14455 831 353 600 353 7 1 353 0 0 
14460 834 353 603 353 7 1 353 0 0 
14465 838 353 600 353 7 1 353 0 0 
14470 840 350 603 350 7 1 350 0 0 
14475 843 350 600 350 7 1 350 0 0 
14480 847 350 600 350 7 1 350 0 0 
14485 849 350 603 350 7 1 350 0 0 
14490 852 350 600 350 7 1 350 0 0 
14495 854 353 600 353 7 1 353 0 0 
14500 858 353 600 353 7 1 353 0 0 
14505 860 353 600 353 7 1 353 0 0 
14510 863 350 603 350 7 1 350 0 0 
14515 867 345 603 345 7 1 345 0 0 
14520 870 345 600 345 7 1 345 0 0 
14525 872 342 603 342 7 1 342 0 0 
14530 876 342 600 342 7 1 342 0 0 
14535 880 342 603 342 7 1 342 0 0 
14540 883 342 600 342 7 1 342 0 0 
14545 885 342 600 342 7 1 342 0 0 
14550 890 342 600 342 7 1 342 0 0 
14555 893 342 603 342 7 1 342 0 0 
14560 895 338 600 338 7 1 338 0 0 
14565 899 342 603 342 7 1 342 0 0 
14570 900 338 603 338 7 1 338 0 0 
14575 904 338 600 338 7 1 338 0 0 
14580 908 338 600 338 7 1 338 0 0 
14585 911 338 603 338 7 1 338 0 0 
14590 913 338 600 338 7 1 338 0 0 
14595 917 335 603 335 7 1 335 0 0 
14600 920 335 600 335 7 1 335 0 0 
14605 922 335 600 335 7 1 335 0 0 
14610 926 335 600 335 7 1 335 0 0 
14615 928 335 600 335 7 1 335 0 0 
14620 931 330 600 330 7 1 330 0 0 
14625 935 335 603 335 7 1 335 0 0 
14630 937 335 603 335 7 1 335 0 0 
14635 940 335 600 335 7 1 335 0 0 
14640 944 335 600 335 7 1 335 0 0 
14645 948 335 600 335 7 1 335 0 0 
14650 949 335 600 335 7 1 335 0 0 
14655 953 335 600 335 7 1 335 0 0 
14660 955 335 600 335 7 1 335 0 0 
14665 959 335 600 335 7 1 335 0 0 
14670 962 335 600 335 7 1 335 0 0 
14675 966 335 600 335 7 1 335 0 0 
14680 968 335 600 335 7 1 335 0 0 
14685 971 330 600 330 7 1 330 0 0 
14690 975 330 603 330 7 1 330 0 0 
14695 977 330 603 330 7 1 330 0 0 
14700 980 330 603 330 7 1 330 0 0 
14705 984 330 600 330 7 1 330 0 0 
14710 986 330 600 330 7 1 330 0 0 
14715 989 330 600 330 7 1 330 0 0 
14720 991 330 603 330 7 1 330 0 0 
14725 995 330 600 330 7 1 330 0 0 
14730 998 330 603 330 7 1 330 0 0 
14735 1000 330 600 330 7 1 330 0 0 
14740 1004 330 600 330 7 1 330 0 0 
14745 1007 330 603 330 7 1 330 0 0 
14750 1011 330 600 330 7 1 330 0 0 
14755 1013 330 603 330 7 1 330 0 0 
14760 1017 327 600 327 7 1 327 0 0 
14765 1018 327 603 327 7 1 327 0 0 
14770 1022 323 600 323 7 1 323 0 0 
14775 1024 320 600 320 7 1 320 0 0 
14780 1027 320 600 320 7 1 320 0 0 
14785 1031 315 600 315 7 1 315 0 0 
14790 1033 312 600 312 7 1 312 0 0 
14795 1036 312 600 312 7 1 312 0 0 
14800 1040 312 603 312 7 1 312 0 0 
14805 1042 308 600 308 7 1 308 0 0 
14810 1046 305 600 305 7 1 305 0 0 
14815 1049 305 600 305 7 1 305 0 0 
14820 1053 305 600 305 7 1 305 0 0 
14825 1055 305 600 305 7 1 305 0 0 
14830 1058 305 600 305 7 1 305 0 0 
14835 1060 300 600 300 7 1 300 0 0 
14840 1064 300 603 300 7 1 300 0 0 
14845 1067 297 603 297 7 1 297 0 0 
14850 1071 297 600 297 7 1 297 0 0 
14855 1075 297 600 297 7 1 297 0 0 
14860 1076 293 600 293 7 1 293 0 0 
14865 1080 293 600 293 7 1 293 0 0 
14870 1084 293 600 293 7 1 293 0 0 
14875 1085 293 600 293 7 1 293 0 0 
14880 1089 293 600 293 7 1 293 0 0 
14885 1091 290 600 290 7 1 290 0 0 
14890 1096 290 600 290 7 1 290 0 0 
14895 1098 285 600 285 7 1 285 0 0 
14900 1100 285 600 285 7 1 285 0 0 
14905 1105 282 603 282 7 1 282 0 0 
14910 1107 282 603 282 7 1 282 0 0 
14915 1112 278 600 278 7 1 278 0 0 
14920 1114 278 600 278 7 1 278 0 0 
14925 1117 275 600 275 7 1 275 0 0 
14930 1121 275 600 275 7 1 275 0 0 
14935 1125 275 603 275 7 1 275 0 0 
14940 1126 275 600 275 7 1 275 0 0 
14945 1130 270 600 270 7 1 270 0 0 
14950 1132 270 600 270 7 1 270 0 0 
14955 1135 270 593 270 7 1 270 0 0 
14960 1139 263 585 263 7 1 263 0 0 
14965 1143 263 573 263 7 1 263 0 0 
14970 1144 263 565 263 7 1 263 0 0 
14975 1148 263 555 263 7 1 263 0 0 
14980 1150 263 548 263 7 1 263 0 0 
14985 1154 267 535 267 7 1 267 0 0 
14990 1155 275 525 275 7 1 275 0 0 
14995 1157 275 520 275 7 1 275 0 0 
15000 1161 275 510 275 7 1 275 0 0 
15005 1163 270 495 270 7 1 270 0 0 
15010 1166 267 493 267 7 1 267 0 0 
15015 1168 263 483 263 7 1 263 0 0 
15020 1170 260 470 260 7 1 260 0 0 
15025 1174 260 458 260 7 1 260 0 0 
15030 1175 260 450 260 7 1 260 0 0 
15035 1177 260 445 260 7 1 260 0 0 
15040 1179 260 438 260 7 1 260 0 0 
15045 1181 255 420 255 7 1 255 0 0 
15050 1184 252 403 252 7 1 252 0 0 
15055 1186 245 393 245 7 1 245 0 0 
15060 1188 245 383 245 7 1 245 0 0 
15065 1190 240 370 240 7 1 240 0 0 
15070 1192 245 370 245 7 1 245 0 0 
15075 1193 245 355 245 7 1 245 0 0 
15080 1195 245 350 245 7 1 245 0 0 
15085 1197 240 333 240 7 1 240 0 0 
15090 1199 233 325 233 7 1 233 0 0 
15095 1201 230 315 230 7 1 230 0 0 
15100 1203 222 313 222 7 1 222 0 0 
15105 1204 218 298 218 7 1 218 0 0 
15110 1206 218 298 218 7 1 218 0 0 
15115 1208 222 288 222 7 1 222 0 0 
15120 1208 222 278 222 7 1 222 0 0 
15125 1210 222 265 222 7 1 222 0 0 
15130 1212 215 260 215 7 1 215 0 0 
15135 1213 207 250 207 7 1 207 0 0 
15140 1213 200 240 200 7 1 200 0 0 
15145 1215 188 228 188 7 1 188 0 0 
15150 1217 177 218 177 7 1 177 0 0 
15155 1217 170 210 170 7 1 170 0 0 
15160 1217 162 195 162 7 1 162 0 0 
15165 1219 150 188 150 7 1 150 0 0 
15170 1221 140 180 140 7 1 140 0 0 
15175 1221 128 170 128 7 1 128 0 0 
15180 1221 113 158 113 7 1 113 0 0 
15185 1222 95 148 95 7 1 95 0 0 
15190 1222 80 145 80 7 1 80 0 0 
15195 1224 60 135 60 7 1 60 0 0 
15200 1224 45 128 45 7 1 45 0 0 
15205 1224 23 115 23 7 1 23 0 0 
15210 1224 8 103 8 7 1 8 0 0 
15215 1226 -8 88 -8 7 1 -8 0 0 
15220 1226 -23 75 -23 7 1 -23 0 0 
15225 1226 -38 53 -38 7 1 -38 0 0 
15230 1226 -50 30 -50 7 1 -50 0 0 
15235 1226 -57 5 -57 7 1 -57 0 0 
15240 1228 -65 0 -65 7 1 -65 0 0 
15245 1226 -75 -25 -75 7 1 -75 0 0 
15250 1226 -83 -68 -83 7 1 -83 0 0 
15255 1226 -98 -118 -98 7 1 -98 0 0 
15260 1226 -117 -160 -117 7 1 -117 0 0 
15265 1226 -147 -213 -147 7 1 -147 0 0 
15270 1224 -162 -253 -162 7 1 -162 0 0 
15275 1222 -173 -298 -173 7 1 -173 0 0 
15280 1221 -177 -343 -177 7 1 -177 0 0 
15285 1219 -173 -403 -173 7 1 -173 0 0 
15290 1217 -170 -455 -170 7 1 -170 0 0 
15295 1215 -170 -513 -170 7 1 -170 0 0 
15300 1213 -177 -555 -177 8 1 -177 0 0 
15305 1210 -188 -580 -188 8 1 -188 0 0 
15310 1206 -195 -588 -195 8 1 -195 0 0 
15315 1204 -207 -593 -207 8 1 -207 0 0 
15320 1201 -218 -593 -218 8 1 -218 0 0 
15325 1197 -233 -600 -233 8 1 -233 0 0 
15330 1193 -245 -600 -245 8 1 -245 0 0 
15335 1192 -267 -600 -267 8 1 -267 0 0 
15340 1188 -293 -600 -293 8 1 -293 0 0 
15345 1184 -327 -600 -327 8 1 -327 0 0 
15350 1183 -350 -600 -350 8 1 -350 0 0 
15355 1179 -368 -598 -368 8 1 -368 0 0 
15360 1175 -375 -600 -375 8 1 -375 0 0 
15365 1174 -375 -598 -375 8 1 -375 0 0 
15370 1170 -372 -600 -372 8 1 -372 0 0 
15375 1166 -365 -600 -365 8 1 -365 0 0 
15380 1164 -357 -600 -357 8 1 -357 0 0 
15385 1161 -360 -600 -360 8 1 -360 0 0 
15390 1157 -368 -600 -368 8 1 -368 0 0 
15395 1155 -380 -600 -380 8 1 -380 0 0 
15400 1152 -387 -600 -387 8 1 -387 0 0 
15405 1148 -398 -600 -398 8 1 -398 0 0 
15410 1146 -402 -600 -402 8 1 -402 0 0 
15415 1143 -402 -600 -402 8 1 -402 0 0 
15420 1139 -398 -600 -398 8 1 -398 0 0 
15425 1137 -395 -598 -395 8 1 -395 0 0 
15430 1134 -395 -600 -395 8 1 -395 0 0 
15435 1130 -395 -600 -395 8 1 -395 0 0 
15440 1128 -398 -600 -398 8 1 -398 0 0 
15445 1125 -402 -598 -402 8 1 -402 0 0 
15450 1121 -405 -600 -405 8 1 -405 0 0 
15455 1119 -413 -598 -413 8 1 -413 0 0 
15460 1115 -417 -600 -417 8 1 -417 0 0 
15465 1112 -417 -600 -417 8 1 -417 0 0 
15470 1107 -425 -600 -425 8 1 -425 0 0 
15475 1105 -428 -598 -428 8 1 -428 0 0 
15480 1102 -432 -600 -432 8 1 -432 0 0 
15485 1098 -435 -600 -435 8 1 -435 0 0 
15490 1096 -440 -600 -440 8 1 -440 0 0 
15495 1093 -443 -600 -443 8 1 -443 0 0 
15500 1091 -447 -598 -447 8 1 -447 0 0 
15505 1087 -447 -600 -447 8 1 -447 0 0 
15510 1084 -450 -600 -450 8 1 -450 0 0 
15515 1080 -450 -600 -450 8 1 -450 0 0 
15520 1078 -450 -600 -450 8 1 -450 0 0 
15525 1075 -450 -598 -450 8 1 -450 0 0 
15530 1073 -455 -600 -455 8 1 -455 0 0 
15535 1069 -455 -598 -455 8 1 -455 0 0 
15540 1066 -455 -600 -455 8 1 -455 0 0 
15545 1062 -458 -600 -458 8 1 -458 0 0 
15550 1058 -458 -600 -458 8 1 -458 0 0 
15555 1056 -462 -600 -462 8 1 -462 0 0 
15560 1053 -462 -598 -462 8 1 -462 0 0 
15565 1049 -470 -600 -470 8 1 -470 0 0 
15570 1047 -470 -600 -470 8 1 -470 0 0 
15575 1044 -473 -600 -473 8 1 -473 0 0 
15580 1040 -473 -600 -473 8 1 -473 0 0 
15585 1038 -477 -600 -477 8 1 -477 0 0 
15590 1035 -477 -600 -477 8 1 -477 0 0 
15595 1033 -480 -600 -480 8 1 -480 0 0 
15600 1029 -480 -600 -480 8 1 -480 0 0 
15605 1026 -485 -598 -485 8 1 -485 0 0 
15610 1022 -485 -600 -485 8 1 -485 0 0 
15615 1020 -488 -598 -488 8 1 -488 0 0 
15620 1018 -488 -600 -488 8 1 -488 0 0 
15625 1013 -488 -600 -488 8 1 -488 0 0 
15630 1011 -492 -598 -492 8 1 -492 0 0 
15635 1007 -492 -600 -492 8 1 -492 0 0 
15640 1006 -492 -600 -492 8 1 -492 0 0 
15645 1002 -495 -600 -495 8 1 -495 0 0 
15650 998 -495 -600 -495 8 1 -495 0 0 
15655 997 -500 -600 -500 8 1 -500 0 0 
15660 993 -500 -600 -500 8 1 -500 0 0 
15665 989 -503 -600 -503 8 1 -503 0 0 
15670 988 -503 -600 -503 8 1 -503 0 0 
15675 984 -507 -600 -507 8 1 -507 0 0 
15680 982 -507 -600 -507 8 1 -507 0 0 
15685 978 -510 -600 -510 8 1 -510 0 0 
15690 975 -510 -600 -510 8 1 -510 0 0 
15695 971 -515 -600 -515 8 1 -515 0 0 
15700 969 -515 -600 -515 8 1 -515 0 0 
15705 966 -518 -600 -518 8 1 -518 0 0 
15710 964 -518 -600 -518 8 1 -518 0 0 
15715 960 -525 -600 -525 8 1 -525 0 0 
15720 957 -530 -600 -530 8 1 -530 0 0 
15725 955 -530 -600 -530 8 1 -530 0 0 
15730 951 -533 -598 -533 8 1 -533 0 0 
15735 948 -533 -598 -533 8 1 -533 0 0 
15740 946 -537 -600 -537 8 1 -537 0 0 
15745 942 -533 -600 -533 8 1 -533 0 0 
15750 939 -533 -600 -533 8 1 -533 0 0 
15755 935 -537 -600 -537 8 1 -537 0 0 
15760 933 -537 -600 -537 8 1 -537 0 0 
15765 931 -540 -600 -540 8 1 -540 0 0 
15770 926 -545 -600 -545 8 1 -545 0 0 
15775 922 -545 -598 -545 8 1 -545 0 0 
15780 922 -545 -600 -545 8 1 -545 0 0 
15785 919 -548 -598 -548 8 1 -548 0 0 
15790 915 -552 -598 -552 8 1 -552 0 0 
15795 911 -552 -598 -552 8 1 -552 0 0 
15800 910 -552 -600 -552 8 1 -552 0 0 
15805 906 -552 -600 -552 8 1 -552 0 0 
15810 902 -555 -600 -555 8 1 -555 0 0 
15815 900 -555 -600 -555 8 1 -555 0 0 
15820 897 -555 -600 -555 8 1 -555 0 0 
15825 893 -555 -598 -555 8 1 -555 0 0 
15830 891 -560 -598 -560 8 1 -560 0 0 
15835 888 -563 -600 -563 8 1 -563 0 0 
15840 885 -563 -600 -563 8 1 -563 0 0 
15845 881 -563 -600 -563 8 1 -563 0 0 
15850 878 -563 -600 -563 8 1 -563 0 0 
15855 874 -563 -600 -563 8 1 -563 0 0 
15860 870 -563 -600 -563 8 1 -563 0 0 
15865 869 -560 -600 -560 8 1 -560 0 0 
15870 865 -563 -600 -563 8 1 -563 0 0 
15875 861 -560 -600 -560 8 1 -560 0 0 
15880 860 -563 -598 -563 8 1 -563 0 0 
15885 856 -563 -600 -563 8 1 -563 0 0 
15890 854 -560 -600 -560 8 1 -560 0 0 
15895 850 -560 -600 -560 8 1 -560 0 0 
15900 849 -555 -598 -555 8 1 -555 0 0 
15905 845 -552 -600 -552 8 1 -552 0 0 
15910 841 -548 -598 -548 8 1 -548 0 0 
15915 838 -545 -600 -545 8 1 -545 0 0 
15920 836 -540 -600 -540 8 1 -540 0 0 
15925 832 -537 -598 -537 8 1 -537 0 0 
15930 829 -533 -598 -533 8 1 -533 0 0 
15935 827 -533 -600 -533 8 1 -533 0 0 
15940 823 -533 -600 -533 8 1 -533 0 0 
15945 820 -533 -598 -533 8 1 -533 0 0 
15950 816 -533 -600 -533 8 1 -533 0 0 
15955 814 -530 -600 -530 8 1 -530 0 0 
15960 811 -530 -598 -530 8 1 -530 0 0 
15965 809 -525 -598 -525 8 1 -525 0 0 
15970 805 -522 -600 -522 8 1 -522 0 0 
15975 803 -518 -600 -518 8 1 -518 0 0 
15980 800 -518 -600 -518 8 1 -518 0 0 
15985 798 -522 -600 -522 8 1 -522 0 0 
15990 794 -522 -600 -522 8 1 -522 0 0 
15995 791 -525 -598 -525 8 1 -525 0 0 
16000 787 -530 -600 -530 8 1 -530 0 0 
16005 785 -530 -600 -530 8 1 -530 0 0 
16010 782 -525 -600 -525 8 1 -525 0 0 
16015 778 -525 -600 -525 8 1 -525 0 0 
16020 776 -522 -600 -522 8 1 -522 0 0 
16025 773 -518 -600 -518 8 1 -518 0 0 
16030 769 -515 -598 -515 8 1 -515 0 0 
16035 767 -515 -600 -515 8 1 -515 0 0 
16040 763 -510 -600 -510 8 1 -510 0 0 
16045 760 -510 -598 -510 8 1 -510 0 0 
16050 756 -507 -600 -507 8 1 -507 0 0 
16055 754 -507 -600 -507 8 1 -507 0 0 
16060 751 -507 -598 -507 8 1 -507 0 0 
16065 749 -510 -600 -510 8 1 -510 0 0 
16070 745 -515 -600 -515 8 1 -515 0 0 
16075 742 -518 -598 -518 8 1 -518 0 0 
16080 740 -522 -600 -522 8 1 -522 0 0 
16085 736 -522 -600 -522 8 1 -522 0 0 
16090 733 -522 -598 -522 8 1 -522 0 0 
16095 731 -522 -600 -522 8 1 -522 0 0 
16100 727 -522 -600 -522 8 1 -522 0 0 
16105 725 -522 -600 -522 8 1 -522 0 0 
16110 722 -525 -598 -525 8 1 -525 0 0 
16115 718 -530 -600 -530 8 1 -530 0 0 
16120 716 -533 -598 -533 8 1 -533 0 0 
16125 713 -533 -600 -533 8 1 -533 0 0 
16130 709 -533 -598 -533 8 1 -533 0 0 
16135 707 -533 -600 -533 8 1 -533 0 0 
16140 704 -530 -600 -530 8 1 -530 0 0 
16145 700 -525 -600 -525 8 1 -525 0 0 
16150 696 -525 -598 -525 8 1 -525 0 0 
16155 695 -525 -600 -525 8 1 -525 0 0 
16160 691 -530 -598 -530 8 1 -530 0 0 
16165 689 -537 -598 -537 8 1 -537 0 0 
16170 685 -537 -600 -537 8 1 -537 0 0 
16175 682 -540 -600 -540 8 1 -540 0 0 
16180 680 -540 -600 -540 8 1 -540 0 0 
16185 676 -540 -600 -540 8 1 -540 0 0 
16190 673 -540 -600 -540 8 1 -540 0 0 
16195 669 -537 -600 -537 8 1 -537 0 0 
16200 667 -537 -600 -537 8 1 -537 0 0 
16205 666 -540 -600 -540 8 1 -540 0 0 
16210 661 -540 -600 -540 8 1 -540 0 0 
16215 657 -545 -600 -545 8 1 -545 0 0 
16220 654 -545 -600 -545 8 1 -545 0 0 
16225 652 -548 -600 -548 8 1 -548 0 0 
16230 648 -548 -600 -548 8 1 -548 0 0 
16235 645 -548 -600 -548 8 1 -548 0 0 
16240 641 -548 -598 -548 8 1 -548 0 0 
16245 639 -548 -598 -548 8 1 -548 0 0 
16250 635 -545 -598 -545 8 1 -545 0 0 
16255 634 -540 -600 -540 8 1 -540 0 0 
16260 630 -537 -598 -537 8 1 -537 0 0 
16265 626 -533 -600 -533 8 1 -533 0 0 
16270 625 -533 -600 -533 8 1 -533 0 0 
16275 621 -537 -600 -537 8 1 -537 0 0 
16280 617 -537 -600 -537 8 1 -537 0 0 
16285 616 -545 -600 -545 8 1 -545 0 0 
16290 612 -548 -598 -548 8 1 -548 0 0 
16295 608 -548 -600 -548 8 1 -548 0 0 
16300 606 -548 -600 -548 8 1 -548 0 0 
16305 603 -548 -598 -548 8 1 -548 0 0 
16310 599 -545 -600 -545 8 1 -545 0 0 
16315 597 -545 -600 -545 8 1 -545 0 0 
16320 594 -545 -598 -545 8 1 -545 0 0 
16325 592 -545 -598 -545 8 1 -545 0 0 
16330 588 -548 -600 -548 8 1 -548 0 0 
16335 585 -548 -600 -548 8 1 -548 0 0 
16340 583 -548 -600 -548 8 1 -548 0 0 
16345 579 -548 -598 -548 8 1 -548 0 0 
16350 576 -548 -600 -548 8 1 -548 0 0 
16355 572 -545 -600 -545 8 1 -545 0 0 
16360 570 -545 -600 -545 8 1 -545 0 0 
16365 567 -540 -600 -540 8 1 -540 0 0 
16370 565 -540 -600 -540 8 1 -540 0 0 
16375 561 -537 -598 -537 8 1 -537 0 0 
16380 559 -537 -600 -537 8 1 -537 0 0 
16385 556 -537 -598 -537 8 1 -537 0 0 
16390 552 -537 -600 -537 8 1 -537 0 0 
16395 548 -537 -600 -537 8 1 -537 0 0 
16400 547 -540 -598 -540 8 1 -540 0 0 
16405 545 -540 -600 -540 8 1 -540 0 0 
16410 539 -545 -598 -545 8 1 -545 0 0 
16415 538 -545 -600 -545 8 1 -545 0 0 
16420 534 -548 -598 -548 8 1 -548 0 0 
16425 532 -548 -600 -548 8 1 -548 0 0 
16430 528 -552 -600 -552 8 1 -552 0 0 
16435 525 -552 -598 -552 8 1 -552 0 0 
16440 521 -548 -600 -548 8 1 -548 0 0 
16445 519 -548 -600 -548 8 1 -548 0 0 
16450 516 -548 -600 -548 8 1 -548 0 0 
16455 512 -545 -600 -545 8 1 -545 0 0 
16460 509 -545 -600 -545 8 1 -545 0 0 
16465 507 -545 -600 -545 8 1 -545 0 0 
16470 503 -545 -600 -545 8 1 -545 0 0 
16475 499 -545 -600 -545 8 1 -545 0 0 
16480 498 -540 -600 -540 8 1 -540 0 0 
16485 494 -540 -600 -540 8 1 -540 0 0 
16490 490 -540 -600 -540 8 1 -540 0 0 
16495 489 -540 -600 -540 8 1 -540 0 0 
16500 485 -540 -598 -540 8 1 -540 0 0 
16505 481 -540 -600 -540 8 1 -540 0 0 
16510 480 -540 -600 -540 8 1 -540 0 0 
16515 476 -540 -600 -540 8 1 -540 0 0 
16520 474 -537 -598 -537 8 1 -537 0 0 
16525 470 -533 -598 -533 8 1 -533 0 0 
16530 467 -530 -600 -530 8 1 -530 0 0 
16535 465 -525 -600 -525 8 1 -525 0 0 
16540 461 -522 -600 -522 8 1 -522 0 0 
16545 458 -522 -600 -522 8 1 -522 0 0 
16550 456 -525 -600 -525 8 1 -525 0 0 
16555 452 -530 -598 -530 8 1 -530 0 0 
16560 451 -530 -598 -530 8 1 -530 0 0 
16565 447 -530 -600 -530 8 1 -530 0 0 
16570 443 -522 -600 -522 8 1 -522 0 0 
16575 441 -518 -598 -518 8 1 -518 0 0 
16580 437 -510 -600 -510 8 1 -510 0 0 
16585 435 -507 -600 -507 8 1 -507 0 0 
16590 430 -503 -600 -503 8 1 -503 0 0 
16595 428 -500 -598 -500 8 1 -500 0 0 
16600 426 -503 -598 -503 8 1 -503 0 0 
16605 422 -503 -598 -503 8 1 -503 0 0 
16610 419 -503 -600 -503 8 1 -503 0 0 
16615 417 -503 -600 -503 8 1 -503 0 0 
16620 413 -503 -598 -503 8 1 -503 0 0 
16625 410 -503 -598 -503 8 1 -503 0 0 
16630 406 -503 -600 -503 8 1 -503 0 0 
16635 404 -500 -598 -500 8 1 -500 0 0 
16640 401 -500 -600 -500 8 1 -500 0 0 
16645 399 -495 -600 -495 8 1 -495 0 0 
16650 395 -492 -600 -492 8 1 -492 0 0 
16655 391 -492 -600 -492 8 1 -492 0 0 
16660 388 -488 -598 -488 8 1 -488 0 0 
16665 384 -488 -600 -488 8 1 -488 0 0 
16670 382 -492 -600 -492 8 1 -492 0 0 
16675 379 -492 -598 -492 8 1 -492 0 0 
16680 377 -492 -598 -492 8 1 -492 0 0 
16685 373 -495 -600 -495 8 1 -495 0 0 
16690 370 -495 -600 -495 8 1 -495 0 0 
16695 368 -495 -598 -495 8 1 -495 0 0 
16700 364 -492 -598 -492 8 1 -492 0 0 
16705 362 -488 -598 -488 8 1 -488 0 0 
16710 359 -485 -600 -485 8 1 -485 0 0 
16715 353 -485 -600 -485 8 1 -485 0 0 
16720 352 -480 -600 -480 8 1 -480 0 0 
16725 350 -480 -598 -480 8 1 -480 0 0 
16730 346 -480 -600 -480 8 1 -480 0 0 
16735 343 -480 -600 -480 8 1 -480 0 0 
16740 341 -485 -600 -485 8 1 -485 0 0 
16745 337 -480 -598 -480 8 1 -480 0 0 
16750 335 -480 -600 -480 8 1 -480 0 0 
16755 332 -480 -600 -480 8 1 -480 0 0 
16760 330 -477 -600 -477 8 1 -477 0 0 
16765 326 -477 -600 -477 8 1 -477 0 0 
16770 323 -477 -600 -477 8 1 -477 0 0 
16775 319 -477 -598 -477 8 1 -477 0 0 
16780 315 -477 -600 -477 8 1 -477 0 0 
16785 313 -473 -600 -473 8 1 -473 0 0 
16790 310 -477 -600 -477 8 1 -477 0 0 
16795 308 -473 -598 -473 8 1 -473 0 0 
16800 304 -473 -598 -473 8 1 -473 0 0 
16805 301 -470 -600 -470 8 1 -470 0 0 
16810 297 -470 -600 -470 8 1 -470 0 0 
16815 295 -465 -600 -465 8 1 -465 0 0 
16820 292 -465 -600 -465 8 1 -465 0 0 
16825 290 -465 -600 -465 8 1 -465 0 0 
16830 286 -465 -598 -465 8 1 -465 0 0 
16835 283 -465 -600 -465 8 1 -465 0 0 
16840 281 -465 -600 -465 8 1 -465 0 0 
16845 277 -470 -598 -470 8 1 -470 0 0 
16850 274 -462 -600 -462 8 1 -462 0 0 
16855 272 -458 -600 -458 8 1 -458 0 0 
16860 268 -455 -598 -455 8 1 -455 0 0 
16865 265 -450 -600 -450 8 1 -450 0 0 
16870 261 -447 -598 -447 8 1 -447 0 0 
16875 259 -447 -600 -447 8 1 -447 0 0 
16880 255 -443 -598 -443 8 1 -443 0 0 
16885 252 -447 -598 -447 8 1 -447 0 0 
16890 248 -450 -600 -450 8 1 -450 0 0 
16895 246 -450 -600 -450 8 1 -450 0 0 
16900 245 -455 -600 -455 8 1 -455 0 0 
16905 241 -455 -600 -455 8 1 -455 0 0 
16910 237 -455 -600 -455 8 1 -455 0 0 
16915 234 -455 -600 -455 8 1 -455 0 0 
16920 232 -450 -600 -450 8 1 -450 0 0 
16925 228 -450 -600 -450 8 1 -450 0 0 
16930 225 -447 -600 -447 8 1 -447 0 0 
16935 223 -447 -600 -447 8 1 -447 0 0 
16940 219 -447 -600 -447 8 1 -447 0 0 
16945 216 -447 -598 -447 8 1 -447 0 0 
16950 213 -443 -598 -443 8 1 -443 0 0 
16955 209 -447 -600 -447 8 1 -447 0 0 
16960 205 -443 -598 -443 8 1 -443 0 0 
16965 204 -443 -600 -443 8 1 -443 0 0 
16970 200 -443 -600 -443 8 1 -443 0 0 
16975 196 -443 -598 -443 8 1 -443 0 0 
16980 195 -440 -600 -440 8 1 -440 0 0 
16985 193 -440 -600 -440 8 1 -440 0 0 
16990 187 -435 -598 -435 8 1 -435 0 0 
16995 186 -432 -600 -432 8 1 -432 0 0 
17000 182 -432 -600 -432 8 1 -432 0 0 
17005 180 -435 -600 -435 8 1 -435 0 0 
17010 176 -435 -598 -435 8 1 -435 0 0 
17015 173 -435 -600 -435 8 1 -435 0 0 
17020 171 -432 -600 -432 8 1 -432 0 0 
17025 167 -428 -600 -428 8 1 -428 0 0 
17030 166 -425 -600 -425 8 1 -425 0 0 
17035 160 -425 -600 -425 8 1 -425 0 0 
17040 158 -425 -600 -425 8 1 -425 0 0 
17045 157 -425 -600 -425 8 1 -425 0 0 
17050 153 -420 -600 -420 8 1 -420 0 0 
17055 149 -417 -598 -417 8 1 -417 0 0 
17060 147 -413 -600 -413 8 1 -413 0 0 
17065 144 -410 -600 -410 8 1 -410 0 0 
17070 140 -410 -598 -410 8 1 -410 0 0 
17075 137 -410 -600 -410 8 1 -410 0 0 
17080 135 -405 -598 -405 8 1 -405 0 0 
17085 133 -405 -600 -405 8 1 -405 0 0 
17090 129 -402 -600 -402 8 1 -402 0 0 
17095 126 -398 -598 -398 8 1 -398 0 0 
17100 122 -390 -600 -390 8 1 -390 0 0 
17105 120 -383 -598 -383 8 1 -383 0 0 
17110 117 -380 -588 -380 8 1 -380 0 0 
17115 115 -375 -578 -375 8 1 -375 0 0 
17120 111 -372 -573 -372 8 1 -372 0 0 
17125 109 -372 -560 -372 8 1 -372 0 0 
17130 106 -368 -553 -368 8 1 -368 0 0 
17135 102 -365 -545 -365 8 1 -365 0 0 
17140 100 -360 -533 -360 8 1 -360 0 0 
17145 98 -360 -523 -360 8 1 -360 0 0 
17150 95 -353 -513 -353 8 1 -353 0 0 
17155 93 -342 -503 -342 8 1 -342 0 0 
17160 89 -330 -498 -330 8 1 -330 0 0 
17165 88 -315 -488 -315 8 1 -315 0 0 
17170 86 -297 -483 -297 8 1 -297 0 0 
17175 82 -285 -473 -285 8 1 -285 0 0 
17180 80 -275 -458 -275 8 1 -275 0 0 
17185 79 -260 -450 -260 8 1 -260 0 0 
17190 75 -245 -443 -245 8 1 -245 0 0 
17195 73 -230 -433 -230 8 1 -230 0 0 
17200 71 -210 -420 -210 8 1 -210 0 0 
17205 69 -188 -410 -188 8 1 -188 0 0 
17210 68 -162 -408 -162 8 1 -162 0 0 
17215 66 -135 -398 -135 8 1 -135 0 0 
17220 64 -117 -390 -117 8 1 -117 0 0 
17225 62 -90 -380 -90 8 1 -90 0 0 
17230 59 -68 -370 -68 8 1 -68 0 0 
17235 57 -50 -363 -50 8 1 -50 0 0 
17240 55 -30 -353 -30 8 1 -30 0 0 
17245 53 -12 -338 -12 8 1 -12 0 0 
17250 51 8 -328 8 8 1 8 0 0 
17255 51 20 -315 20 8 1 20 0 0 
17260 50 30 -303 30 8 1 30 0 0 
17265 48 35 -293 35 8 1 35 0 0 
17270 46 42 -265 42 8 1 42 0 0 
17275 44 50 -245 50 8 1 50 0 0 
17280 42 57 -223 57 8 1 57 0 0 
17285 42 72 -195 72 8 1 72 0 0 
17290 42 83 -160 83 8 1 83 0 0 
17295 40 95 -133 95 8 1 95 0 0 
17300 40 102 -100 102 8 1 102 0 0 
17305 40 113 -63 113 8 1 113 0 0 
17310 39 120 -13 120 8 1 120 0 0 
17315 40 128 0 128 8 1 128 0 0 
17320 39 140 18 140 8 1 140 0 0 
17325 40 147 65 147 8 1 147 0 0 
17330 40 155 130 155 8 1 155 0 0 
17335 40 165 185 165 8 1 165 0 0 
17340 42 177 228 177 8 1 177 0 0 
17345 42 188 273 188 8 1 188 0 0 
17350 44 195 323 195 8 1 195 0 0 
17355 46 195 368 195 8 1 195 0 0 
17360 48 180 428 180 8 1 180 0 0 
17365 50 173 488 173 8 1 173 0 0 
17370 53 173 548 173 9 1 173 0 0 
17375 55 185 593 185 9 1 185 0 0 
17380 59 200 600 200 9 1 200 0 0 
17385 62 203 600 203 9 1 203 0 0 
17390 64 200 600 200 9 1 200 0 0 
17395 68 195 600 195 9 1 195 0 0 
17400 71 200 600 200 9 1 200 0 0 
17405 73 230 603 230 9 1 230 0 0 
17410 77 263 600 263 9 1 263 0 0 
17415 80 315 600 315 9 1 315 0 0 
17420 84 342 600 342 9 1 342 0 0 
17425 86 345 600 345 9 1 345 0 0 
17430 89 335 600 335 9 1 335 0 0 
17435 93 312 603 312 9 1 312 0 0 
17440 97 297 600 297 9 1 297 0 0 
17445 100 290 600 290 9 1 290 0 0 
17450 102 297 600 297 9 1 297 0 0 
17455 106 312 600 312 9 1 312 0 0 
17460 108 323 600 323 9 1 323 0 0 
17465 111 330 600 330 9 1 330 0 0 
17470 113 330 600 330 9 1 330 0 0 
17475 117 330 603 330 9 1 330 0 0 
17480 120 330 600 330 9 1 330 0 0 
17485 124 330 600 330 9 1 330 0 0 
17490 126 330 603 330 9 1 330 0 0 
17495 129 330 600 330 9 1 330 0 0 
17500 133 335 600 335 9 1 335 0 0 
17505 135 330 600 330 9 1 330 0 0 
17510 138 330 600 330 9 1 330 0 0 
17515 142 335 600 335 9 1 335 0 0 
17520 144 335 600 335 9 1 335 0 0 
17525 147 338 603 338 9 1 338 0 0 
17530 149 342 600 342 9 1 342 0 0 
17535 153 342 600 342 9 1 342 0 0 
17540 157 338 603 338 9 1 338 0 0 
17545 158 338 603 338 9 1 338 0 0 
17550 162 335 600 335 9 1 335 0 0 
17555 166 335 600 335 9 1 335 0 0 
17560 169 335 603 335 9 1 335 0 0 
17565 171 338 600 338 9 1 338 0 0 
17570 175 338 600 338 9 1 338 0 0 
17575 178 338 600 338 9 1 338 0 0 
17580 180 338 600 338 9 1 338 0 0 
17585 184 335 600 335 9 1 335 0 0 
17590 186 330 603 330 9 1 330 0 0 
17595 189 330 600 330 9 1 330 0 0 
17600 193 330 600 330 9 1 330 0 0 
17605 195 330 600 330 9 1 330 0 0 
17610 198 330 600 330 9 1 330 0 0 
17615 202 330 600 330 9 1 330 0 0 
17620 205 327 600 327 9 1 327 0 0 
17625 207 330 600 330 9 1 330 0 0 
17630 209 327 603 327 9 1 327 0 0 
17635 215 323 603 323 9 1 323 0 0 
17640 216 320 600 320 9 1 320 0 0 
17645 221 320 600 320 9 1 320 0 0 
17650 223 315 600 315 9 1 315 0 0 
17655 226 315 600 315 9 1 315 0 0 
17660 230 315 600 315 9 1 315 0 0 
17665 232 315 600 315 9 1 315 0 0 
17670 236 312 603 312 9 1 312 0 0 
17675 239 308 600 308 9 1 308 0 0 
17680 243 308 603 308 9 1 308 0 0 
17685 245 305 600 305 9 1 305 0 0 
17690 248 305 600 305 9 1 305 0 0 
17695 250 305 600 305 9 1 305 0 0 
17700 254 305 600 305 9 1 305 0 0 
17705 257 305 603 305 9 1 305 0 0 
17710 261 305 603 305 9 1 305 0 0 
17715 263 305 603 305 9 1 305 0 0 
17720 266 308 600 308 9 1 308 0 0 
17725 270 308 600 308 9 1 308 0 0 
17730 272 312 603 312 9 1 312 0 0 
17735 275 312 600 312 9 1 312 0 0 
17740 279 315 603 315 9 1 315 0 0 
17745 281 315 603 315 9 1 315 0 0 
17750 284 315 600 315 9 1 315 0 0 
17755 288 320 603 320 9 1 320 0 0 
17760 292 320 600 320 9 1 320 0 0 
17765 294 323 603 323 9 1 323 0 0 
17770 297 323 600 323 9 1 323 0 0 
17775 301 327 603 327 9 1 327 0 0 
17780 303 327 603 327 9 1 327 0 0 
17785 306 330 603 330 9 1 330 0 0 
17790 308 335 600 335 9 1 335 0 0 
17795 312 338 600 338 9 1 338 0 0 
17800 315 338 600 338 9 1 338 0 0 
17805 319 342 600 342 9 1 342 0 0 
17810 323 342 600 342 9 1 342 0 0 
17815 326 345 600 345 9 1 345 0 0 
17820 328 350 600 350 9 1 350 0 0 
17825 330 353 600 353 9 1 353 0 0 
17830 333 357 600 357 9 1 357 0 0 
17835 337 360 600 360 9 1 360 0 0 
17840 339 365 600 365 9 1 365 0 0 
17845 343 368 600 368 9 1 368 0 0 
17850 346 368 600 368 9 1 368 0 0 
17855 348 368 603 368 9 1 368 0 0 
17860 352 372 600 372 9 1 372 0 0 
17865 355 372 600 372 9 1 372 0 0 
17870 357 372 600 372 9 1 372 0 0 
17875 361 372 600 372 9 1 372 0 0 
17880 364 375 600 375 9 1 375 0 0 
17885 366 375 600 375 9 1 375 0 0 
17890 370 375 600 375 9 1 375 0 0 
17895 373 375 600 375 9 1 375 0 0 
17900 377 380 600 380 9 1 380 0 0 
17905 379 380 600 380 9 1 380 0 0 
17910 381 380 600 380 9 1 380 0 0 
17915 386 380 603 380 9 1 380 0 0 
17920 388 380 600 380 9 1 380 0 0 
17925 391 380 600 380 9 1 380 0 0 
17930 393 380 600 380 9 1 380 0 0 
17935 399 383 600 383 9 1 383 0 0 
17940 401 387 600 387 9 1 387 0 0 
17945 404 387 603 387 9 1 387 0 0 
17950 406 383 603 383 9 1 383 0 0 
17955 410 383 600 383 9 1 383 0 0 
17960 413 383 600 383 9 1 383 0 0 
17965 415 380 600 380 9 1 380 0 0 
17970 419 383 600 383 9 1 383 0 0 
17975 422 383 600 383 9 1 383 0 0 
17980 424 380 603 380 9 1 380 0 0 
17985 428 380 600 380 9 1 380 0 0 
17990 431 380 600 380 9 1 380 0 0 
17995 435 375 600 375 9 1 375 0 0 
18000 437 375 600 375 9 1 375 0 0 
18005 441 375 600 375 9 1 375 0 0 
18010 445 375 600 375 9 1 375 0 0 
18015 447 380 600 380 9 1 380 0 0 
18020 451 380 600 380 9 1 380 0 0 
18025 452 380 600 380 9 1 380 0 0 
18030 456 380 600 380 9 1 380 0 0 
18035 460 380 600 380 9 1 380 0 0 
18040 461 380 600 380 9 1 380 0 0 
18045 463 380 600 380 9 1 380 0 0 
18050 467 375 600 375 9 1 375 0 0 
18055 470 375 600 375 9 1 375 0 0 
18060 474 375 603 375 9 1 375 0 0 
18065 476 372 600 372 9 1 372 0 0 
18070 480 372 600 372 9 1 372 0 0 
18075 483 368 600 368 9 1 368 0 0 
18080 485 368 600 368 9 1 368 0 0 
18085 489 368 600 368 9 1 368 0 0 
18090 490 368 600 368 9 1 368 0 0 
18095 496 368 600 368 9 1 368 0 0 
18100 498 365 600 365 9 1 365 0 0 
18105 501 360 600 360 9 1 360 0 0 
18110 503 360 600 360 9 1 360 0 0 
18115 507 357 603 357 9 1 357 0 0 
18120 510 353 600 353 9 1 353 0 0 
18125 514 353 603 353 9 1 353 0 0 
18130 516 350 603 350 9 1 350 0 0 
18135 519 350 600 350 9 1 350 0 0 
18140 523 345 600 345 9 1 345 0 0 
18145 527 345 600 345 9 1 345 0 0 
18150 528 342 600 342 9 1 342 0 0 
18155 532 338 600 338 9 1 338 0 0 
18160 536 338 600 338 9 1 338 0 0 
18165 539 335 600 335 9 1 335 0 0 
18170 541 335 600 335 9 1 335 0 0 
18175 545 330 603 330 9 1 330 0 0 
18180 547 330 600 330 9 1 330 0 0 
18185 550 327 603 327 9 1 327 0 0 
18190 554 327 600 327 9 1 327 0 0 
18195 556 323 600 323 9 1 323 0 0 
18200 559 320 600 320 9 1 320 0 0 
18205 563 320 600 320 9 1 320 0 0 
18210 565 315 600 315 9 1 315 0 0 
18215 568 312 600 312 9 1 312 0 0 
18220 572 308 603 308 9 1 308 0 0 
18225 574 305 600 305 9 1 305 0 0 
18230 576 305 603 305 9 1 305 0 0 
18235 579 300 603 300 9 1 300 0 0 
18240 583 300 600 300 9 1 300 0 0 
18245 587 297 600 297 9 1 297 0 0 
18250 588 297 600 297 9 1 297 0 0 
18255 592 297 600 297 9 1 297 0 0 
18260 596 297 600 297 9 1 297 0 0 
18265 597 297 600 297 9 1 297 0 0 
18270 601 297 600 297 9 1 297 0 0 
18275 605 297 603 297 9 1 297 0 0 
18280 606 297 600 297 9 1 297 0 0 
18285 610 297 603 297 9 1 297 0 0 
18290 612 297 603 297 9 1 297 0 0 
18295 616 297 600 297 9 1 297 0 0 
18300 619 297 600 297 9 1 297 0 0 
18305 623 300 603 300 9 1 300 0 0 
18310 625 300 600 300 9 1 300 0 0 
18315 628 305 600 305 9 1 305 0 0 
18320 632 308 600 308 9 1 308 0 0 
18325 634 308 600 308 9 1 308 0 0 
18330 637 308 603 308 9 1 308 0 0 
18335 641 312 600 312 9 1 312 0 0 
18340 643 312 600 312 9 1 312 0 0 
18345 646 315 600 315 9 1 315 0 0 
18350 648 315 600 315 9 1 315 0 0 
18355 652 320 600 320 9 1 320 0 0 
18360 655 320 600 320 9 1 320 0 0 
18365 659 320 600 320 9 1 320 0 0 
18370 661 320 600 320 9 1 320 0 0 
18375 666 323 603 323 9 1 323 0 0 
18380 669 323 603 323 9 1 323 0 0 
18385 673 327 600 327 9 1 327 0 0 
18390 675 330 600 330 9 1 330 0 0 
18395 678 335 600 335 9 1 335 0 0 
18400 682 338 603 338 9 1 338 0 0 
18405 684 338 600 338 9 1 338 0 0 
18410 687 342 600 342 9 1 342 0 0 
18415 691 342 600 342 9 1 342 0 0 
18420 693 342 600 342 9 1 342 0 0 
18425 696 345 600 345 9 1 345 0 0 
18430 700 345 603 345 9 1 345 0 0 
18435 704 350 603 350 9 1 350 0 0 
18440 705 353 600 353 9 1 353 0 0 
18445 709 357 600 357 9 1 357 0 0 
18450 711 357 600 357 9 1 357 0 0 
18455 714 357 600 357 9 1 357 0 0 
18460 718 360 603 360 9 1 360 0 0 
18465 720 360 600 360 9 1 360 0 0 
18470 724 365 600 365 9 1 365 0 0 
18475 727 368 600 368 9 1 368 0 0 
18480 729 372 600 372 9 1 372 0 0 
18485 733 372 603 372 9 1 372 0 0 
18490 736 372 600 372 9 1 372 0 0 
18495 738 375 600 375 9 1 375 0 0 
18500 742 375 600 375 9 1 375 0 0 
18505 745 375 600 375 9 1 375 0 0 
18510 747 375 603 375 9 1 375 0 0 
18515 751 383 600 383 9 1 383 0 0 
18520 754 383 600 383 9 1 383 0 0 
18525 756 387 603 387 9 1 387 0 0 
18530 760 390 600 390 9 1 390 0 0 
18535 763 390 600 390 9 1 390 0 0 
18540 767 390 600 390 9 1 390 0 0 
18545 769 395 600 395 9 1 395 0 0 
18550 773 395 600 395 9 1 395 0 0 
18555 776 395 600 395 9 1 395 0 0 
18560 778 398 600 398 9 1 398 0 0 
18565 780 398 600 398 9 1 398 0 0 
18570 785 398 600 398 9 1 398 0 0 
18575 787 398 603 398 9 1 398 0 0 
18580 791 398 600 398 9 1 398 0 0 
18585 792 402 600 402 9 1 402 0 0 
18590 794 402 600 402 9 1 402 0 0 
18595 800 402 600 402 9 1 402 0 0 
18600 802 402 600 402 9 1 402 0 0 
18605 805 402 600 402 9 1 402 0 0 
18610 807 398 600 398 9 1 398 0 0 
18615 811 398 603 398 9 1 398 0 0 
18620 814 398 600 398 9 1 398 0 0 
18625 816 398 600 398 9 1 398 0 0 
18630 820 395 603 395 9 1 395 0 0 
18635 823 395 603 395 9 1 395 0 0 
18640 825 395 600 395 9 1 395 0 0 
18645 829 395 600 395 9 1 395 0 0 
18650 832 395 600 395 9 1 395 0 0 
18655 836 395 603 395 9 1 395 0 0 
18660 838 395 600 395 9 1 395 0 0 
18665 841 395 600 395 9 1 395 0 0 
18670 843 395 600 395 9 1 395 0 0 
18675 849 390 600 390 9 1 390 0 0 
18680 850 390 600 390 9 1 390 0 0 
18685 852 390 603 390 9 1 390 0 0 
18690 856 390 600 390 9 1 390 0 0 
18695 860 390 603 390 9 1 390 0 0 
18700 863 387 600 387 9 1 387 0 0 
18705 865 383 603 383 9 1 383 0 0 
18710 869 383 600 383 9 1 383 0 0 
18715 872 380 600 380 9 1 380 0 0 
18720 876 380 600 380 9 1 380 0 0 
18725 878 380 600 380 9 1 380 0 0 
18730 880 380 600 380 9 1 380 0 0 
18735 885 380 600 380 9 1 380 0 0 
18740 888 375 603 375 9 1 375 0 0 
18745 891 375 600 375 9 1 375 0 0 
18750 893 372 600 372 9 1 372 0 0 
18755 897 372 600 372 9 1 372 0 0 
18760 900 368 603 368 9 1 368 0 0 
18765 902 368 600 368 9 1 368 0 0 
18770 906 365 603 365 9 1 365 0 0 
18775 910 365 600 365 9 1 365 0 0 
18780 911 360 600 360 9 1 360 0 0 
18785 917 360 600 360 9 1 360 0 0 
18790 919 360 603 360 9 1 360 0 0 
18795 922 360 603 360 9 1 360 0 0 
18800 924 357 600 357 9 1 357 0 0 
18805 928 357 600 357 9 1 357 0 0 
18810 929 353 600 353 9 1 353 0 0 
18815 933 350 603 350 9 1 350 0 0 
18820 937 350 600 350 9 1 350 0 0 
18825 939 350 600 350 9 1 350 0 0 
18830 942 345 600 345 9 1 345 0 0 
18835 946 342 603 342 9 1 342 0 0 
18840 949 342 600 342 9 1 342 0 0 
18845 951 342 600 342 9 1 342 0 0 
18850 955 338 600 338 9 1 338 0 0 
18855 959 338 600 338 9 1 338 0 0 
18860 960 338 600 338 9 1 338 0 0 
18865 964 335 600 335 9 1 335 0 0 
18870 966 335 603 335 9 1 335 0 0 
18875 969 330 600 330 9 1 330 0 0 
18880 973 327 600 327 9 1 327 0 0 
18885 975 327 600 327 9 1 327 0 0 
18890 978 323 600 323 9 1 323 0 0 
18895 982 323 600 323 9 1 323 0 0 
18900 984 320 603 320 9 1 320 0 0 
18905 988 320 600 320 9 1 320 0 0 
18910 991 315 603 315 9 1 315 0 0 
18915 993 315 600 315 9 1 315 0 0 
18920 997 312 600 312 9 1 312 0 0 
18925 1000 315 603 315 9 1 315 0 0 
18930 1002 312 600 312 9 1 312 0 0 
18935 1006 315 600 315 9 1 315 0 0 
18940 1009 315 603 315 9 1 315 0 0 
18945 1011 315 600 315 9 1 315 0 0 
18950 1015 312 600 312 9 1 312 0 0 
18955 1018 312 600 312 9 1 312 0 0 
18960 1020 308 600 308 9 1 308 0 0 
18965 1024 305 600 305 9 1 305 0 0 
18970 1026 305 603 305 9 1 305 0 0 
18975 1029 305 600 305 9 1 305 0 0 
18980 1033 300 600 300 9 1 300 0 0 
18985 1035 300 600 300 9 1 300 0 0 
18990 1038 297 600 297 9 1 297 0 0 
18995 1040 297 603 297 9 1 297 0 0 
19000 1044 293 600 293 9 1 293 0 0 
19005 1047 293 603 293 9 1 293 0 0 
19010 1049 293 600 293 9 1 293 0 0 
19015 1053 290 600 290 9 1 290 0 0 
19020 1056 290 603 290 9 1 290 0 0 
19025 1058 290 600 290 9 1 290 0 0 
19030 1062 285 600 285 9 1 285 0 0 
19035 1066 285 600 285 9 1 285 0 0 
19040 1067 285 600 285 9 1 285 0 0 
19045 1073 285 600 285 9 1 285 0 0 
19050 1075 285 600 285 9 1 285 0 0 
19055 1078 285 600 285 9 1 285 0 0 
19060 1082 285 600 285 9 1 285 0 0 
19065 1084 290 600 290 9 1 290 0 0 
19070 1087 285 603 285 9 1 285 0 0 
19075 1091 285 600 285 9 1 285 0 0 
19080 1095 285 600 285 9 1 285 0 0 
19085 1096 285 600 285 9 1 285 0 0 
19090 1100 282 600 282 9 1 282 0 0 
19095 1102 282 600 282 9 1 282 0 0 
19100 1105 282 600 282 9 1 282 0 0 
19105 1109 278 600 278 9 1 278 0 0 
19110 1114 278 600 278 9 1 278 0 0 
19115 1115 278 600 278 9 1 278 0 0 
19120 1119 278 600 278 9 1 278 0 0 
19125 1121 278 600 278 9 1 278 0 0 
19130 1125 278 600 278 9 1 278 0 0 
19135 1128 275 600 275 9 1 275 0 0 
19140 1130 275 600 275 9 1 275 0 0 
19145 1134 270 598 270 9 1 270 0 0 
19150 1137 270 590 270 9 1 270 0 0 
19155 1139 263 580 263 9 1 263 0 0 
19160 1143 260 568 260 9 1 260 0 0 
19165 1146 260 563 260 9 1 260 0 0 
19170 1148 260 553 260 9 1 260 0 0 
19175 1152 260 545 260 9 1 260 0 0 
19180 1154 267 533 267 9 1 267 0 0 
19185 1155 270 523 270 9 1 270 0 0 
19190 1159 275 513 275 9 1 275 0 0 
19195 1161 275 503 275 9 1 275 0 0 
19200 1164 270 495 270 9 1 270 0 0 
19205 1166 267 485 267 9 1 267 0 0 
19210 1170 260 475 260 9 1 260 0 0 
19215 1172 255 468 255 9 1 255 0 0 
19220 1174 255 455 255 9 1 255 0 0 
19225 1177 255 448 255 9 1 255 0 0 
19230 1179 255 438 255 9 1 255 0 0 
19235 1181 252 430 252 9 1 252 0 0 
19240 1183 248 418 248 9 1 248 0 0 
19245 1184 245 408 245 9 1 245 0 0 
19250 1188 240 390 240 9 1 240 0 0 
19255 1188 237 380 237 9 1 237 0 0 
19260 1192 233 370 233 9 1 233 0 0 
19265 1193 233 370 233 9 1 233 0 0 
19270 1195 233 363 233 9 1 233 0 0 
19275 1197 230 353 230 9 1 230 0 0 
19280 1197 225 340 225 9 1 225 0 0 
19285 1199 215 330 215 9 1 215 0 0 
19290 1203 203 315 203 9 1 203 0 0 
19295 1203 192 305 192 9 1 192 0 0 
19300 1204 180 298 180 9 1 180 0 0 
19305 1206 173 293 173 9 1 173 0 0 
19310 1208 165 280 165 9 1 165 0 0 
19315 1210 162 270 162 9 1 162 0 0 
19320 1212 158 253 158 9 1 158 0 0 
19325 1212 150 253 150 9 1 150 0 0 
19330 1213 143 245 143 9 1 143 0 0 
19335 1215 132 233 132 9 1 132 0 0 
19340 1215 117 223 117 9 1 117 0 0 
19345 1217 105 213 105 9 1 105 0 0 
19350 1217 90 205 90 9 1 90 0 0 
19355 1219 80 193 80 9 1 80 0 0 
19360 1219 65 175 65 9 1 65 0 0 
19365 1221 50 168 50 9 1 50 0 0 
19370 1221 38 153 38 9 1 38 0 0 
19375 1222 23 143 23 9 1 23 0 0 
19380 1222 8 123 8 9 1 8 0 0 
19385 1222 -12 105 -12 9 1 -12 0 0 
19390 1224 -30 80 -30 9 1 -30 0 0 
19395 1224 -45 53 -45 9 1 -45 0 0 
19400 1224 -68 10 -68 9 1 -68 0 0 
19405 1224 -80 0 -80 9 1 -80 0 0 
19410 1224 -102 -18 -102 9 1 -102 0 0 
19415 1224 -125 -65 -125 9 1 -125 0 0 
19420 1222 -150 -128 -150 9 1 -150 0 0 
19425 1222 -165 -173 -165 9 1 -165 0 0 
19430 1222 -180 -220 -180 9 1 -180 0 0 
19435 1221 -188 -260 -188 9 1 -188 0 0 
19440 1219 -192 -313 -192 9 1 -192 0 0 
19445 1217 -185 -368 -185 9 1 -185 0 0 
19450 1217 -177 -423 -177 9 1 -177 0 0 
19455 1213 -173 -483 -173 9 1 -173 0 0 
19460 1212 -180 -553 -180 9 1 -180 0 0 
19465 1208 -192 -593 -192 10 1 -192 0 0 
19470 1206 -203 -598 -203 10 1 -203 0 0 
19475 1203 -215 -600 -215 10 1 -215 0 0 
19480 1199 -222 -600 -222 10 1 -222 0 0 
19485 1197 -225 -598 -225 10 1 -225 0 0 
19490 1193 -237 -600 -237 10 1 -237 0 0 
19495 1190 -248 -600 -248 10 1 -248 0 0 
19500 1186 -278 -600 -278 10 1 -278 0 0 
19505 1184 -308 -598 -308 10 1 -308 0 0 
19510 1181 -338 -600 -338 10 1 -338 0 0 
19515 1177 -360 -598 -360 10 1 -360 0 0 
19520 1174 -380 -598 -380 10 1 -380 0 0 
19525 1172 -383 -600 -383 10 1 -383 0 0 
19530 1170 -375 -600 -375 10 1 -375 0 0 
19535 1166 -365 -600 -365 10 1 -365 0 0 
19540 1161 -353 -600 -353 10 1 -353 0 0 
19545 1159 -350 -600 -350 10 1 -350 0 0 
19550 1155 -357 -600 -357 10 1 -357 0 0 
19555 1154 -368 -600 -368 10 1 -368 0 0 
19560 1150 -383 -600 -383 10 1 -383 0 0 
19565 1148 -395 -600 -395 10 1 -395 0 0 
19570 1144 -398 -600 -398 10 1 -398 0 0 
19575 1143 -398 -600 -398 10 1 -398 0 0 
19580 1139 -395 -600 -395 10 1 -395 0 0 
19585 1135 -390 -600 -390 10 1 -390 0 0 
19590 1132 -387 -600 -387 10 1 -387 0 0 
19595 1130 -387 -600 -387 10 1 -387 0 0 
19600 1125 -390 -598 -390 10 1 -390 0 0 
19605 1123 -395 -600 -395 10 1 -395 0 0 
19610 1121 -395 -598 -395 10 1 -395 0 0 
19615 1117 -398 -600 -398 10 1 -398 0 0 
19620 1114 -402 -600 -402 10 1 -402 0 0 
19625 1109 -402 -600 -402 10 1 -402 0 0 
19630 1107 -402 -598 -402 10 1 -402 0 0 
19635 1105 -405 -598 -405 10 1 -405 0 0 
19640 1102 -410 -598 -410 10 1 -410 0 0 
19645 1096 -413 -600 -413 10 1 -413 0 0 
19650 1095 -413 -598 -413 10 1 -413 0 0 
19655 1093 -417 -600 -417 10 1 -417 0 0 
19660 1089 -420 -600 -420 10 1 -420 0 0 
19665 1085 -420 -600 -420 10 1 -420 0 0 
19670 1084 -425 -600 -425 10 1 -425 0 0 
19675 1080 -425 -598 -425 10 1 -425 0 0 
19680 1076 -428 -600 -428 10 1 -428 0 0 
19685 1073 -432 -600 -432 10 1 -432 0 0 
19690 1071 -432 -598 -432 10 1 -432 0 0 
19695 1069 -432 -598 -432 10 1 -432 0 0 
19700 1064 -428 -600 -428 10 1 -428 0 0 
19705 1060 -428 -598 -428 10 1 -428 0 0 
19710 1058 -428 -600 -428 10 1 -428 0 0 
19715 1055 -432 -600 -432 10 1 -432 0 0 
19720 1051 -435 -598 -435 10 1 -435 0 0 
19725 1049 -435 -600 -435 10 1 -435 0 0 
19730 1046 -435 -600 -435 10 1 -435 0 0 
19735 1044 -435 -600 -435 10 1 -435 0 0 
19740 1040 -440 -600 -440 10 1 -440 0 0 
19745 1036 -440 -600 -440 10 1 -440 0 0 
19750 1033 -443 -600 -443 10 1 -443 0 0 
19755 1031 -443 -600 -443 10 1 -443 0 0 
19760 1027 -450 -600 -450 10 1 -450 0 0 
19765 1026 -455 -600 -455 10 1 -455 0 0 
19770 1022 -455 -598 -455 10 1 -455 0 0 
19775 1018 -455 -598 -455 10 1 -455 0 0 
19780 1017 -455 -600 -455 10 1 -455 0 0 
19785 1013 -455 -598 -455 10 1 -455 0 0 
19790 1009 -455 -600 -455 10 1 -455 0 0 
19795 1007 -455 -600 -455 10 1 -455 0 0 
19800 1004 -455 -600 -455 10 1 -455 0 0 
19805 1000 -455 -598 -455 10 1 -455 0 0 
19810 998 -455 -598 -455 10 1 -455 0 0 
19815 995 -455 -600 -455 10 1 -455 0 0 
19820 991 -455 -600 -455 10 1 -455 0 0 
19825 989 -455 -598 -455 10 1 -455 0 0 
19830 986 -458 -600 -458 10 1 -458 0 0 
19835 984 -458 -600 -458 10 1 -458 0 0 
19840 980 -462 -600 -462 10 1 -462 0 0 
19845 977 -462 -598 -462 10 1 -462 0 0 
19850 973 -465 -600 -465 10 1 -465 0 0 
19855 971 -470 -600 -470 10 1 -470 0 0 
19860 968 -470 -598 -470 10 1 -470 0 0 
19865 966 -473 -600 -473 10 1 -473 0 0 
19870 962 -473 -598 -473 10 1 -473 0 0 
19875 959 -477 -598 -477 10 1 -477 0 0 
19880 957 -477 -600 -477 10 1 -477 0 0 
19885 953 -477 -600 -477 10 1 -477 0 0 
19890 949 -473 -600 -473 10 1 -473 0 0 
19895 948 -473 -600 -473 10 1 -473 0 0 
19900 944 -473 -598 -473 10 1 -473 0 0 
19905 942 -473 -600 -473 10 1 -473 0 0 
19910 939 -473 -600 -473 10 1 -473 0 0 
19915 935 -473 -600 -473 10 1 -473 0 0 
19920 931 -473 -598 -473 10 1 -473 0 0 
19925 929 -477 -598 -477 10 1 -477 0 0 
19930 926 -477 -600 -477 10 1 -477 0 0 
19935 922 -477 -600 -477 10 1 -477 0 0 
19940 920 -477 -600 -477 10 1 -477 0 0 
19945 917 -477 -600 -477 10 1 -477 0 0 
19950 915 -480 -598 -480 10 1 -480 0 0 
19955 911 -480 -598 -480 10 1 -480 0 0 
19960 908 -480 -600 -480 10 1 -480 0 0 
19965 904 -485 -598 -485 10 1 -485 0 0 
19970 902 -485 -600 -485 10 1 -485 0 0 
19975 899 -485 -600 -485 10 1 -485 0 0 
19980 895 -485 -598 -485 10 1 -485 0 0 
19985 893 -488 -598 -488 10 1 -488 0 0 
19990 890 -488 -600 -488 10 1 -488 0 0 
19995 885 -488 -600 -488 10 1 -488 0 0 
20000 883 -488 -600 -488 10 1 -488 0 0 
20005 880 -488 -598 -488 10 1 -488 0 0 
20010 876 -488 -600 -488 10 1 -488 0 0 
20015 874 -485 -600 -485 10 1 -485 0 0 
20020 870 -485 -598 -485 10 1 -485 0 0 
20025 867 -485 -598 -485 10 1 -485 0 0 
20030 865 -485 -600 -485 10 1 -485 0 0 
20035 861 -485 -598 -485 10 1 -485 0 0 
20040 858 -488 -600 -488 10 1 -488 0 0 
20045 854 -488 -598 -488 10 1 -488 0 0 
20050 852 -488 -600 -488 10 1 -488 0 0 
20055 849 -492 -600 -492 10 1 -492 0 0 
20060 847 -488 -600 -488 10 1 -488 0 0 
20065 843 -488 -600 -488 10 1 -488 0 0 
20070 840 -488 -600 -488 10 1 -488 0 0 
20075 838 -488 -600 -488 10 1 -488 0 0 
20080 834 -488 -600 -488 10 1 -488 0 0 
20085 831 -488 -600 -488 10 1 -488 0 0 
20090 829 -492 -600 -492 10 1 -492 0 0 
20095 825 -492 -600 -492 10 1 -492 0 0 
20100 821 -492 -600 -492 10 1 -492 0 0 
20105 820 -488 -600 -488 10 1 -488 0 0 
20110 816 -488 -600 -488 10 1 -488 0 0 
20115 812 -488 -600 -488 10 1 -488 0 0 
20120 809 -485 -598 -485 10 1 -485 0 0 
20125 807 -485 -598 -485 10 1 -485 0 0 
20130 803 -488 -600 -488 10 1 -488 0 0 
20135 802 -485 -598 -485 10 1 -485 0 0 
20140 798 -485 -600 -485 10 1 -485 0 0 
20145 796 -485 -600 -485 10 1 -485 0 0 
20150 792 -485 -598 -485 10 1 -485 0 0 
20155 789 -488 -600 -488 10 1 -488 0 0 
20160 787 -488 -600 -488 10 1 -488 0 0 
20165 783 -488 -600 -488 10 1 -488 0 0 
20170 780 -488 -598 -488 10 1 -488 0 0 
20175 778 -488 -598 -488 10 1 -488 0 0 
20180 774 -488 -598 -488 10 1 -488 0 0 
20185 773 -488 -600 -488 10 1 -488 0 0 
20190 769 -488 -598 -488 10 1 -488 0 0 
20195 765 -492 -600 -492 10 1 -492 0 0 
20200 762 -492 -600 -492 10 1 -492 0 0 
20205 760 -492 -600 -492 10 1 -492 0 0 
20210 756 -492 -600 -492 10 1 -492 0 0 
20215 754 -488 -598 -488 10 1 -488 0 0 
20220 751 -488 -600 -488 10 1 -488 0 0 
20225 747 -488 -600 -488 10 1 -488 0 0 
20230 745 -488 -598 -488 10 1 -488 0 0 
20235 742 -492 -600 -492 10 1 -492 0 0 
20240 738 -492 -600 -492 10 1 -492 0 0 
20245 734 -492 -598 -492 10 1 -492 0 0 
20250 733 -488 -600 -488 10 1 -488 0 0 
20255 729 -488 -600 -488 10 1 -488 0 0 
20260 725 -485 -598 -485 10 1 -485 0 0 
20265 724 -485 -600 -485 10 1 -485 0 0 
20270 722 -485 -598 -485 10 1 -485 0 0 
20275 718 -485 -600 -485 10 1 -485 0 0 
20280 714 -488 -600 -488 10 1 -488 0 0 
20285 711 -492 -598 -492 10 1 -492 0 0 
20290 709 -492 -600 -492 10 1 -492 0 0 
20295 705 -488 -600 -488 10 1 -488 0 0 
20300 702 -488 -600 -488 10 1 -488 0 0 
20305 700 -485 -600 -485 10 1 -485 0 0 
20310 696 -485 -600 -485 10 1 -485 0 0 
20315 693 -488 -598 -488 10 1 -488 0 0 
20320 689 -488 -600 -488 10 1 -488 0 0 
20325 687 -492 -600 -492 10 1 -492 0 0 
20330 684 -488 -600 -488 10 1 -488 0 0 
20335 682 -488 -600 -488 10 1 -488 0 0 
20340 678 -485 -600 -485 10 1 -485 0 0 
20345 675 -485 -600 -485 10 1 -485 0 0 
20350 673 -480 -600 -480 10 1 -480 0 0 
20355 669 -480 -598 -480 10 1 -480 0 0 
20360 666 -480 -598 -480 10 1 -480 0 0 
20365 664 -480 -600 -480 10 1 -480 0 0 
20370 659 -480 -600 -480 10 1 -480 0 0 
20375 657 -485 -600 -485 10 1 -485 0 0 
20380 654 -485 -600 -485 10 1 -485 0 0 
20385 650 -480 -598 -480 10 1 -480 0 0 
20390 646 -480 -600 -480 10 1 -480 0 0 
20395 643 -485 -600 -485 10 1 -485 0 0 
20400 641 -480 -600 -480 10 1 -480 0 0 
20405 639 -480 -600 -480 10 1 -480 0 0 
20410 635 -485 -600 -485 10 1 -485 0 0 
20415 632 -480 -600 -480 10 1 -480 0 0 
20420 628 -480 -598 -480 10 1 -480 0 0 
20425 625 -477 -600 -477 10 1 -477 0 0 
20430 623 -477 -600 -477 10 1 -477 0 0 
20435 619 -480 -600 -480 10 1 -480 0 0 
20440 616 -480 -598 -480 10 1 -480 0 0 
20445 614 -480 -598 -480 10 1 -480 0 0 
20450 610 -477 -600 -477 10 1 -477 0 0 
20455 608 -477 -600 -477 10 1 -477 0 0 
20460 605 -473 -600 -473 10 1 -473 0 0 
20465 603 -470 -598 -470 10 1 -470 0 0 
20470 599 -473 -598 -473 10 1 -473 0 0 
20475 596 -473 -600 -473 10 1 -473 0 0 
20480 592 -473 -598 -473 10 1 -473 0 0 
20485 590 -473 -600 -473 10 1 -473 0 0 
20490 587 -470 -600 -470 10 1 -470 0 0 
20495 585 -470 -598 -470 10 1 -470 0 0 
20500 579 -465 -600 -465 10 1 -465 0 0 
20505 579 -465 -600 -465 10 1 -465 0 0 
20510 574 -462 -600 -462 10 1 -462 0 0 
20515 572 -462 -600 -462 10 1 -462 0 0 
20520 570 -465 -600 -465 10 1 -465 0 0 
20525 567 -465 -600 -465 10 1 -465 0 0 
20530 563 -462 -600 -462 10 1 -462 0 0 
20535 561 -462 -600 -462 10 1 -462 0 0 
20540 558 -465 -600 -465 10 1 -465 0 0 
20545 554 -465 -600 -465 10 1 -465 0 0 
20550 552 -470 -600 -470 10 1 -470 0 0 
20555 548 -473 -600 -473 10 1 -473 0 0 
20560 545 -473 -598 -473 10 1 -473 0 0 
20565 543 -473 -600 -473 10 1 -473 0 0 
20570 539 -470 -600 -470 10 1 -470 0 0 
20575 538 -470 -598 -470 10 1 -470 0 0 
20580 532 -465 -600 -465 10 1 -465 0 0 
20585 530 -462 -598 -462 10 1 -462 0 0 
20590 527 -462 -600 -462 10 1 -462 0 0 
20595 525 -458 -600 -458 10 1 -458 0 0 
20600 521 -462 -600 -462 10 1 -462 0 0 
20605 518 -462 -600 -462 10 1 -462 0 0 
20610 514 -462 -600 -462 10 1 -462 0 0 
20615 512 -462 -600 -462 10 1 -462 0 0 
20620 509 -458 -600 -458 10 1 -458 0 0 
20625 505 -455 -598 -455 10 1 -455 0 0 
20630 503 -450 -600 -450 10 1 -450 0 0 
20635 499 -447 -598 -447 10 1 -447 0 0 
20640 496 -443 -600 -443 10 1 -443 0 0 
20645 494 -443 -600 -443 10 1 -443 0 0 
20650 490 -443 -600 -443 10 1 -443 0 0 
20655 487 -447 -600 -447 10 1 -447 0 0 
20660 483 -450 -600 -450 10 1 -450 0 0 
20665 481 -450 -600 -450 10 1 -450 0 0 
20670 478 -450 -600 -450 10 1 -450 0 0 
20675 476 -450 -600 -450 10 1 -450 0 0 
20680 472 -447 -598 -447 10 1 -447 0 0 
20685 469 -443 -600 -443 10 1 -443 0 0 
20690 467 -435 -600 -435 10 1 -435 0 0 
20695 463 -432 -598 -432 10 1 -432 0 0 
20700 460 -432 -600 -432 10 1 -432 0 0 
20705 458 -432 -600 -432 10 1 -432 0 0 
20710 456 -432 -600 -432 10 1 -432 0 0 
20715 452 -432 -600 -432 10 1 -432 0 0 
20720 451 -432 -600 -432 10 1 -432 0 0 
20725 445 -428 -600 -428 10 1 -428 0 0 
20730 443 -428 -600 -428 10 1 -428 0 0 
20735 441 -428 -600 -428 10 1 -428 0 0 
20740 435 -425 -600 -425 10 1 -425 0 0 
20745 433 -425 -598 -425 10 1 -425 0 0 
20750 430 -425 -598 -425 10 1 -425 0 0 
20755 426 -425 -600 -425 10 1 -425 0 0 
20760 424 -425 -600 -425 10 1 -425 0 0 
20765 420 -425 -600 -425 10 1 -425 0 0 
20770 419 -420 -598 -420 10 1 -420 0 0 
20775 415 -425 -600 -425 10 1 -425 0 0 
20780 411 -420 -600 -420 10 1 -420 0 0 
20785 408 -420 -600 -420 10 1 -420 0 0 
20790 406 -420 -600 -420 10 1 -420 0 0 
20795 402 -417 -600 -417 10 1 -417 0 0 
20800 401 -413 -598 -413 10 1 -413 0 0 
20805 397 -413 -600 -413 10 1 -413 0 0 
20810 393 -410 -598 -410 10 1 -410 0 0 
20815 391 -405 -600 -405 10 1 -405 0 0 
20820 388 -410 -600 -410 10 1 -410 0 0 
20825 384 -405 -598 -405 10 1 -405 0 0 
20830 381 -405 -600 -405 10 1 -405 0 0 
20835 379 -405 -598 -405 10 1 -405 0 0 
20840 375 -405 -600 -405 10 1 -405 0 0 
20845 372 -405 -600 -405 10 1 -405 0 0 
20850 370 -405 -600 -405 10 1 -405 0 0 
20855 366 -405 -600 -405 10 1 -405 0 0 
20860 362 -405 -598 -405 10 1 -405 0 0 
20865 361 -405 -600 -405 10 1 -405 0 0 
20870 357 -402 -600 -402 10 1 -402 0 0 
20875 355 -402 -600 -402 10 1 -402 0 0 
20880 352 -402 -600 -402 10 1 -402 0 0 
20885 348 -402 -600 -402 10 1 -402 0 0 
20890 346 -402 -598 -402 10 1 -402 0 0 
20895 343 -402 -600 -402 10 1 -402 0 0 
20900 341 -402 -598 -402 10 1 -402 0 0 
20905 337 -402 -598 -402 10 1 -402 0 0 
20910 333 -402 -600 -402 10 1 -402 0 0 
20915 330 -402 -600 -402 10 1 -402 0 0 
20920 328 -402 -600 -402 10 1 -402 0 0 
20925 326 -402 -600 -402 10 1 -402 0 0 
20930 321 -402 -598 -402 10 1 -402 0 0 
20935 319 -405 -600 -405 10 1 -405 0 0 
20940 315 -405 -600 -405 10 1 -405 0 0 
20945 313 -405 -600 -405 10 1 -405 0 0 
20950 310 -402 -600 -402 10 1 -402 0 0 
20955 306 -402 -598 -402 10 1 -402 0 0 
20960 304 -398 -598 -398 10 1 -398 0 0 
20965 301 -395 -600 -395 10 1 -395 0 0 
20970 297 -395 -598 -395 10 1 -395 0 0 
20975 294 -395 -598 -395 10 1 -395 0 0 
20980 292 -395 -600 -395 10 1 -395 0 0 
20985 288 -398 -600 -398 10 1 -398 0 0 
20990 286 -398 -600 -398 10 1 -398 0 0 
20995 283 -398 -600 -398 10 1 -398 0 0 
21000 279 -395 -600 -395 10 1 -395 0 0 
21005 275 -395 -600 -395 10 1 -395 0 0 
21010 272 -390 -600 -390 10 1 -390 0 0 
21015 270 -390 -598 -390 10 1 -390 0 0 
21020 268 -390 -600 -390 10 1 -390 0 0 
21025 265 -390 -600 -390 10 1 -390 0 0 
21030 261 -390 -598 -390 10 1 -390 0 0 
21035 259 -390 -600 -390 10 1 -390 0 0 
21040 255 -390 -598 -390 10 1 -390 0 0 
21045 252 -387 -600 -387 10 1 -387 0 0 
21050 248 -383 -600 -383 10 1 -383 0 0 
21055 246 -383 -600 -383 10 1 -383 0 0 
21060 243 -380 -600 -380 10 1 -380 0 0 
21065 239 -383 -600 -383 10 1 -383 0 0 
21070 236 -383 -598 -383 10 1 -383 0 0 
21075 234 -387 -598 -387 10 1 -387 0 0 
21080 230 -387 -600 -387 10 1 -387 0 0 
21085 226 -383 -598 -383 10 1 -383 0 0 
21090 225 -383 -600 -383 10 1 -383 0 0 
21095 221 -383 -600 -383 10 1 -383 0 0 
21100 219 -383 -598 -383 10 1 -383 0 0 
21105 215 -383 -600 -383 10 1 -383 0 0 
21110 211 -383 -600 -383 10 1 -383 0 0 
21115 209 -387 -600 -387 10 1 -387 0 0 
21120 205 -387 -600 -387 10 1 -387 0 0 
21125 202 -387 -600 -387 10 1 -387 0 0 
21130 200 -383 -598 -383 10 1 -383 0 0 
21135 196 -383 -600 -383 10 1 -383 0 0 
21140 193 -383 -598 -383 10 1 -383 0 0 
21145 191 -380 -600 -380 10 1 -380 0 0 
21150 187 -380 -600 -380 10 1 -380 0 0 
21155 184 -383 -600 -383 10 1 -383 0 0 
21160 182 -383 -598 -383 10 1 -383 0 0 
21165 178 -387 -600 -387 10 1 -387 0 0 
21170 175 -387 -600 -387 10 1 -387 0 0 
21175 173 -387 -600 -387 10 1 -387 0 0 
21180 169 -387 -600 -387 10 1 -387 0 0 
21185 166 -387 -600 -387 10 1 -387 0 0 
21190 164 -387 -600 -387 10 1 -387 0 0 
21195 160 -383 -598 -383 10 1 -383 0 0 
21200 158 -383 -598 -383 10 1 -383 0 0 
21205 155 -380 -600 -380 10 1 -380 0 0 
21210 151 -372 -600 -372 10 1 -372 0 0 
21215 147 -372 -598 -372 10 1 -372 0 0 
21220 146 -368 -600 -368 10 1 -368 0 0 
21225 142 -372 -600 -372 10 1 -372 0 0 
21230 140 -372 -600 -372 10 1 -372 0 0 
21235 137 -372 -598 -372 10 1 -372 0 0 
21240 135 -372 -600 -372 10 1 -372 0 0 
21245 131 -365 -600 -365 10 1 -365 0 0 
21250 127 -360 -600 -360 10 1 -360 0 0 
21255 126 -357 -600 -357 10 1 -357 0 0 
21260 122 -353 -598 -353 10 1 -353 0 0 
21265 118 -353 -600 -353 10 1 -353 0 0 
21270 117 -353 -585 -353 10 1 -353 0 0 
21275 113 -353 -573 -353 10 1 -353 0 0 
21280 109 -353 -568 -353 10 1 -353 0 0 
21285 108 -350 -560 -350 10 1 -350 0 0 
21290 104 -350 -550 -350 10 1 -350 0 0 
21295 102 -353 -540 -353 10 1 -353 0 0 
21300 100 -357 -528 -357 10 1 -357 0 0 
21305 97 -365 -520 -365 10 1 -365 0 0 
21310 95 -360 -515 -360 10 1 -360 0 0 
21315 91 -353 -508 -353 10 1 -353 0 0 
21320 89 -342 -493 -342 10 1 -342 0 0 
21325 86 -330 -488 -330 10 1 -330 0 0 
21330 84 -323 -475 -323 10 1 -323 0 0 
21335 82 -320 -463 -320 10 1 -320 0 0 
21340 79 -320 -458 -320 10 1 -320 0 0 
21345 77 -315 -448 -315 10 1 -315 0 0 
21350 75 -312 -433 -312 10 1 -312 0 0 
21355 73 -305 -430 -305 10 1 -305 0 0 
21360 69 -293 -423 -293 10 1 -293 0 0 
21365 68 -282 -408 -282 10 1 -282 0 0 
21370 66 -275 -398 -275 10 1 -275 0 0 
21375 64 -267 -393 -267 10 1 -267 0 0 
21380 62 -260 -383 -260 10 1 -260 0 0 
21385 60 -252 -375 -252 10 1 -252 0 0 
21390 59 -240 -365 -240 10 1 -240 0 0 
21395 55 -233 -355 -233 10 1 -233 0 0 
21400 55 -222 -343 -222 10 1 -222 0 0 
21405 51 -207 -338 -207 10 1 -207 0 0 
21410 51 -195 -328 -195 10 1 -195 0 0 
21415 50 -180 -315 -180 10 1 -180 0 0 
21420 48 -170 -315 -170 10 1 -170 0 0 
21425 46 -155 -303 -155 10 1 -155 0 0 
21430 44 -140 -293 -140 10 1 -140 0 0 
21435 44 -120 -280 -120 10 1 -120 0 0 
21440 42 -102 -273 -102 10 1 -102 0 0 
21445 40 -83 -265 -83 10 1 -83 0 0 
21450 40 -72 -250 -72 10 1 -72 0 0 
21455 39 -57 -245 -57 10 1 -57 0 0 
21460 37 -45 -233 -45 10 1 -45 0 0 
21465 35 -35 -223 -35 10 1 -35 0 0 
21470 35 -20 -218 -20 10 1 -20 0 0 
21475 35 -5 -205 -5 10 1 -5 0 0 
21480 33 12 -188 12 10 1 12 0 0 
21485 31 30 -170 30 10 1 30 0 0 
21490 31 42 -148 42 10 1 42 0 0 
21495 30 53 -128 53 10 1 53 0 0 
21500 30 65 -103 65 10 1 65 0 0 
21505 30 80 -75 80 10 1 80 0 0 
21510 28 87 -50 87 10 1 87 0 0 
21515 28 95 -23 95 10 1 95 0 0 
21520 30 98 0 98 10 1 98 0 0 
21525 28 105 15 105 10 1 105 0 0 
21530 28 113 53 113 10 1 113 0 0 
21535 30 120 100 120 10 1 120 0 0 
21540 30 132 148 132 10 1 132 0 0 
21545 30 155 195 155 10 1 155 0 0 
21550 31 165 223 165 10 1 165 0 0 
21555 33 173 258 173 10 1 173 0 0 
21560 33 170 298 170 10 1 170 0 0 
21565 35 158 363 158 10 1 158 0 0 
21570 37 147 418 147 10 1 147 0 0 
21575 40 155 470 155 10 1 155 0 0 
21580 40 165 513 165 10 1 165 0 0 
21585 44 185 560 185 11 1 185 0 0 
21590 48 188 590 188 11 1 188 0 0 
21595 50 180 600 180 11 1 180 0 0 
21600 53 170 600 170 11 1 170 0 0 
21605 57 165 600 165 11 1 165 0 0 
21610 60 177 603 177 11 1 177 0 0 
21615 64 200 600 200 11 1 200 0 0 
21620 66 233 600 233 11 1 233 0 0 
21625 69 270 600 270 11 1 270 0 0 
21630 71 293 600 293 11 1 293 0 0 
21635 75 308 600 308 11 1 308 0 0 
21640 79 308 600 308 11 1 308 0 0 
21645 82 297 603 297 11 1 297 0 0 
21650 86 290 600 290 11 1 290 0 0 
21655 88 282 600 282 11 1 282 0 0 
21660 89 282 600 282 11 1 282 0 0 
21665 93 285 603 285 11 1 285 0 0 
21670 97 293 600 293 11 1 293 0 0 
21675 100 300 603 300 11 1 300 0 0 
21680 104 305 600 305 11 1 305 0 0 
21685 106 308 600 308 11 1 308 0 0 
21690 109 308 600 308 11 1 308 0 0 
21695 111 308 600 308 11 1 308 0 0 
21700 115 308 603 308 11 1 308 0 0 
21705 118 308 603 308 11 1 308 0 0 
21710 120 305 600 305 11 1 305 0 0 
21715 124 305 600 305 11 1 305 0 0 
21720 127 305 600 305 11 1 305 0 0 
21725 129 308 603 308 11 1 308 0 0 
21730 133 312 600 312 11 1 312 0 0 
21735 137 315 600 315 11 1 315 0 0 
21740 138 315 600 315 11 1 315 0 0 
21745 142 315 600 315 11 1 315 0 0 
21750 146 315 603 315 11 1 315 0 0 
21755 147 315 600 315 11 1 315 0 0 
21760 151 315 600 315 11 1 315 0 0 
21765 155 312 600 312 11 1 312 0 0 
21770 157 315 600 315 11 1 315 0 0 
21775 160 315 600 315 11 1 315 0 0 
21780 162 320 600 320 11 1 320 0 0 
21785 167 315 600 315 11 1 315 0 0 
21790 169 315 603 315 11 1 315 0 0 
21795 173 312 600 312 11 1 312 0 0 
21800 175 312 600 312 11 1 312 0 0 
21805 178 308 600 308 11 1 308 0 0 
21810 182 308 600 308 11 1 308 0 0 
21815 184 308 603 308 11 1 308 0 0 
21820 187 308 600 308 11 1 308 0 0 
21825 191 308 600 308 11 1 308 0 0 
21830 193 308 600 308 11 1 308 0 0 
21835 196 308 600 308 11 1 308 0 0 
21840 200 308 600 308 11 1 308 0 0 
21845 202 305 600 305 11 1 305 0 0 
21850 205 305 600 305 11 1 305 0 0 
21855 209 305 600 305 11 1 305 0 0 
21860 211 305 600 305 11 1 305 0 0 
21865 215 300 600 300 11 1 300 0 0 
21870 219 300 600 300 11 1 300 0 0 
21875 223 297 603 297 11 1 297 0 0 
21880 225 297 600 297 11 1 297 0 0 
21885 228 293 603 293 11 1 293 0 0 
21890 230 290 600 290 11 1 290 0 0 
21895 234 285 600 285 11 1 285 0 0 
21900 237 285 600 285 11 1 285 0 0 
21905 241 282 600 282 11 1 282 0 0 
21910 243 278 603 278 11 1 278 0 0 
21915 246 278 600 278 11 1 278 0 0 
21920 250 275 600 275 11 1 275 0 0 
21925 252 275 600 275 11 1 275 0 0 
21930 255 275 600 275 11 1 275 0 0 
21935 259 275 600 275 11 1 275 0 0 
21940 261 270 600 270 11 1 270 0 0 
21945 265 267 600 267 11 1 267 0 0 
21950 268 267 600 267 11 1 267 0 0 
21955 270 267 600 267 11 1 267 0 0 
21960 274 267 600 267 11 1 267 0 0 
21965 277 267 603 267 11 1 267 0 0 
21970 279 270 600 270 11 1 270 0 0 
21975 283 267 600 267 11 1 267 0 0 
21980 286 267 600 267 11 1 267 0 0 
21985 290 270 600 270 11 1 270 0 0 
21990 292 270 600 270 11 1 270 0 0 
21995 295 270 600 270 11 1 270 0 0 
22000 297 270 600 270 11 1 270 0 0 
22005 301 270 600 270 11 1 270 0 0 
22010 304 270 600 270 11 1 270 0 0 
22015 308 270 600 270 11 1 270 0 0 
22020 310 270 600 270 11 1 270 0 0 
22025 313 270 600 270 11 1 270 0 0 
22030 317 275 600 275 11 1 275 0 0 
22035 319 275 600 275 11 1 275 0 0 
22040 323 275 600 275 11 1 275 0 0 
22045 326 275 603 275 11 1 275 0 0 
22050 330 275 600 275 11 1 275 0 0 
22055 332 275 600 275 11 1 275 0 0 
22060 333 275 603 275 11 1 275 0 0 
22065 337 278 600 278 11 1 278 0 0 
22070 341 278 600 278 11 1 278 0 0 
22075 343 278 600 278 11 1 278 0 0 
22080 346 282 600 282 11 1 282 0 0 
22085 350 282 600 282 11 1 282 0 0 
22090 353 285 600 285 11 1 285 0 0 
22095 355 285 600 285 11 1 285 0 0 
22100 359 285 600 285 11 1 285 0 0 
22105 362 285 600 285 11 1 285 0 0 
22110 364 290 603 290 11 1 290 0 0 
22115 368 290 603 290 11 1 290 0 0 
22120 372 293 600 293 11 1 293 0 0 
22125 373 293 600 293 11 1 293 0 0 
22130 377 297 600 297 11 1 297 0 0 
22135 379 297 600 297 11 1 297 0 0 
22140 382 300 603 300 11 1 300 0 0 
22145 386 300 600 300 11 1 300 0 0 
22150 390 300 600 300 11 1 300 0 0 
22155 391 305 600 305 11 1 305 0 0 
22160 395 308 600 308 11 1 308 0 0 
22165 399 312 600 312 11 1 312 0 0 
22170 402 315 603 315 11 1 315 0 0 
22175 404 315 600 315 11 1 315 0 0 
22180 408 315 603 315 11 1 315 0 0 
22185 411 320 600 320 11 1 320 0 0 
22190 413 323 603 323 11 1 323 0 0 
22195 417 323 603 323 11 1 323 0 0 
22200 419 327 600 327 11 1 327 0 0 
22205 422 323 603 323 11 1 323 0 0 
22210 426 327 603 327 11 1 327 0 0 
22215 428 323 603 323 11 1 323 0 0 
22220 431 323 600 323 11 1 323 0 0 
22225 435 327 600 327 11 1 327 0 0 
22230 437 330 600 330 11 1 330 0 0 
22235 441 335 600 335 11 1 335 0 0 
22240 445 335 600 335 11 1 335 0 0 
22245 447 335 603 335 11 1 335 0 0 
22250 452 335 603 335 11 1 335 0 0 
22255 454 338 603 338 11 1 338 0 0 
22260 456 338 600 338 11 1 338 0 0 
22265 460 338 600 338 11 1 338 0 0 
22270 463 342 603 342 11 1 342 0 0 
22275 465 345 600 345 11 1 345 0 0 
22280 469 345 600 345 11 1 345 0 0 
22285 472 345 600 345 11 1 345 0 0 
22290 474 350 600 350 11 1 350 0 0 
22295 478 350 600 350 11 1 350 0 0 
22300 481 350 603 350 11 1 350 0 0 
22305 483 353 603 353 11 1 353 0 0 
22310 487 353 600 353 11 1 353 0 0 
22315 490 353 600 353 11 1 353 0 0 
22320 492 353 600 353 11 1 353 0 0 
22325 496 353 600 353 11 1 353 0 0 
22330 499 353 600 353 11 1 353 0 0 
22335 503 357 600 357 11 1 357 0 0 
22340 505 357 600 357 11 1 357 0 0 
22345 509 357 603 357 11 1 357 0 0 
22350 510 360 600 360 11 1 360 0 0 
22355 514 357 600 357 11 1 357 0 0 
22360 518 360 600 360 11 1 360 0 0 
22365 521 357 600 357 11 1 357 0 0 
22370 525 357 600 357 11 1 357 0 0 
22375 527 357 600 357 11 1 357 0 0 
22380 530 360 600 360 11 1 360 0 0 
22385 532 365 600 365 11 1 365 0 0 
22390 536 368 603 368 11 1 368 0 0 
22395 539 368 600 368 11 1 368 0 0 
22400 543 368 600 368 11 1 368 0 0 
22405 545 368 600 368 11 1 368 0 0 
22410 548 365 600 365 11 1 365 0 0 
22415 552 365 603 365 11 1 365 0 0 
22420 554 365 603 365 11 1 365 0 0 
22425 558 368 600 368 11 1 368 0 0 
22430 561 368 600 368 11 1 368 0 0 
22435 563 368 600 368 11 1 368 0 0 
22440 567 365 600 365 11 1 365 0 0 
22445 568 365 603 365 11 1 365 0 0 
22450 572 365 600 365 11 1 365 0 0 
22455 576 365 600 365 11 1 365 0 0 
22460 577 360 603 360 11 1 360 0 0 
22465 581 360 603 360 11 1 360 0 0 
22470 585 360 600 360 11 1 360 0 0 
22475 587 360 603 360 11 1 360 0 0 
22480 590 357 603 357 11 1 357 0 0 
22485 594 357 600 357 11 1 357 0 0 
22490 597 357 600 357 11 1 357 0 0 
22495 599 357 603 357 11 1 357 0 0 
22500 603 360 600 360 11 1 360 0 0 
22505 605 360 600 360 11 1 360 0 0 
22510 608 360 600 360 11 1 360 0 0 
22515 612 360 600 360 11 1 360 0 0 
22520 614 353 600 353 11 1 353 0 0 
22525 617 353 600 353 11 1 353 0 0 
22530 621 353 600 353 11 1 353 0 0 
22535 623 353 600 353 11 1 353 0 0 
22540 626 353 600 353 11 1 353 0 0 
22545 628 353 600 353 11 1 353 0 0 
22550 634 357 600 357 11 1 357 0 0 
22555 635 353 600 353 11 1 353 0 0 
22560 639 353 600 353 11 1 353 0 0 
22565 641 350 600 350 11 1 350 0 0 
22570 645 350 600 350 11 1 350 0 0 
22575 648 345 600 345 11 1 345 0 0 
22580 650 345 600 345 11 1 345 0 0 
22585 654 345 603 345 11 1 345 0 0 
22590 657 345 603 345 11 1 345 0 0 
22595 659 345 600 345 11 1 345 0 0 
22600 664 345 600 345 11 1 345 0 0 
22605 667 345 600 345 11 1 345 0 0 
22610 671 345 603 345 11 1 345 0 0 
22615 673 345 603 345 11 1 345 0 0 
22620 676 345 600 345 11 1 345 0 0 
22625 678 345 600 345 11 1 345 0 0 
22630 684 345 600 345 11 1 345 0 0 
22635 685 345 600 345 11 1 345 0 0 
22640 689 345 600 345 11 1 345 0 0 
22645 691 345 600 345 11 1 345 0 0 
22650 695 350 600 350 11 1 350 0 0 
22655 698 350 600 350 11 1 350 0 0 
22660 700 345 600 345 11 1 345 0 0 
22665 704 350 603 350 11 1 350 0 0 
22670 707 350 600 350 11 1 350 0 0 
22675 709 350 603 350 11 1 350 0 0 
22680 713 350 600 350 11 1 350 0 0 
22685 714 353 600 353 11 1 353 0 0 
22690 718 353 600 353 11 1 353 0 0 
22695 722 353 603 353 11 1 353 0 0 
22700 725 353 603 353 11 1 353 0 0 
22705 727 353 600 353 11 1 353 0 0 
22710 731 353 600 353 11 1 353 0 0 
22715 734 350 600 350 11 1 350 0 0 
22720 736 350 600 350 11 1 350 0 0 
22725 740 350 603 350 11 1 350 0 0 
22730 743 350 603 350 11 1 350 0 0 
22735 745 350 600 350 11 1 350 0 0 
22740 749 353 600 353 11 1 353 0 0 
22745 751 353 603 353 11 1 353 0 0 
22750 754 353 600 353 11 1 353 0 0 
22755 758 357 603 357 11 1 357 0 0 
22760 760 357 600 357 11 1 357 0 0 
22765 763 357 600 357 11 1 357 0 0 
22770 767 357 603 357 11 1 357 0 0 
22775 769 357 603 357 11 1 357 0 0 
22780 773 353 603 353 11 1 353 0 0 
22785 776 353 600 353 11 1 353 0 0 
22790 780 353 600 353 11 1 353 0 0 
22795 782 353 600 353 11 1 353 0 0 
22800 783 353 600 353 11 1 353 0 0 
22805 787 353 600 353 11 1 353 0 0 
22810 791 353 600 353 11 1 353 0 0 
22815 794 353 600 353 11 1 353 0 0 
22820 798 353 603 353 11 1 353 0 0 
22825 800 353 600 353 11 1 353 0 0 
22830 803 353 600 353 11 1 353 0 0 
22835 805 353 603 353 11 1 353 0 0 
22840 809 353 600 353 11 1 353 0 0 
22845 812 350 600 350 11 1 350 0 0 
22850 816 350 600 350 11 1 350 0 0 
22855 818 345 600 345 11 1 345 0 0 
22860 821 345 600 345 11 1 345 0 0 
22865 823 345 600 345 11 1 345 0 0 
22870 827 345 600 345 11 1 345 0 0 
22875 831 345 600 345 11 1 345 0 0 
22880 832 345 600 345 11 1 345 0 0 
22885 836 345 603 345 11 1 345 0 0 
22890 840 342 600 342 11 1 342 0 0 
22895 841 342 600 342 11 1 342 0 0 
22900 845 342 600 342 11 1 342 0 0 
22905 849 342 600 342 11 1 342 0 0 
22910 852 338 603 338 11 1 338 0 0 
22915 854 342 603 342 11 1 342 0 0 
22920 858 342 600 342 11 1 342 0 0 
22925 860 342 603 342 11 1 342 0 0 
22930 863 338 600 338 11 1 338 0 0 
22935 867 338 600 338 11 1 338 0 0 
22940 869 338 600 338 11 1 338 0 0 
22945 872 335 600 335 11 1 335 0 0 
22950 876 335 600 335 11 1 335 0 0 
22955 880 335 600 335 11 1 335 0 0 
22960 881 338 600 338 11 1 338 0 0 
22965 885 338 600 338 11 1 338 0 0 
22970 890 335 600 335 11 1 335 0 0 
22975 893 335 600 335 11 1 335 0 0 
22980 895 330 600 330 11 1 330 0 0 
22985 899 330 600 330 11 1 330 0 0 
22990 902 330 600 330 11 1 330 0 0 
22995 904 330 603 330 11 1 330 0 0 
23000 906 327 603 327 11 1 327 0 0 
23005 910 327 600 327 11 1 327 0 0 
23010 913 327 603 327 11 1 327 0 0 
23015 917 323 600 323 11 1 323 0 0 
23020 920 323 603 323 11 1 323 0 0 
23025 922 320 600 320 11 1 320 0 0 
23030 926 315 600 315 11 1 315 0 0 
23035 928 315 600 315 11 1 315 0 0 
23040 931 312 600 312 11 1 312 0 0 
23045 935 315 603 315 11 1 315 0 0 
23050 937 312 600 312 11 1 312 0 0 
23055 940 312 603 312 11 1 312 0 0 
23060 942 312 603 312 11 1 312 0 0 
23065 946 308 600 308 11 1 308 0 0 
23070 949 308 603 308 11 1 308 0 0 
23075 953 308 600 308 11 1 308 0 0 
23080 955 308 603 308 11 1 308 0 0 
23085 959 308 600 308 11 1 308 0 0 
23090 962 308 600 308 11 1 308 0 0 
23095 966 305 603 305 11 1 305 0 0 
23100 968 305 600 305 11 1 305 0 0 
23105 971 305 603 305 11 1 305 0 0 
23110 973 300 600 300 11 1 300 0 0 
23115 977 300 600 300 11 1 300 0 0 
23120 978 300 600 300 11 1 300 0 0 
23125 982 297 600 297 11 1 297 0 0 
23130 986 297 603 297 11 1 297 0 0 
23135 988 297 600 297 11 1 297 0 0 
23140 991 297 600 297 11 1 297 0 0 
23145 995 297 600 297 11 1 297 0 0 
23150 998 293 600 293 11 1 293 0 0 
23155 1000 293 600 293 11 1 293 0 0 
23160 1004 290 603 290 11 1 290 0 0 
23165 1006 290 600 290 11 1 290 0 0 
23170 1009 290 600 290 11 1 290 0 0 
23175 1013 290 600 290 11 1 290 0 0 
23180 1015 285 600 285 11 1 285 0 0 
23185 1018 285 600 285 11 1 285 0 0 
23190 1020 282 603 282 11 1 282 0 0 
23195 1026 282 600 282 11 1 282 0 0 
23200 1027 282 603 282 11 1 282 0 0 
23205 1029 282 600 282 11 1 282 0 0 
23210 1033 282 603 282 11 1 282 0 0 
23215 1036 282 603 282 11 1 282 0 0 
23220 1038 282 600 282 11 1 282 0 0 
23225 1042 282 600 282 11 1 282 0 0 
23230 1046 278 600 278 11 1 278 0 0 
23235 1047 275 600 275 11 1 275 0 0 
23240 1051 275 600 275 11 1 275 0 0 
23245 1055 275 600 275 11 1 275 0 0 
23250 1056 275 603 275 11 1 275 0 0 
23255 1060 275 600 275 11 1 275 0 0 
23260 1064 270 600 270 11 1 270 0 0 
23265 1066 275 600 275 11 1 275 0 0 
23270 1071 270 600 270 11 1 270 0 0 
23275 1075 270 600 270 11 1 270 0 0 
23280 1076 270 603 270 11 1 270 0 0 
23285 1078 270 603 270 11 1 270 0 0 
23290 1084 270 600 270 11 1 270 0 0 
23295 1085 267 600 267 11 1 267 0 0 
23300 1089 267 600 267 11 1 267 0 0 
23305 1091 263 603 263 11 1 263 0 0 
23310 1095 263 600 263 11 1 263 0 0 
23315 1098 260 600 260 11 1 260 0 0 
23320 1100 260 600 260 11 1 260 0 0 
23325 1104 255 600 255 11 1 255 0 0 
23330 1107 255 603 255 11 1 255 0 0 
23335 1109 252 600 252 11 1 252 0 0 
23340 1114 252 603 252 11 1 252 0 0 
23345 1117 248 603 248 11 1 248 0 0 
23350 1119 252 600 252 11 1 252 0 0 
23355 1123 248 603 248 11 1 248 0 0 
23360 1125 248 600 248 11 1 248 0 0 
23365 1128 248 600 248 11 1 248 0 0 
23370 1132 245 600 245 11 1 245 0 0 
23375 1135 240 593 240 11 1 240 0 0 
23380 1137 240 590 240 11 1 240 0 0 
23385 1141 237 578 237 11 1 237 0 0 
23390 1144 237 565 237 11 1 237 0 0 
23395 1146 237 555 237 11 1 237 0 0 
23400 1150 237 550 237 11 1 237 0 0 
23405 1152 237 540 237 11 1 237 0 0 
23410 1155 240 528 240 11 1 240 0 0 
23415 1157 240 523 240 11 1 240 0 0 
23420 1159 237 513 237 11 1 237 0 0 
23425 1163 233 503 233 11 1 233 0 0 
23430 1164 225 493 225 11 1 225 0 0 
23435 1166 218 483 218 11 1 218 0 0 
23440 1170 207 473 207 11 1 207 0 0 
23445 1174 203 463 203 11 1 203 0 0 
23450 1174 195 455 195 11 1 195 0 0 
23455 1177 192 445 192 11 1 192 0 0 
23460 1179 188 435 188 11 1 188 0 0 
23465 1181 180 428 180 11 1 180 0 0 
23470 1184 173 415 173 11 1 173 0 0 
23475 1186 158 408 158 11 1 158 0 0 
23480 1188 147 395 147 11 1 147 0 0 
23485 1190 132 383 132 11 1 132 0 0 
23490 1192 117 370 117 11 1 117 0 0 
23495 1193 110 355 110 11 1 110 0 0 
23500 1195 98 345 98 11 1 98 0 0 
23505 1197 90 338 90 11 1 90 0 0 
23510 1199 80 328 80 11 1 80 0 0 
23515 1201 75 313 75 11 1 75 0 0 
23520 1203 68 313 68 11 1 68 0 0 
23525 1203 57 300 57 11 1 57 0 0 
23530 1204 42 293 42 11 1 42 0 0 
23535 1206 30 280 30 11 1 30 0 0 
23540 1208 15 265 15 11 1 15 0 0 
23545 1208 5 253 5 11 1 5 0 0 
23550 1210 -12 238 -12 11 1 -12 0 0 
23555 1212 -23 223 -23 11 1 -23 0 0 
23560 1212 -35 208 -35 11 1 -35 0 0 
23565 1213 -45 185 -45 11 1 -45 0 0 
23570 1215 -57 155 -57 11 1 -57 0 0 
23575 1215 -65 123 -65 11 1 -65 0 0 
23580 1217 -80 88 -80 11 1 -80 0 0 
23585 1217 -90 53 -90 11 1 -90 0 0 
23590 1217 -110 10 -110 11 1 -110 0 0 
23595 1217 -125 0 -125 11 1 -125 0 0 
23600 1217 -132 -18 -132 11 1 -132 0 0 
23605 1217 -140 -65 -140 11 1 -140 0 0 
23610 1217 -147 -130 -147 11 1 -147 0 0 
23615 1215 -158 -185 -158 11 1 -158 0 0 
23620 1215 -170 -238 -170 11 1 -170 0 0 
23625 1213 -185 -290 -185 11 1 -185 0 0 
23630 1212 -200 -355 -200 11 1 -200 0 0 
23635 1210 -203 -405 -203 11 1 -203 0 0 
23640 1208 -203 -458 -203 11 1 -203 0 0 
23645 1206 -200 -515 -200 11 1 -200 0 0 
23650 1203 -195 -580 -195 12 1 -195 0 0 
23655 1201 -195 -598 -195 12 1 -195 0 0 
23660 1197 -200 -598 -200 12 1 -200 0 0 
23665 1193 -207 -600 -207 12 1 -207 0 0 
23670 1190 -222 -600 -222 12 1 -222 0 0 
23675 1186 -240 -598 -240 12 1 -240 0 0 
23680 1184 -263 -600 -263 12 1 -263 0 0 
23685 1181 -290 -598 -290 12 1 -290 0 0 
23690 1177 -330 -600 -330 12 1 -330 0 0 
23695 1175 -360 -600 -360 12 1 -360 0 0 
23700 1172 -387 -598 -387 12 1 -387 0 0 
23705 1170 -402 -600 -402 12 1 -402 0 0 
23710 1164 -402 -600 -402 12 1 -402 0 0 
23715 1163 -398 -598 -398 12 1 -398 0 0 
23720 1161 -387 -598 -387 12 1 -387 0 0 
23725 1157 -380 -600 -380 12 1 -380 0 0 
23730 1154 -375 -598 -375 12 1 -375 0 0 
23735 1150 -380 -600 -380 12 1 -380 0 0 
23740 1148 -395 -598 -395 12 1 -395 0 0 
23745 1144 -405 -600 -405 12 1 -405 0 0 
23750 1141 -420 -600 -420 12 1 -420 0 0 
23755 1139 -428 -598 -428 12 1 -428 0 0 
23760 1135 -432 -600 -432 12 1 -432 0 0 
23765 1132 -428 -600 -428 12 1 -428 0 0 
23770 1130 -420 -600 -420 12 1 -420 0 0 
23775 1126 -417 -600 -417 12 1 -417 0 0 
23780 1125 -417 -600 -417 12 1 -417 0 0 
23785 1121 -417 -600 -417 12 1 -417 0 0 
23790 1117 -420 -600 -420 12 1 -420 0 0 
23795 1114 -428 -600 -428 12 1 -428 0 0 
23800 1112 -432 -600 -432 12 1 -432 0 0 
23805 1107 -435 -600 -435 12 1 -435 0 0 
23810 1104 -443 -598 -443 12 1 -443 0 0 
23815 1100 -447 -600 -447 12 1 -447 0 0 
23820 1098 -450 -600 -450 12 1 -450 0 0 
23825 1095 -455 -598 -455 12 1 -455 0 0 
23830 1093 -458 -600 -458 12 1 -458 0 0 
23835 1089 -458 -598 -458 12 1 -458 0 0 
23840 1085 -458 -600 -458 12 1 -458 0 0 
23845 1082 -462 -600 -462 12 1 -462 0 0 
23850 1080 -465 -600 -465 12 1 -465 0 0 
23855 1076 -470 -598 -470 12 1 -470 0 0 
23860 1075 -473 -600 -473 12 1 -473 0 0 
23865 1071 -477 -600 -477 12 1 -477 0 0 
23870 1069 -477 -600 -477 12 1 -477 0 0 
23875 1064 -480 -600 -480 12 1 -480 0 0 
23880 1060 -480 -600 -480 12 1 -480 0 0 
23885 1058 -480 -600 -480 12 1 -480 0 0 
23890 1056 -477 -600 -477 12 1 -477 0 0 
23895 1051 -477 -600 -477 12 1 -477 0 0 
23900 1049 -480 -600 -480 12 1 -480 0 0 
23905 1046 -480 -600 -480 12 1 -480 0 0 
23910 1042 -480 -600 -480 12 1 -480 0 0 
23915 1040 -485 -600 -485 12 1 -485 0 0 
23920 1036 -488 -600 -488 12 1 -488 0 0 
23925 1035 -488 -598 -488 12 1 -488 0 0 
23930 1031 -492 -600 -492 12 1 -492 0 0 
23935 1027 -492 -600 -492 12 1 -492 0 0 
23940 1026 -492 -598 -492 12 1 -492 0 0 
23945 1022 -495 -598 -495 12 1 -495 0 0 
23950 1018 -492 -598 -492 12 1 -492 0 0 
23955 1015 -492 -600 -492 12 1 -492 0 0 
23960 1013 -492 -598 -492 12 1 -492 0 0 
23965 1009 -492 -598 -492 12 1 -492 0 0 
23970 1007 -495 -598 -495 12 1 -495 0 0 
23975 1004 -495 -600 -495 12 1 -495 0 0 
23980 1002 -495 -598 -495 12 1 -495 0 0 
23985 998 -495 -598 -495 12 1 -495 0 0 
23990 997 -495 -598 -495 12 1 -495 0 0 
23995 991 -495 -600 -495 12 1 -495 0 0 
24000 989 -495 -598 -495 12 1 -495 0 0 
24005 988 -495 -600 -495 12 1 -495 0 0 
24010 984 -495 -600 -495 12 1 -495 0 0 
24015 980 -500 -600 -500 12 1 -500 0 0 
24020 978 -503 -600 -503 12 1 -503 0 0 
24025 975 -503 -598 -503 12 1 -503 0 0 
24030 971 -503 -600 -503 12 1 -503 0 0 
24035 968 -507 -598 -507 12 1 -507 0 0 
24040 966 -507 -600 -507 12 1 -507 0 0 
24045 962 -510 -600 -510 12 1 -510 0 0 
24050 960 -515 -600 -515 12 1 -515 0 0 
24055 957 -518 -600 -518 12 1 -518 0 0 
24060 953 -522 -598 -522 12 1 -522 0 0 
24065 951 -525 -600 -525 12 1 -525 0 0 
24070 948 -530 -600 -530 12 1 -530 0 0 
24075 944 -530 -600 -530 12 1 -530 0 0 
24080 940 -530 -598 -530 12 1 -530 0 0 
24085 939 -533 -600 -533 12 1 -533 0 0 
24090 935 -533 -600 -533 12 1 -533 0 0 
24095 931 -537 -598 -537 12 1 -537 0 0 
24100 928 -533 -600 -533 12 1 -533 0 0 
24105 926 -537 -598 -537 12 1 -537 0 0 
24110 924 -537 -600 -537 12 1 -537 0 0 
24115 920 -537 -600 -537 12 1 -537 0 0 
24120 917 -537 -600 -537 12 1 -537 0 0 
24125 915 -537 -600 -537 12 1 -537 0 0 
24130 911 -540 -600 -540 12 1 -540 0 0 
24135 908 -545 -600 -545 12 1 -545 0 0 
24140 904 -545 -600 -545 12 1 -545 0 0 
24145 902 -548 -598 -548 12 1 -548 0 0 
24150 900 -548 -598 -548 12 1 -548 0 0 
24155 895 -548 -600 -548 12 1 -548 0 0 
24160 893 -548 -600 -548 12 1 -548 0 0 
24165 891 -548 -600 -548 12 1 -548 0 0 
24170 885 -552 -598 -552 12 1 -552 0 0 
24175 883 -552 -600 -552 12 1 -552 0 0 
24180 881 -548 -598 -548 12 1 -548 0 0 
24185 878 -548 -600 -548 12 1 -548 0 0 
24190 874 -548 -600 -548 12 1 -548 0 0 
24195 870 -548 -598 -548 12 1 -548 0 0 
24200 867 -548 -600 -548 12 1 -548 0 0 
24205 865 -548 -600 -548 12 1 -548 0 0 
24210 861 -552 -600 -552 12 1 -552 0 0 
24215 858 -555 -598 -555 12 1 -555 0 0 
24220 856 -555 -600 -555 12 1 -555 0 0 
24225 852 -560 -600 -560 12 1 -560 0 0 
24230 849 -560 -600 -560 12 1 -560 0 0 
24235 847 -560 -598 -560 12 1 -560 0 0 
24240 843 -555 -600 -555 12 1 -555 0 0 
24245 841 -555 -600 -555 12 1 -555 0 0 
24250 838 -555 -600 -555 12 1 -555 0 0 
24255 834 -555 -598 -555 12 1 -555 0 0 
24260 832 -555 -598 -555 12 1 -555 0 0 
24265 829 -555 -600 -555 12 1 -555 0 0 
24270 825 -560 -600 -560 12 1 -560 0 0 
24275 823 -560 -600 -560 12 1 -560 0 0 
24280 818 -560 -600 -560 12 1 -560 0 0 
24285 816 -563 -600 -563 12 1 -563 0 0 
24290 814 -563 -600 -563 12 1 -563 0 0 
24295 811 -560 -600 -560 12 1 -560 0 0 
24300 807 -563 -600 -563 12 1 -563 0 0 
24305 803 -563 -598 -563 12 1 -563 0 0 
24310 802 -563 -600 -563 12 1 -563 0 0 
24315 798 -563 -600 -563 12 1 -563 0 0 
24320 796 -563 -598 -563 12 1 -563 0 0 
24325 792 -563 -598 -563 12 1 -563 0 0 
24330 791 -563 -600 -563 12 1 -563 0 0 
24335 787 -567 -600 -567 12 1 -567 0 0 
24340 783 -567 -600 -567 12 1 -567 0 0 
24345 780 -567 -600 -567 12 1 -567 0 0 
24350 778 -567 -598 -567 12 1 -567 0 0 
24355 774 -570 -600 -570 12 1 -570 0 0 
24360 771 -575 -600 -575 12 1 -575 0 0 
24365 769 -578 -600 -578 12 1 -578 0 0 
24370 765 -585 -600 -585 12 1 -585 0 0 
24375 763 -590 -600 -590 12 1 -590 0 0 
24380 760 -590 -598 -590 12 1 -590 0 0 
24385 756 -590 -598 -590 12 1 -590 0 0 
24390 754 -590 -600 -590 12 1 -590 0 0 
24395 749 -585 -598 -585 12 1 -585 0 0 
24400 747 -590 -600 -590 12 1 -590 0 0 
24405 743 -590 -598 -590 12 1 -590 0 0 
24410 742 -593 -600 -593 12 1 -593 0 0 
24415 738 -597 -600 -597 12 1 -597 0 0 
24420 734 -600 -600 -600 12 1 -600 0 0 
24425 733 -597 -600 -597 12 1 -597 0 0 
24430 729 -597 -600 -597 12 1 -597 0 0 
24435 727 -597 -598 -597 12 1 -597 0 0 
24440 722 -597 -600 -597 12 1 -597 0 0 
24445 720 -593 -598 -593 12 1 -593 0 0 
24450 718 -593 -600 -593 12 1 -593 0 0 
24455 714 -593 -600 -593 12 1 -593 0 0 
24460 711 -590 -600 -590 12 1 -590 0 0 
24465 709 -585 -600 -585 12 1 -585 0 0 
24470 705 -585 -600 -585 12 1 -585 0 0 
24475 702 -582 -600 -582 12 1 -582 0 0 
24480 700 -582 -600 -582 12 1 -582 0 0 
24485 696 -582 -600 -582 12 1 -582 0 0 
24490 693 -582 -600 -582 12 1 -582 0 0 
24495 691 -582 -600 -582 12 1 -582 0 0 
24500 687 -582 -600 -582 12 1 -582 0 0 
24505 685 -578 -600 -578 12 1 -578 0 0 
24510 682 -575 -598 -575 12 1 -575 0 0 
24515 678 -575 -600 -575 12 1 -575 0 0 
24520 675 -570 -598 -570 12 1 -570 0 0 
24525 673 -567 -600 -567 12 1 -567 0 0 
24530 669 -567 -600 -567 12 1 -567 0 0 
24535 666 -567 -600 -567 12 1 -567 0 0 
24540 664 -563 -600 -563 12 1 -563 0 0 
24545 659 -563 -600 -563 12 1 -563 0 0 
24550 655 -563 -600 -563 12 1 -563 0 0 
24555 654 -563 -598 -563 12 1 -563 0 0 
24560 650 -560 -600 -560 12 1 -560 0 0 
24565 646 -560 -600 -560 12 1 -560 0 0 
24570 645 -560 -600 -560 12 1 -560 0 0 
24575 641 -560 -600 -560 12 1 -560 0 0 
24580 639 -555 -600 -555 12 1 -555 0 0 
24585 635 -552 -598 -552 12 1 -552 0 0 
24590 632 -548 -598 -548 12 1 -548 0 0 
24595 628 -545 -598 -545 12 1 -545 0 0 
24600 626 -545 -600 -545 12 1 -545 0 0 
24605 623 -545 -600 -545 12 1 -545 0 0 
24610 621 -545 -600 -545 12 1 -545 0 0 
24615 616 -548 -600 -548 12 1 -548 0 0 
24620 614 -548 -600 -548 12 1 -548 0 0 
24625 610 -545 -600 -545 12 1 -545 0 0 
24630 608 -545 -598 -545 12 1 -545 0 0 
24635 605 -540 -600 -540 12 1 -540 0 0 
24640 603 -540 -600 -540 12 1 -540 0 0 
24645 599 -540 -600 -540 12 1 -540 0 0 
24650 596 -537 -600 -537 12 1 -537 0 0 
24655 592 -537 -600 -537 12 1 -537 0 0 
24660 590 -540 -600 -540 12 1 -540 0 0 
24665 587 -537 -600 -537 12 1 -537 0 0 
24670 583 -537 -600 -537 12 1 -537 0 0 
24675 581 -533 -600 -533 12 1 -533 0 0 
24680 577 -530 -598 -530 12 1 -530 0 0 
24685 574 -530 -600 -530 12 1 -530 0 0 
24690 572 -530 -600 -530 12 1 -530 0 0 
24695 568 -530 -598 -530 12 1 -530 0 0 
24700 567 -530 -600 -530 12 1 -530 0 0 
24705 563 -525 -598 -525 12 1 -525 0 0 
24710 561 -525 -600 -525 12 1 -525 0 0 
24715 558 -518 -600 -518 12 1 -518 0 0 
24720 554 -515 -600 -515 12 1 -515 0 0 
24725 550 -510 -598 -510 12 1 -510 0 0 
24730 548 -507 -600 -507 12 1 -507 0 0 
24735 547 -503 -600 -503 12 1 -503 0 0 
24740 543 -500 -600 -500 12 1 -500 0 0 
24745 539 -500 -600 -500 12 1 -500 0 0 
24750 538 -500 -600 -500 12 1 -500 0 0 
24755 534 -495 -598 -495 12 1 -495 0 0 
24760 530 -500 -600 -500 12 1 -500 0 0 
24765 527 -495 -600 -495 12 1 -495 0 0 
24770 525 -495 -600 -495 12 1 -495 0 0 
24775 521 -492 -598 -492 12 1 -492 0 0 
24780 518 -492 -600 -492 12 1 -492 0 0 
24785 516 -488 -600 -488 12 1 -488 0 0 
24790 512 -485 -600 -485 12 1 -485 0 0 
24795 509 -480 -598 -480 12 1 -480 0 0 
24800 505 -480 -600 -480 12 1 -480 0 0 
24805 503 -477 -598 -477 12 1 -477 0 0 
24810 501 -477 -598 -477 12 1 -477 0 0 
24815 496 -473 -600 -473 12 1 -473 0 0 
24820 494 -473 -600 -473 12 1 -473 0 0 
24825 490 -473 -600 -473 12 1 -473 0 0 
24830 487 -470 -600 -470 12 1 -470 0 0 
24835 483 -470 -600 -470 12 1 -470 0 0 
24840 481 -470 -600 -470 12 1 -470 0 0 
24845 480 -465 -600 -465 12 1 -465 0 0 
24850 476 -465 -600 -465 12 1 -465 0 0 
24855 472 -462 -600 -462 12 1 -462 0 0 
24860 470 -462 -598 -462 12 1 -462 0 0 
24865 467 -465 -600 -465 12 1 -465 0 0 
24870 463 -462 -598 -462 12 1 -462 0 0 
24875 460 -462 -600 -462 12 1 -462 0 0 
24880 458 -458 -600 -458 12 1 -458 0 0 
24885 456 -458 -600 -458 12 1 -458 0 0 
24890 452 -455 -600 -455 12 1 -455 0 0 
24895 451 -455 -600 -455 12 1 -455 0 0 
24900 445 -455 -600 -455 12 1 -455 0 0 
24905 443 -455 -600 -455 12 1 -455 0 0 
24910 439 -455 -600 -455 12 1 -455 0 0 
24915 435 -458 -600 -458 12 1 -458 0 0 
24920 433 -458 -600 -458 12 1 -458 0 0 
24925 430 -458 -600 -458 12 1 -458 0 0 
24930 428 -458 -598 -458 12 1 -458 0 0 
24935 424 -455 -600 -455 12 1 -455 0 0 
24940 420 -450 -600 -450 12 1 -450 0 0 
24945 417 -450 -600 -450 12 1 -450 0 0 
24950 415 -450 -600 -450 12 1 -450 0 0 
24955 411 -450 -600 -450 12 1 -450 0 0 
24960 408 -450 -600 -450 12 1 -450 0 0 
24965 406 -450 -598 -450 12 1 -450 0 0 
24970 404 -450 -600 -450 12 1 -450 0 0 
24975 399 -450 -600 -450 12 1 -450 0 0 
24980 397 -450 -600 -450 12 1 -450 0 0 
24985 393 -450 -600 -450 12 1 -450 0 0 
24990 391 -447 -600 -447 12 1 -447 0 0 
24995 388 -443 -600 -443 12 1 -443 0 0 
25000 384 -443 -600 -443 12 1 -443 0 0 
25005 382 -440 -598 -440 12 1 -440 0 0 
25010 379 -440 -598 -440 12 1 -440 0 0 
25015 375 -440 -600 -440 12 1 -440 0 0 
25020 373 -435 -600 -435 12 1 -435 0 0 
25025 370 -435 -600 -435 12 1 -435 0 0 
25030 368 -440 -600 -440 12 1 -440 0 0 
25035 362 -440 -598 -440 12 1 -440 0 0 
25040 361 -440 -598 -440 12 1 -440 0 0 
25045 357 -435 -600 -435 12 1 -435 0 0 
25050 355 -432 -600 -432 12 1 -432 0 0 
25055 352 -428 -600 -428 12 1 -428 0 0 
25060 348 -425 -600 -425 12 1 -425 0 0 
25065 346 -425 -600 -425 12 1 -425 0 0 
25070 343 -420 -600 -420 12 1 -420 0 0 
25075 339 -425 -600 -425 12 1 -425 0 0 
25080 337 -425 -600 -425 12 1 -425 0 0 
25085 333 -425 -598 -425 12 1 -425 0 0 
25090 332 -425 -598 -425 12 1 -425 0 0 
25095 328 -425 -600 -425 12 1 -425 0 0 
25100 324 -420 -600 -420 12 1 -420 0 0 
25105 323 -417 -600 -417 12 1 -417 0 0 
25110 319 -413 -598 -413 12 1 -413 0 0 
25115 315 -410 -600 -410 12 1 -410 0 0 
25120 313 -410 -600 -410 12 1 -410 0 0 
25125 310 -410 -600 -410 12 1 -410 0 0 
25130 306 -405 -600 -405 12 1 -405 0 0 
25135 303 -405 -600 -405 12 1 -405 0 0 
25140 301 -402 -600 -402 12 1 -402 0 0 
25145 297 -402 -600 -402 12 1 -402 0 0 
25150 295 -402 -600 -402 12 1 -402 0 0 
25155 292 -402 -600 -402 12 1 -402 0 0 
25160 288 -402 -600 -402 12 1 -402 0 0 
25165 284 -402 -600 -402 12 1 -402 0 0 
25170 283 -402 -600 -402 12 1 -402 0 0 
25175 279 -402 -600 -402 12 1 -402 0 0 
25180 275 -398 -600 -398 12 1 -398 0 0 
25185 274 -395 -600 -395 12 1 -395 0 0 
25190 270 -390 -600 -390 12 1 -390 0 0 
25195 266 -387 -598 -387 12 1 -387 0 0 
25200 265 -387 -598 -387 12 1 -387 0 0 
25205 261 -390 -600 -390 12 1 -390 0 0 
25210 259 -390 -600 -390 12 1 -390 0 0 
25215 255 -390 -600 -390 12 1 -390 0 0 
25220 252 -387 -598 -387 12 1 -387 0 0 
25225 248 -387 -600 -387 12 1 -387 0 0 
25230 246 -383 -600 -383 12 1 -383 0 0 
25235 243 -383 -600 -383 12 1 -383 0 0 
25240 239 -383 -600 -383 12 1 -383 0 0 
25245 237 -383 -598 -383 12 1 -383 0 0 
25250 234 -383 -600 -383 12 1 -383 0 0 
25255 230 -380 -600 -380 12 1 -380 0 0 
25260 228 -380 -600 -380 12 1 -380 0 0 
25265 225 -380 -600 -380 12 1 -380 0 0 
25270 223 -380 -600 -380 12 1 -380 0 0 
25275 219 -380 -598 -380 12 1 -380 0 0 
25280 215 -380 -600 -380 12 1 -380 0 0 
25285 213 -380 -598 -380 12 1 -380 0 0 
25290 209 -375 -600 -375 12 1 -375 0 0 
25295 205 -375 -600 -375 12 1 -375 0 0 
25300 202 -372 -600 -372 12 1 -372 0 0 
25305 200 -372 -600 -372 12 1 -372 0 0 
25310 196 -372 -600 -372 12 1 -372 0 0 
25315 195 -368 -600 -368 12 1 -368 0 0 
25320 191 -372 -600 -372 12 1 -372 0 0 
25325 187 -368 -598 -368 12 1 -368 0 0 
25330 186 -368 -600 -368 12 1 -368 0 0 
25335 182 -368 -600 -368 12 1 -368 0 0 
25340 178 -365 -600 -365 12 1 -365 0 0 
25345 175 -365 -600 -365 12 1 -365 0 0 
25350 173 -360 -600 -360 12 1 -360 0 0 
25355 169 -357 -598 -357 12 1 -357 0 0 
25360 166 -353 -600 -353 12 1 -353 0 0 
25365 164 -353 -600 -353 12 1 -353 0 0 
25370 162 -353 -600 -353 12 1 -353 0 0 
25375 158 -357 -598 -357 12 1 -357 0 0 
25380 155 -357 -600 -357 12 1 -357 0 0 
25385 153 -353 -600 -353 12 1 -353 0 0 
25390 149 -353 -600 -353 12 1 -353 0 0 
25395 146 -350 -600 -350 12 1 -350 0 0 
25400 142 -350 -600 -350 12 1 -350 0 0 
25405 140 -345 -600 -345 12 1 -345 0 0 
25410 137 -345 -598 -345 12 1 -345 0 0 
25415 133 -345 -600 -345 12 1 -345 0 0 
25420 131 -342 -598 -342 12 1 -342 0 0 
25425 127 -338 -600 -338 12 1 -338 0 0 
25430 126 -335 -600 -335 12 1 -335 0 0 
25435 122 -330 -600 -330 12 1 -330 0 0 
25440 118 -330 -598 -330 12 1 -330 0 0 
25445 117 -330 -593 -330 12 1 -330 0 0 
25450 113 -327 -588 -327 12 1 -327 0 0 
25455 109 -327 -575 -327 12 1 -327 0 0 
25460 108 -323 -565 -323 12 1 -323 0 0 
25465 106 -320 -555 -320 12 1 -320 0 0 
25470 102 -315 -538 -315 12 1 -315 0 0 
25475 100 -315 -528 -315 12 1 -315 0 0 
25480 97 -315 -520 -315 12 1 -315 0 0 
25485 93 -315 -510 -315 12 1 -315 0 0 
25490 91 -315 -503 -315 12 1 -315 0 0 
25495 89 -312 -488 -312 12 1 -312 0 0 
25500 88 -305 -485 -305 12 1 -305 0 0 
25505 84 -297 -480 -297 12 1 -297 0 0 
25510 82 -290 -463 -290 12 1 -290 0 0 
25515 80 -278 -455 -278 12 1 -278 0 0 
25520 77 -267 -445 -267 12 1 -267 0 0 
25525 75 -260 -438 -260 12 1 -260 0 0 
25530 71 -248 -428 -248 12 1 -248 0 0 
25535 71 -240 -418 -240 12 1 -240 0 0 
25540 68 -237 -408 -237 12 1 -237 0 0 
25545 66 -230 -403 -230 12 1 -230 0 0 
25550 64 -222 -385 -222 12 1 -222 0 0 
25555 62 -215 -383 -215 12 1 -215 0 0 
25560 60 -207 -370 -207 12 1 -207 0 0 
25565 59 -200 -365 -200 12 1 -200 0 0 
25570 57 -188 -355 -188 12 1 -188 0 0 
25575 55 -173 -345 -173 12 1 -173 0 0 
25580 53 -158 -333 -158 12 1 -158 0 0 
25585 51 -143 -323 -143 12 1 -143 0 0 
25590 50 -132 -315 -132 12 1 -132 0 0 
25595 50 -120 -315 -120 12 1 -120 0 0 
25600 48 -105 -300 -105 12 1 -105 0 0 
25605 46 -95 -298 -95 12 1 -95 0 0 
25610 44 -83 -288 -83 12 1 -83 0 0 
25615 42 -75 -278 -75 12 1 -75 0 0 
25620 40 -60 -265 -60 12 1 -60 0 0 
25625 40 -50 -253 -50 12 1 -50 0 0 
25630 39 -38 -248 -38 12 1 -38 0 0 
25635 37 -20 -233 -20 12 1 -20 0 0 
25640 37 -5 -218 -5 12 1 -5 0 0 
25645 35 15 -195 15 12 1 15 0 0 
25650 33 35 -175 35 12 1 35 0 0 
25655 33 53 -158 53 12 1 53 0 0 
25660 33 68 -135 68 12 1 68 0 0 
25665 33 80 -115 80 12 1 80 0 0 
25670 31 80 -88 80 12 1 80 0 0 
25675 31 83 -63 83 12 1 83 0 0 
25680 31 90 -25 90 12 1 90 0 0 
25685 31 98 0 98 12 1 98 0 0 
25690 31 105 13 105 12 1 105 0 0 
25695 31 113 48 113 12 1 113 0 0 
25700 31 120 95 120 12 1 120 0 0 
25705 31 132 143 132 12 1 132 0 0 
25710 31 140 180 140 12 1 140 0 0 
25715 33 150 218 150 12 1 150 0 0 
25720 35 158 258 158 12 1 158 0 0 
25725 37 158 298 158 12 1 158 0 0 
25730 37 155 338 155 12 1 155 0 0 
25735 39 150 383 150 12 1 150 0 0 
25740 40 147 445 147 12 1 147 0 0 
25745 42 150 485 150 12 1 150 0 0 
25750 46 162 523 162 13 1 162 0 0 
25755 48 165 568 165 13 1 165 0 0 
25760 51 165 593 165 13 1 165 0 0 
25765 55 158 600 158 13 1 158 0 0 
25770 59 158 600 158 13 1 158 0 0 
25775 60 162 600 162 13 1 162 0 0 
25780 64 173 600 173 13 1 173 0 0 
25785 68 192 600 192 13 1 192 0 0 
25790 69 218 600 218 13 1 218 0 0 
25795 73 240 600 240 13 1 240 0 0 
25800 77 267 600 267 13 1 267 0 0 
25805 79 278 600 278 13 1 278 0 0 
25810 82 275 600 275 13 1 275 0 0 
25815 86 267 600 267 13 1 267 0 0 
25820 89 255 603 255 13 1 255 0 0 
25825 91 248 600 248 13 1 248 0 0 
25830 95 245 600 245 13 1 245 0 0 
25835 98 248 600 248 13 1 248 0 0 
25840 102 255 600 255 13 1 255 0 0 
25845 104 260 600 260 13 1 260 0 0 
25850 108 263 600 263 13 1 263 0 0 
25855 109 263 600 263 13 1 263 0 0 
25860 113 260 600 260 13 1 260 0 0 
25865 117 260 603 260 13 1 260 0 0 
25870 118 255 603 255 13 1 255 0 0 
25875 122 252 600 252 13 1 252 0 0 
25880 126 255 600 255 13 1 255 0 0 
25885 127 255 600 255 13 1 255 0 0 
25890 131 255 603 255 13 1 255 0 0 
25895 135 255 600 255 13 1 255 0 0 
25900 137 255 600 255 13 1 255 0 0 
25905 140 255 600 255 13 1 255 0 0 
25910 144 252 600 252 13 1 252 0 0 
25915 146 252 600 252 13 1 252 0 0 
25920 149 252 600 252 13 1 252 0 0 
25925 153 248 600 248 13 1 248 0 0 
25930 155 248 600 248 13 1 248 0 0 
25935 157 245 600 245 13 1 245 0 0 
25940 162 245 600 245 13 1 245 0 0 
25945 164 245 600 245 13 1 245 0 0 
25950 167 245 600 245 13 1 245 0 0 
25955 169 245 600 245 13 1 245 0 0 
25960 173 245 600 245 13 1 245 0 0 
25965 176 245 603 245 13 1 245 0 0 
25970 178 240 603 240 13 1 240 0 0 
25975 182 240 600 240 13 1 240 0 0 
25980 186 240 600 240 13 1 240 0 0 
25985 187 240 600 240 13 1 240 0 0 
25990 191 240 603 240 13 1 240 0 0 
25995 195 245 600 245 13 1 245 0 0 
26000 198 245 600 245 13 1 245 0 0 
26005 200 245 600 245 13 1 245 0 0 
26010 204 240 603 240 13 1 240 0 0 
26015 205 240 603 240 13 1 240 0 0 
26020 209 240 603 240 13 1 240 0 0 
26025 213 240 600 240 13 1 240 0 0 
26030 215 240 603 240 13 1 240 0 0 
26035 219 240 600 240 13 1 240 0 0 
26040 223 240 603 240 13 1 240 0 0 
26045 225 240 600 240 13 1 240 0 0 
26050 228 240 600 240 13 1 240 0 0 
26055 232 240 600 240 13 1 240 0 0 
26060 236 240 600 240 13 1 240 0 0 
26065 239 240 603 240 13 1 240 0 0 
26070 241 240 603 240 13 1 240 0 0 
26075 243 240 600 240 13 1 240 0 0 
26080 248 240 600 240 13 1 240 0 0 
26085 250 240 600 240 13 1 240 0 0 
26090 254 245 600 245 13 1 245 0 0 
26095 255 245 600 245 13 1 245 0 0 
26100 259 245 603 245 13 1 245 0 0 
26105 263 245 600 245 13 1 245 0 0 
26110 265 245 600 245 13 1 245 0 0 
26115 268 245 600 245 13 1 245 0 0 
26120 272 245 600 245 13 1 245 0 0 
26125 274 245 600 245 13 1 245 0 0 
26130 277 245 600 245 13 1 245 0 0 
26135 281 248 600 248 13 1 248 0 0 
26140 284 248 600 248 13 1 248 0 0 
26145 286 248 600 248 13 1 248 0 0 
26150 290 248 600 248 13 1 248 0 0 
26155 294 248 603 248 13 1 248 0 0 
26160 295 248 603 248 13 1 248 0 0 
26165 299 248 603 248 13 1 248 0 0 
26170 303 248 603 248 13 1 248 0 0 
26175 304 248 600 248 13 1 248 0 0 
26180 308 248 600 248 13 1 248 0 0 
26185 312 252 603 252 13 1 252 0 0 
26190 315 252 600 252 13 1 252 0 0 
26195 317 252 603 252 13 1 252 0 0 
26200 321 252 600 252 13 1 252 0 0 
26205 323 252 600 252 13 1 252 0 0 
26210 326 252 603 252 13 1 252 0 0 
26215 330 252 600 252 13 1 252 0 0 
26220 333 252 600 252 13 1 252 0 0 
26225 335 255 603 255 13 1 255 0 0 
26230 339 255 600 255 13 1 255 0 0 
26235 341 255 600 255 13 1 255 0 0 
26240 344 255 600 255 13 1 255 0 0 
26245 346 255 600 255 13 1 255 0 0 
26250 350 255 603 255 13 1 255 0 0 
26255 353 255 600 255 13 1 255 0 0 
26260 357 255 600 255 13 1 255 0 0 
26265 359 255 600 255 13 1 255 0 0 
26270 362 255 600 255 13 1 255 0 0 
26275 364 255 600 255 13 1 255 0 0 
26280 368 255 600 255 13 1 255 0 0 
26285 372 255 600 255 13 1 255 0 0 
26290 375 252 600 252 13 1 252 0 0 
26295 377 252 600 252 13 1 252 0 0 
26300 381 248 600 248 13 1 248 0 0 
26305 384 248 603 248 13 1 248 0 0 
26310 386 245 600 245 13 1 245 0 0 
26315 390 245 600 245 13 1 245 0 0 
26320 393 240 600 240 13 1 240 0 0 
26325 397 240 600 240 13 1 240 0 0 
26330 399 240 600 240 13 1 240 0 0 
26335 402 237 600 237 13 1 237 0 0 
26340 406 233 600 233 13 1 233 0 0 
26345 408 230 603 230 13 1 230 0 0 
26350 411 225 600 225 13 1 225 0 0 
26355 413 222 600 222 13 1 222 0 0 
26360 417 218 600 218 13 1 218 0 0 
26365 420 218 600 218 13 1 218 0 0 
26370 424 218 600 218 13 1 218 0 0 
26375 426 218 603 218 13 1 218 0 0 
26380 430 218 600 218 13 1 218 0 0 
26385 433 218 603 218 13 1 218 0 0 
26390 435 218 600 218 13 1 218 0 0 
26395 439 218 600 218 13 1 218 0 0 
26400 443 218 603 218 13 1 218 0 0 
26405 445 218 600 218 13 1 218 0 0 
26410 449 218 600 218 13 1 218 0 0 
26415 452 222 600 222 13 1 222 0 0 
26420 454 230 600 230 13 1 230 0 0 
26425 458 233 600 233 13 1 233 0 0 
26430 460 233 603 233 13 1 233 0 0 
26435 463 233 603 233 13 1 233 0 0 
26440 467 233 600 233 13 1 233 0 0 
26445 470 233 600 233 13 1 233 0 0 
26450 472 233 603 233 13 1 233 0 0 
26455 474 237 600 237 13 1 237 0 0 
26460 478 237 600 237 13 1 237 0 0 
26465 481 240 600 240 13 1 240 0 0 
26470 485 245 603 245 13 1 245 0 0 
26475 487 245 600 245 13 1 245 0 0 
26480 490 248 600 248 13 1 248 0 0 
26485 494 248 600 248 13 1 248 0 0 
26490 498 248 600 248 13 1 248 0 0 
26495 499 248 600 248 13 1 248 0 0 
26500 503 245 600 245 13 1 245 0 0 
26505 505 245 600 245 13 1 245 0 0 
26510 509 248 600 248 13 1 248 0 0 
26515 512 252 600 252 13 1 252 0 0 
26520 516 255 603 255 13 1 255 0 0 
26525 519 260 600 260 13 1 260 0 0 
26530 521 260 600 260 13 1 260 0 0 
26535 523 260 600 260 13 1 260 0 0 
26540 528 260 603 260 13 1 260 0 0 
26545 530 260 600 260 13 1 260 0 0 
26550 534 260 600 260 13 1 260 0 0 
26555 538 260 600 260 13 1 260 0 0 
26560 541 260 603 260 13 1 260 0 0 
26565 543 263 600 263 13 1 263 0 0 
26570 547 260 600 260 13 1 260 0 0 
26575 548 260 600 260 13 1 260 0 0 
26580 552 255 600 255 13 1 255 0 0 
26585 556 255 600 255 13 1 255 0 0 
26590 558 252 600 252 13 1 252 0 0 
26595 561 252 600 252 13 1 252 0 0 
26600 565 252 600 252 13 1 252 0 0 
26605 567 252 600 252 13 1 252 0 0 
26610 570 252 603 252 13 1 252 0 0 
26615 572 252 600 252 13 1 252 0 0 
26620 576 248 600 248 13 1 248 0 0 
26625 579 252 600 252 13 1 252 0 0 
26630 581 248 600 248 13 1 248 0 0 
26635 585 248 600 248 13 1 248 0 0 
26640 588 248 603 248 13 1 248 0 0 
26645 592 245 600 245 13 1 245 0 0 
26650 594 245 603 245 13 1 245 0 0 
26655 597 240 600 240 13 1 240 0 0 
26660 601 240 600 240 13 1 240 0 0 
26665 603 237 600 237 13 1 237 0 0 
26670 606 237 600 237 13 1 237 0 0 
26675 608 237 600 237 13 1 237 0 0 
26680 612 233 603 233 13 1 233 0 0 
26685 616 233 600 233 13 1 233 0 0 
26690 617 233 603 233 13 1 233 0 0 
26695 621 233 600 233 13 1 233 0 0 
26700 625 233 600 233 13 1 233 0 0 
26705 626 233 603 233 13 1 233 0 0 
26710 630 233 600 233 13 1 233 0 0 
26715 634 233 603 233 13 1 233 0 0 
26720 635 233 600 233 13 1 233 0 0 
26725 639 237 603 237 13 1 237 0 0 
26730 643 237 600 237 13 1 237 0 0 
26735 645 237 600 237 13 1 237 0 0 
26740 648 237 603 237 13 1 237 0 0 
26745 652 237 603 237 13 1 237 0 0 
26750 654 237 600 237 13 1 237 0 0 
26755 657 237 600 237 13 1 237 0 0 
26760 661 237 600 237 13 1 237 0 0 
26765 666 233 603 233 13 1 233 0 0 
26770 667 233 600 233 13 1 233 0 0 
26775 671 233 603 233 13 1 233 0 0 
26780 673 237 603 237 13 1 237 0 0 
26785 676 237 600 237 13 1 237 0 0 
26790 680 240 603 240 13 1 240 0 0 
26795 684 240 603 240 13 1 240 0 0 
26800 685 240 600 240 13 1 240 0 0 
26805 689 240 600 240 13 1 240 0 0 
26810 693 240 600 240 13 1 240 0 0 
26815 695 240 600 240 13 1 240 0 0 
26820 698 240 603 240 13 1 240 0 0 
26825 702 245 603 245 13 1 245 0 0 
26830 704 245 600 245 13 1 245 0 0 
26835 707 248 600 248 13 1 248 0 0 
26840 711 252 600 252 13 1 252 0 0 
26845 713 252 600 252 13 1 252 0 0 
26850 716 252 600 252 13 1 252 0 0 
26855 718 252 600 252 13 1 252 0 0 
26860 724 248 600 248 13 1 248 0 0 
26865 725 248 603 248 13 1 248 0 0 
26870 727 248 603 248 13 1 248 0 0 
26875 731 248 600 248 13 1 248 0 0 
26880 734 248 600 248 13 1 248 0 0 
26885 736 248 600 248 13 1 248 0 0 
26890 740 248 600 248 13 1 248 0 0 
26895 743 248 603 248 13 1 248 0 0 
26900 747 248 603 248 13 1 248 0 0 
26905 749 245 600 245 13 1 245 0 0 
26910 753 245 600 245 13 1 245 0 0 
26915 754 245 600 245 13 1 245 0 0 
26920 758 245 600 245 13 1 245 0 0 
26925 762 245 603 245 13 1 245 0 0 
26930 765 245 600 245 13 1 245 0 0 
26935 767 245 600 245 13 1 245 0 0 
26940 771 245 600 245 13 1 245 0 0 
26945 774 240 603 240 13 1 240 0 0 
26950 776 240 600 240 13 1 240 0 0 
26955 780 240 603 240 13 1 240 0 0 
26960 783 237 600 237 13 1 237 0 0 
26965 785 237 600 237 13 1 237 0 0 
26970 789 237 603 237 13 1 237 0 0 
26975 792 237 600 237 13 1 237 0 0 
26980 794 237 600 237 13 1 237 0 0 
26985 798 233 600 233 13 1 233 0 0 
26990 802 233 600 233 13 1 233 0 0 
26995 803 233 600 233 13 1 233 0 0 
27000 807 233 600 233 13 1 233 0 0 
27005 809 233 600 233 13 1 233 0 0 
27010 812 237 603 237 13 1 237 0 0 
27015 816 237 600 237 13 1 237 0 0 
27020 818 237 600 237 13 1 237 0 0 
27025 821 237 603 237 13 1 237 0 0 
27030 825 237 600 237 13 1 237 0 0 
27035 829 237 603 237 13 1 237 0 0 
27040 831 237 600 237 13 1 237 0 0 
27045 834 237 600 237 13 1 237 0 0 
27050 838 237 600 237 13 1 237 0 0 
27055 840 237 603 237 13 1 237 0 0 
27060 843 240 600 240 13 1 240 0 0 
27065 847 240 603 240 13 1 240 0 0 
27070 849 240 600 240 13 1 240 0 0 
27075 852 240 600 240 13 1 240 0 0 
27080 856 240 603 240 13 1 240 0 0 
27085 858 245 600 245 13 1 245 0 0 
27090 861 240 600 240 13 1 240 0 0 
27095 863 240 600 240 13 1 240 0 0 
27100 867 240 600 240 13 1 240 0 0 
27105 870 240 600 240 13 1 240 0 0 
27110 872 240 600 240 13 1 240 0 0 
27115 876 240 600 240 13 1 240 0 0 
27120 880 245 603 245 13 1 245 0 0 
27125 883 245 600 245 13 1 245 0 0 
27130 888 240 600 240 13 1 240 0 0 
27135 890 240 603 240 13 1 240 0 0 
27140 893 240 600 240 13 1 240 0 0 
27145 897 240 603 240 13 1 240 0 0 
27150 899 240 600 240 13 1 240 0 0 
27155 902 240 603 240 13 1 240 0 0 
27160 904 245 603 245 13 1 245 0 0 
27165 908 245 600 245 13 1 245 0 0 
27170 911 245 600 245 13 1 245 0 0 
27175 915 248 603 248 13 1 248 0 0 
27180 917 245 603 245 13 1 245 0 0 
27185 920 245 600 245 13 1 245 0 0 
27190 922 240 603 240 13 1 240 0 0 
27195 926 245 600 245 13 1 245 0 0 
27200 929 240 600 240 13 1 240 0 0 
27205 931 245 600 245 13 1 245 0 0 
27210 935 240 600 240 13 1 240 0 0 
27215 939 245 600 245 13 1 245 0 0 
27220 940 240 603 240 13 1 240 0 0 
27225 944 240 600 240 13 1 240 0 0 
27230 948 240 603 240 13 1 240 0 0 
27235 949 237 600 237 13 1 237 0 0 
27240 953 237 600 237 13 1 237 0 0 
27245 957 237 600 237 13 1 237 0 0 
27250 959 237 600 237 13 1 237 0 0 
27255 962 237 600 237 13 1 237 0 0 
27260 966 237 600 237 13 1 237 0 0 
27265 968 233 603 233 13 1 233 0 0 
27270 971 233 600 233 13 1 233 0 0 
27275 975 233 600 233 13 1 233 0 0 
27280 977 233 600 233 13 1 233 0 0 
27285 980 233 600 233 13 1 233 0 0 
27290 984 233 600 233 13 1 233 0 0 
27295 986 237 600 237 13 1 237 0 0 
27300 989 237 603 237 13 1 237 0 0 
27305 993 233 600 233 13 1 233 0 0 
27310 995 233 603 233 13 1 233 0 0 
27315 998 233 600 233 13 1 233 0 0 
27320 1000 233 600 233 13 1 233 0 0 
27325 1004 233 600 233 13 1 233 0 0 
27330 1007 233 603 233 13 1 233 0 0 
27335 1011 233 600 233 13 1 233 0 0 
27340 1013 233 600 233 13 1 233 0 0 
27345 1017 233 600 233 13 1 233 0 0 
27350 1020 233 603 233 13 1 233 0 0 
27355 1022 230 600 230 13 1 230 0 0 
27360 1026 230 600 230 13 1 230 0 0 
27365 1029 230 600 230 13 1 230 0 0 
27370 1033 225 603 225 13 1 225 0 0 
27375 1033 230 600 230 13 1 230 0 0 
27380 1036 230 600 230 13 1 230 0 0 
27385 1040 230 600 230 13 1 230 0 0 
27390 1042 230 600 230 13 1 230 0 0 
27395 1046 230 603 230 13 1 230 0 0 
27400 1047 225 603 225 13 1 225 0 0 
27405 1053 225 603 225 13 1 225 0 0 
27410 1055 222 600 222 13 1 222 0 0 
27415 1058 222 603 222 13 1 222 0 0 
27420 1060 222 603 222 13 1 222 0 0 
27425 1064 225 600 225 13 1 225 0 0 
27430 1066 225 600 225 13 1 225 0 0 
27435 1071 225 600 225 13 1 225 0 0 
27440 1073 222 600 222 13 1 222 0 0 
27445 1078 222 600 222 13 1 222 0 0 
27450 1080 222 600 222 13 1 222 0 0 
27455 1084 222 600 222 13 1 222 0 0 
27460 1085 222 600 222 13 1 222 0 0 
27465 1091 222 600 222 13 1 222 0 0 
27470 1093 222 600 222 13 1 222 0 0 
27475 1095 222 603 222 13 1 222 0 0 
27480 1098 222 600 222 13 1 222 0 0 
27485 1102 218 600 218 13 1 218 0 0 
27490 1104 218 600 218 13 1 218 0 0 
27495 1109 218 600 218 13 1 218 0 0 
27500 1109 218 600 218 13 1 218 0 0 
27505 1115 218 600 218 13 1 218 0 0 
27510 1117 218 603 218 13 1 218 0 0 
27515 1121 218 600 218 13 1 218 0 0 
27520 1125 218 600 218 13 1 218 0 0 
27525 1126 218 600 218 13 1 218 0 0 
27530 1130 215 600 215 13 1 215 0 0 
27535 1132 215 600 215 13 1 215 0 0 
27540 1135 215 593 215 13 1 215 0 0 
27545 1139 215 585 215 13 1 215 0 0 
27550 1141 210 573 210 13 1 210 0 0 
27555 1144 215 563 215 13 1 215 0 0 
27560 1148 215 555 215 13 1 215 0 0 
27565 1150 218 545 218 13 1 218 0 0 
27570 1155 222 535 222 13 1 222 0 0 
27575 1155 230 525 230 13 1 230 0 0 
27580 1157 230 520 230 13 1 230 0 0 
27585 1161 230 508 230 13 1 230 0 0 
27590 1163 230 500 230 13 1 230 0 0 
27595 1166 222 493 222 13 1 222 0 0 
27600 1168 218 483 218 13 1 218 0 0 
27605 1172 215 470 215 13 1 215 0 0 
27610 1174 215 458 215 13 1 215 0 0 
27615 1175 218 450 218 13 1 218 0 0 
27620 1177 222 445 222 13 1 222 0 0 
27625 1179 222 430 222 13 1 222 0 0 
27630 1183 225 415 225 13 1 225 0 0 
27635 1184 222 403 222 13 1 222 0 0 
27640 1186 218 395 218 13 1 218 0 0 
27645 1188 215 380 215 13 1 215 0 0 
27650 1192 215 375 215 13 1 215 0 0 
27655 1192 215 370 215 13 1 215 0 0 
27660 1193 218 368 218 13 1 218 0 0 
27665 1197 222 355 222 13 1 222 0 0 
27670 1199 218 345 218 13 1 218 0 0 
27675 1199 215 333 215 13 1 215 0 0 
27680 1201 207 325 207 13 1 207 0 0 
27685 1203 195 313 195 13 1 195 0 0 
27690 1204 195 305 195 13 1 195 0 0 
27695 1206 195 298 195 13 1 195 0 0 
27700 1208 203 285 203 13 1 203 0 0 
27705 1210 207 273 207 13 1 207 0 0 
27710 1212 207 258 207 13 1 207 0 0 
27715 1212 207 245 207 13 1 207 0 0 
27720 1213 200 233 200 13 1 200 0 0 
27725 1215 192 228 192 13 1 192 0 0 
27730 1215 188 225 188 13 1 188 0 0 
27735 1217 188 213 188 13 1 188 0 0 
27740 1217 188 200 188 13 1 188 0 0 
27745 1219 188 193 188 13 1 188 0 0 
27750 1221 185 180 185 13 1 185 0 0 
27755 1221 177 173 177 13 1 177 0 0 
27760 1221 173 160 173 13 1 173 0 0 
27765 1222 165 148 165 13 1 165 0 0 
27770 1222 162 148 162 13 1 162 0 0 
27775 1222 162 145 162 13 1 162 0 0 
27780 1224 158 133 158 13 1 158 0 0 
27785 1226 158 133 158 13 1 158 0 0 
27790 1226 150 123 150 13 1 150 0 0 
27795 1226 143 120 143 13 1 143 0 0 
27800 1226 135 120 135 13 1 135 0 0 
27805 1228 120 118 120 13 1 120 0 0 
27810 1228 110 108 110 13 1 110 0 0 
27815 1230 98 105 98 13 1 98 0 0 
27820 1230 90 100 90 13 1 90 0 0 
27825 1230 83 88 83 13 1 83 0 0 
27830 1230 80 83 80 13 1 80 0 0 
27835 1230 72 83 72 13 1 72 0 0 
27840 1230 65 78 65 13 1 65 0 0 
27845 1232 53 70 53 13 1 53 0 0 
27850 1232 42 63 42 13 1 42 0 0 
27855 1232 30 55 30 13 1 30 0 0 
27860 1232 20 53 20 13 1 20 0 0 
27865 1232 8 48 8 13 1 8 0 0 
27870 1233 -5 30 -5 13 1 -5 0 0 
27875 1233 -12 18 -12 13 1 -12 0 0 
27880 1233 -20 3 -20 13 1 -20 0 0 
27885 1232 -30 -3 -30 13 1 -30 0 0 
27890 1233 -42 -18 -42 13 1 -42 0 0 
27895 1233 -53 -48 -53 13 1 -53 0 0 
27900 1233 -60 -75 -60 13 1 -60 0 0 
27905 1232 -75 -108 -75 13 1 -75 0 0 
27910 1232 -87 -135 -87 13 1 -87 0 0 
27915 1232 -102 -158 -102 13 1 -102 0 0 
27920 1230 -110 -188 -110 13 1 -110 0 0 
27925 1230 -110 -228 -110 13 1 -110 0 0 
27930 1228 -110 -265 -110 13 1 -110 0 0 
27935 1228 -117 -300 -117 13 1 -117 0 0 
27940 1224 -120 -343 -120 13 1 -120 0 0 
27945 1222 -128 -395 -128 13 1 -128 0 0 
27950 1221 -140 -443 -140 13 1 -140 0 0 
27955 1219 -147 -488 -147 14 1 -147 0 0 
27960 1217 -158 -533 -158 14 1 -158 0 0 
27965 1213 -162 -585 -162 14 1 -162 0 0 
27970 1210 -170 -598 -170 14 1 -170 0 0 
27975 1208 -170 -600 -170 14 1 -170 0 0 
27980 1204 -170 -600 -170 14 1 -170 0 0 
27985 1201 -177 -600 -177 14 1 -177 0 0 
27990 1197 -188 -600 -188 14 1 -188 0 0 
27995 1195 -210 -600 -210 14 1 -210 0 0 
28000 1192 -233 -600 -233 14 1 -233 0 0 
28005 1188 -267 -600 -267 14 1 -267 0 0 
28010 1186 -293 -600 -293 14 1 -293 0 0 
28015 1183 -315 -598 -315 14 1 -315 0 0 
28020 1181 -327 -600 -327 14 1 -327 0 0 
28025 1175 -335 -600 -335 14 1 -335 0 0 
28030 1174 -330 -600 -330 14 1 -330 0 0 
28035 1170 -323 -600 -323 14 1 -323 0 0 
28040 1166 -315 -598 -315 14 1 -315 0 0 
28045 1164 -315 -600 -315 14 1 -315 0 0 
28050 1161 -323 -598 -323 14 1 -323 0 0 
28055 1159 -330 -598 -330 14 1 -330 0 0 
28060 1155 -342 -600 -342 14 1 -342 0 0 
28065 1152 -353 -598 -353 14 1 -353 0 0 
28070 1148 -365 -600 -365 14 1 -365 0 0 
28075 1146 -368 -600 -368 14 1 -368 0 0 
28080 1143 -372 -600 -372 14 1 -372 0 0 
28085 1141 -372 -600 -372 14 1 -372 0 0 
28090 1137 -372 -598 -372 14 1 -372 0 0 
28095 1134 -375 -600 -375 14 1 -375 0 0 
28100 1132 -375 -598 -375 14 1 -375 0 0 
28105 1128 -375 -600 -375 14 1 -375 0 0 
28110 1125 -380 -600 -380 14 1 -380 0 0 
28115 1123 -383 -600 -383 14 1 -383 0 0 
28120 1119 -387 -600 -387 14 1 -387 0 0 
28125 1115 -395 -598 -395 14 1 -395 0 0 
28130 1112 -402 -600 -402 14 1 -402 0 0 
28135 1109 -402 -600 -402 14 1 -402 0 0 
28140 1105 -410 -600 -410 14 1 -410 0 0 
28145 1102 -413 -600 -413 14 1 -413 0 0 
28150 1100 -420 -598 -420 14 1 -420 0 0 
28155 1096 -420 -600 -420 14 1 -420 0 0 
28160 1095 -425 -600 -425 14 1 -425 0 0 
28165 1089 -428 -600 -428 14 1 -428 0 0 
28170 1087 -428 -600 -428 14 1 -428 0 0 
28175 1084 -432 -600 -432 14 1 -432 0 0 
28180 1082 -432 -600 -432 14 1 -432 0 0 
28185 1078 -432 -600 -432 14 1 -432 0 0 
28190 1075 -435 -600 -435 14 1 -435 0 0 
28195 1073 -440 -600 -440 14 1 -440 0 0 
28200 1069 -440 -598 -440 14 1 -440 0 0 
28205 1069 -443 -600 -443 14 1 -443 0 0 
28210 1062 -443 -598 -443 14 1 -443 0 0 
28215 1058 -443 -600 -443 14 1 -443 0 0 
28220 1056 -447 -600 -447 14 1 -447 0 0 
28225 1053 -447 -600 -447 14 1 -447 0 0 
28230 1051 -447 -600 -447 14 1 -447 0 0 
28235 1047 -450 -600 -450 14 1 -450 0 0 
28240 1044 -450 -600 -450 14 1 -450 0 0 
28245 1040 -450 -600 -450 14 1 -450 0 0 
28250 1038 -450 -600 -450 14 1 -450 0 0 
28255 1035 -450 -600 -450 14 1 -450 0 0 
28260 1033 -450 -600 -450 14 1 -450 0 0 
28265 1029 -450 -598 -450 14 1 -450 0 0 
28270 1026 -450 -598 -450 14 1 -450 0 0 
28275 1024 -450 -600 -450 14 1 -450 0 0 
28280 1020 -450 -600 -450 14 1 -450 0 0 
28285 1018 -450 -600 -450 14 1 -450 0 0 
28290 1015 -450 -600 -450 14 1 -450 0 0 
28295 1011 -450 -600 -450 14 1 -450 0 0 
28300 1009 -450 -600 -450 14 1 -450 0 0 
28305 1006 -447 -600 -447 14 1 -447 0 0 
28310 1002 -447 -600 -447 14 1 -447 0 0 
28315 1000 -447 -598 -447 14 1 -447 0 0 
28320 997 -443 -600 -443 14 1 -443 0 0 
28325 993 -443 -600 -443 14 1 -443 0 0 
28330 991 -440 -600 -440 14 1 -440 0 0 
28335 988 -440 -600 -440 14 1 -440 0 0 
28340 986 -435 -600 -435 14 1 -435 0 0 
28345 982 -435 -600 -435 14 1 -435 0 0 
28350 978 -432 -598 -432 14 1 -432 0 0 
28355 977 -432 -600 -432 14 1 -432 0 0 
28360 973 -435 -600 -435 14 1 -435 0 0 
28365 969 -432 -598 -432 14 1 -432 0 0 
28370 968 -435 -600 -435 14 1 -435 0 0 
28375 964 -435 -598 -435 14 1 -435 0 0 
28380 962 -435 -600 -435 14 1 -435 0 0 
28385 957 -435 -600 -435 14 1 -435 0 0 
28390 955 -435 -600 -435 14 1 -435 0 0 
28395 951 -435 -600 -435 14 1 -435 0 0 
28400 949 -435 -598 -435 14 1 -435 0 0 
28405 946 -435 -600 -435 14 1 -435 0 0 
28410 942 -435 -600 -435 14 1 -435 0 0 
28415 940 -435 -600 -435 14 1 -435 0 0 
28420 937 -435 -600 -435 14 1 -435 0 0 
28425 933 -435 -600 -435 14 1 -435 0 0 
28430 931 -432 -600 -432 14 1 -432 0 0 
28435 928 -432 -600 -432 14 1 -432 0 0 
28440 926 -432 -600 -432 14 1 -432 0 0 
28445 922 -428 -600 -428 14 1 -428 0 0 
28450 919 -432 -600 -432 14 1 -432 0 0 
28455 917 -432 -598 -432 14 1 -432 0 0 
28460 913 -435 -600 -435 14 1 -435 0 0 
28465 910 -435 -600 -435 14 1 -435 0 0 
28470 906 -435 -598 -435 14 1 -435 0 0 
28475 904 -435 -600 -435 14 1 -435 0 0 
28480 900 -435 -600 -435 14 1 -435 0 0 
28485 897 -435 -600 -435 14 1 -435 0 0 
28490 895 -440 -600 -440 14 1 -440 0 0 
28495 891 -440 -600 -440 14 1 -440 0 0 
28500 888 -443 -600 -443 14 1 -443 0 0 
28505 885 -447 -600 -447 14 1 -447 0 0 
28510 881 -443 -600 -443 14 1 -443 0 0 
28515 878 -443 -600 -443 14 1 -443 0 0 
28520 876 -443 -600 -443 14 1 -443 0 0 
28525 872 -447 -598 -447 14 1 -447 0 0 
28530 869 -447 -600 -447 14 1 -447 0 0 
28535 867 -450 -600 -450 14 1 -450 0 0 
28540 863 -450 -600 -450 14 1 -450 0 0 
28545 860 -455 -600 -455 14 1 -455 0 0 
28550 858 -455 -600 -455 14 1 -455 0 0 
28555 854 -455 -600 -455 14 1 -455 0 0 
28560 852 -455 -600 -455 14 1 -455 0 0 
28565 849 -450 -600 -450 14 1 -450 0 0 
28570 845 -450 -600 -450 14 1 -450 0 0 
28575 843 -455 -600 -455 14 1 -455 0 0 
28580 840 -455 -600 -455 14 1 -455 0 0 
28585 836 -458 -598 -458 14 1 -458 0 0 
28590 832 -458 -600 -458 14 1 -458 0 0 
28595 831 -455 -600 -455 14 1 -455 0 0 
28600 827 -455 -600 -455 14 1 -455 0 0 
28605 823 -450 -600 -450 14 1 -450 0 0 
28610 821 -447 -600 -447 14 1 -447 0 0 
28615 818 -443 -600 -443 14 1 -443 0 0 
28620 814 -440 -600 -440 14 1 -440 0 0 
28625 812 -440 -600 -440 14 1 -440 0 0 
28630 809 -435 -598 -435 14 1 -435 0 0 
28635 805 -440 -600 -440 14 1 -440 0 0 
28640 803 -440 -598 -440 14 1 -440 0 0 
28645 800 -440 -600 -440 14 1 -440 0 0 
28650 798 -440 -600 -440 14 1 -440 0 0 
28655 794 -443 -600 -443 14 1 -443 0 0 
28660 792 -443 -600 -443 14 1 -443 0 0 
28665 789 -443 -600 -443 14 1 -443 0 0 
28670 785 -447 -600 -447 14 1 -447 0 0 
28675 782 -447 -598 -447 14 1 -447 0 0 
28680 780 -447 -598 -447 14 1 -447 0 0 
28685 776 -447 -600 -447 14 1 -447 0 0 
28690 774 -450 -598 -450 14 1 -450 0 0 
28695 771 -450 -598 -450 14 1 -450 0 0 
28700 767 -450 -600 -450 14 1 -450 0 0 
28705 765 -450 -600 -450 14 1 -450 0 0 
28710 762 -450 -600 -450 14 1 -450 0 0 
28715 758 -447 -600 -447 14 1 -447 0 0 
28720 756 -447 -600 -447 14 1 -447 0 0 
28725 753 -447 -600 -447 14 1 -447 0 0 
28730 749 -447 -600 -447 14 1 -447 0 0 
28735 747 -447 -598 -447 14 1 -447 0 0 
28740 743 -447 -600 -447 14 1 -447 0 0 
28745 740 -450 -600 -450 14 1 -450 0 0 
28750 738 -450 -598 -450 14 1 -450 0 0 
28755 734 -455 -598 -455 14 1 -455 0 0 
28760 733 -455 -598 -455 14 1 -455 0 0 
28765 729 -455 -600 -455 14 1 -455 0 0 
28770 725 -455 -600 -455 14 1 -455 0 0 
28775 722 -455 -598 -455 14 1 -455 0 0 
28780 720 -455 -600 -455 14 1 -455 0 0 
28785 716 -455 -600 -455 14 1 -455 0 0 
28790 713 -455 -600 -455 14 1 -455 0 0 
28795 711 -458 -600 -458 14 1 -458 0 0 
28800 707 -458 -600 -458 14 1 -458 0 0 
28805 705 -462 -598 -462 14 1 -462 0 0 
28810 702 -462 -600 -462 14 1 -462 0 0 
28815 698 -465 -600 -465 14 1 -465 0 0 
28820 695 -465 -600 -465 14 1 -465 0 0 
28825 693 -465 -598 -465 14 1 -465 0 0 
28830 689 -462 -600 -462 14 1 -462 0 0 
28835 687 -462 -600 -462 14 1 -462 0 0 
28840 684 -462 -600 -462 14 1 -462 0 0 
28845 680 -462 -600 -462 14 1 -462 0 0 
28850 676 -465 -600 -465 14 1 -465 0 0 
28855 675 -465 -598 -465 14 1 -465 0 0 
28860 671 -470 -600 -470 14 1 -470 0 0 
28865 669 -470 -598 -470 14 1 -470 0 0 
28870 666 -470 -598 -470 14 1 -470 0 0 
28875 661 -470 -600 -470 14 1 -470 0 0 
28880 657 -465 -600 -465 14 1 -465 0 0 
28885 655 -458 -600 -458 14 1 -458 0 0 
28890 652 -455 -600 -455 14 1 -455 0 0 
28895 648 -450 -600 -450 14 1 -450 0 0 
28900 646 -450 -598 -450 14 1 -450 0 0 
28905 643 -450 -600 -450 14 1 -450 0 0 
28910 639 -450 -600 -450 14 1 -450 0 0 
28915 637 -455 -600 -455 14 1 -455 0 0 
28920 634 -455 -600 -455 14 1 -455 0 0 
28925 632 -455 -598 -455 14 1 -455 0 0 
28930 628 -450 -598 -450 14 1 -450 0 0 
28935 625 -447 -600 -447 14 1 -447 0 0 
28940 621 -443 -600 -443 14 1 -443 0 0 
28945 619 -443 -600 -443 14 1 -443 0 0 
28950 616 -440 -598 -440 14 1 -440 0 0 
28955 612 -440 -600 -440 14 1 -440 0 0 
28960 610 -440 -600 -440 14 1 -440 0 0 
28965 608 -440 -598 -440 14 1 -440 0 0 
28970 603 -435 -600 -435 14 1 -435 0 0 
28975 601 -435 -600 -435 14 1 -435 0 0 
28980 597 -432 -600 -432 14 1 -432 0 0 
28985 594 -432 -600 -432 14 1 -432 0 0 
28990 592 -432 -600 -432 14 1 -432 0 0 
28995 588 -428 -600 -428 14 1 -428 0 0 
29000 587 -425 -600 -425 14 1 -425 0 0 
29005 583 -425 -600 -425 14 1 -425 0 0 
29010 579 -425 -600 -425 14 1 -425 0 0 
29015 577 -425 -598 -425 14 1 -425 0 0 
29020 574 -425 -600 -425 14 1 -425 0 0 
29025 572 -425 -600 -425 14 1 -425 0 0 
29030 568 -425 -600 -425 14 1 -425 0 0 
29035 565 -425 -600 -425 14 1 -425 0 0 
29040 563 -420 -600 -420 14 1 -420 0 0 
29045 559 -420 -600 -420 14 1 -420 0 0 
29050 556 -417 -600 -417 14 1 -417 0 0 
29055 552 -417 -598 -417 14 1 -417 0 0 
29060 550 -417 -600 -417 14 1 -417 0 0 
29065 548 -413 -600 -413 14 1 -413 0 0 
29070 545 -413 -598 -413 14 1 -413 0 0 
29075 541 -413 -600 -413 14 1 -413 0 0 
29080 538 -413 -600 -413 14 1 -413 0 0 
29085 536 -417 -600 -417 14 1 -417 0 0 
29090 532 -417 -600 -417 14 1 -417 0 0 
29095 530 -417 -600 -417 14 1 -417 0 0 
29100 527 -417 -600 -417 14 1 -417 0 0 
29105 523 -417 -600 -417 14 1 -417 0 0 
29110 519 -413 -600 -413 14 1 -413 0 0 
29115 518 -413 -598 -413 14 1 -413 0 0 
29120 514 -410 -600 -410 14 1 -410 0 0 
29125 510 -410 -600 -410 14 1 -410 0 0 
29130 507 -410 -598 -410 14 1 -410 0 0 
29135 503 -405 -600 -405 14 1 -405 0 0 
29140 501 -405 -600 -405 14 1 -405 0 0 
29145 498 -405 -600 -405 14 1 -405 0 0 
29150 494 -405 -600 -405 14 1 -405 0 0 
29155 492 -405 -600 -405 14 1 -405 0 0 
29160 489 -402 -600 -402 14 1 -402 0 0 
29165 487 -402 -600 -402 14 1 -402 0 0 
29170 483 -402 -600 -402 14 1 -402 0 0 
29175 480 -398 -598 -398 14 1 -398 0 0 
29180 478 -398 -600 -398 14 1 -398 0 0 
29185 474 -398 -600 -398 14 1 -398 0 0 
29190 470 -398 -600 -398 14 1 -398 0 0 
29195 469 -398 -600 -398 14 1 -398 0 0 
29200 465 -395 -600 -395 14 1 -395 0 0 
29205 463 -395 -600 -395 14 1 -395 0 0 
29210 460 -395 -600 -395 14 1 -395 0 0 
29215 456 -395 -600 -395 14 1 -395 0 0 
29220 454 -395 -598 -395 14 1 -395 0 0 
29225 451 -395 -600 -395 14 1 -395 0 0 
29230 447 -395 -600 -395 14 1 -395 0 0 
29235 445 -395 -598 -395 14 1 -395 0 0 
29240 441 -395 -600 -395 14 1 -395 0 0 
29245 439 -395 -600 -395 14 1 -395 0 0 
29250 435 -398 -600 -398 14 1 -398 0 0 
29255 431 -395 -600 -395 14 1 -395 0 0 
29260 430 -395 -600 -395 14 1 -395 0 0 
29265 426 -395 -600 -395 14 1 -395 0 0 
29270 422 -390 -598 -390 14 1 -390 0 0 
29275 420 -387 -600 -387 14 1 -387 0 0 
29280 417 -387 -598 -387 14 1 -387 0 0 
29285 413 -383 -598 -383 14 1 -383 0 0 
29290 410 -383 -600 -383 14 1 -383 0 0 
29295 406 -383 -600 -383 14 1 -383 0 0 
29300 404 -383 -600 -383 14 1 -383 0 0 
29305 402 -383 -600 -383 14 1 -383 0 0 
29310 399 -380 -600 -380 14 1 -380 0 0 
29315 395 -380 -598 -380 14 1 -380 0 0 
29320 391 -380 -598 -380 14 1 -380 0 0 
29325 390 -380 -600 -380 14 1 -380 0 0 
29330 386 -380 -600 -380 14 1 -380 0 0 
29335 382 -375 -600 -375 14 1 -375 0 0 
29340 381 -375 -598 -375 14 1 -375 0 0 
29345 377 -372 -598 -372 14 1 -372 0 0 
29350 373 -372 -600 -372 14 1 -372 0 0 
29355 372 -368 -600 -368 14 1 -368 0 0 
29360 368 -368 -600 -368 14 1 -368 0 0 
29365 366 -368 -598 -368 14 1 -368 0 0 
29370 362 -368 -600 -368 14 1 -368 0 0 
29375 359 -365 -600 -365 14 1 -365 0 0 
29380 357 -368 -600 -368 14 1 -368 0 0 
29385 353 -368 -600 -368 14 1 -368 0 0 
29390 350 -368 -600 -368 14 1 -368 0 0 
29395 348 -368 -598 -368 14 1 -368 0 0 
29400 344 -365 -598 -365 14 1 -365 0 0 
29405 341 -360 -600 -360 14 1 -360 0 0 
29410 339 -357 -598 -357 14 1 -357 0 0 
29415 335 -357 -600 -357 14 1 -357 0 0 
29420 333 -353 -600 -353 14 1 -353 0 0 
29425 330 -350 -600 -350 14 1 -350 0 0 
29430 326 -353 -598 -353 14 1 -353 0 0 
29435 324 -353 -600 -353 14 1 -353 0 0 
29440 321 -353 -600 -353 14 1 -353 0 0 
29445 317 -353 -600 -353 14 1 -353 0 0 
29450 315 -353 -600 -353 14 1 -353 0 0 
29455 312 -350 -598 -350 14 1 -350 0 0 
29460 308 -350 -598 -350 14 1 -350 0 0 
29465 306 -345 -600 -345 14 1 -345 0 0 
29470 303 -342 -600 -342 14 1 -342 0 0 
29475 299 -342 -600 -342 14 1 -342 0 0 
29480 297 -338 -600 -338 14 1 -338 0 0 
29485 294 -338 -598 -338 14 1 -338 0 0 
29490 290 -338 -600 -338 14 1 -338 0 0 
29495 288 -338 -598 -338 14 1 -338 0 0 
29500 284 -338 -600 -338 14 1 -338 0 0 
29505 283 -338 -600 -338 14 1 -338 0 0 
29510 277 -338 -598 -338 14 1 -338 0 0 
29515 275 -335 -600 -335 14 1 -335 0 0 
29520 272 -330 -600 -330 14 1 -330 0 0 
29525 270 -330 -600 -330 14 1 -330 0 0 
29530 266 -330 -600 -330 14 1 -330 0 0 
29535 263 -327 -600 -327 14 1 -327 0 0 
29540 261 -323 -600 -323 14 1 -323 0 0 
29545 257 -323 -600 -323 14 1 -323 0 0 
29550 254 -323 -598 -323 14 1 -323 0 0 
29555 250 -323 -598 -323 14 1 -323 0 0 
29560 248 -323 -598 -323 14 1 -323 0 0 
29565 245 -323 -600 -323 14 1 -323 0 0 
29570 241 -323 -600 -323 14 1 -323 0 0 
29575 239 -323 -600 -323 14 1 -323 0 0 
29580 236 -323 -598 -323 14 1 -323 0 0 
29585 232 -323 -600 -323 14 1 -323 0 0 
29590 228 -320 -600 -320 14 1 -320 0 0 
29595 226 -323 -600 -323 14 1 -323 0 0 
29600 223 -320 -600 -320 14 1 -320 0 0 
29605 221 -315 -600 -315 14 1 -315 0 0 
29610 216 -315 -600 -315 14 1 -315 0 0 
29615 213 -315 -598 -315 14 1 -315 0 0 
29620 211 -315 -600 -315 14 1 -315 0 0 
29625 209 -315 -600 -315 14 1 -315 0 0 
29630 204 -312 -598 -312 14 1 -312 0 0 
29635 202 -312 -598 -312 14 1 -312 0 0 
29640 198 -312 -600 -312 14 1 -312 0 0 
29645 196 -308 -600 -308 14 1 -308 0 0 
29650 193 -308 -598 -308 14 1 -308 0 0 
29655 189 -308 -600 -308 14 1 -308 0 0 
29660 186 -308 -598 -308 14 1 -308 0 0 
29665 184 -305 -600 -305 14 1 -305 0 0 
29670 180 -305 -600 -305 14 1 -305 0 0 
29675 176 -305 -600 -305 14 1 -305 0 0 
29680 175 -300 -598 -300 14 1 -300 0 0 
29685 171 -297 -598 -297 14 1 -297 0 0 
29690 169 -297 -600 -297 14 1 -297 0 0 
29695 166 -293 -600 -293 14 1 -293 0 0 
29700 164 -293 -598 -293 14 1 -293 0 0 
29705 160 -293 -598 -293 14 1 -293 0 0 
29710 157 -293 -600 -293 14 1 -293 0 0 
29715 153 -290 -600 -290 14 1 -290 0 0 
29720 151 -290 -600 -290 14 1 -290 0 0 
29725 147 -290 -598 -290 14 1 -290 0 0 
29730 144 -290 -598 -290 14 1 -290 0 0 
29735 142 -285 -600 -285 14 1 -285 0 0 
29740 140 -285 -600 -285 14 1 -285 0 0 
29745 137 -282 -600 -282 14 1 -282 0 0 
29750 133 -275 -600 -275 14 1 -275 0 0 
29755 129 -270 -600 -270 14 1 -270 0 0 
29760 127 -263 -598 -263 14 1 -263 0 0 
29765 124 -260 -598 -260 14 1 -260 0 0 
29770 120 -252 -600 -252 14 1 -252 0 0 
29775 118 -252 -593 -252 14 1 -252 0 0 
29780 115 -248 -580 -248 14 1 -248 0 0 
29785 111 -248 -573 -248 14 1 -248 0 0 
29790 109 -245 -563 -245 14 1 -245 0 0 
29795 106 -245 -553 -245 14 1 -245 0 0 
29800 104 -245 -548 -245 14 1 -245 0 0 
29805 102 -248 -540 -248 14 1 -248 0 0 
29810 98 -252 -525 -252 14 1 -252 0 0 
29815 95 -252 -523 -252 14 1 -252 0 0 
29820 93 -245 -513 -245 14 1 -245 0 0 
29825 91 -240 -498 -240 14 1 -240 0 0 
29830 88 -225 -493 -225 14 1 -225 0 0 
29835 86 -218 -480 -218 14 1 -218 0 0 
29840 84 -207 -473 -207 14 1 -207 0 0 
29845 82 -203 -463 -203 14 1 -203 0 0 
29850 79 -200 -450 -200 14 1 -200 0 0 
29855 75 -192 -445 -192 14 1 -192 0 0 
29860 75 -188 -435 -188 14 1 -188 0 0 
29865 71 -180 -433 -180 14 1 -180 0 0 
29870 69 -170 -415 -170 14 1 -170 0 0 
29875 68 -162 -408 -162 14 1 -162 0 0 
29880 66 -150 -395 -150 14 1 -150 0 0 
29885 64 -143 -393 -143 14 1 -143 0 0 
29890 62 -132 -375 -132 14 1 -132 0 0 
29895 59 -125 -370 -125 14 1 -125 0 0 
29900 57 -117 -365 -117 14 1 -117 0 0 
29905 55 -113 -355 -113 14 1 -113 0 0 
29910 53 -105 -338 -105 14 1 -105 0 0 
29915 53 -102 -333 -102 14 1 -102 0 0 
29920 50 -98 -323 -98 14 1 -98 0 0 
29925 50 -98 -318 -98 14 1 -98 0 0 
29930 48 -90 -305 -90 14 1 -90 0 0 
29935 46 -87 -298 -87 14 1 -87 0 0 
29940 44 -80 -290 -80 14 1 -80 0 0 
29945 42 -75 -278 -75 14 1 -75 0 0 
29950 42 -65 -265 -65 14 1 -65 0 0 
29955 40 -60 -263 -60 14 1 -60 0 0 
29960 39 -57 -250 -57 14 1 -57 0 0 
29965 37 -57 -248 -57 14 1 -57 0 0 
29970 37 -53 -233 -53 14 1 -53 0 0 
29975 35 -53 -225 -53 14 1 -53 0 0 
29980 33 -45 -213 -45 14 1 -45 0 0 
29985 33 -42 -208 -42 14 1 -42 0 0 
29990 31 -30 -193 -30 14 1 -30 0 0 
29995 31 -23 -180 -23 14 1 -23 0 0 
30000 30 -12 -173 -12 14 1 -12 0 0 
30005 30 -8 -170 -8 14 1 -8 0 0 
30010 30 0 -160 0 14 1 0 0 0 
30015 28 8 -148 8 14 1 8 0 0 
30020 28 12 -135 12 14 1 12 0 0 
30025 26 20 -123 20 14 1 20 0 0 
30030 26 30 -108 30 14 1 30 0 0 
30035 24 38 -93 38 14 1 38 0 0 
30040 24 50 -78 50 14 1 50 0 0 
30045 24 53 -63 53 14 1 53 0 0 
30050 24 60 -38 60 14 1 60 0 0 
30055 24 65 -15 65 14 1 65 0 0 
30060 24 72 0 72 14 1 72 0 0 
30065 24 75 10 75 14 1 75 0 0 
30070 24 83 40 83 14 1 83 0 0 
30075 24 87 68 87 14 1 87 0 0 
30080 26 90 95 90 14 1 90 0 0 
30085 26 98 128 98 14 1 98 0 0 
30090 26 110 155 110 14 1 110 0 0 
30095 26 117 185 117 14 1 117 0 0 
30100 28 117 218 117 14 1 117 0 0 
30105 30 117 250 117 14 1 117 0 0 
30110 31 117 298 117 14 1 117 0 0 
30115 31 120 330 120 14 1 120 0 0 
30120 33 128 365 128 14 1 128 0 0 
30125 35 135 398 135 14 1 135 0 0 
30130 37 135 443 135 14 1 135 0 0 
30135 39 135 480 135 15 1 135 0 0 
30140 42 135 523 135 15 1 135 0 0 
30145 44 135 565 135 15 1 135 0 0 
30150 48 140 593 140 15 1 140 0 0 
30155 51 143 600 143 15 1 143 0 0 
30160 53 147 600 147 15 1 147 0 0 
30165 57 147 600 147 15 1 147 0 0 
30170 60 150 600 150 15 1 150 0 0 
30175 64 158 600 158 15 1 158 0 0 
30180 66 177 600 177 15 1 177 0 0 
30185 68 203 600 203 15 1 203 0 0 
30190 73 233 600 233 15 1 233 0 0 
30195 75 245 600 245 15 1 245 0 0 
30200 79 252 603 252 15 1 252 0 0 
30205 80 245 600 245 15 1 245 0 0 
30210 86 233 600 233 15 1 233 0 0 
30215 88 222 603 222 15 1 222 0 0 
30220 91 218 600 218 15 1 218 0 0 
30225 95 222 603 222 15 1 222 0 0 
30230 97 233 600 233 15 1 233 0 0 
30235 100 237 600 237 15 1 237 0 0 
30240 102 245 600 245 15 1 245 0 0 
30245 106 248 600 248 15 1 248 0 0 
30250 109 245 600 245 15 1 245 0 0 
30255 113 245 600 245 15 1 245 0 0 
30260 115 240 600 240 15 1 240 0 0 
30265 118 245 600 245 15 1 245 0 0 
30270 122 248 600 248 15 1 248 0 0 
30275 124 252 600 252 15 1 252 0 0 
30280 127 252 600 252 15 1 252 0 0 
30285 129 255 600 255 15 1 255 0 0 
30290 133 252 600 252 15 1 252 0 0 
30295 137 252 600 252 15 1 252 0 0 
30300 138 252 603 252 15 1 252 0 0 
30305 142 255 600 255 15 1 255 0 0 
30310 146 255 600 255 15 1 255 0 0 
30315 147 260 603 260 15 1 260 0 0 
30320 151 260 603 260 15 1 260 0 0 
30325 153 260 600 260 15 1 260 0 0 
30330 157 260 600 260 15 1 260 0 0 
30335 160 260 600 260 15 1 260 0 0 
30340 164 260 600 260 15 1 260 0 0 
30345 166 260 600 260 15 1 260 0 0 
30350 169 260 600 260 15 1 260 0 0 
30355 173 263 600 263 15 1 263 0 0 
30360 175 263 600 263 15 1 263 0 0 
30365 178 260 600 260 15 1 260 0 0 
30370 182 260 600 260 15 1 260 0 0 
30375 184 260 603 260 15 1 260 0 0 
30380 187 260 600 260 15 1 260 0 0 
30385 191 260 600 260 15 1 260 0 0 
30390 193 260 603 260 15 1 260 0 0 
30395 196 263 600 263 15 1 263 0 0 
30400 200 263 600 263 15 1 263 0 0 
30405 202 263 600 263 15 1 263 0 0 
30410 205 263 600 263 15 1 263 0 0 
30415 207 263 600 263 15 1 263 0 0 
30420 211 260 603 260 15 1 260 0 0 
30425 215 260 600 260 15 1 260 0 0 
30430 216 260 600 260 15 1 260 0 0 
30435 223 260 600 260 15 1 260 0 0 
30440 225 260 603 260 15 1 260 0 0 
30445 228 260 603 260 15 1 260 0 0 
30450 230 260 600 260 15 1 260 0 0 
30455 234 260 600 260 15 1 260 0 0 
30460 237 255 603 255 15 1 255 0 0 
30465 239 255 600 255 15 1 255 0 0 
30470 241 255 600 255 15 1 255 0 0 
30475 246 260 600 260 15 1 260 0 0 
30480 248 260 600 260 15 1 260 0 0 
30485 250 260 600 260 15 1 260 0 0 
30490 255 260 600 260 15 1 260 0 0 
30495 257 260 600 260 15 1 260 0 0 
30500 261 255 600 255 15 1 255 0 0 
30505 265 255 600 255 15 1 255 0 0 
30510 268 255 600 255 15 1 255 0 0 
30515 270 260 603 260 15 1 260 0 0 
30520 274 260 600 260 15 1 260 0 0 
30525 275 260 600 260 15 1 260 0 0 
30530 279 260 600 260 15 1 260 0 0 
30535 283 260 600 260 15 1 260 0 0 
30540 286 260 603 260 15 1 260 0 0 
30545 288 260 603 260 15 1 260 0 0 
30550 292 260 603 260 15 1 260 0 0 
30555 295 263 603 263 15 1 263 0 0 
30560 297 267 603 267 15 1 267 0 0 
30565 301 267 600 267 15 1 267 0 0 
30570 304 267 600 267 15 1 267 0 0 
30575 306 267 603 267 15 1 267 0 0 
30580 310 267 603 267 15 1 267 0 0 
30585 313 267 600 267 15 1 267 0 0 
30590 317 263 600 263 15 1 263 0 0 
30595 319 263 600 263 15 1 263 0 0 
30600 323 260 600 260 15 1 260 0 0 
30605 324 260 600 260 15 1 260 0 0 
30610 328 260 603 260 15 1 260 0 0 
30615 332 255 600 255 15 1 255 0 0 
30620 335 255 603 255 15 1 255 0 0 
30625 337 255 600 255 15 1 255 0 0 
30630 341 255 600 255 15 1 255 0 0 
30635 343 255 603 255 15 1 255 0 0 
30640 346 255 603 255 15 1 255 0 0 
30645 350 255 600 255 15 1 255 0 0 
30650 352 260 600 260 15 1 260 0 0 
30655 355 260 600 260 15 1 260 0 0 
30660 359 260 600 260 15 1 260 0 0 
30665 361 260 600 260 15 1 260 0 0 
30670 364 255 600 255 15 1 255 0 0 
30675 368 255 600 255 15 1 255 0 0 
30680 372 255 603 255 15 1 255 0 0 
30685 375 255 600 255 15 1 255 0 0 
30690 377 255 600 255 15 1 255 0 0 
30695 381 255 600 255 15 1 255 0 0 
30700 382 255 600 255 15 1 255 0 0 
30705 386 255 603 255 15 1 255 0 0 
30710 388 255 603 255 15 1 255 0 0 
30715 391 255 600 255 15 1 255 0 0 
30720 395 255 600 255 15 1 255 0 0 
30725 397 255 600 255 15 1 255 0 0 
30730 401 255 603 255 15 1 255 0 0 
30735 404 252 600 252 15 1 252 0 0 
30740 408 252 600 252 15 1 252 0 0 
30745 410 252 600 252 15 1 252 0 0 
30750 413 252 600 252 15 1 252 0 0 
30755 417 252 603 252 15 1 252 0 0 
30760 419 252 600 252 15 1 252 0 0 
30765 422 252 600 252 15 1 252 0 0 
30770 424 252 600 252 15 1 252 0 0 
30775 428 248 603 248 15 1 248 0 0 
30780 431 248 600 248 15 1 248 0 0 
30785 435 248 600 248 15 1 248 0 0 
30790 437 252 600 252 15 1 252 0 0 
30795 441 252 600 252 15 1 252 0 0 
30800 445 252 600 252 15 1 252 0 0 
30805 447 252 600 252 15 1 252 0 0 
30810 451 252 600 252 15 1 252 0 0 
30815 454 252 603 252 15 1 252 0 0 
30820 456 252 600 252 15 1 252 0 0 
30825 460 255 603 255 15 1 255 0 0 
30830 461 255 600 255 15 1 255 0 0 
30835 465 255 600 255 15 1 255 0 0 
30840 469 252 603 252 15 1 252 0 0 
30845 472 252 600 252 15 1 252 0 0 
30850 474 252 600 252 15 1 252 0 0 
30855 478 252 600 252 15 1 252 0 0 
30860 481 252 600 252 15 1 252 0 0 
30865 483 252 600 252 15 1 252 0 0 
30870 487 252 600 252 15 1 252 0 0 
30875 490 252 603 252 15 1 252 0 0 
30880 492 252 603 252 15 1 252 0 0 
30885 496 252 603 252 15 1 252 0 0 
30890 498 252 600 252 15 1 252 0 0 
30895 501 248 603 248 15 1 248 0 0 
30900 505 248 600 248 15 1 248 0 0 
30905 507 248 600 248 15 1 248 0 0 
30910 510 245 600 245 15 1 245 0 0 
30915 514 248 600 248 15 1 248 0 0 
30920 518 245 600 245 15 1 245 0 0 
30925 519 245 600 245 15 1 245 0 0 
30930 523 245 600 245 15 1 245 0 0 
30935 527 245 603 245 15 1 245 0 0 
30940 528 245 600 245 15 1 245 0 0 
30945 532 248 600 248 15 1 248 0 0 
30950 536 245 600 245 15 1 245 0 0 
30955 539 245 600 245 15 1 245 0 0 
30960 541 245 600 245 15 1 245 0 0 
30965 545 245 600 245 15 1 245 0 0 
30970 548 248 600 248 15 1 248 0 0 
30975 550 245 600 245 15 1 245 0 0 
30980 554 248 603 248 15 1 248 0 0 
30985 556 248 600 248 15 1 248 0 0 
30990 559 248 603 248 15 1 248 0 0 
30995 563 245 600 245 15 1 245 0 0 
31000 567 245 600 245 15 1 245 0 0 
31005 568 240 603 240 15 1 240 0 0 
31010 572 245 600 245 15 1 245 0 0 
31015 574 245 603 245 15 1 245 0 0 
31020 577 245 600 245 15 1 245 0 0 
31025 581 245 600 245 15 1 245 0 0 
31030 583 245 600 245 15 1 245 0 0 
31035 587 245 603 245 15 1 245 0 0 
31040 590 245 600 245 15 1 245 0 0 
31045 592 245 600 245 15 1 245 0 0 
31050 596 248 600 248 15 1 248 0 0 
31055 599 248 600 248 15 1 248 0 0 
31060 601 248 600 248 15 1 248 0 0 
31065 605 248 600 248 15 1 248 0 0 
31070 608 248 600 248 15 1 248 0 0 
31075 612 248 600 248 15 1 248 0 0 
31080 614 248 603 248 15 1 248 0 0 
31085 617 248 603 248 15 1 248 0 0 
31090 619 248 600 248 15 1 248 0 0 
31095 623 252 600 252 15 1 252 0 0 
31100 626 252 603 252 15 1 252 0 0 
31105 628 252 600 252 15 1 252 0 0 
31110 632 252 600 252 15 1 252 0 0 
31115 635 252 600 252 15 1 252 0 0 
31120 639 252 603 252 15 1 252 0 0 
31125 641 252 600 252 15 1 252 0 0 
31130 645 252 603 252 15 1 252 0 0 
31135 648 252 600 252 15 1 252 0 0 
31140 650 252 603 252 15 1 252 0 0 
31145 654 252 600 252 15 1 252 0 0 
31150 655 252 600 252 15 1 252 0 0 
31155 659 252 600 252 15 1 252 0 0 
31160 664 252 603 252 15 1 252 0 0 
31165 667 248 600 248 15 1 248 0 0 
31170 669 252 600 252 15 1 252 0 0 
31175 673 252 603 252 15 1 252 0 0 
31180 676 248 600 248 15 1 248 0 0 
31185 678 248 600 248 15 1 248 0 0 
31190 682 248 603 248 15 1 248 0 0 
31195 685 248 600 248 15 1 248 0 0 
31200 689 248 600 248 15 1 248 0 0 
31205 691 245 600 245 15 1 245 0 0 
31210 695 240 600 240 15 1 240 0 0 
31215 698 240 603 240 15 1 240 0 0 
31220 700 237 600 237 15 1 237 0 0 
31225 704 240 600 240 15 1 240 0 0 
31230 705 237 600 237 15 1 237 0 0 
31235 709 237 600 237 15 1 237 0 0 
31240 713 237 600 237 15 1 237 0 0 
31245 714 237 600 237 15 1 237 0 0 
31250 718 233 600 233 15 1 233 0 0 
31255 722 233 600 233 15 1 233 0 0 
31260 724 233 600 233 15 1 233 0 0 
31265 727 233 600 233 15 1 233 0 0 
31270 731 233 600 233 15 1 233 0 0 
31275 734 233 600 233 15 1 233 0 0 
31280 736 233 600 233 15 1 233 0 0 
31285 740 233 600 233 15 1 233 0 0 
31290 742 233 600 233 15 1 233 0 0 
31295 745 233 600 233 15 1 233 0 0 
31300 747 233 600 233 15 1 233 0 0 
31305 753 233 600 233 15 1 233 0 0 
31310 754 233 603 233 15 1 233 0 0 
31315 758 233 600 233 15 1 233 0 0 
31320 760 233 600 233 15 1 233 0 0 
31325 763 233 600 233 15 1 233 0 0 
31330 765 233 600 233 15 1 233 0 0 
31335 769 233 603 233 15 1 233 0 0 
31340 773 233 600 233 15 1 233 0 0 
31345 774 233 600 233 15 1 233 0 0 
31350 778 233 603 233 15 1 233 0 0 
31355 782 233 603 233 15 1 233 0 0 
31360 785 230 600 230 15 1 230 0 0 
31365 787 230 600 230 15 1 230 0 0 
31370 791 230 600 230 15 1 230 0 0 
31375 794 225 600 225 15 1 225 0 0 
31380 796 225 603 225 15 1 225 0 0 
31385 800 225 603 225 15 1 225 0 0 
31390 802 222 600 222 15 1 222 0 0 
31395 805 222 600 222 15 1 222 0 0 
31400 807 218 600 218 15 1 218 0 0 
31405 811 215 600 215 15 1 215 0 0 
31410 814 215 600 215 15 1 215 0 0 
31415 818 215 600 215 15 1 215 0 0 
31420 820 215 603 215 15 1 215 0 0 
31425 823 215 600 215 15 1 215 0 0 
31430 827 215 600 215 15 1 215 0 0 
31435 831 215 600 215 15 1 215 0 0 
31440 834 215 600 215 15 1 215 0 0 
31445 836 210 603 210 15 1 210 0 0 
31450 838 210 603 210 15 1 210 0 0 
31455 841 215 600 215 15 1 215 0 0 
31460 845 210 600 210 15 1 210 0 0 
31465 847 215 600 215 15 1 215 0 0 
31470 850 215 600 215 15 1 215 0 0 
31475 854 215 600 215 15 1 215 0 0 
31480 858 210 600 210 15 1 210 0 0 
31485 860 207 600 207 15 1 207 0 0 
31490 861 207 603 207 15 1 207 0 0 
31495 867 203 600 203 15 1 203 0 0 
31500 869 203 600 203 15 1 203 0 0 
31505 872 203 603 203 15 1 203 0 0 
31510 874 203 600 203 15 1 203 0 0 
31515 878 203 603 203 15 1 203 0 0 
31520 881 200 600 200 15 1 200 0 0 
31525 885 200 600 200 15 1 200 0 0 
31530 888 195 600 195 15 1 195 0 0 
31535 891 195 600 195 15 1 195 0 0 
31540 895 192 600 192 15 1 192 0 0 
31545 897 195 603 195 15 1 195 0 0 
31550 900 195 600 195 15 1 195 0 0 
31555 904 195 600 195 15 1 195 0 0 
31560 906 195 603 195 15 1 195 0 0 
31565 910 192 603 192 15 1 192 0 0 
31570 913 192 600 192 15 1 192 0 0 
31575 917 188 600 188 15 1 188 0 0 
31580 919 188 600 188 15 1 188 0 0 
31585 922 188 603 188 15 1 188 0 0 
31590 924 188 600 188 15 1 188 0 0 
31595 928 188 600 188 15 1 188 0 0 
31600 929 192 600 192 15 1 192 0 0 
31605 933 188 600 188 15 1 188 0 0 
31610 937 188 600 188 15 1 188 0 0 
31615 940 185 600 185 15 1 185 0 0 
31620 942 185 600 185 15 1 185 0 0 
31625 946 180 600 180 15 1 180 0 0 
31630 948 180 600 180 15 1 180 0 0 
31635 951 180 600 180 15 1 180 0 0 
31640 955 185 600 185 15 1 185 0 0 
31645 959 185 600 185 15 1 185 0 0 
31650 962 185 603 185 15 1 185 0 0 
31655 964 185 600 185 15 1 185 0 0 
31660 968 180 603 180 15 1 180 0 0 
31665 969 180 603 180 15 1 180 0 0 
31670 973 177 600 177 15 1 177 0 0 
31675 977 177 603 177 15 1 177 0 0 
31680 978 177 600 177 15 1 177 0 0 
31685 982 177 600 177 15 1 177 0 0 
31690 984 180 600 180 15 1 180 0 0 
31695 988 180 600 180 15 1 180 0 0 
31700 991 180 600 180 15 1 180 0 0 
31705 993 180 600 180 15 1 180 0 0 
31710 997 177 603 177 15 1 177 0 0 
31715 1000 177 603 177 15 1 177 0 0 
31720 1004 177 603 177 15 1 177 0 0 
31725 1006 177 603 177 15 1 177 0 0 
31730 1009 173 603 173 15 1 173 0 0 
31735 1011 173 603 173 15 1 173 0 0 
31740 1015 170 600 170 15 1 170 0 0 
31745 1018 170 600 170 15 1 170 0 0 
31750 1020 165 600 165 15 1 165 0 0 
31755 1024 165 603 165 15 1 165 0 0 
31760 1027 162 600 162 15 1 162 0 0 
31765 1029 162 600 162 15 1 162 0 0 
31770 1033 165 600 165 15 1 165 0 0 
31775 1036 165 603 165 15 1 165 0 0 
31780 1038 165 600 165 15 1 165 0 0 
31785 1042 165 603 165 15 1 165 0 0 
31790 1044 165 603 165 15 1 165 0 0 
31795 1047 162 600 162 15 1 162 0 0 
31800 1051 162 600 162 15 1 162 0 0 
31805 1055 158 600 158 15 1 158 0 0 
31810 1056 158 600 158 15 1 158 0 0 
31815 1060 158 600 158 15 1 158 0 0 
31820 1064 155 600 155 15 1 155 0 0 
31825 1066 155 603 155 15 1 155 0 0 
31830 1067 155 600 155 15 1 155 0 0 
31835 1073 150 600 150 15 1 150 0 0 
31840 1076 150 603 150 15 1 150 0 0 
31845 1078 150 600 150 15 1 150 0 0 
31850 1082 150 600 150 15 1 150 0 0 
31855 1085 150 600 150 15 1 150 0 0 
31860 1089 147 600 147 15 1 147 0 0 
31865 1091 143 600 143 15 1 143 0 0 
31870 1095 140 600 140 15 1 140 0 0 
31875 1098 140 600 140 15 1 140 0 0 
31880 1100 135 600 135 15 1 135 0 0 
31885 1104 132 600 132 15 1 132 0 0 
31890 1105 132 600 132 15 1 132 0 0 
31895 1109 128 600 128 15 1 128 0 0 
31900 1114 128 603 128 15 1 128 0 0 
31905 1115 125 600 125 15 1 125 0 0 
31910 1119 125 600 125 15 1 125 0 0 
31915 1123 120 600 120 15 1 120 0 0 
31920 1125 117 600 117 15 1 117 0 0 
31925 1128 117 600 117 15 1 117 0 0 
31930 1132 113 600 113 15 1 113 0 0 
31935 1135 110 593 110 15 1 110 0 0 
31940 1137 110 588 110 15 1 110 0 0 
31945 1141 105 578 105 15 1 105 0 0 
31950 1143 102 568 102 15 1 102 0 0 
31955 1146 102 563 102 15 1 102 0 0 
31960 1148 98 548 98 15 1 98 0 0 
31965 1152 102 528 102 15 1 102 0 0 
31970 1155 105 520 105 15 1 105 0 0 
31975 1155 102 513 102 15 1 102 0 0 
31980 1159 102 498 102 15 1 102 0 0 
31985 1161 98 493 98 15 1 98 0 0 
31990 1164 95 485 95 15 1 95 0 0 
31995 1166 87 473 87 15 1 87 0 0 
32000 1168 80 468 80 15 1 80 0 0 
32005 1172 75 458 75 15 1 75 0 0 
32010 1174 68 445 68 15 1 68 0 0 
32015 1175 60 438 60 15 1 60 0 0 
32020 1179 53 430 53 15 1 53 0 0 
32025 1179 50 418 50 15 1 50 0 0 
32030 1183 42 410 42 15 1 42 0 0 
32035 1184 35 398 35 15 1 35 0 0 
32040 1186 30 390 30 15 1 30 0 0 
32045 1188 23 380 23 15 1 23 0 0 
32050 1190 15 370 15 15 1 15 0 0 
32055 1192 8 358 8 15 1 8 0 0 
32060 1193 -5 343 -5 15 1 -5 0 0 
32065 1195 -15 325 -15 15 1 -15 0 0 
32070 1197 -27 303 -27 15 1 -27 0 0 
32075 1199 -38 278 -38 15 1 -38 0 0 
32080 1201 -57 245 -57 15 1 -57 0 0 
32085 1201 -72 220 -72 15 1 -72 0 0 
32090 1203 -87 188 -87 15 1 -87 0 0 
32095 1204 -98 155 -98 15 1 -98 0 0 
32100 1204 -105 108 -105 15 1 -105 0 0 
32105 1204 -117 70 -117 15 1 -117 0 0 
32110 1206 -125 28 -125 15 1 -125 0 0 
32115 1204 -132 0 -132 15 1 -132 0 0 
32120 1204 -143 -13 -143 15 1 -143 0 0 
32125 1206 -150 -53 -150 15 1 -150 0 0 
32130 1204 -162 -110 -162 15 1 -162 0 0 
32135 1204 -173 -170 -173 15 1 -173 0 0 
32140 1204 -188 -233 -188 15 1 -188 0 0 
32145 1203 -203 -280 -203 15 1 -203 0 0 
32150 1201 -210 -328 -210 15 1 -210 0 0 
32155 1199 -207 -378 -207 15 1 -207 0 0 
32160 1197 -195 -445 -195 15 1 -195 0 0 
32165 1195 -185 -498 -185 15 1 -185 0 0 
32170 1192 -177 -555 -177 15 1 -177 0 0 
32175 1190 -177 -593 -177 16 1 -177 0 0 
32180 1186 -185 -600 -185 16 1 -185 0 0 
32185 1183 -192 -600 -192 16 1 -192 0 0 
32190 1181 -207 -600 -207 16 1 -207 0 0 
32195 1177 -222 -598 -222 16 1 -222 0 0 
32200 1174 -240 -600 -240 16 1 -240 0 0 
32205 1172 -260 -600 -260 16 1 -260 0 0 
32210 1168 -282 -598 -282 16 1 -282 0 0 
32215 1164 -305 -600 -305 16 1 -305 0 0 
32220 1161 -330 -600 -330 16 1 -330 0 0 
32225 1159 -345 -600 -345 16 1 -345 0 0 
32230 1155 -357 -600 -357 16 1 -357 0 0 
32235 1154 -357 -600 -357 16 1 -357 0 0 
32240 1150 -350 -600 -350 16 1 -350 0 0 
32245 1146 -342 -598 -342 16 1 -342 0 0 
32250 1144 -338 -598 -338 16 1 -338 0 0 
32255 1141 -338 -598 -338 16 1 -338 0 0 
32260 1137 -345 -600 -345 16 1 -345 0 0 
32265 1134 -353 -600 -353 16 1 -353 0 0 
32270 1132 -365 -600 -365 16 1 -365 0 0 
32275 1128 -372 -598 -372 16 1 -372 0 0 
32280 1125 -375 -600 -375 16 1 -375 0 0 
32285 1123 -375 -600 -375 16 1 -375 0 0 
32290 1121 -375 -598 -375 16 1 -375 0 0 
32295 1117 -375 -600 -375 16 1 -375 0 0 
32300 1114 -372 -600 -372 16 1 -372 0 0 
32305 1109 -375 -600 -375 16 1 -375 0 0 
32310 1105 -380 -600 -380 16 1 -380 0 0 
32315 1104 -383 -598 -383 16 1 -383 0 0 
32320 1100 -387 -600 -387 16 1 -387 0 0 
32325 1098 -390 -600 -390 16 1 -390 0 0 
32330 1095 -395 -600 -395 16 1 -395 0 0 
32335 1091 -398 -600 -398 16 1 -398 0 0 
32340 1087 -402 -600 -402 16 1 -402 0 0 
32345 1085 -405 -600 -405 16 1 -405 0 0 
32350 1082 -410 -600 -410 16 1 -410 0 0 
32355 1078 -413 -600 -413 16 1 -413 0 0 
32360 1076 -417 -598 -417 16 1 -417 0 0 
32365 1073 -417 -600 -417 16 1 -417 0 0 
32370 1071 -420 -600 -420 16 1 -420 0 0 
32375 1069 -420 -598 -420 16 1 -420 0 0 
32380 1062 -425 -600 -425 16 1 -425 0 0 
32385 1060 -425 -600 -425 16 1 -425 0 0 
32390 1056 -428 -600 -428 16 1 -428 0 0 
32395 1053 -428 -598 -428 16 1 -428 0 0 
32400 1049 -428 -600 -428 16 1 -428 0 0 
32405 1047 -432 -600 -432 16 1 -432 0 0 
32410 1046 -428 -600 -428 16 1 -428 0 0 
32415 1042 -428 -600 -428 16 1 -428 0 0 
32420 1038 -428 -598 -428 16 1 -428 0 0 
32425 1035 -428 -600 -428 16 1 -428 0 0 
32430 1033 -432 -598 -432 16 1 -432 0 0 
32435 1029 -435 -598 -435 16 1 -435 0 0 
32440 1027 -440 -600 -440 16 1 -440 0 0 
32445 1024 -440 -600 -440 16 1 -440 0 0 
32450 1020 -440 -600 -440 16 1 -440 0 0 
32455 1018 -440 -598 -440 16 1 -440 0 0 
32460 1015 -440 -600 -440 16 1 -440 0 0 
32465 1011 -435 -600 -435 16 1 -435 0 0 
32470 1009 -435 -600 -435 16 1 -435 0 0 
32475 1006 -440 -598 -440 16 1 -440 0 0 
32480 1004 -435 -600 -435 16 1 -435 0 0 
32485 1000 -435 -600 -435 16 1 -435 0 0 
32490 998 -440 -600 -440 16 1 -440 0 0 
32495 995 -440 -600 -440 16 1 -440 0 0 
32500 991 -435 -598 -435 16 1 -435 0 0 
32505 988 -435 -600 -435 16 1 -435 0 0 
32510 986 -435 -598 -435 16 1 -435 0 0 
32515 982 -435 -600 -435 16 1 -435 0 0 
32520 978 -435 -600 -435 16 1 -435 0 0 
32525 977 -435 -600 -435 16 1 -435 0 0 
32530 973 -432 -600 -432 16 1 -432 0 0 
32535 971 -432 -598 -432 16 1 -432 0 0 
32540 968 -432 -600 -432 16 1 -432 0 0 
32545 964 -432 -598 -432 16 1 -432 0 0 
32550 962 -432 -600 -432 16 1 -432 0 0 
32555 959 -435 -598 -435 16 1 -435 0 0 
32560 955 -435 -600 -435 16 1 -435 0 0 
32565 953 -435 -598 -435 16 1 -435 0 0 
32570 949 -435 -598 -435 16 1 -435 0 0 
32575 948 -435 -600 -435 16 1 -435 0 0 
32580 944 -435 -598 -435 16 1 -435 0 0 
32585 940 -435 -600 -435 16 1 -435 0 0 
32590 937 -435 -600 -435 16 1 -435 0 0 
32595 935 -440 -600 -440 16 1 -440 0 0 
32600 931 -440 -600 -440 16 1 -440 0 0 
32605 928 -440 -600 -440 16 1 -440 0 0 
32610 926 -440 -598 -440 16 1 -440 0 0 
32615 922 -440 -600 -440 16 1 -440 0 0 
32620 919 -435 -598 -435 16 1 -435 0 0 
32625 917 -432 -600 -432 16 1 -432 0 0 
32630 913 -432 -600 -432 16 1 -432 0 0 
32635 910 -432 -598 -432 16 1 -432 0 0 
32640 908 -432 -598 -432 16 1 -432 0 0 
32645 904 -432 -600 -432 16 1 -432 0 0 
32650 900 -432 -600 -432 16 1 -432 0 0 
32655 899 -432 -600 -432 16 1 -432 0 0 
32660 895 -432 -600 -432 16 1 -432 0 0 
32665 891 -428 -600 -428 16 1 -428 0 0 
32670 890 -428 -600 -428 16 1 -428 0 0 
32675 885 -428 -598 -428 16 1 -428 0 0 
32680 881 -432 -600 -432 16 1 -432 0 0 
32685 880 -432 -600 -432 16 1 -432 0 0 
32690 876 -432 -598 -432 16 1 -432 0 0 
32695 874 -432 -600 -432 16 1 -432 0 0 
32700 870 -435 -600 -435 16 1 -435 0 0 
32705 867 -435 -600 -435 16 1 -435 0 0 
32710 863 -432 -600 -432 16 1 -432 0 0 
32715 860 -432 -598 -432 16 1 -432 0 0 
32720 858 -432 -600 -432 16 1 -432 0 0 
32725 854 -432 -600 -432 16 1 -432 0 0 
32730 852 -432 -598 -432 16 1 -432 0 0 
32735 849 -428 -600 -428 16 1 -428 0 0 
32740 845 -428 -598 -428 16 1 -428 0 0 
32745 843 -425 -598 -425 16 1 -425 0 0 
32750 840 -425 -600 -425 16 1 -425 0 0 
32755 838 -425 -598 -425 16 1 -425 0 0 
32760 834 -420 -598 -420 16 1 -420 0 0 
32765 831 -420 -600 -420 16 1 -420 0 0 
32770 827 -420 -600 -420 16 1 -420 0 0 
32775 825 -420 -598 -420 16 1 -420 0 0 
32780 821 -420 -600 -420 16 1 -420 0 0 
32785 818 -425 -598 -425 16 1 -425 0 0 
32790 814 -425 -600 -425 16 1 -425 0 0 
32795 812 -425 -600 -425 16 1 -425 0 0 
32800 809 -425 -600 -425 16 1 -425 0 0 
32805 807 -428 -600 -428 16 1 -428 0 0 
32810 803 -425 -600 -425 16 1 -425 0 0 
32815 802 -428 -600 -428 16 1 -428 0 0 
32820 798 -425 -600 -425 16 1 -425 0 0 
32825 794 -425 -600 -425 16 1 -425 0 0 
32830 791 -425 -598 -425 16 1 -425 0 0 
32835 789 -425 -598 -425 16 1 -425 0 0 
32840 785 -425 -600 -425 16 1 -425 0 0 
32845 783 -428 -598 -428 16 1 -428 0 0 
32850 780 -428 -598 -428 16 1 -428 0 0 
32855 778 -428 -600 -428 16 1 -428 0 0 
32860 773 -432 -600 -432 16 1 -432 0 0 
32865 771 -432 -600 -432 16 1 -432 0 0 
32870 767 -432 -598 -432 16 1 -432 0 0 
32875 765 -432 -600 -432 16 1 -432 0 0 
32880 762 -435 -598 -435 16 1 -435 0 0 
32885 760 -435 -600 -435 16 1 -435 0 0 
32890 756 -435 -598 -435 16 1 -435 0 0 
32895 753 -435 -598 -435 16 1 -435 0 0 
32900 749 -435 -600 -435 16 1 -435 0 0 
32905 747 -435 -600 -435 16 1 -435 0 0 
32910 743 -435 -600 -435 16 1 -435 0 0 
32915 742 -440 -598 -440 16 1 -440 0 0 
32920 736 -440 -600 -440 16 1 -440 0 0 
32925 734 -440 -598 -440 16 1 -440 0 0 
32930 733 -440 -598 -440 16 1 -440 0 0 
32935 729 -440 -600 -440 16 1 -440 0 0 
32940 725 -435 -600 -435 16 1 -435 0 0 
32945 722 -432 -598 -432 16 1 -432 0 0 
32950 720 -435 -600 -435 16 1 -435 0 0 
32955 716 -432 -600 -432 16 1 -432 0 0 
32960 714 -432 -600 -432 16 1 -432 0 0 
32965 711 -432 -598 -432 16 1 -432 0 0 
32970 709 -435 -598 -435 16 1 -435 0 0 
32975 705 -435 -600 -435 16 1 -435 0 0 
32980 702 -435 -598 -435 16 1 -435 0 0 
32985 700 -435 -598 -435 16 1 -435 0 0 
32990 696 -435 -600 -435 16 1 -435 0 0 
32995 693 -435 -598 -435 16 1 -435 0 0 
33000 689 -440 -598 -440 16 1 -440 0 0 
33005 687 -440 -600 -440 16 1 -440 0 0 
33010 684 -435 -600 -435 16 1 -435 0 0 
33015 682 -435 -600 -435 16 1 -435 0 0 
33020 678 -435 -600 -435 16 1 -435 0 0 
33025 675 -435 -600 -435 16 1 -435 0 0 
33030 671 -435 -600 -435 16 1 -435 0 0 
33035 669 -435 -600 -435 16 1 -435 0 0 
33040 666 -435 -598 -435 16 1 -435 0 0 
33045 661 -435 -600 -435 16 1 -435 0 0 
33050 659 -432 -598 -432 16 1 -432 0 0 
33055 655 -432 -600 -432 16 1 -432 0 0 
33060 652 -432 -600 -432 16 1 -432 0 0 
33065 650 -428 -600 -428 16 1 -428 0 0 
33070 646 -428 -600 -428 16 1 -428 0 0 
33075 643 -428 -600 -428 16 1 -428 0 0 
33080 639 -428 -598 -428 16 1 -428 0 0 
33085 637 -428 -600 -428 16 1 -428 0 0 
33090 634 -428 -598 -428 16 1 -428 0 0 
33095 632 -425 -600 -425 16 1 -425 0 0 
33100 628 -428 -598 -428 16 1 -428 0 0 
33105 626 -428 -600 -428 16 1 -428 0 0 
33110 621 -432 -600 -432 16 1 -432 0 0 
33115 619 -435 -600 -435 16 1 -435 0 0 
33120 616 -440 -598 -440 16 1 -440 0 0 
33125 614 -443 -600 -443 16 1 -443 0 0 
33130 610 -443 -600 -443 16 1 -443 0 0 
33135 606 -443 -600 -443 16 1 -443 0 0 
33140 605 -440 -600 -440 16 1 -440 0 0 
33145 601 -435 -598 -435 16 1 -435 0 0 
33150 599 -435 -598 -435 16 1 -435 0 0 
33155 596 -435 -598 -435 16 1 -435 0 0 
33160 592 -435 -600 -435 16 1 -435 0 0 
33165 588 -435 -600 -435 16 1 -435 0 0 
33170 587 -440 -600 -440 16 1 -440 0 0 
33175 583 -443 -600 -443 16 1 -443 0 0 
33180 579 -443 -600 -443 16 1 -443 0 0 
33185 576 -447 -600 -447 16 1 -447 0 0 
33190 574 -447 -598 -447 16 1 -447 0 0 
33195 572 -443 -600 -443 16 1 -443 0 0 
33200 568 -440 -600 -440 16 1 -440 0 0 
33205 565 -440 -600 -440 16 1 -440 0 0 
33210 561 -435 -600 -435 16 1 -435 0 0 
33215 559 -435 -598 -435 16 1 -435 0 0 
33220 556 -435 -600 -435 16 1 -435 0 0 
33225 554 -435 -600 -435 16 1 -435 0 0 
33230 550 -435 -600 -435 16 1 -435 0 0 
33235 548 -435 -600 -435 16 1 -435 0 0 
33240 545 -435 -600 -435 16 1 -435 0 0 
33245 541 -435 -598 -435 16 1 -435 0 0 
33250 539 -435 -600 -435 16 1 -435 0 0 
33255 536 -435 -600 -435 16 1 -435 0 0 
33260 532 -432 -600 -432 16 1 -432 0 0 
33265 528 -432 -600 -432 16 1 -432 0 0 
33270 525 -432 -600 -432 16 1 -432 0 0 
33275 523 -432 -598 -432 16 1 -432 0 0 
33280 519 -428 -598 -428 16 1 -428 0 0 
33285 516 -428 -598 -428 16 1 -428 0 0 
33290 514 -425 -600 -425 16 1 -425 0 0 
33295 510 -425 -600 -425 16 1 -425 0 0 
33300 507 -425 -600 -425 16 1 -425 0 0 
33305 505 -425 -600 -425 16 1 -425 0 0 
33310 501 -428 -600 -428 16 1 -428 0 0 
33315 498 -428 -600 -428 16 1 -428 0 0 
33320 496 -428 -600 -428 16 1 -428 0 0 
33325 492 -428 -598 -428 16 1 -428 0 0 
33330 489 -428 -598 -428 16 1 -428 0 0 
33335 487 -428 -600 -428 16 1 -428 0 0 
33340 483 -428 -598 -428 16 1 -428 0 0 
33345 480 -425 -600 -425 16 1 -425 0 0 
33350 476 -428 -600 -428 16 1 -428 0 0 
33355 476 -428 -600 -428 16 1 -428 0 0 
33360 470 -428 -600 -428 16 1 -428 0 0 
33365 469 -432 -600 -432 16 1 -432 0 0 
33370 465 -428 -600 -428 16 1 -428 0 0 
33375 463 -428 -600 -428 16 1 -428 0 0 
33380 460 -428 -600 -428 16 1 -428 0 0 
33385 456 -428 -600 -428 16 1 -428 0 0 
33390 454 -428 -600 -428 16 1 -428 0 0 
33395 451 -425 -598 -425 16 1 -425 0 0 
33400 447 -425 -598 -425 16 1 -425 0 0 
33405 445 -420 -600 -420 16 1 -420 0 0 
33410 441 -420 -600 -420 16 1 -420 0 0 
33415 439 -420 -600 -420 16 1 -420 0 0 
33420 435 -420 -598 -420 16 1 -420 0 0 
33425 431 -420 -600 -420 16 1 -420 0 0 
33430 430 -425 -600 -425 16 1 -425 0 0 
33435 426 -425 -600 -425 16 1 -425 0 0 
33440 422 -425 -600 -425 16 1 -425 0 0 
33445 420 -425 -600 -425 16 1 -425 0 0 
33450 417 -420 -598 -420 16 1 -420 0 0 
33455 413 -420 -600 -420 16 1 -420 0 0 
33460 410 -420 -600 -420 16 1 -420 0 0 
33465 408 -420 -598 -420 16 1 -420 0 0 
33470 404 -420 -600 -420 16 1 -420 0 0 
33475 401 -417 -598 -417 16 1 -417 0 0 
33480 399 -413 -600 -413 16 1 -413 0 0 
33485 395 -410 -600 -410 16 1 -410 0 0 
33490 393 -410 -598 -410 16 1 -410 0 0 
33495 390 -410 -600 -410 16 1 -410 0 0 
33500 386 -410 -598 -410 16 1 -410 0 0 
33505 382 -410 -600 -410 16 1 -410 0 0 
33510 381 -410 -600 -410 16 1 -410 0 0 
33515 377 -410 -598 -410 16 1 -410 0 0 
33520 373 -410 -600 -410 16 1 -410 0 0 
33525 372 -405 -600 -405 16 1 -405 0 0 
33530 368 -405 -600 -405 16 1 -405 0 0 
33535 366 -405 -598 -405 16 1 -405 0 0 
33540 362 -402 -600 -402 16 1 -402 0 0 
33545 361 -402 -600 -402 16 1 -402 0 0 
33550 357 -402 -598 -402 16 1 -402 0 0 
33555 353 -402 -600 -402 16 1 -402 0 0 
33560 350 -402 -600 -402 16 1 -402 0 0 
33565 348 -402 -600 -402 16 1 -402 0 0 
33570 344 -402 -600 -402 16 1 -402 0 0 
33575 343 -402 -598 -402 16 1 -402 0 0 
33580 339 -402 -600 -402 16 1 -402 0 0 
33585 335 -398 -600 -398 16 1 -398 0 0 
33590 333 -402 -600 -402 16 1 -402 0 0 
33595 330 -398 -600 -398 16 1 -398 0 0 
33600 326 -398 -600 -398 16 1 -398 0 0 
33605 324 -398 -598 -398 16 1 -398 0 0 
33610 321 -395 -600 -395 16 1 -395 0 0 
33615 317 -395 -600 -395 16 1 -395 0 0 
33620 315 -395 -598 -395 16 1 -395 0 0 
33625 312 -395 -600 -395 16 1 -395 0 0 
33630 308 -395 -600 -395 16 1 -395 0 0 
33635 306 -390 -600 -390 16 1 -390 0 0 
33640 303 -390 -600 -390 16 1 -390 0 0 
33645 299 -387 -600 -387 16 1 -387 0 0 
33650 297 -383 -598 -383 16 1 -383 0 0 
33655 294 -380 -598 -380 16 1 -380 0 0 
33660 290 -375 -600 -375 16 1 -375 0 0 
33665 288 -380 -598 -380 16 1 -380 0 0 
33670 284 -375 -598 -375 16 1 -375 0 0 
33675 281 -375 -598 -375 16 1 -375 0 0 
33680 279 -375 -600 -375 16 1 -375 0 0 
33685 275 -375 -600 -375 16 1 -375 0 0 
33690 272 -372 -598 -372 16 1 -372 0 0 
33695 270 -368 -600 -368 16 1 -368 0 0 
33700 266 -360 -600 -360 16 1 -360 0 0 
33705 263 -357 -600 -357 16 1 -357 0 0 
33710 259 -353 -600 -353 16 1 -353 0 0 
33715 257 -350 -600 -350 16 1 -350 0 0 
33720 254 -350 -600 -350 16 1 -350 0 0 
33725 250 -345 -600 -345 16 1 -345 0 0 
33730 248 -350 -600 -350 16 1 -350 0 0 
33735 245 -350 -600 -350 16 1 -350 0 0 
33740 241 -350 -600 -350 16 1 -350 0 0 
33745 239 -350 -600 -350 16 1 -350 0 0 
33750 236 -345 -598 -345 16 1 -345 0 0 
33755 232 -342 -598 -342 16 1 -342 0 0 
33760 230 -342 -598 -342 16 1 -342 0 0 
33765 226 -335 -600 -335 16 1 -335 0 0 
33770 223 -330 -598 -330 16 1 -330 0 0 
33775 221 -330 -600 -330 16 1 -330 0 0 
33780 219 -330 -598 -330 16 1 -330 0 0 
33785 213 -330 -600 -330 16 1 -330 0 0 
33790 211 -327 -598 -327 16 1 -327 0 0 
33795 207 -327 -600 -327 16 1 -327 0 0 
33800 204 -323 -600 -323 16 1 -323 0 0 
33805 202 -320 -600 -320 16 1 -320 0 0 
33810 200 -315 -600 -315 16 1 -315 0 0 
33815 195 -315 -600 -315 16 1 -315 0 0 
33820 193 -312 -600 -312 16 1 -312 0 0 
33825 189 -308 -600 -308 16 1 -308 0 0 
33830 186 -308 -598 -308 16 1 -308 0 0 
33835 184 -305 -600 -305 16 1 -305 0 0 
33840 182 -305 -600 -305 16 1 -305 0 0 
33845 176 -305 -598 -305 16 1 -305 0 0 
33850 175 -305 -600 -305 16 1 -305 0 0 
33855 171 -305 -598 -305 16 1 -305 0 0 
33860 167 -305 -600 -305 16 1 -305 0 0 
33865 166 -300 -600 -300 16 1 -300 0 0 
33870 162 -300 -600 -300 16 1 -300 0 0 
33875 160 -300 -600 -300 16 1 -300 0 0 
33880 157 -297 -598 -297 16 1 -297 0 0 
33885 153 -297 -600 -297 16 1 -297 0 0 
33890 151 -293 -598 -293 16 1 -293 0 0 
33895 147 -293 -600 -293 16 1 -293 0 0 
33900 146 -293 -600 -293 16 1 -293 0 0 
33905 142 -290 -600 -290 16 1 -290 0 0 
33910 138 -290 -600 -290 16 1 -290 0 0 
33915 135 -285 -598 -285 16 1 -285 0 0 
33920 133 -285 -600 -285 16 1 -285 0 0 
33925 129 -282 -598 -282 16 1 -282 0 0 
33930 127 -278 -600 -278 16 1 -278 0 0 
33935 124 -278 -598 -278 16 1 -278 0 0 
33940 120 -278 -600 -278 16 1 -278 0 0 
33945 118 -278 -593 -278 16 1 -278 0 0 
33950 115 -275 -585 -275 16 1 -275 0 0 
33955 111 -275 -573 -275 16 1 -275 0 0 
33960 109 -270 -565 -270 16 1 -270 0 0 
33965 106 -267 -555 -267 16 1 -267 0 0 
33970 104 -270 -550 -270 16 1 -270 0 0 
33975 102 -275 -538 -275 16 1 -275 0 0 
33980 100 -278 -525 -278 16 1 -278 0 0 
33985 95 -282 -520 -282 16 1 -282 0 0 
33990 93 -282 -515 -282 16 1 -282 0 0 
33995 91 -275 -498 -275 16 1 -275 0 0 
34000 88 -263 -493 -263 16 1 -263 0 0 
34005 86 -252 -480 -252 16 1 -252 0 0 
34010 82 -245 -473 -245 16 1 -245 0 0 
34015 80 -240 -460 -240 16 1 -240 0 0 
34020 79 -240 -455 -240 16 1 -240 0 0 
34025 77 -240 -445 -240 16 1 -240 0 0 
34030 73 -237 -433 -237 16 1 -237 0 0 
34035 71 -230 -420 -230 16 1 -230 0 0 
34040 69 -222 -415 -222 16 1 -222 0 0 
34045 68 -215 -408 -215 16 1 -215 0 0 
34050 64 -210 -398 -210 16 1 -210 0 0 
34055 64 -203 -390 -203 16 1 -203 0 0 
34060 60 -200 -380 -200 16 1 -200 0 0 
34065 59 -192 -370 -192 16 1 -192 0 0 
34070 59 -185 -368 -185 16 1 -185 0 0 
34075 57 -173 -355 -173 16 1 -173 0 0 
34080 55 -162 -345 -162 16 1 -162 0 0 
34085 51 -150 -333 -150 16 1 -150 0 0 
34090 51 -143 -323 -143 16 1 -143 0 0 
34095 50 -140 -318 -140 16 1 -140 0 0 
34100 48 -128 -305 -128 16 1 -128 0 0 
34105 46 -120 -298 -120 16 1 -120 0 0 
34110 44 -117 -290 -117 16 1 -117 0 0 
34115 42 -105 -278 -105 16 1 -105 0 0 
34120 42 -98 -270 -98 16 1 -98 0 0 
34125 40 -83 -258 -83 16 1 -83 0 0 
34130 39 -75 -248 -75 16 1 -75 0 0 
34135 37 -68 -245 -68 16 1 -68 0 0 
34140 37 -65 -235 -65 16 1 -65 0 0 
34145 35 -57 -228 -57 16 1 -57 0 0 
34150 35 -53 -218 -53 16 1 -53 0 0 
34155 33 -45 -210 -45 16 1 -45 0 0 
34160 31 -38 -198 -38 16 1 -38 0 0 
34165 31 -27 -183 -27 16 1 -27 0 0 
34170 30 -20 -173 -20 16 1 -20 0 0 
34175 30 -12 -170 -12 16 1 -12 0 0 
34180 28 -8 -160 -8 16 1 -8 0 0 
34185 28 0 -148 0 16 1 0 0 0 
34190 28 12 -133 12 16 1 12 0 0 
34195 26 20 -118 20 16 1 20 0 0 
34200 26 35 -103 35 16 1 35 0 0 
34205 26 50 -83 50 16 1 50 0 0 
34210 26 60 -68 60 16 1 60 0 0 
34215 24 68 -50 68 16 1 68 0 0 
34220 24 68 -23 68 16 1 68 0 0 
34225 24 75 0 75 16 1 75 0 0 
34230 24 80 15 80 16 1 80 0 0 
34235 24 87 30 87 16 1 87 0 0 
34240 24 95 43 95 16 1 95 0 0 
34245 26 110 65 110 16 1 110 0 0 
34250 26 117 80 117 16 1 117 0 0 
34255 26 125 100 125 16 1 125 0 0 
34260 26 135 133 135 16 1 135 0 0 
34265 28 150 173 150 16 1 150 0 0 
34270 28 158 208 158 16 1 158 0 0 
34275 30 165 235 165 16 1 165 0 0 
34280 30 165 263 165 16 1 165 0 0 
34285 31 158 303 158 16 1 158 0 0 
34290 33 150 345 150 16 1 150 0 0 
34295 35 143 385 143 16 1 143 0 0 
34300 37 143 430 143 16 1 143 0 0 
34305 39 155 480 155 17 1 155 0 0 
34310 42 162 515 162 17 1 162 0 0 
34315 44 170 553 170 17 1 170 0 0 
34320 48 170 588 170 17 1 170 0 0 
34325 51 162 600 162 17 1 162 0 0 
34330 53 158 600 158 17 1 158 0 0 
34335 57 162 603 162 17 1 162 0 0 
34340 59 170 600 170 17 1 170 0 0 
34345 62 188 600 188 17 1 188 0 0 
34350 66 210 600 210 17 1 210 0 0 
34355 68 233 600 233 17 1 233 0 0 
34360 71 252 600 252 17 1 252 0 0 
34365 75 270 600 270 17 1 270 0 0 
34370 79 278 600 278 17 1 278 0 0 
34375 82 275 603 275 17 1 275 0 0 
34380 84 263 600 263 17 1 263 0 0 
34385 88 252 600 252 17 1 252 0 0 
34390 91 248 603 248 17 1 248 0 0 
34395 93 252 600 252 17 1 252 0 0 
34400 97 255 603 255 17 1 255 0 0 
34405 100 267 603 267 17 1 267 0 0 
34410 102 275 600 275 17 1 275 0 0 
34415 106 278 600 278 17 1 278 0 0 
34420 108 278 600 278 17 1 278 0 0 
34425 111 275 600 275 17 1 275 0 0 
34430 115 270 600 270 17 1 270 0 0 
34435 118 270 600 270 17 1 270 0 0 
34440 120 270 603 270 17 1 270 0 0 
34445 124 275 600 275 17 1 275 0 0 
34450 127 278 600 278 17 1 278 0 0 
34455 129 278 603 278 17 1 278 0 0 
34460 131 282 603 282 17 1 282 0 0 
34465 137 282 600 282 17 1 282 0 0 
34470 138 282 603 282 17 1 282 0 0 
34475 142 278 600 278 17 1 278 0 0 
34480 146 278 603 278 17 1 278 0 0 
34485 147 275 600 275 17 1 275 0 0 
34490 151 275 600 275 17 1 275 0 0 
34495 153 275 603 275 17 1 275 0 0 
34500 157 275 603 275 17 1 275 0 0 
34505 160 275 600 275 17 1 275 0 0 
34510 162 275 600 275 17 1 275 0 0 
34515 166 275 603 275 17 1 275 0 0 
34520 169 275 600 275 17 1 275 0 0 
34525 173 275 600 275 17 1 275 0 0 
34530 175 275 600 275 17 1 275 0 0 
34535 176 275 600 275 17 1 275 0 0 
34540 180 270 600 270 17 1 270 0 0 
34545 184 270 603 270 17 1 270 0 0 
34550 187 270 603 270 17 1 270 0 0 
34555 191 275 603 275 17 1 275 0 0 
34560 193 275 600 275 17 1 275 0 0 
34565 196 270 600 270 17 1 270 0 0 
34570 200 270 600 270 17 1 270 0 0 
34575 202 270 600 270 17 1 270 0 0 
34580 205 270 603 270 17 1 270 0 0 
34585 209 270 600 270 17 1 270 0 0 
34590 211 270 600 270 17 1 270 0 0 
34595 215 270 600 270 17 1 270 0 0 
34600 216 270 600 270 17 1 270 0 0 
34605 221 270 600 270 17 1 270 0 0 
34610 225 270 600 270 17 1 270 0 0 
34615 226 275 600 275 17 1 275 0 0 
34620 230 275 603 275 17 1 275 0 0 
34625 234 275 600 275 17 1 275 0 0 
34630 236 270 600 270 17 1 270 0 0 
34635 239 270 603 270 17 1 270 0 0 
34640 243 270 603 270 17 1 270 0 0 
34645 246 270 600 270 17 1 270 0 0 
34650 248 275 600 275 17 1 275 0 0 
34655 252 275 603 275 17 1 275 0 0 
34660 255 275 600 275 17 1 275 0 0 
34665 257 275 600 275 17 1 275 0 0 
34670 261 275 600 275 17 1 275 0 0 
34675 263 275 600 275 17 1 275 0 0 
34680 268 275 600 275 17 1 275 0 0 
34685 272 275 600 275 17 1 275 0 0 
34690 274 278 603 278 17 1 278 0 0 
34695 275 282 600 282 17 1 282 0 0 
34700 279 282 603 282 17 1 282 0 0 
34705 283 282 603 282 17 1 282 0 0 
34710 286 278 600 278 17 1 278 0 0 
34715 290 278 600 278 17 1 278 0 0 
34720 292 278 600 278 17 1 278 0 0 
34725 295 278 600 278 17 1 278 0 0 
34730 299 278 603 278 17 1 278 0 0 
34735 301 278 600 278 17 1 278 0 0 
34740 303 278 603 278 17 1 278 0 0 
34745 306 278 600 278 17 1 278 0 0 
34750 310 278 600 278 17 1 278 0 0 
34755 312 278 600 278 17 1 278 0 0 
34760 317 278 600 278 17 1 278 0 0 
34765 319 278 603 278 17 1 278 0 0 
34770 323 275 600 275 17 1 275 0 0 
34775 324 278 603 278 17 1 278 0 0 
34780 328 275 600 275 17 1 275 0 0 
34785 332 278 603 278 17 1 278 0 0 
34790 335 278 600 278 17 1 278 0 0 
34795 337 282 603 282 17 1 282 0 0 
34800 341 282 600 282 17 1 282 0 0 
34805 344 282 603 282 17 1 282 0 0 
34810 346 285 600 285 17 1 285 0 0 
34815 350 285 603 285 17 1 285 0 0 
34820 352 285 600 285 17 1 285 0 0 
34825 355 285 600 285 17 1 285 0 0 
34830 359 285 603 285 17 1 285 0 0 
34835 361 285 600 285 17 1 285 0 0 
34840 364 282 600 282 17 1 282 0 0 
34845 368 285 600 285 17 1 285 0 0 
34850 370 285 603 285 17 1 285 0 0 
34855 373 285 600 285 17 1 285 0 0 
34860 377 285 600 285 17 1 285 0 0 
34865 379 282 603 282 17 1 282 0 0 
34870 382 278 600 278 17 1 278 0 0 
34875 384 278 600 278 17 1 278 0 0 
34880 388 278 600 278 17 1 278 0 0 
34885 391 278 603 278 17 1 278 0 0 
34890 395 282 600 282 17 1 282 0 0 
34895 397 285 600 285 17 1 285 0 0 
34900 401 285 600 285 17 1 285 0 0 
34905 404 285 600 285 17 1 285 0 0 
34910 406 285 600 285 17 1 285 0 0 
34915 410 285 600 285 17 1 285 0 0 
34920 413 285 600 285 17 1 285 0 0 
34925 417 285 600 285 17 1 285 0 0 
34930 419 282 600 282 17 1 282 0 0 
34935 422 282 600 282 17 1 282 0 0 
34940 424 278 603 278 17 1 278 0 0 
34945 428 275 603 275 17 1 275 0 0 
34950 431 270 600 270 17 1 270 0 0 
34955 435 270 603 270 17 1 270 0 0 
34960 437 270 600 270 17 1 270 0 0 
34965 441 267 600 267 17 1 267 0 0 
34970 445 270 603 270 17 1 270 0 0 
34975 449 270 600 270 17 1 270 0 0 
34980 451 270 600 270 17 1 270 0 0 
34985 454 270 603 270 17 1 270 0 0 
34990 456 270 600 270 17 1 270 0 0 
34995 460 270 600 270 17 1 270 0 0 
35000 461 270 600 270 17 1 270 0 0 
35005 465 270 600 270 17 1 270 0 0 
35010 469 267 603 267 17 1 267 0 0 
35015 470 267 600 267 17 1 267 0 0 
35020 474 263 600 263 17 1 263 0 0 
35025 478 263 603 263 17 1 263 0 0 
35030 480 263 603 263 17 1 263 0 0 
35035 483 263 600 263 17 1 263 0 0 
35040 487 263 600 263 17 1 263 0 0 
35045 490 260 600 260 17 1 260 0 0 
35050 492 260 600 260 17 1 260 0 0 
35055 496 260 603 260 17 1 260 0 0 
35060 498 255 600 255 17 1 255 0 0 
35065 501 255 603 255 17 1 255 0 0 
35070 505 255 600 255 17 1 255 0 0 
35075 507 255 600 255 17 1 255 0 0 
35080 510 255 600 255 17 1 255 0 0 
35085 514 255 603 255 17 1 255 0 0 
35090 518 255 600 255 17 1 255 0 0 
35095 519 255 600 255 17 1 255 0 0 
35100 523 255 600 255 17 1 255 0 0 
35105 527 255 600 255 17 1 255 0 0 
35110 528 255 600 255 17 1 255 0 0 
35115 532 255 603 255 17 1 255 0 0 
35120 536 260 600 260 17 1 260 0 0 
35125 539 260 600 260 17 1 260 0 0 
35130 541 260 600 260 17 1 260 0 0 
35135 545 255 600 255 17 1 255 0 0 
35140 548 252 603 252 17 1 252 0 0 
35145 550 252 603 252 17 1 252 0 0 
35150 554 248 600 248 17 1 248 0 0 
35155 556 248 600 248 17 1 248 0 0 
35160 559 245 603 245 17 1 245 0 0 
35165 563 245 600 245 17 1 245 0 0 
35170 565 245 600 245 17 1 245 0 0 
35175 568 240 603 240 17 1 240 0 0 
35180 572 240 600 240 17 1 240 0 0 
35185 574 237 603 237 17 1 237 0 0 
35190 577 237 600 237 17 1 237 0 0 
35195 579 237 603 237 17 1 237 0 0 
35200 583 237 600 237 17 1 237 0 0 
35205 587 237 600 237 17 1 237 0 0 
35210 590 237 600 237 17 1 237 0 0 
35215 592 233 600 233 17 1 233 0 0 
35220 596 233 600 233 17 1 233 0 0 
35225 597 233 600 233 17 1 233 0 0 
35230 601 233 600 233 17 1 233 0 0 
35235 605 233 600 233 17 1 233 0 0 
35240 606 233 603 233 17 1 233 0 0 
35245 610 233 600 233 17 1 233 0 0 
35250 614 233 600 233 17 1 233 0 0 
35255 617 233 603 233 17 1 233 0 0 
35260 619 233 603 233 17 1 233 0 0 
35265 623 233 603 233 17 1 233 0 0 
35270 625 233 600 233 17 1 233 0 0 
35275 628 237 600 237 17 1 237 0 0 
35280 632 237 600 237 17 1 237 0 0 
35285 634 240 600 240 17 1 240 0 0 
35290 637 240 600 240 17 1 240 0 0 
35295 641 240 600 240 17 1 240 0 0 
35300 645 240 600 240 17 1 240 0 0 
35305 646 237 600 237 17 1 237 0 0 
35310 650 233 600 233 17 1 233 0 0 
35315 652 233 600 233 17 1 233 0 0 
35320 655 233 603 233 17 1 233 0 0 
35325 657 233 603 233 17 1 233 0 0 
35330 661 233 600 233 17 1 233 0 0 
35335 666 233 600 233 17 1 233 0 0 
35340 669 233 600 233 17 1 233 0 0 
35345 673 233 600 233 17 1 233 0 0 
35350 675 233 603 233 17 1 233 0 0 
35355 678 230 600 230 17 1 230 0 0 
35360 682 230 603 230 17 1 230 0 0 
35365 684 230 600 230 17 1 230 0 0 
35370 687 225 603 225 17 1 225 0 0 
35375 691 225 600 225 17 1 225 0 0 
35380 693 225 600 225 17 1 225 0 0 
35385 696 225 600 225 17 1 225 0 0 
35390 700 225 600 225 17 1 225 0 0 
35395 702 225 600 225 17 1 225 0 0 
35400 705 225 600 225 17 1 225 0 0 
35405 709 225 600 225 17 1 225 0 0 
35410 713 225 600 225 17 1 225 0 0 
35415 714 225 600 225 17 1 225 0 0 
35420 718 225 600 225 17 1 225 0 0 
35425 722 225 600 225 17 1 225 0 0 
35430 724 225 600 225 17 1 225 0 0 
35435 727 225 600 225 17 1 225 0 0 
35440 729 225 600 225 17 1 225 0 0 
35445 733 225 600 225 17 1 225 0 0 
35450 736 225 600 225 17 1 225 0 0 
35455 738 230 600 230 17 1 230 0 0 
35460 742 225 600 225 17 1 225 0 0 
35465 743 225 600 225 17 1 225 0 0 
35470 747 225 603 225 17 1 225 0 0 
35475 751 230 603 230 17 1 230 0 0 
35480 754 230 600 230 17 1 230 0 0 
35485 756 230 603 230 17 1 230 0 0 
35490 760 230 600 230 17 1 230 0 0 
35495 763 225 603 225 17 1 225 0 0 
35500 767 225 603 225 17 1 225 0 0 
35505 769 225 600 225 17 1 225 0 0 
35510 773 225 603 225 17 1 225 0 0 
35515 774 225 603 225 17 1 225 0 0 
35520 778 225 600 225 17 1 225 0 0 
35525 782 225 603 225 17 1 225 0 0 
35530 785 222 600 222 17 1 222 0 0 
35535 787 222 600 222 17 1 222 0 0 
35540 791 222 600 222 17 1 222 0 0 
35545 792 222 600 222 17 1 222 0 0 
35550 796 222 603 222 17 1 222 0 0 
35555 800 222 603 222 17 1 222 0 0 
35560 802 222 603 222 17 1 222 0 0 
35565 805 218 600 218 17 1 218 0 0 
35570 809 218 600 218 17 1 218 0 0 
35575 811 218 600 218 17 1 218 0 0 
35580 814 215 600 215 17 1 215 0 0 
35585 816 215 603 215 17 1 215 0 0 
35590 820 215 603 215 17 1 215 0 0 
35595 823 215 600 215 17 1 215 0 0 
35600 827 215 603 215 17 1 215 0 0 
35605 829 215 603 215 17 1 215 0 0 
35610 832 218 600 218 17 1 218 0 0 
35615 836 215 600 215 17 1 215 0 0 
35620 838 215 600 215 17 1 215 0 0 
35625 841 215 600 215 17 1 215 0 0 
35630 843 215 603 215 17 1 215 0 0 
35635 847 215 600 215 17 1 215 0 0 
35640 850 215 600 215 17 1 215 0 0 
35645 854 215 600 215 17 1 215 0 0 
35650 856 215 600 215 17 1 215 0 0 
35655 860 215 600 215 17 1 215 0 0 
35660 861 215 603 215 17 1 215 0 0 
35665 865 215 600 215 17 1 215 0 0 
35670 869 210 600 210 17 1 210 0 0 
35675 872 210 600 210 17 1 210 0 0 
35680 874 210 600 210 17 1 210 0 0 
35685 878 210 600 210 17 1 210 0 0 
35690 881 207 600 207 17 1 207 0 0 
35695 883 210 600 210 17 1 210 0 0 
35700 888 207 600 207 17 1 207 0 0 
35705 891 207 600 207 17 1 207 0 0 
35710 895 207 600 207 17 1 207 0 0 
35715 897 207 600 207 17 1 207 0 0 
35720 900 207 600 207 17 1 207 0 0 
35725 902 207 600 207 17 1 207 0 0 
35730 906 207 603 207 17 1 207 0 0 
35735 910 203 603 203 17 1 203 0 0 
35740 911 203 603 203 17 1 203 0 0 
35745 915 200 600 200 17 1 200 0 0 
35750 919 200 600 200 17 1 200 0 0 
35755 922 200 600 200 17 1 200 0 0 
35760 924 200 600 200 17 1 200 0 0 
35765 928 195 600 195 17 1 195 0 0 
35770 931 195 600 195 17 1 195 0 0 
35775 933 192 600 192 17 1 192 0 0 
35780 937 195 600 195 17 1 195 0 0 
35785 939 192 600 192 17 1 192 0 0 
35790 942 195 600 195 17 1 195 0 0 
35795 946 195 600 195 17 1 195 0 0 
35800 948 195 600 195 17 1 195 0 0 
35805 951 195 600 195 17 1 195 0 0 
35810 955 195 600 195 17 1 195 0 0 
35815 957 195 600 195 17 1 195 0 0 
35820 960 195 603 195 17 1 195 0 0 
35825 964 195 600 195 17 1 195 0 0 
35830 968 195 603 195 17 1 195 0 0 
35835 969 195 600 195 17 1 195 0 0 
35840 973 195 600 195 17 1 195 0 0 
35845 975 195 600 195 17 1 195 0 0 
35850 978 195 600 195 17 1 195 0 0 
35855 982 195 603 195 17 1 195 0 0 
35860 984 195 600 195 17 1 195 0 0 
35865 988 195 603 195 17 1 195 0 0 
35870 991 195 600 195 17 1 195 0 0 
35875 993 195 600 195 17 1 195 0 0 
35880 997 195 600 195 17 1 195 0 0 
35885 1000 195 600 195 17 1 195 0 0 
35890 1002 195 600 195 17 1 195 0 0 
35895 1006 192 600 192 17 1 192 0 0 
35900 1009 192 600 192 17 1 192 0 0 
35905 1011 188 600 188 17 1 188 0 0 
35910 1015 188 600 188 17 1 188 0 0 
35915 1017 188 600 188 17 1 188 0 0 
35920 1020 188 603 188 17 1 188 0 0 
35925 1024 188 600 188 17 1 188 0 0 
35930 1027 185 600 185 17 1 185 0 0 
35935 1029 185 600 185 17 1 185 0 0 
35940 1033 180 600 180 17 1 180 0 0 
35945 1035 180 600 180 17 1 180 0 0 
35950 1038 177 600 177 17 1 177 0 0 
35955 1042 177 600 177 17 1 177 0 0 
35960 1044 173 600 173 17 1 173 0 0 
35965 1047 173 600 173 17 1 173 0 0 
35970 1051 173 603 173 17 1 173 0 0 
35975 1053 170 600 170 17 1 170 0 0 
35980 1056 170 600 170 17 1 170 0 0 
35985 1060 170 600 170 17 1 170 0 0 
35990 1064 165 600 165 17 1 165 0 0 
35995 1066 162 600 162 17 1 162 0 0 
36000 1067 162 600 162 17 1 162 0 0 
36005 1073 158 600 158 17 1 158 0 0 
36010 1076 158 600 158 17 1 158 0 0 
36015 1078 158 600 158 17 1 158 0 0 
36020 1082 155 600 155 17 1 155 0 0 
36025 1085 155 600 155 17 1 155 0 0 
36030 1087 150 600 150 17 1 150 0 0 
36035 1091 150 600 150 17 1 150 0 0 
36040 1093 147 600 147 17 1 147 0 0 
36045 1096 143 600 143 17 1 143 0 0 
36050 1100 143 600 143 17 1 143 0 0 
36055 1102 140 600 140 17 1 140 0 0 
36060 1105 135 600 135 17 1 135 0 0 
36065 1109 135 600 135 17 1 135 0 0 
36070 1114 132 600 132 17 1 132 0 0 
36075 1115 132 600 132 17 1 132 0 0 
36080 1119 128 600 128 17 1 128 0 0 
36085 1123 125 603 125 17 1 125 0 0 
36090 1125 120 600 120 17 1 120 0 0 
36095 1128 117 603 117 17 1 117 0 0 
36100 1130 113 600 113 17 1 113 0 0 
36105 1134 110 598 110 17 1 110 0 0 
36110 1137 105 590 105 17 1 105 0 0 
36115 1141 102 580 102 17 1 102 0 0 
36120 1143 98 573 98 17 1 98 0 0 
36125 1146 95 563 95 17 1 95 0 0 
36130 1150 90 553 90 17 1 90 0 0 
36135 1152 90 535 90 17 1 90 0 0 
36140 1154 90 520 90 17 1 90 0 0 
36145 1155 95 513 95 17 1 95 0 0 
36150 1159 95 498 95 17 1 95 0 0 
36155 1163 90 493 90 17 1 90 0 0 
36160 1164 90 483 90 17 1 90 0 0 
36165 1166 83 475 83 17 1 83 0 0 
36170 1168 80 463 80 17 1 80 0 0 
36175 1172 72 458 72 17 1 72 0 0 
36180 1174 65 445 65 17 1 65 0 0 
36185 1175 57 438 57 17 1 57 0 0 
36190 1179 50 430 50 17 1 50 0 0 
36195 1179 45 418 45 17 1 45 0 0 
36200 1183 42 415 42 17 1 42 0 0 
36205 1184 38 403 38 17 1 38 0 0 
36210 1186 35 390 35 17 1 35 0 0 
36215 1188 30 380 30 17 1 30 0 0 
36220 1190 27 375 27 17 1 27 0 0 
36225 1192 23 370 23 17 1 23 0 0 
36230 1193 15 368 15 17 1 15 0 0 
36235 1195 12 355 12 17 1 12 0 0 
36240 1197 8 350 8 17 1 8 0 0 
36245 1199 5 333 5 17 1 5 0 0 
36250 1201 0 325 0 17 1 0 0 0 
36255 1203 -8 313 -8 17 1 -8 0 0 
36260 1204 -12 298 -12 17 1 -12 0 0 
36265 1206 -15 288 -15 17 1 -15 0 0 
36270 1208 -20 273 -20 17 1 -20 0 0 
36275 1210 -20 263 -20 17 1 -20 0 0 
36280 1210 -23 245 -23 17 1 -23 0 0 
36285 1212 -27 233 -27 17 1 -27 0 0 
36290 1213 -30 213 -30 17 1 -30 0 0 
36295 1213 -38 195 -38 17 1 -38 0 0 
36300 1215 -45 175 -45 17 1 -45 0 0 
36305 1215 -53 158 -53 17 1 -53 0 0 
36310 1217 -65 133 -65 17 1 -65 0 0 
36315 1217 -72 105 -72 17 1 -72 0 0 
36320 1217 -75 75 -75 17 1 -75 0 0 
36325 1217 -80 40 -80 17 1 -80 0 0 
36330 1217 -95 0 -95 17 1 -95 0 0 
36335 1219 -102 -3 -102 17 1 -102 0 0 
36340 1217 -113 -28 -113 17 1 -113 0 0 
36345 1217 -120 -65 -120 17 1 -120 0 0 
36350 1217 -125 -115 -125 17 1 -125 0 0 
36355 1217 -128 -155 -128 17 1 -128 0 0 
36360 1217 -135 -195 -135 17 1 -135 0 0 
36365 1215 -143 -233 -143 17 1 -143 0 0 
36370 1213 -150 -290 -150 17 1 -150 0 0 
36375 1212 -155 -338 -155 17 1 -155 0 0 
36380 1212 -155 -380 -155 17 1 -155 0 0 
36385 1210 -158 -430 -158 17 1 -158 0 0 
36390 1206 -162 -493 -162 17 1 -162 0 0 
36395 1204 -165 -545 -165 18 1 -165 0 0 
36400 1201 -170 -590 -170 18 1 -170 0 0 
36405 1199 -177 -598 -177 18 1 -177 0 0 
36410 1195 -180 -600 -180 18 1 -180 0 0 
36415 1192 -185 -600 -185 18 1 -185 0 0 
36420 1188 -192 -598 -192 18 1 -192 0 0 
36425 1184 -200 -598 -200 18 1 -200 0 0 
36430 1183 -222 -600 -222 18 1 -222 0 0 
36435 1179 -245 -600 -245 18 1 -245 0 0 
36440 1177 -275 -600 -275 18 1 -275 0 0 
36445 1174 -305 -600 -305 18 1 -305 0 0 
36450 1170 -330 -600 -330 18 1 -330 0 0 
36455 1168 -338 -600 -338 18 1 -338 0 0 
36460 1164 -342 -600 -342 18 1 -342 0 0 
36465 1161 -335 -600 -335 18 1 -335 0 0 
36470 1157 -323 -600 -323 18 1 -323 0 0 
36475 1155 -315 -600 -315 18 1 -315 0 0 
36480 1152 -312 -600 -312 18 1 -312 0 0 
36485 1150 -315 -598 -315 18 1 -315 0 0 
36490 1146 -327 -600 -327 18 1 -327 0 0 
36495 1143 -338 -600 -338 18 1 -338 0 0 
36500 1141 -350 -600 -350 18 1 -350 0 0 
36505 1137 -353 -598 -353 18 1 -353 0 0 
36510 1134 -353 -600 -353 18 1 -353 0 0 
36515 1132 -350 -600 -350 18 1 -350 0 0 
36520 1128 -345 -598 -345 18 1 -345 0 0 
36525 1125 -345 -598 -345 18 1 -345 0 0 
36530 1121 -345 -598 -345 18 1 -345 0 0 
36535 1119 -345 -600 -345 18 1 -345 0 0 
36540 1115 -350 -600 -350 18 1 -350 0 0 
36545 1114 -353 -598 -353 18 1 -353 0 0 
36550 1109 -353 -598 -353 18 1 -353 0 0 
36555 1105 -357 -600 -357 18 1 -357 0 0 
36560 1102 -357 -600 -357 18 1 -357 0 0 
36565 1100 -360 -600 -360 18 1 -360 0 0 
36570 1096 -365 -600 -365 18 1 -365 0 0 
36575 1093 -368 -600 -368 18 1 -368 0 0 
36580 1091 -372 -598 -372 18 1 -372 0 0 
36585 1087 -375 -600 -375 18 1 -375 0 0 
36590 1084 -375 -600 -375 18 1 -375 0 0 
36595 1082 -375 -600 -375 18 1 -375 0 0 
36600 1078 -375 -600 -375 18 1 -375 0 0 
36605 1076 -375 -600 -375 18 1 -375 0 0 
36610 1073 -375 -600 -375 18 1 -375 0 0 
36615 1069 -375 -600 -375 18 1 -375 0 0 
36620 1069 -380 -598 -380 18 1 -380 0 0 
36625 1062 -380 -598 -380 18 1 -380 0 0 
36630 1058 -380 -600 -380 18 1 -380 0 0 
36635 1056 -375 -600 -375 18 1 -375 0 0 
36640 1053 -375 -600 -375 18 1 -375 0 0 
36645 1051 -375 -598 -375 18 1 -375 0 0 
36650 1047 -372 -598 -372 18 1 -372 0 0 
36655 1044 -375 -600 -375 18 1 -375 0 0 
36660 1042 -375 -598 -375 18 1 -375 0 0 
36665 1038 -380 -598 -380 18 1 -380 0 0 
36670 1035 -383 -600 -383 18 1 -383 0 0 
36675 1033 -383 -600 -383 18 1 -383 0 0 
36680 1029 -383 -600 -383 18 1 -383 0 0 
36685 1027 -387 -600 -387 18 1 -387 0 0 
36690 1024 -387 -598 -387 18 1 -387 0 0 
36695 1020 -387 -600 -387 18 1 -387 0 0 
36700 1018 -387 -598 -387 18 1 -387 0 0 
36705 1015 -383 -600 -383 18 1 -383 0 0 
36710 1011 -387 -600 -387 18 1 -387 0 0 
36715 1009 -387 -600 -387 18 1 -387 0 0 
36720 1006 -387 -600 -387 18 1 -387 0 0 
36725 1002 -387 -600 -387 18 1 -387 0 0 
36730 1000 -387 -598 -387 18 1 -387 0 0 
36735 997 -387 -600 -387 18 1 -387 0 0 
36740 993 -383 -600 -383 18 1 -383 0 0 
36745 991 -383 -598 -383 18 1 -383 0 0 
36750 988 -383 -600 -383 18 1 -383 0 0 
36755 984 -383 -598 -383 18 1 -383 0 0 
36760 982 -383 -600 -383 18 1 -383 0 0 
36765 980 -383 -600 -383 18 1 -383 0 0 
36770 975 -387 -600 -387 18 1 -387 0 0 
36775 973 -387 -598 -387 18 1 -387 0 0 
36780 971 -387 -598 -387 18 1 -387 0 0 
36785 968 -383 -600 -383 18 1 -383 0 0 
36790 964 -383 -600 -383 18 1 -383 0 0 
36795 962 -380 -600 -380 18 1 -380 0 0 
36800 959 -375 -600 -375 18 1 -375 0 0 
36805 955 -372 -598 -372 18 1 -372 0 0 
36810 951 -368 -600 -368 18 1 -368 0 0 
36815 949 -365 -600 -365 18 1 -365 0 0 
36820 946 -360 -598 -360 18 1 -360 0 0 
36825 944 -357 -598 -357 18 1 -357 0 0 
36830 940 -350 -600 -350 18 1 -350 0 0 
36835 937 -345 -600 -345 18 1 -345 0 0 
36840 933 -338 -598 -338 18 1 -338 0 0 
36845 931 -335 -598 -335 18 1 -335 0 0 
36850 928 -335 -600 -335 18 1 -335 0 0 
36855 924 -327 -600 -327 18 1 -327 0 0 
36860 922 -323 -600 -323 18 1 -323 0 0 
36865 919 -320 -598 -320 18 1 -320 0 0 
36870 917 -315 -600 -315 18 1 -315 0 0 
36875 913 -308 -600 -308 18 1 -308 0 0 
36880 910 -308 -598 -308 18 1 -308 0 0 
36885 908 -305 -600 -305 18 1 -305 0 0 
36890 904 -305 -598 -305 18 1 -305 0 0 
36895 900 -305 -600 -305 18 1 -305 0 0 
36900 899 -305 -598 -305 18 1 -305 0 0 
36905 895 -305 -600 -305 18 1 -305 0 0 
36910 891 -300 -598 -300 18 1 -300 0 0 
36915 890 -297 -600 -297 18 1 -297 0 0 
36920 885 -293 -600 -293 18 1 -293 0 0 
36925 883 -290 -600 -290 18 1 -290 0 0 
36930 880 -285 -598 -285 18 1 -285 0 0 
36935 878 -282 -600 -282 18 1 -282 0 0 
36940 872 -285 -598 -285 18 1 -285 0 0 
36945 870 -282 -600 -282 18 1 -282 0 0 
36950 867 -285 -600 -285 18 1 -285 0 0 
36955 863 -285 -600 -285 18 1 -285 0 0 
36960 861 -285 -600 -285 18 1 -285 0 0 
36965 858 -285 -598 -285 18 1 -285 0 0 
36970 854 -282 -600 -282 18 1 -282 0 0 
36975 852 -282 -600 -282 18 1 -282 0 0 
36980 849 -282 -600 -282 18 1 -282 0 0 
36985 845 -282 -600 -282 18 1 -282 0 0 
36990 843 -282 -600 -282 18 1 -282 0 0 
36995 840 -285 -598 -285 18 1 -285 0 0 
37000 836 -290 -600 -290 18 1 -290 0 0 
37005 834 -293 -600 -293 18 1 -293 0 0 
37010 832 -300 -598 -300 18 1 -300 0 0 
37015 827 -305 -600 -305 18 1 -305 0 0 
37020 825 -305 -600 -305 18 1 -305 0 0 
37025 821 -305 -600 -305 18 1 -305 0 0 
37030 818 -308 -600 -308 18 1 -308 0 0 
37035 814 -308 -598 -308 18 1 -308 0 0 
37040 812 -305 -600 -305 18 1 -305 0 0 
37045 809 -305 -600 -305 18 1 -305 0 0 
37050 807 -305 -600 -305 18 1 -305 0 0 
37055 803 -305 -598 -305 18 1 -305 0 0 
37060 802 -305 -600 -305 18 1 -305 0 0 
37065 798 -305 -600 -305 18 1 -305 0 0 
37070 794 -305 -598 -305 18 1 -305 0 0 
37075 792 -300 -598 -300 18 1 -300 0 0 
37080 789 -305 -600 -305 18 1 -305 0 0 
37085 785 -305 -600 -305 18 1 -305 0 0 
37090 783 -308 -600 -308 18 1 -308 0 0 
37095 780 -308 -598 -308 18 1 -308 0 0 
37100 778 -312 -600 -312 18 1 -312 0 0 
37105 774 -312 -600 -312 18 1 -312 0 0 
37110 771 -308 -598 -308 18 1 -308 0 0 
37115 767 -312 -600 -312 18 1 -312 0 0 
37120 765 -312 -600 -312 18 1 -312 0 0 
37125 762 -315 -600 -315 18 1 -315 0 0 
37130 760 -315 -600 -315 18 1 -315 0 0 
37135 756 -320 -600 -320 18 1 -320 0 0 
37140 753 -320 -600 -320 18 1 -320 0 0 
37145 751 -315 -598 -315 18 1 -315 0 0 
37150 747 -312 -598 -312 18 1 -312 0 0 
37155 743 -308 -600 -308 18 1 -308 0 0 
37160 742 -305 -600 -305 18 1 -305 0 0 
37165 738 -300 -600 -300 18 1 -300 0 0 
37170 736 -300 -598 -300 18 1 -300 0 0 
37175 731 -300 -600 -300 18 1 -300 0 0 
37180 729 -300 -600 -300 18 1 -300 0 0 
37185 727 -300 -600 -300 18 1 -300 0 0 
37190 724 -300 -600 -300 18 1 -300 0 0 
37195 720 -297 -600 -297 18 1 -297 0 0 
37200 716 -297 -600 -297 18 1 -297 0 0 
37205 714 -297 -600 -297 18 1 -297 0 0 
37210 711 -297 -600 -297 18 1 -297 0 0 
37215 707 -297 -600 -297 18 1 -297 0 0 
37220 705 -297 -600 -297 18 1 -297 0 0 
37225 702 -297 -600 -297 18 1 -297 0 0 
37230 698 -300 -600 -300 18 1 -300 0 0 
37235 695 -300 -600 -300 18 1 -300 0 0 
37240 693 -300 -600 -300 18 1 -300 0 0 
37245 691 -300 -600 -300 18 1 -300 0 0 
37250 687 -297 -598 -297 18 1 -297 0 0 
37255 684 -293 -600 -293 18 1 -293 0 0 
37260 682 -293 -600 -293 18 1 -293 0 0 
37265 678 -290 -600 -290 18 1 -290 0 0 
37270 675 -290 -600 -290 18 1 -290 0 0 
37275 671 -285 -600 -285 18 1 -285 0 0 
37280 667 -285 -600 -285 18 1 -285 0 0 
37285 666 -285 -598 -285 18 1 -285 0 0 
37290 664 -285 -600 -285 18 1 -285 0 0 
37295 657 -290 -598 -290 18 1 -290 0 0 
37300 655 -290 -598 -290 18 1 -290 0 0 
37305 652 -285 -600 -285 18 1 -285 0 0 
37310 650 -285 -600 -285 18 1 -285 0 0 
37315 646 -282 -598 -282 18 1 -282 0 0 
37320 643 -282 -600 -282 18 1 -282 0 0 
37325 641 -282 -600 -282 18 1 -282 0 0 
37330 637 -282 -600 -282 18 1 -282 0 0 
37335 634 -282 -598 -282 18 1 -282 0 0 
37340 632 -282 -598 -282 18 1 -282 0 0 
37345 628 -282 -600 -282 18 1 -282 0 0 
37350 625 -282 -600 -282 18 1 -282 0 0 
37355 623 -278 -598 -278 18 1 -278 0 0 
37360 619 -282 -600 -282 18 1 -282 0 0 
37365 616 -282 -600 -282 18 1 -282 0 0 
37370 612 -282 -600 -282 18 1 -282 0 0 
37375 610 -282 -600 -282 18 1 -282 0 0 
37380 608 -282 -600 -282 18 1 -282 0 0 
37385 605 -278 -600 -278 18 1 -278 0 0 
37390 601 -278 -600 -278 18 1 -278 0 0 
37395 597 -282 -598 -282 18 1 -282 0 0 
37400 596 -282 -600 -282 18 1 -282 0 0 
37405 592 -282 -600 -282 18 1 -282 0 0 
37410 590 -285 -598 -285 18 1 -285 0 0 
37415 587 -290 -600 -290 18 1 -290 0 0 
37420 583 -293 -598 -293 18 1 -293 0 0 
37425 579 -293 -600 -293 18 1 -293 0 0 
37430 577 -293 -600 -293 18 1 -293 0 0 
37435 574 -293 -600 -293 18 1 -293 0 0 
37440 572 -293 -598 -293 18 1 -293 0 0 
37445 568 -293 -600 -293 18 1 -293 0 0 
37450 567 -293 -600 -293 18 1 -293 0 0 
37455 563 -297 -600 -297 18 1 -297 0 0 
37460 559 -300 -600 -300 18 1 -300 0 0 
37465 556 -305 -598 -305 18 1 -305 0 0 
37470 554 -305 -600 -305 18 1 -305 0 0 
37475 550 -308 -600 -308 18 1 -308 0 0 
37480 548 -312 -600 -312 18 1 -312 0 0 
37485 545 -312 -600 -312 18 1 -312 0 0 
37490 541 -312 -598 -312 18 1 -312 0 0 
37495 538 -312 -598 -312 18 1 -312 0 0 
37500 536 -312 -600 -312 18 1 -312 0 0 
37505 532 -312 -600 -312 18 1 -312 0 0 
37510 530 -312 -598 -312 18 1 -312 0 0 
37515 527 -312 -598 -312 18 1 -312 0 0 
37520 523 -315 -600 -315 18 1 -315 0 0 
37525 521 -315 -598 -315 18 1 -315 0 0 
37530 518 -315 -600 -315 18 1 -315 0 0 
37535 514 -315 -600 -315 18 1 -315 0 0 
37540 510 -320 -598 -320 18 1 -320 0 0 
37545 509 -320 -600 -320 18 1 -320 0 0 
37550 505 -323 -600 -323 18 1 -323 0 0 
37555 501 -330 -600 -330 18 1 -330 0 0 
37560 499 -335 -598 -335 18 1 -335 0 0 
37565 496 -338 -598 -338 18 1 -338 0 0 
37570 492 -342 -598 -342 18 1 -342 0 0 
37575 489 -342 -598 -342 18 1 -342 0 0 
37580 487 -338 -600 -338 18 1 -338 0 0 
37585 483 -338 -600 -338 18 1 -338 0 0 
37590 481 -338 -598 -338 18 1 -338 0 0 
37595 478 -338 -600 -338 18 1 -338 0 0 
37600 474 -338 -598 -338 18 1 -338 0 0 
37605 472 -338 -600 -338 18 1 -338 0 0 
37610 469 -338 -600 -338 18 1 -338 0 0 
37615 465 -338 -600 -338 18 1 -338 0 0 
37620 463 -338 -600 -338 18 1 -338 0 0 
37625 460 -338 -600 -338 18 1 -338 0 0 
37630 456 -338 -600 -338 18 1 -338 0 0 
37635 454 -338 -600 -338 18 1 -338 0 0 
37640 451 -338 -598 -338 18 1 -338 0 0 
37645 449 -338 -598 -338 18 1 -338 0 0 
37650 445 -335 -600 -335 18 1 -335 0 0 
37655 441 -338 -600 -338 18 1 -338 0 0 
37660 439 -338 -600 -338 18 1 -338 0 0 
37665 435 -338 -598 -338 18 1 -338 0 0 
37670 433 -338 -600 -338 18 1 -338 0 0 
37675 428 -338 -600 -338 18 1 -338 0 0 
37680 426 -338 -600 -338 18 1 -338 0 0 
37685 422 -335 -600 -335 18 1 -335 0 0 
37690 420 -335 -598 -335 18 1 -335 0 0 
37695 417 -335 -600 -335 18 1 -335 0 0 
37700 413 -335 -600 -335 18 1 -335 0 0 
37705 411 -335 -600 -335 18 1 -335 0 0 
37710 408 -338 -598 -338 18 1 -338 0 0 
37715 404 -338 -600 -338 18 1 -338 0 0 
37720 401 -338 -600 -338 18 1 -338 0 0 
37725 399 -335 -600 -335 18 1 -335 0 0 
37730 395 -335 -600 -335 18 1 -335 0 0 
37735 391 -335 -600 -335 18 1 -335 0 0 
37740 390 -335 -600 -335 18 1 -335 0 0 
37745 386 -335 -600 -335 18 1 -335 0 0 
37750 384 -330 -600 -330 18 1 -330 0 0 
37755 381 -330 -600 -330 18 1 -330 0 0 
37760 377 -330 -600 -330 18 1 -330 0 0 
37765 375 -330 -598 -330 18 1 -330 0 0 
37770 372 -330 -598 -330 18 1 -330 0 0 
37775 368 -330 -600 -330 18 1 -330 0 0 
37780 364 -330 -600 -330 18 1 -330 0 0 
37785 362 -335 -600 -335 18 1 -335 0 0 
37790 359 -335 -598 -335 18 1 -335 0 0 
37795 357 -335 -598 -335 18 1 -335 0 0 
37800 353 -335 -600 -335 18 1 -335 0 0 
37805 350 -335 -600 -335 18 1 -335 0 0 
37810 348 -335 -600 -335 18 1 -335 0 0 
37815 344 -335 -598 -335 18 1 -335 0 0 
37820 341 -335 -600 -335 18 1 -335 0 0 
37825 339 -335 -598 -335 18 1 -335 0 0 
37830 335 -335 -598 -335 18 1 -335 0 0 
37835 333 -335 -600 -335 18 1 -335 0 0 
37840 330 -335 -600 -335 18 1 -335 0 0 
37845 326 -335 -598 -335 18 1 -335 0 0 
37850 324 -335 -598 -335 18 1 -335 0 0 
37855 321 -335 -600 -335 18 1 -335 0 0 
37860 317 -335 -600 -335 18 1 -335 0 0 
37865 315 -335 -600 -335 18 1 -335 0 0 
37870 312 -335 -598 -335 18 1 -335 0 0 
37875 308 -335 -598 -335 18 1 -335 0 0 
37880 304 -335 -600 -335 18 1 -335 0 0 
37885 303 -330 -598 -330 18 1 -330 0 0 
37890 299 -330 -600 -330 18 1 -330 0 0 
37895 295 -327 -600 -327 18 1 -327 0 0 
37900 294 -327 -600 -327 18 1 -327 0 0 
37905 290 -327 -600 -327 18 1 -327 0 0 
37910 288 -327 -600 -327 18 1 -327 0 0 
37915 284 -330 -600 -330 18 1 -330 0 0 
37920 281 -330 -600 -330 18 1 -330 0 0 
37925 277 -330 -600 -330 18 1 -330 0 0 
37930 275 -327 -600 -327 18 1 -327 0 0 
37935 272 -327 -600 -327 18 1 -327 0 0 
37940 270 -323 -600 -323 18 1 -323 0 0 
37945 266 -323 -600 -323 18 1 -323 0 0 
37950 263 -323 -600 -323 18 1 -323 0 0 
37955 259 -323 -600 -323 18 1 -323 0 0 
37960 255 -320 -600 -320 18 1 -320 0 0 
37965 254 -315 -600 -315 18 1 -315 0 0 
37970 250 -315 -600 -315 18 1 -315 0 0 
37975 246 -315 -600 -315 18 1 -315 0 0 
37980 245 -320 -600 -320 18 1 -320 0 0 
37985 241 -320 -598 -320 18 1 -320 0 0 
37990 239 -320 -600 -320 18 1 -320 0 0 
37995 236 -315 -600 -315 18 1 -315 0 0 
38000 232 -312 -600 -312 18 1 -312 0 0 
38005 230 -312 -600 -312 18 1 -312 0 0 
38010 226 -308 -600 -308 18 1 -308 0 0 
38015 223 -305 -600 -305 18 1 -305 0 0 
38020 221 -305 -600 -305 18 1 -305 0 0 
38025 216 -305 -600 -305 18 1 -305 0 0 
38030 213 -305 -598 -305 18 1 -305 0 0 
38035 209 -297 -598 -297 18 1 -297 0 0 
38040 207 -297 -598 -297 18 1 -297 0 0 
38045 204 -293 -600 -293 18 1 -293 0 0 
38050 202 -290 -600 -290 18 1 -290 0 0 
38055 198 -290 -598 -290 18 1 -290 0 0 
38060 195 -290 -600 -290 18 1 -290 0 0 
38065 193 -290 -600 -290 18 1 -290 0 0 
38070 189 -290 -598 -290 18 1 -290 0 0 
38075 186 -285 -600 -285 18 1 -285 0 0 
38080 184 -282 -600 -282 18 1 -282 0 0 
38085 180 -282 -600 -282 18 1 -282 0 0 
38090 178 -278 -600 -278 18 1 -278 0 0 
38095 173 -275 -600 -275 18 1 -275 0 0 
38100 171 -275 -600 -275 18 1 -275 0 0 
38105 167 -270 -600 -270 18 1 -270 0 0 
38110 166 -270 -598 -270 18 1 -270 0 0 
38115 162 -270 -600 -270 18 1 -270 0 0 
38120 158 -270 -598 -270 18 1 -270 0 0 
38125 157 -270 -600 -270 18 1 -270 0 0 
38130 153 -267 -600 -267 18 1 -267 0 0 
38135 149 -263 -600 -263 18 1 -263 0 0 
38140 147 -263 -600 -263 18 1 -263 0 0 
38145 146 -260 -600 -260 18 1 -260 0 0 
38150 142 -260 -600 -260 18 1 -260 0 0 
38155 138 -255 -600 -255 18 1 -255 0 0 
38160 137 -252 -600 -252 18 1 -252 0 0 
38165 133 -248 -600 -248 18 1 -248 0 0 
38170 129 -248 -600 -248 18 1 -248 0 0 
38175 127 -245 -600 -245 18 1 -245 0 0 
38180 124 -245 -598 -245 18 1 -245 0 0 
38185 120 -245 -600 -245 18 1 -245 0 0 
38190 118 -240 -598 -240 18 1 -240 0 0 
38195 115 -240 -580 -240 18 1 -240 0 0 
38200 111 -237 -573 -237 18 1 -237 0 0 
38205 109 -233 -563 -233 18 1 -233 0 0 
38210 106 -230 -555 -230 18 1 -230 0 0 
38215 104 -230 -548 -230 18 1 -230 0 0 
38220 100 -237 -538 -237 18 1 -237 0 0 
38225 100 -240 -528 -240 18 1 -240 0 0 
38230 95 -245 -523 -245 18 1 -245 0 0 
38235 93 -240 -508 -240 18 1 -240 0 0 
38240 91 -237 -498 -237 18 1 -237 0 0 
38245 88 -230 -493 -230 18 1 -230 0 0 
38250 86 -222 -483 -222 18 1 -222 0 0 
38255 82 -218 -468 -218 18 1 -218 0 0 
38260 80 -222 -460 -222 18 1 -222 0 0 
38265 79 -222 -455 -222 18 1 -222 0 0 
38270 75 -222 -445 -222 18 1 -222 0 0 
38275 73 -218 -433 -218 18 1 -218 0 0 
38280 71 -210 -423 -210 18 1 -210 0 0 
38285 69 -203 -410 -203 18 1 -203 0 0 
38290 68 -203 -408 -203 18 1 -203 0 0 
38295 66 -195 -398 -195 18 1 -195 0 0 
38300 64 -195 -390 -195 18 1 -195 0 0 
38305 60 -192 -380 -192 18 1 -192 0 0 
38310 59 -188 -370 -188 18 1 -188 0 0 
38315 57 -185 -365 -185 18 1 -185 0 0 
38320 55 -180 -353 -180 18 1 -180 0 0 
38325 53 -177 -340 -177 18 1 -177 0 0 
38330 51 -170 -333 -170 18 1 -170 0 0 
38335 50 -165 -318 -165 18 1 -165 0 0 
38340 48 -162 -318 -162 18 1 -162 0 0 
38345 48 -158 -305 -158 18 1 -158 0 0 
38350 46 -150 -298 -150 18 1 -150 0 0 
38355 44 -147 -288 -147 18 1 -147 0 0 
38360 42 -135 -273 -135 18 1 -135 0 0 
38365 40 -128 -270 -128 18 1 -128 0 0 
38370 40 -120 -260 -120 18 1 -120 0 0 
38375 39 -117 -248 -117 18 1 -117 0 0 
38380 37 -113 -245 -113 18 1 -113 0 0 
38385 37 -110 -233 -110 18 1 -110 0 0 
38390 35 -110 -223 -110 18 1 -110 0 0 
38395 33 -105 -218 -105 18 1 -105 0 0 
38400 33 -98 -200 -98 18 1 -98 0 0 
38405 31 -95 -198 -95 18 1 -95 0 0 
38410 31 -90 -183 -90 18 1 -90 0 0 
38415 30 -87 -173 -87 18 1 -87 0 0 
38420 30 -90 -170 -90 18 1 -90 0 0 
38425 28 -87 -168 -87 18 1 -87 0 0 
38430 28 -87 -155 -87 18 1 -87 0 0 
38435 26 -87 -145 -87 18 1 -87 0 0 
38440 26 -83 -135 -83 18 1 -83 0 0 
38445 26 -80 -135 -80 18 1 -80 0 0 
38450 26 -75 -130 -75 18 1 -75 0 0 
38455 24 -75 -120 -75 18 1 -75 0 0 
38460 24 -75 -120 -75 18 1 -75 0 0 
38465 22 -72 -120 -72 18 1 -72 0 0 
38470 22 -72 -110 -72 18 1 -72 0 0 
38475 22 -68 -105 -68 18 1 -68 0 0 
38480 22 -60 -103 -60 18 1 -60 0 0 
38485 22 -57 -100 -57 18 1 -57 0 0 
38490 20 -53 -95 -53 18 1 -53 0 0 
38495 20 -53 -83 -53 18 1 -53 0 0 
38500 20 -53 -80 -53 18 1 -53 0 0 
38505 19 -57 -75 -57 18 1 -57 0 0 
38510 19 -53 -75 -53 18 1 -53 0 0 
38515 19 -50 -75 -50 18 1 -50 0 0 
38520 17 -45 -75 -45 18 1 -45 0 0 
38525 17 -42 -68 -42 18 1 -42 0 0 
38530 19 -38 -65 -38 18 1 -38 0 0 
38535 17 -30 -55 -30 18 1 -30 0 0 
38540 17 -27 -50 -27 18 1 -27 0 0 
38545 17 -20 -50 -20 18 1 -20 0 0 
38550 17 -12 -48 -12 18 1 -12 0 0 
38555 15 -8 -43 -8 18 1 -8 0 0 
38560 15 0 -35 0 18 1 0 0 0 
38565 15 5 -28 5 18 1 5 0 0 
38570 15 12 -18 12 18 1 12 0 0 
38575 15 20 -5 20 18 1 20 0 0 
38580 15 30 0 30 18 1 30 0 0 
38585 15 38 13 38 18 1 38 0 0 
38590 15 45 23 45 18 1 45 0 0 
38595 15 50 35 50 18 1 50 0 0 
38600 15 53 53 53 18 1 53 0 0 
38605 17 57 70 57 18 1 57 0 0 
38610 17 57 83 57 18 1 57 0 0 
38615 17 65 103 65 18 1 65 0 0 
38620 19 68 123 68 18 1 68 0 0 
38625 19 72 143 72 18 1 72 0 0 
38630 19 75 160 75 18 1 75 0 0 
38635 20 75 183 75 18 1 75 0 0 
38640 20 80 210 80 18 1 80 0 0 
38645 22 80 233 80 18 1 80 0 0 
38650 22 87 253 87 18 1 87 0 0 
38655 24 87 275 87 18 1 87 0 0 
38660 26 90 303 90 18 1 90 0 0 
38665 28 90 328 90 18 1 90 0 0 
38670 28 90 355 90 18 1 90 0 0 
38675 30 90 380 90 19 1 90 0 0 
38680 33 95 410 95 19 1 95 0 0 
38685 35 98 438 98 19 1 98 0 0 
38690 37 98 463 98 19 1 98 0 0 
38695 39 98 493 98 19 1 98 0 0 
38700 42 102 525 102 19 1 102 0 0 
38705 44 102 555 102 19 1 102 0 0 
38710 48 102 588 102 19 1 102 0 0 
38715 50 102 593 102 19 1 102 0 0 
38720 53 105 600 105 19 1 105 0 0 
38725 57 105 600 105 19 1 105 0 0 
38730 60 105 600 105 19 1 105 0 0 
38735 62 110 600 110 19 1 110 0 0 
38740 66 120 600 120 19 1 120 0 0 
38745 69 140 600 140 19 1 140 0 0 
38750 73 155 600 155 19 1 155 0 0 
38755 75 173 600 173 19 1 173 0 0 
38760 79 180 600 180 19 1 180 0 0 
38765 80 180 600 180 19 1 180 0 0 
38770 84 170 603 170 19 1 170 0 0 
38775 88 162 600 162 19 1 162 0 0 
38780 89 155 603 155 19 1 155 0 0 
38785 93 155 603 155 19 1 155 0 0 
38790 97 158 600 158 19 1 158 0 0 
38795 98 162 600 162 19 1 162 0 0 
38800 104 165 600 165 19 1 165 0 0 
38805 106 165 600 165 19 1 165 0 0 
38810 109 165 600 165 19 1 165 0 0 
38815 111 162 600 162 19 1 162 0 0 
38820 115 162 600 162 19 1 162 0 0 
38825 118 162 600 162 19 1 162 0 0 
38830 120 165 603 165 19 1 165 0 0 
38835 124 165 600 165 19 1 165 0 0 
38840 127 165 600 165 19 1 165 0 0 
38845 129 165 600 165 19 1 165 0 0 
38850 133 162 600 162 19 1 162 0 0 
38855 135 165 600 165 19 1 165 0 0 
38860 138 165 603 165 19 1 165 0 0 
38865 142 170 603 170 19 1 170 0 0 
38870 144 170 600 170 19 1 170 0 0 
38875 147 170 600 170 19 1 170 0 0 
38880 151 170 603 170 19 1 170 0 0 
38885 153 170 603 170 19 1 170 0 0 
38890 157 170 600 170 19 1 170 0 0 
38895 160 173 603 173 19 1 173 0 0 
38900 164 173 603 173 19 1 173 0 0 
38905 166 173 600 173 19 1 173 0 0 
38910 169 177 603 177 19 1 177 0 0 
38915 171 177 600 177 19 1 177 0 0 
38920 175 173 603 173 19 1 173 0 0 
38925 178 173 600 173 19 1 173 0 0 
38930 180 177 600 177 19 1 177 0 0 
38935 184 177 600 177 19 1 177 0 0 
38940 187 177 600 177 19 1 177 0 0 
38945 191 180 600 180 19 1 180 0 0 
38950 193 180 603 180 19 1 180 0 0 
38955 196 180 600 180 19 1 180 0 0 
38960 198 180 603 180 19 1 180 0 0 
38965 202 180 600 180 19 1 180 0 0 
38970 205 180 600 180 19 1 180 0 0 
38975 207 185 603 185 19 1 185 0 0 
38980 211 185 600 185 19 1 185 0 0 
38985 215 188 600 188 19 1 188 0 0 
38990 219 185 600 185 19 1 185 0 0 
38995 221 185 600 185 19 1 185 0 0 
39000 225 185 600 185 19 1 185 0 0 
39005 226 188 600 188 19 1 188 0 0 
39010 230 185 600 185 19 1 185 0 0 
39015 232 188 603 188 19 1 188 0 0 
39020 237 188 600 188 19 1 188 0 0 
39025 241 188 600 188 19 1 188 0 0 
39030 243 188 600 188 19 1 188 0 0 
39035 245 188 600 188 19 1 188 0 0 
39040 248 188 600 188 19 1 188 0 0 
39045 252 188 600 188 19 1 188 0 0 
39050 255 192 600 192 19 1 192 0 0 
39055 257 192 600 192 19 1 192 0 0 
39060 261 192 600 192 19 1 192 0 0 
39065 265 192 600 192 19 1 192 0 0 
39070 266 192 600 192 19 1 192 0 0 
39075 270 192 600 192 19 1 192 0 0 
39080 274 195 603 195 19 1 195 0 0 
39085 277 195 603 195 19 1 195 0 0 
39090 279 195 600 195 19 1 195 0 0 
39095 283 195 600 195 19 1 195 0 0 
39100 286 192 603 192 19 1 192 0 0 
39105 288 195 600 195 19 1 195 0 0 
39110 292 195 600 195 19 1 195 0 0 
39115 295 195 600 195 19 1 195 0 0 
39120 297 195 600 195 19 1 195 0 0 
39125 301 195 600 195 19 1 195 0 0 
39130 304 195 600 195 19 1 195 0 0 
39135 306 195 600 195 19 1 195 0 0 
39140 310 200 603 200 19 1 200 0 0 
39145 313 200 603 200 19 1 200 0 0 
39150 317 200 600 200 19 1 200 0 0 
39155 319 203 600 203 19 1 203 0 0 
39160 323 203 600 203 19 1 203 0 0 
39165 326 203 600 203 19 1 203 0 0 
39170 328 203 600 203 19 1 203 0 0 
39175 332 207 603 207 19 1 207 0 0 
39180 335 207 603 207 19 1 207 0 0 
39185 337 210 600 210 19 1 210 0 0 
39190 341 210 600 210 19 1 210 0 0 
39195 343 215 600 215 19 1 215 0 0 
39200 346 215 600 215 19 1 215 0 0 
39205 350 215 600 215 19 1 215 0 0 
39210 352 218 600 218 19 1 218 0 0 
39215 355 218 600 218 19 1 218 0 0 
39220 359 222 600 222 19 1 222 0 0 
39225 361 222 600 222 19 1 222 0 0 
39230 364 222 603 222 19 1 222 0 0 
39235 368 222 600 222 19 1 222 0 0 
39240 370 225 600 225 19 1 225 0 0 
39245 373 225 600 225 19 1 225 0 0 
39250 377 225 600 225 19 1 225 0 0 
39255 379 225 603 225 19 1 225 0 0 
39260 382 225 600 225 19 1 225 0 0 
39265 386 225 600 225 19 1 225 0 0 
39270 390 225 600 225 19 1 225 0 0 
39275 391 222 600 222 19 1 222 0 0 
39280 395 225 600 225 19 1 225 0 0 
39285 399 225 603 225 19 1 225 0 0 
39290 402 225 603 225 19 1 225 0 0 
39295 404 230 600 230 19 1 230 0 0 
39300 408 230 603 230 19 1 230 0 0 
39305 410 230 603 230 19 1 230 0 0 
39310 413 230 600 230 19 1 230 0 0 
39315 417 230 600 230 19 1 230 0 0 
39320 419 230 600 230 19 1 230 0 0 
39325 422 230 600 230 19 1 230 0 0 
39330 426 230 600 230 19 1 230 0 0 
39335 428 230 600 230 19 1 230 0 0 
39340 431 230 600 230 19 1 230 0 0 
39345 435 230 600 230 19 1 230 0 0 
39350 437 230 600 230 19 1 230 0 0 
39355 441 233 603 233 19 1 233 0 0 
39360 445 233 600 233 19 1 233 0 0 
39365 447 233 600 233 19 1 233 0 0 
39370 451 233 600 233 19 1 233 0 0 
39375 454 233 600 233 19 1 233 0 0 
39380 456 233 603 233 19 1 233 0 0 
39385 460 233 603 233 19 1 233 0 0 
39390 463 233 600 233 19 1 233 0 0 
39395 465 233 600 233 19 1 233 0 0 
39400 469 233 600 233 19 1 233 0 0 
39405 472 233 600 233 19 1 233 0 0 
39410 474 233 600 233 19 1 233 0 0 
39415 476 233 600 233 19 1 233 0 0 
39420 481 233 600 233 19 1 233 0 0 
39425 483 233 600 233 19 1 233 0 0 
39430 487 237 600 237 19 1 237 0 0 
39435 489 237 600 237 19 1 237 0 0 
39440 492 233 600 233 19 1 233 0 0 
39445 496 240 603 240 19 1 240 0 0 
39450 498 237 603 237 19 1 237 0 0 
39455 501 240 600 240 19 1 240 0 0 
39460 505 240 600 240 19 1 240 0 0 
39465 509 240 600 240 19 1 240 0 0 
39470 510 240 600 240 19 1 240 0 0 
39475 514 240 600 240 19 1 240 0 0 
39480 518 240 600 240 19 1 240 0 0 
39485 521 245 600 245 19 1 245 0 0 
39490 523 245 600 245 19 1 245 0 0 
39495 527 245 600 245 19 1 245 0 0 
39500 530 248 603 248 19 1 248 0 0 
39505 532 252 600 252 19 1 252 0 0 
39510 536 252 600 252 19 1 252 0 0 
39515 539 255 600 255 19 1 255 0 0 
39520 543 255 600 255 19 1 255 0 0 
39525 545 255 600 255 19 1 255 0 0 
39530 548 255 600 255 19 1 255 0 0 
39535 550 255 600 255 19 1 255 0 0 
39540 554 252 600 252 19 1 252 0 0 
39545 558 255 600 255 19 1 255 0 0 
39550 561 252 600 252 19 1 252 0 0 
39555 563 252 603 252 19 1 252 0 0 
39560 567 252 600 252 19 1 252 0 0 
39565 568 252 600 252 19 1 252 0 0 
39570 572 252 603 252 19 1 252 0 0 
39575 574 252 600 252 19 1 252 0 0 
39580 579 252 600 252 19 1 252 0 0 
39585 581 252 600 252 19 1 252 0 0 
39590 583 252 600 252 19 1 252 0 0 
39595 587 252 600 252 19 1 252 0 0 
39600 590 252 603 252 19 1 252 0 0 
39605 592 255 600 255 19 1 255 0 0 
39610 596 255 600 255 19 1 255 0 0 
39615 599 255 603 255 19 1 255 0 0 
39620 603 255 603 255 19 1 255 0 0 
39625 605 260 603 260 19 1 260 0 0 
39630 608 260 600 260 19 1 260 0 0 
39635 610 255 603 255 19 1 255 0 0 
39640 614 255 600 255 19 1 255 0 0 
39645 617 255 600 255 19 1 255 0 0 
39650 619 255 600 255 19 1 255 0 0 
39655 623 255 600 255 19 1 255 0 0 
39660 626 260 600 260 19 1 260 0 0 
39665 630 260 600 260 19 1 260 0 0 
39670 632 263 600 263 19 1 263 0 0 
39675 635 260 600 260 19 1 260 0 0 
39680 639 263 600 263 19 1 263 0 0 
39685 641 263 603 263 19 1 263 0 0 
39690 645 263 600 263 19 1 263 0 0 
39695 646 263 600 263 19 1 263 0 0 
39700 650 263 600 263 19 1 263 0 0 
39705 654 263 600 263 19 1 263 0 0 
39710 657 263 603 263 19 1 263 0 0 
39715 659 263 600 263 19 1 263 0 0 
39720 664 263 600 263 19 1 263 0 0 
39725 667 263 603 263 19 1 263 0 0 
39730 669 263 603 263 19 1 263 0 0 
39735 673 263 600 263 19 1 263 0 0 
39740 675 263 600 263 19 1 263 0 0 
39745 678 263 600 263 19 1 263 0 0 
39750 682 260 600 260 19 1 260 0 0 
39755 685 260 603 260 19 1 260 0 0 
39760 687 260 600 260 19 1 260 0 0 
39765 691 260 600 260 19 1 260 0 0 
39770 695 260 600 260 19 1 260 0 0 
39775 696 260 600 260 19 1 260 0 0 
39780 700 255 603 255 19 1 255 0 0 
39785 704 255 600 255 19 1 255 0 0 
39790 705 260 603 260 19 1 260 0 0 
39795 709 260 600 260 19 1 260 0 0 
39800 713 255 600 255 19 1 255 0 0 
39805 714 260 600 260 19 1 260 0 0 
39810 718 255 603 255 19 1 255 0 0 
39815 722 260 600 260 19 1 260 0 0 
39820 725 260 603 260 19 1 260 0 0 
39825 729 260 600 260 19 1 260 0 0 
39830 731 260 600 260 19 1 260 0 0 
39835 733 255 600 255 19 1 255 0 0 
39840 736 255 600 255 19 1 255 0 0 
39845 740 260 600 260 19 1 260 0 0 
39850 742 260 600 260 19 1 260 0 0 
39855 745 260 603 260 19 1 260 0 0 
39860 749 260 600 260 19 1 260 0 0 
39865 753 255 603 255 19 1 255 0 0 
39870 754 255 600 255 19 1 255 0 0 
39875 758 255 600 255 19 1 255 0 0 
39880 762 252 600 252 19 1 252 0 0 
39885 763 252 600 252 19 1 252 0 0 
39890 767 252 600 252 19 1 252 0 0 
39895 769 252 603 252 19 1 252 0 0 
39900 773 252 600 252 19 1 252 0 0 
39905 774 248 603 248 19 1 248 0 0 
39910 778 248 600 248 19 1 248 0 0 
39915 782 245 600 245 19 1 245 0 0 
39920 785 245 600 245 19 1 245 0 0 
39925 787 245 600 245 19 1 245 0 0 
39930 792 240 600 240 19 1 240 0 0 
39935 794 240 600 240 19 1 240 0 0 
39940 798 240 603 240 19 1 240 0 0 
39945 800 240 600 240 19 1 240 0 0 
39950 803 240 600 240 19 1 240 0 0 
39955 805 237 600 237 19 1 237 0 0 
39960 809 237 600 237 19 1 237 0 0 
39965 812 233 603 233 19 1 233 0 0 
39970 814 233 600 233 19 1 233 0 0 
39975 818 233 603 233 19 1 233 0 0 
39980 821 233 603 233 19 1 233 0 0 
39985 823 233 603 233 19 1 233 0 0 
39990 827 233 600 233 19 1 233 0 0 
39995 831 230 603 230 19 1 230 0 0 
40000 834 230 600 230 19 1 230 0 0 
40005 836 225 600 225 19 1 225 0 0 
40010 840 225 600 225 19 1 225 0 0 
40015 841 225 603 225 19 1 225 0 0 
40020 845 225 600 225 19 1 225 0 0 
40025 849 222 600 222 19 1 222 0 0 
40030 850 222 600 222 19 1 222 0 0 
40035 854 222 600 222 19 1 222 0 0 
40040 858 222 600 222 19 1 222 0 0 
40045 860 218 600 218 19 1 218 0 0 
40050 863 215 600 215 19 1 215 0 0 
40055 867 215 600 215 19 1 215 0 0 
40060 869 215 603 215 19 1 215 0 0 
40065 872 215 603 215 19 1 215 0 0 
40070 874 210 600 210 19 1 210 0 0 
40075 878 215 600 215 19 1 215 0 0 
40080 881 210 600 210 19 1 210 0 0 
40085 885 210 600 210 19 1 210 0 0 
40090 888 210 603 210 19 1 210 0 0 
40095 891 207 603 207 19 1 207 0 0 
40100 895 207 603 207 19 1 207 0 0 
40105 897 207 603 207 19 1 207 0 0 
40110 900 207 600 207 19 1 207 0 0 
40115 904 207 603 207 19 1 207 0 0 
40120 906 207 603 207 19 1 207 0 0 
40125 910 207 600 207 19 1 207 0 0 
40130 913 207 600 207 19 1 207 0 0 
40135 915 207 600 207 19 1 207 0 0 
40140 919 203 603 203 19 1 203 0 0 
40145 922 203 600 203 19 1 203 0 0 
40150 924 203 600 203 19 1 203 0 0 
40155 928 203 600 203 19 1 203 0 0 
40160 929 203 600 203 19 1 203 0 0 
40165 933 203 603 203 19 1 203 0 0 
40170 937 203 600 203 19 1 203 0 0 
40175 940 207 600 207 19 1 207 0 0 
40180 942 207 600 207 19 1 207 0 0 
40185 946 207 603 207 19 1 207 0 0 
40190 949 207 603 207 19 1 207 0 0 
40195 951 207 600 207 19 1 207 0 0 
40200 955 210 600 210 19 1 210 0 0 
40205 959 210 600 210 19 1 210 0 0 
40210 962 210 600 210 19 1 210 0 0 
40215 964 210 600 210 19 1 210 0 0 
40220 966 215 600 215 19 1 215 0 0 
40225 971 210 600 210 19 1 210 0 0 
40230 973 210 600 210 19 1 210 0 0 
40235 977 210 603 210 19 1 210 0 0 
40240 978 210 600 210 19 1 210 0 0 
40245 982 215 603 215 19 1 215 0 0 
40250 986 210 600 210 19 1 210 0 0 
40255 988 210 600 210 19 1 210 0 0 
40260 991 207 600 207 19 1 207 0 0 
40265 995 207 603 207 19 1 207 0 0 
40270 997 207 603 207 19 1 207 0 0 
40275 1000 210 600 210 19 1 210 0 0 
40280 1004 210 603 210 19 1 210 0 0 
40285 1006 210 600 210 19 1 210 0 0 
40290 1009 210 603 210 19 1 210 0 0 
40295 1013 210 600 210 19 1 210 0 0 
40300 1015 207 600 207 19 1 207 0 0 
40305 1018 207 600 207 19 1 207 0 0 
40310 1020 207 600 207 19 1 207 0 0 
40315 1024 210 600 210 19 1 210 0 0 
40320 1027 210 600 210 19 1 210 0 0 
40325 1031 210 600 210 19 1 210 0 0 
40330 1033 210 600 210 19 1 210 0 0 
40335 1036 210 603 210 19 1 210 0 0 
40340 1038 210 600 210 19 1 210 0 0 
40345 1042 210 603 210 19 1 210 0 0 
40350 1044 207 600 207 19 1 207 0 0 
40355 1049 207 600 207 19 1 207 0 0 
40360 1051 207 600 207 19 1 207 0 0 
40365 1055 203 603 203 19 1 203 0 0 
40370 1056 203 600 203 19 1 203 0 0 
40375 1060 203 600 203 19 1 203 0 0 
40380 1062 203 600 203 19 1 203 0 0 
40385 1067 203 600 203 19 1 203 0 0 
40390 1071 200 603 200 19 1 200 0 0 
40395 1073 195 600 195 19 1 195 0 0 
40400 1076 195 600 195 19 1 195 0 0 
40405 1078 195 600 195 19 1 195 0 0 
40410 1082 192 600 192 19 1 192 0 0 
40415 1084 192 600 192 19 1 192 0 0 
40420 1089 188 600 188 19 1 188 0 0 
40425 1091 188 600 188 19 1 188 0 0 
40430 1095 185 600 185 19 1 185 0 0 
40435 1098 185 603 185 19 1 185 0 0 
40440 1100 180 600 180 19 1 180 0 0 
40445 1104 180 600 180 19 1 180 0 0 
40450 1105 177 600 177 19 1 177 0 0 
40455 1109 177 600 177 19 1 177 0 0 
40460 1114 173 600 173 19 1 173 0 0 
40465 1117 177 603 177 19 1 177 0 0 
40470 1121 173 600 173 19 1 173 0 0 
40475 1123 170 600 170 19 1 170 0 0 
40480 1125 170 600 170 19 1 170 0 0 
40485 1128 165 600 165 19 1 165 0 0 
40490 1132 162 600 162 19 1 162 0 0 
40495 1135 158 593 158 19 1 158 0 0 
40500 1137 155 590 155 19 1 155 0 0 
40505 1141 155 578 155 19 1 155 0 0 
40510 1144 150 568 150 19 1 150 0 0 
40515 1146 150 560 150 19 1 150 0 0 
40520 1150 150 550 150 19 1 150 0 0 
40525 1152 155 538 155 19 1 155 0 0 
40530 1155 155 528 155 19 1 155 0 0 
40535 1157 158 520 158 19 1 158 0 0 
40540 1159 158 513 158 19 1 158 0 0 
40545 1163 155 503 155 19 1 155 0 0 
40550 1164 150 493 150 19 1 150 0 0 
40555 1168 143 485 143 19 1 143 0 0 
40560 1170 140 473 140 19 1 140 0 0 
40565 1172 135 463 135 19 1 135 0 0 
40570 1174 135 455 135 19 1 135 0 0 
40575 1177 135 443 135 19 1 135 0 0 
40580 1179 135 423 135 19 1 135 0 0 
40585 1181 135 415 135 19 1 135 0 0 
40590 1183 132 403 132 19 1 132 0 0 
40595 1186 128 398 128 19 1 128 0 0 
40600 1188 128 390 128 19 1 128 0 0 
40605 1190 128 375 128 19 1 128 0 0 
40610 1192 128 370 128 19 1 128 0 0 
40615 1193 125 370 125 19 1 125 0 0 
40620 1195 120 363 120 19 1 120 0 0 
40625 1197 113 345 113 19 1 113 0 0 
40630 1199 105 333 105 19 1 105 0 0 
40635 1201 98 318 98 19 1 98 0 0 
40640 1203 95 313 95 19 1 95 0 0 
40645 1204 90 303 90 19 1 90 0 0 
40650 1204 87 293 87 19 1 87 0 0 
40655 1206 90 285 90 19 1 90 0 0 
40660 1208 90 280 90 19 1 90 0 0 
40665 1210 90 265 90 19 1 90 0 0 
40670 1210 83 258 83 19 1 83 0 0 
40675 1212 80 248 80 19 1 80 0 0 
40680 1213 72 233 72 19 1 72 0 0 
40685 1215 60 233 60 19 1 60 0 0 
40690 1215 53 223 53 19 1 53 0 0 
40695 1217 50 213 50 19 1 50 0 0 
40700 1217 50 200 50 19 1 50 0 0 
40705 1219 45 193 45 19 1 45 0 0 
40710 1221 42 175 42 19 1 42 0 0 
40715 1221 38 165 38 19 1 38 0 0 
40720 1222 35 155 35 19 1 35 0 0 
40725 1222 23 148 23 19 1 23 0 0 
40730 1222 15 143 15 19 1 15 0 0 
40735 1222 8 133 8 19 1 8 0 0 
40740 1224 0 118 0 19 1 0 0 0 
40745 1226 -15 95 -15 19 1 -15 0 0 
40750 1224 -27 78 -27 19 1 -27 0 0 
40755 1224 -38 55 -38 19 1 -38 0 0 
40760 1226 -53 23 -53 19 1 -53 0 0 
40765 1226 -72 0 -72 19 1 -72 0 0 
40770 1226 -87 -10 -87 19 1 -87 0 0 
40775 1226 -105 -48 -105 19 1 -105 0 0 
40780 1224 -125 -93 -125 19 1 -125 0 0 
40785 1224 -147 -155 -147 19 1 -147 0 0 
40790 1224 -162 -200 -162 19 1 -162 0 0 
40795 1222 -177 -240 -177 19 1 -177 0 0 
40800 1222 -185 -285 -185 19 1 -185 0 0 
40805 1221 -185 -343 -185 19 1 -185 0 0 
40810 1219 -177 -395 -177 19 1 -177 0 0 
40815 1217 -177 -450 -177 19 1 -177 0 0 
40820 1215 -177 -513 -177 19 1 -177 0 0 
40825 1212 -185 -573 -185 20 1 -185 0 0 
40830 1210 -195 -590 -195 20 1 -195 0 0 
40835 1204 -207 -593 -207 20 1 -207 0 0 
40840 1203 -215 -598 -215 20 1 -215 0 0 
40845 1199 -225 -600 -225 20 1 -225 0 0 
40850 1197 -237 -600 -237 20 1 -237 0 0 
40855 1193 -248 -600 -248 20 1 -248 0 0 
40860 1190 -270 -600 -270 20 1 -270 0 0 
40865 1186 -305 -600 -305 20 1 -305 0 0 
40870 1184 -330 -600 -330 20 1 -330 0 0 
40875 1181 -357 -598 -357 20 1 -357 0 0 
40880 1177 -380 -598 -380 20 1 -380 0 0 
40885 1175 -387 -600 -387 20 1 -387 0 0 
40890 1172 -387 -600 -387 20 1 -387 0 0 
40895 1170 -380 -600 -380 20 1 -380 0 0 
40900 1166 -372 -598 -372 20 1 -372 0 0 
40905 1163 -368 -598 -368 20 1 -368 0 0 
40910 1159 -375 -600 -375 20 1 -375 0 0 
40915 1155 -387 -600 -387 20 1 -387 0 0 
40920 1154 -398 -600 -398 20 1 -398 0 0 
40925 1150 -410 -600 -410 20 1 -410 0 0 
40930 1148 -417 -600 -417 20 1 -417 0 0 
40935 1144 -417 -600 -417 20 1 -417 0 0 
40940 1143 -417 -600 -417 20 1 -417 0 0 
40945 1139 -410 -600 -410 20 1 -410 0 0 
40950 1135 -405 -600 -405 20 1 -405 0 0 
40955 1132 -405 -600 -405 20 1 -405 0 0 
40960 1130 -405 -600 -405 20 1 -405 0 0 
40965 1126 -410 -600 -410 20 1 -410 0 0 
40970 1125 -410 -600 -410 20 1 -410 0 0 
40975 1121 -410 -600 -410 20 1 -410 0 0 
40980 1117 -413 -598 -413 20 1 -413 0 0 
40985 1114 -417 -600 -417 20 1 -417 0 0 
40990 1112 -417 -600 -417 20 1 -417 0 0 
40995 1107 -420 -600 -420 20 1 -420 0 0 
41000 1104 -425 -600 -425 20 1 -425 0 0 
41005 1100 -428 -600 -428 20 1 -428 0 0 
41010 1098 -428 -598 -428 20 1 -428 0 0 
41015 1095 -428 -600 -428 20 1 -428 0 0 
41020 1093 -432 -600 -432 20 1 -432 0 0 
41025 1089 -432 -600 -432 20 1 -432 0 0 
41030 1085 -435 -600 -435 20 1 -435 0 0 
41035 1084 -435 -600 -435 20 1 -435 0 0 
41040 1080 -435 -598 -435 20 1 -435 0 0 
41045 1076 -435 -600 -435 20 1 -435 0 0 
41050 1075 -435 -600 -435 20 1 -435 0 0 
41055 1071 -432 -598 -432 20 1 -432 0 0 
41060 1069 -432 -600 -432 20 1 -432 0 0 
41065 1064 -432 -598 -432 20 1 -432 0 0 
41070 1060 -432 -598 -432 20 1 -432 0 0 
41075 1058 -435 -598 -435 20 1 -435 0 0 
41080 1055 -435 -598 -435 20 1 -435 0 0 
41085 1051 -435 -600 -435 20 1 -435 0 0 
41090 1049 -435 -600 -435 20 1 -435 0 0 
41095 1046 -440 -600 -440 20 1 -440 0 0 
41100 1042 -440 -598 -440 20 1 -440 0 0 
41105 1040 -440 -600 -440 20 1 -440 0 0 
41110 1038 -440 -598 -440 20 1 -440 0 0 
41115 1035 -443 -598 -443 20 1 -443 0 0 
41120 1031 -447 -598 -447 20 1 -447 0 0 
41125 1027 -450 -600 -450 20 1 -450 0 0 
41130 1026 -450 -598 -450 20 1 -450 0 0 
41135 1022 -450 -600 -450 20 1 -450 0 0 
41140 1020 -450 -600 -450 20 1 -450 0 0 
41145 1017 -450 -600 -450 20 1 -450 0 0 
41150 1013 -450 -600 -450 20 1 -450 0 0 
41155 1009 -450 -600 -450 20 1 -450 0 0 
41160 1007 -450 -600 -450 20 1 -450 0 0 
41165 1004 -450 -598 -450 20 1 -450 0 0 
41170 1002 -450 -600 -450 20 1 -450 0 0 
41175 998 -447 -600 -447 20 1 -447 0 0 
41180 995 -447 -600 -447 20 1 -447 0 0 
41185 993 -447 -600 -447 20 1 -447 0 0 
41190 989 -447 -600 -447 20 1 -447 0 0 
41195 986 -447 -600 -447 20 1 -447 0 0 
41200 982 -447 -598 -447 20 1 -447 0 0 
41205 980 -447 -600 -447 20 1 -447 0 0 
41210 977 -450 -600 -450 20 1 -450 0 0 
41215 975 -450 -600 -450 20 1 -450 0 0 
41220 971 -450 -600 -450 20 1 -450 0 0 
41225 968 -455 -600 -455 20 1 -455 0 0 
41230 964 -455 -600 -455 20 1 -455 0 0 
41235 962 -458 -598 -458 20 1 -458 0 0 
41240 960 -458 -600 -458 20 1 -458 0 0 
41245 957 -462 -600 -462 20 1 -462 0 0 
41250 953 -458 -600 -458 20 1 -458 0 0 
41255 951 -458 -598 -458 20 1 -458 0 0 
41260 948 -458 -600 -458 20 1 -458 0 0 
41265 944 -458 -600 -458 20 1 -458 0 0 
41270 940 -458 -600 -458 20 1 -458 0 0 
41275 939 -458 -598 -458 20 1 -458 0 0 
41280 937 -462 -600 -462 20 1 -462 0 0 
41285 931 -462 -600 -462 20 1 -462 0 0 
41290 929 -458 -600 -458 20 1 -458 0 0 
41295 926 -458 -598 -458 20 1 -458 0 0 
41300 922 -458 -598 -458 20 1 -458 0 0 
41305 920 -458 -600 -458 20 1 -458 0 0 
41310 917 -458 -600 -458 20 1 -458 0 0 
41315 915 -458 -600 -458 20 1 -458 0 0 
41320 911 -462 -600 -462 20 1 -462 0 0 
41325 908 -462 -600 -462 20 1 -462 0 0 
41330 904 -465 -600 -465 20 1 -465 0 0 
41335 902 -470 -600 -470 20 1 -470 0 0 
41340 899 -470 -600 -470 20 1 -470 0 0 
41345 895 -465 -600 -465 20 1 -465 0 0 
41350 893 -465 -600 -465 20 1 -465 0 0 
41355 890 -470 -600 -470 20 1 -470 0 0 
41360 888 -470 -598 -470 20 1 -470 0 0 
41365 883 -470 -598 -470 20 1 -470 0 0 
41370 880 -470 -600 -470 20 1 -470 0 0 
41375 878 -465 -598 -465 20 1 -465 0 0 
41380 874 -465 -600 -465 20 1 -465 0 0 
41385 870 -465 -600 -465 20 1 -465 0 0 
41390 867 -465 -598 -465 20 1 -465 0 0 
41395 865 -465 -600 -465 20 1 -465 0 0 
41400 861 -465 -600 -465 20 1 -465 0 0 
41405 858 -465 -600 -465 20 1 -465 0 0 
41410 856 -470 -600 -470 20 1 -470 0 0 
41415 852 -470 -598 -470 20 1 -470 0 0 
41420 850 -470 -600 -470 20 1 -470 0 0 
41425 847 -470 -598 -470 20 1 -470 0 0 
41430 843 -470 -598 -470 20 1 -470 0 0 
41435 841 -473 -600 -473 20 1 -473 0 0 
41440 838 -473 -600 -473 20 1 -473 0 0 
41445 834 -473 -598 -473 20 1 -473 0 0 
41450 832 -477 -600 -477 20 1 -477 0 0 
41455 829 -477 -600 -477 20 1 -477 0 0 
41460 827 -477 -598 -477 20 1 -477 0 0 
41465 823 -473 -598 -473 20 1 -473 0 0 
41470 820 -473 -600 -473 20 1 -473 0 0 
41475 816 -473 -600 -473 20 1 -473 0 0 
41480 814 -477 -600 -477 20 1 -477 0 0 
41485 811 -477 -600 -477 20 1 -477 0 0 
41490 807 -477 -600 -477 20 1 -477 0 0 
41495 805 -477 -598 -477 20 1 -477 0 0 
41500 802 -477 -600 -477 20 1 -477 0 0 
41505 798 -477 -598 -477 20 1 -477 0 0 
41510 796 -473 -600 -473 20 1 -473 0 0 
41515 792 -473 -598 -473 20 1 -473 0 0 
41520 791 -473 -600 -473 20 1 -473 0 0 
41525 787 -477 -600 -477 20 1 -477 0 0 
41530 783 -477 -600 -477 20 1 -477 0 0 
41535 782 -480 -600 -480 20 1 -480 0 0 
41540 778 -480 -600 -480 20 1 -480 0 0 
41545 774 -480 -600 -480 20 1 -480 0 0 
41550 771 -485 -598 -485 20 1 -485 0 0 
41555 769 -485 -600 -485 20 1 -485 0 0 
41560 767 -485 -600 -485 20 1 -485 0 0 
41565 762 -480 -600 -480 20 1 -480 0 0 
41570 760 -485 -600 -485 20 1 -485 0 0 
41575 758 -485 -600 -485 20 1 -485 0 0 
41580 753 -485 -600 -485 20 1 -485 0 0 
41585 751 -480 -600 -480 20 1 -480 0 0 
41590 747 -480 -598 -480 20 1 -480 0 0 
41595 745 -480 -600 -480 20 1 -480 0 0 
41600 742 -480 -598 -480 20 1 -480 0 0 
41605 738 -485 -600 -485 20 1 -485 0 0 
41610 736 -485 -600 -485 20 1 -485 0 0 
41615 733 -480 -600 -480 20 1 -480 0 0 
41620 731 -480 -600 -480 20 1 -480 0 0 
41625 725 -477 -598 -477 20 1 -477 0 0 
41630 724 -477 -598 -477 20 1 -477 0 0 
41635 722 -477 -600 -477 20 1 -477 0 0 
41640 718 -477 -600 -477 20 1 -477 0 0 
41645 714 -480 -598 -480 20 1 -480 0 0 
41650 711 -480 -600 -480 20 1 -480 0 0 
41655 709 -477 -600 -477 20 1 -477 0 0 
41660 707 -477 -600 -477 20 1 -477 0 0 
41665 704 -477 -600 -477 20 1 -477 0 0 
41670 700 -473 -600 -473 20 1 -473 0 0 
41675 696 -473 -600 -473 20 1 -473 0 0 
41680 695 -473 -600 -473 20 1 -473 0 0 
41685 691 -473 -600 -473 20 1 -473 0 0 
41690 689 -473 -600 -473 20 1 -473 0 0 
41695 685 -473 -600 -473 20 1 -473 0 0 
41700 682 -473 -600 -473 20 1 -473 0 0 
41705 678 -470 -600 -470 20 1 -470 0 0 
41710 676 -470 -598 -470 20 1 -470 0 0 
41715 673 -470 -598 -470 20 1 -470 0 0 
41720 669 -465 -600 -465 20 1 -465 0 0 
41725 667 -465 -600 -465 20 1 -465 0 0 
41730 664 -465 -600 -465 20 1 -465 0 0 
41735 659 -470 -598 -470 20 1 -470 0 0 
41740 657 -470 -600 -470 20 1 -470 0 0 
41745 654 -465 -600 -465 20 1 -465 0 0 
41750 650 -470 -598 -470 20 1 -470 0 0 
41755 646 -465 -600 -465 20 1 -465 0 0 
41760 643 -465 -598 -465 20 1 -465 0 0 
41765 641 -462 -600 -462 20 1 -462 0 0 
41770 639 -462 -600 -462 20 1 -462 0 0 
41775 635 -458 -600 -458 20 1 -458 0 0 
41780 632 -458 -598 -458 20 1 -458 0 0 
41785 628 -458 -600 -458 20 1 -458 0 0 
41790 626 -458 -600 -458 20 1 -458 0 0 
41795 623 -458 -600 -458 20 1 -458 0 0 
41800 621 -458 -600 -458 20 1 -458 0 0 
41805 617 -458 -598 -458 20 1 -458 0 0 
41810 614 -455 -600 -455 20 1 -455 0 0 
41815 612 -455 -600 -455 20 1 -455 0 0 
41820 608 -450 -600 -450 20 1 -450 0 0 
41825 606 -450 -600 -450 20 1 -450 0 0 
41830 601 -450 -600 -450 20 1 -450 0 0 
41835 599 -450 -600 -450 20 1 -450 0 0 
41840 596 -447 -600 -447 20 1 -447 0 0 
41845 594 -447 -600 -447 20 1 -447 0 0 
41850 590 -447 -600 -447 20 1 -447 0 0 
41855 587 -443 -600 -443 20 1 -443 0 0 
41860 585 -440 -600 -440 20 1 -440 0 0 
41865 581 -440 -600 -440 20 1 -440 0 0 
41870 577 -440 -598 -440 20 1 -440 0 0 
41875 576 -435 -598 -435 20 1 -435 0 0 
41880 572 -435 -600 -435 20 1 -435 0 0 
41885 570 -435 -600 -435 20 1 -435 0 0 
41890 567 -432 -598 -432 20 1 -432 0 0 
41895 565 -428 -600 -428 20 1 -428 0 0 
41900 561 -425 -600 -425 20 1 -425 0 0 
41905 558 -420 -598 -420 20 1 -420 0 0 
41910 556 -420 -600 -420 20 1 -420 0 0 
41915 552 -417 -600 -417 20 1 -417 0 0 
41920 548 -417 -600 -417 20 1 -417 0 0 
41925 545 -417 -600 -417 20 1 -417 0 0 
41930 543 -417 -598 -417 20 1 -417 0 0 
41935 539 -413 -600 -413 20 1 -413 0 0 
41940 538 -410 -600 -410 20 1 -410 0 0 
41945 534 -405 -600 -405 20 1 -405 0 0 
41950 530 -402 -600 -402 20 1 -402 0 0 
41955 528 -402 -600 -402 20 1 -402 0 0 
41960 525 -402 -600 -402 20 1 -402 0 0 
41965 523 -402 -600 -402 20 1 -402 0 0 
41970 518 -402 -600 -402 20 1 -402 0 0 
41975 514 -402 -600 -402 20 1 -402 0 0 
41980 512 -402 -598 -402 20 1 -402 0 0 
41985 509 -398 -600 -398 20 1 -398 0 0 
41990 505 -395 -598 -395 20 1 -395 0 0 
41995 503 -395 -600 -395 20 1 -395 0 0 
42000 499 -390 -600 -390 20 1 -390 0 0 
42005 498 -390 -600 -390 20 1 -390 0 0 
42010 494 -390 -600 -390 20 1 -390 0 0 
42015 492 -395 -600 -395 20 1 -395 0 0 
42020 489 -395 -600 -395 20 1 -395 0 0 
42025 485 -395 -600 -395 20 1 -395 0 0 
42030 481 -390 -600 -390 20 1 -390 0 0 
42035 480 -390 -598 -390 20 1 -390 0 0 
42040 476 -390 -600 -390 20 1 -390 0 0 
42045 474 -390 -600 -390 20 1 -390 0 0 
42050 470 -390 -600 -390 20 1 -390 0 0 
42055 467 -390 -600 -390 20 1 -390 0 0 
42060 465 -390 -600 -390 20 1 -390 0 0 
42065 461 -390 -600 -390 20 1 -390 0 0 
42070 458 -390 -600 -390 20 1 -390 0 0 
42075 456 -390 -600 -390 20 1 -390 0 0 
42080 452 -390 -600 -390 20 1 -390 0 0 
42085 451 -387 -598 -387 20 1 -387 0 0 
42090 445 -387 -600 -387 20 1 -387 0 0 
42095 443 -387 -598 -387 20 1 -387 0 0 
42100 439 -387 -600 -387 20 1 -387 0 0 
42105 437 -387 -600 -387 20 1 -387 0 0 
42110 433 -387 -598 -387 20 1 -387 0 0 
42115 430 -387 -600 -387 20 1 -387 0 0 
42120 428 -387 -598 -387 20 1 -387 0 0 
42125 424 -387 -600 -387 20 1 -387 0 0 
42130 420 -387 -600 -387 20 1 -387 0 0 
42135 419 -383 -600 -383 20 1 -383 0 0 
42140 415 -383 -598 -383 20 1 -383 0 0 
42145 413 -383 -600 -383 20 1 -383 0 0 
42150 408 -383 -598 -383 20 1 -383 0 0 
42155 406 -383 -600 -383 20 1 -383 0 0 
42160 404 -383 -600 -383 20 1 -383 0 0 
42165 401 -383 -600 -383 20 1 -383 0 0 
42170 397 -383 -600 -383 20 1 -383 0 0 
42175 395 -383 -600 -383 20 1 -383 0 0 
42180 391 -380 -600 -380 20 1 -380 0 0 
42185 388 -380 -600 -380 20 1 -380 0 0 
42190 384 -380 -600 -380 20 1 -380 0 0 
42195 382 -375 -600 -375 20 1 -375 0 0 
42200 379 -375 -600 -375 20 1 -375 0 0 
42205 377 -372 -600 -372 20 1 -372 0 0 
42210 372 -372 -600 -372 20 1 -372 0 0 
42215 370 -368 -600 -368 20 1 -368 0 0 
42220 366 -368 -598 -368 20 1 -368 0 0 
42225 364 -368 -600 -368 20 1 -368 0 0 
42230 361 -365 -598 -365 20 1 -365 0 0 
42235 357 -365 -598 -365 20 1 -365 0 0 
42240 355 -368 -598 -368 20 1 -368 0 0 
42245 352 -368 -600 -368 20 1 -368 0 0 
42250 348 -368 -600 -368 20 1 -368 0 0 
42255 346 -368 -600 -368 20 1 -368 0 0 
42260 343 -368 -600 -368 20 1 -368 0 0 
42265 341 -368 -598 -368 20 1 -368 0 0 
42270 337 -365 -600 -365 20 1 -365 0 0 
42275 333 -365 -600 -365 20 1 -365 0 0 
42280 332 -360 -598 -360 20 1 -360 0 0 
42285 328 -360 -600 -360 20 1 -360 0 0 
42290 324 -357 -598 -357 20 1 -357 0 0 
42295 323 -357 -600 -357 20 1 -357 0 0 
42300 321 -357 -598 -357 20 1 -357 0 0 
42305 317 -353 -598 -353 20 1 -353 0 0 
42310 313 -350 -598 -350 20 1 -350 0 0 
42315 310 -345 -598 -345 20 1 -345 0 0 
42320 306 -342 -598 -342 20 1 -342 0 0 
42325 304 -338 -600 -338 20 1 -338 0 0 
42330 301 -335 -600 -335 20 1 -335 0 0 
42335 297 -330 -598 -330 20 1 -330 0 0 
42340 295 -330 -600 -330 20 1 -330 0 0 
42345 292 -327 -600 -327 20 1 -327 0 0 
42350 288 -327 -600 -327 20 1 -327 0 0 
42355 286 -327 -600 -327 20 1 -327 0 0 
42360 283 -323 -600 -323 20 1 -323 0 0 
42365 281 -323 -600 -323 20 1 -323 0 0 
42370 275 -320 -600 -320 20 1 -320 0 0 
42375 274 -315 -600 -315 20 1 -315 0 0 
42380 272 -312 -600 -312 20 1 -312 0 0 
42385 268 -312 -600 -312 20 1 -312 0 0 
42390 265 -308 -598 -308 20 1 -308 0 0 
42395 263 -308 -600 -308 20 1 -308 0 0 
42400 259 -308 -600 -308 20 1 -308 0 0 
42405 255 -305 -600 -305 20 1 -305 0 0 
42410 252 -305 -598 -305 20 1 -305 0 0 
42415 248 -300 -600 -300 20 1 -300 0 0 
42420 246 -297 -600 -297 20 1 -297 0 0 
42425 243 -297 -600 -297 20 1 -297 0 0 
42430 239 -300 -598 -300 20 1 -300 0 0 
42435 237 -297 -600 -297 20 1 -297 0 0 
42440 234 -297 -600 -297 20 1 -297 0 0 
42445 232 -297 -598 -297 20 1 -297 0 0 
42450 228 -293 -600 -293 20 1 -293 0 0 
42455 225 -293 -600 -293 20 1 -293 0 0 
42460 223 -293 -600 -293 20 1 -293 0 0 
42465 219 -293 -600 -293 20 1 -293 0 0 
42470 215 -293 -600 -293 20 1 -293 0 0 
42475 213 -293 -600 -293 20 1 -293 0 0 
42480 209 -293 -600 -293 20 1 -293 0 0 
42485 207 -290 -598 -290 20 1 -290 0 0 
42490 204 -293 -598 -293 20 1 -293 0 0 
42495 200 -290 -600 -290 20 1 -290 0 0 
42500 198 -290 -600 -290 20 1 -290 0 0 
42505 195 -290 -600 -290 20 1 -290 0 0 
42510 191 -290 -598 -290 20 1 -290 0 0 
42515 189 -290 -598 -290 20 1 -290 0 0 
42520 186 -290 -600 -290 20 1 -290 0 0 
42525 182 -290 -600 -290 20 1 -290 0 0 
42530 178 -290 -600 -290 20 1 -290 0 0 
42535 176 -290 -600 -290 20 1 -290 0 0 
42540 173 -290 -598 -290 20 1 -290 0 0 
42545 169 -290 -600 -290 20 1 -290 0 0 
42550 167 -290 -598 -290 20 1 -290 0 0 
42555 164 -290 -600 -290 20 1 -290 0 0 
42560 160 -290 -600 -290 20 1 -290 0 0 
42565 158 -290 -600 -290 20 1 -290 0 0 
42570 155 -293 -600 -293 20 1 -293 0 0 
42575 151 -290 -600 -290 20 1 -290 0 0 
42580 149 -290 -600 -290 20 1 -290 0 0 
42585 146 -290 -600 -290 20 1 -290 0 0 
42590 144 -290 -600 -290 20 1 -290 0 0 
42595 140 -290 -600 -290 20 1 -290 0 0 
42600 138 -285 -600 -285 20 1 -285 0 0 
42605 135 -285 -600 -285 20 1 -285 0 0 
42610 131 -282 -598 -282 20 1 -282 0 0 
42615 129 -278 -600 -278 20 1 -278 0 0 
42620 126 -278 -600 -278 20 1 -278 0 0 
42625 122 -278 -598 -278 20 1 -278 0 0 
42630 120 -278 -598 -278 20 1 -278 0 0 
42635 117 -278 -588 -278 20 1 -278 0 0 
42640 113 -278 -575 -278 20 1 -278 0 0 
42645 111 -275 -565 -275 20 1 -275 0 0 
42650 108 -275 -560 -275 20 1 -275 0 0 
42655 106 -275 -553 -275 20 1 -275 0 0 
42660 102 -275 -545 -275 20 1 -275 0 0 
42665 100 -278 -533 -278 20 1 -278 0 0 
42670 97 -282 -523 -282 20 1 -282 0 0 
42675 93 -282 -520 -282 20 1 -282 0 0 
42680 91 -275 -503 -275 20 1 -275 0 0 
42685 89 -267 -495 -267 20 1 -267 0 0 
42690 86 -255 -488 -255 20 1 -255 0 0 
42695 84 -252 -475 -252 20 1 -252 0 0 
42700 82 -248 -468 -248 20 1 -248 0 0 
42705 80 -245 -458 -245 20 1 -245 0 0 
42710 79 -240 -448 -240 20 1 -240 0 0 
42715 75 -240 -445 -240 20 1 -240 0 0 
42720 73 -233 -430 -233 20 1 -233 0 0 
42725 71 -225 -420 -225 20 1 -225 0 0 
42730 68 -215 -410 -215 20 1 -215 0 0 
42735 66 -203 -405 -203 20 1 -203 0 0 
42740 64 -195 -395 -195 20 1 -195 0 0 
42745 62 -192 -383 -192 20 1 -192 0 0 
42750 60 -185 -370 -185 20 1 -185 0 0 
42755 59 -177 -368 -177 20 1 -177 0 0 
42760 57 -170 -363 -170 20 1 -170 0 0 
42765 55 -158 -350 -158 20 1 -158 0 0 
42770 53 -147 -333 -147 20 1 -147 0 0 
42775 51 -140 -330 -140 20 1 -140 0 0 
42780 50 -128 -318 -128 20 1 -128 0 0 
42785 48 -125 -318 -125 20 1 -125 0 0 
42790 46 -120 -305 -120 20 1 -120 0 0 
42795 44 -117 -298 -117 20 1 -117 0 0 
42800 42 -110 -280 -110 20 1 -110 0 0 
42805 42 -105 -270 -105 20 1 -105 0 0 
42810 40 -98 -265 -98 20 1 -98 0 0 
42815 39 -95 -253 -95 20 1 -95 0 0 
42820 39 -90 -248 -90 20 1 -90 0 0 
42825 37 -95 -245 -95 20 1 -95 0 0 
42830 35 -95 -233 -95 20 1 -95 0 0 
42835 35 -90 -220 -90 20 1 -90 0 0 
42840 33 -83 -210 -83 20 1 -83 0 0 
42845 33 -80 -200 -80 20 1 -80 0 0 
42850 31 -72 -193 -72 20 1 -72 0 0 
42855 31 -68 -180 -68 20 1 -68 0 0 
42860 30 -68 -170 -68 20 1 -68 0 0 
42865 28 -68 -168 -68 20 1 -68 0 0 
42870 28 -65 -158 -65 20 1 -65 0 0 
42875 28 -60 -145 -60 20 1 -60 0 0 
42880 26 -57 -143 -57 20 1 -57 0 0 
42885 26 -50 -133 -50 20 1 -50 0 0 
42890 24 -42 -130 -42 20 1 -42 0 0 
42895 26 -35 -123 -35 20 1 -35 0 0 
42900 24 -30 -120 -30 20 1 -30 0 0 
42905 24 -27 -118 -27 20 1 -27 0 0 
42910 22 -23 -108 -23 20 1 -23 0 0 
42915 22 -15 -100 -15 20 1 -15 0 0 
42920 22 -5 -93 -5 20 1 -5 0 0 
42925 20 8 -83 8 20 1 8 0 0 
42930 20 20 -75 20 20 1 20 0 0 
42935 20 27 -65 27 20 1 27 0 0 
42940 20 30 -55 30 20 1 30 0 0 
42945 20 35 -43 35 20 1 35 0 0 
42950 20 42 -25 42 20 1 42 0 0 
42955 20 45 -10 45 20 1 45 0 0 
42960 20 53 0 53 20 1 53 0 0 
42965 20 57 10 57 20 1 57 0 0 
42970 20 65 35 65 20 1 65 0 0 
42975 20 72 58 72 20 1 72 0 0 
42980 20 80 83 80 20 1 80 0 0 
42985 20 83 105 83 20 1 83 0 0 
42990 20 90 130 90 20 1 90 0 0 
42995 22 98 148 98 20 1 98 0 0 
43000 24 98 173 98 20 1 98 0 0 
43005 24 95 200 95 20 1 95 0 0 
43010 24 95 235 95 20 1 95 0 0 
