19112115.252
File-type:2
Date of Test:21.11.2019
Time of Test:15:25
Name of Person:WALKER SARAH        
Joint-Side:1
Test-Mode:1
Joint:0
Plane:0
Zero:70
Motion-Start:15
Motion-End:90
Speed (Movement 1):60
Speed (Movement 2):60
Acceleration  (conc):5
Acceleration  (ecc):5
Decelerat.(conc):
Decelerat.(ecc):
Break:60
Start-Holdposition:
End-Holdposition:
Hold-Time:
No. of sets:1
No. of repetitions:10
Start-Trigg.:
Weight:63 
Height:170
Date of birth:          
Insured side:                      
Sex:    female
Therapist:                      
Gravitycomp.:0
Astacustest:0
Dyna-Tilt-Angle:0
Dyna-Rotation:33128
Dyna-Height:50
Dyna-Swivelarm:530
Seatback-Tilt-Angle:75
Seatback-Move:160
Seat-Tilt:1
Seat-Thigh-Pad:0
Adapter-Pullout-Lenght:120
Adapter-Pullout-Side:60
Footadapter-Rotation:30
Footadapter-Tilt:0
Footadapter-Move:0
Supporthandle-Lenght:20
Supporthandle-Move:520
Supporthandle-Side:0
Shoulder-Lenght:310
Shoulder-Side:10
Double-Pad:0


fdgsfdgsgfsfgsgfsfgssfgsf
UserID:0
MwareID:0


























EXPLANATION OF THE COLUMNS
1.column: time in milliseconds
2.column: relative position in 1/10 degree or millimeter
3.column: torque in 1/10 Nm or force in newton
4.column: speed in 1/10 degree/second or 1/10 millimeter/second
5.column: torque without gravitycalibration in 1/10 Nm
6.column: current repetition(about 1.2 degrees delayed)
7.column: current set
8.column: torque on dynamometer
9.column: force on right leg or deviation of force
10.column: force on left leg or deviation of position
 
MEASUREMENT STARTS AFTER LINE 100





5 169 -8 -3 -8 1 1 -8 0 0 
10 167 -8 -3 -8 1 1 -8 0 0 
15 169 -5 -3 -5 1 1 -5 0 0 
20 169 -5 0 -5 1 1 -5 0 0 
25 169 -5 -3 -5 1 1 -5 0 0 
30 167 -5 -3 -5 1 1 -5 0 0 
35 169 -5 -3 -5 1 1 -5 0 0 
40 167 -5 0 -5 1 1 -5 0 0 
45 169 -5 -3 -5 1 1 -5 0 0 
50 169 -5 -3 -5 1 1 -5 0 0 
55 169 -5 -3 -5 1 1 -5 0 0 
60 169 -5 -3 -5 1 1 -5 0 0 
65 167 -5 -3 -5 1 1 -5 0 0 
70 169 -5 -3 -5 1 1 -5 0 0 
75 167 -8 -3 -8 1 1 -8 0 0 
80 169 -5 -3 -5 1 1 -5 0 0 
85 169 -8 -3 -8 1 1 -8 0 0 
90 169 -5 -3 -5 1 1 -5 0 0 
95 169 -5 -3 -5 1 1 -5 0 0 
100 169 -5 -3 -5 1 1 -5 0 0 
105 169 -5 -3 -5 1 1 -5 0 0 
110 167 -5 -3 -5 1 1 -5 0 0 
115 169 -5 -3 -5 1 1 -5 0 0 
120 169 -5 -3 -5 1 1 -5 0 0 
125 169 -5 -3 -5 1 1 -5 0 0 
130 169 -5 -3 -5 1 1 -5 0 0 
135 169 -5 -3 -5 1 1 -5 0 0 
140 169 -5 -3 -5 1 1 -5 0 0 
145 169 -8 -3 -8 1 1 -8 0 0 
150 169 -5 -3 -5 1 1 -5 0 0 
155 169 -8 -3 -8 1 1 -8 0 0 
160 169 -8 -3 -8 1 1 -8 0 0 
165 169 -5 -3 -5 1 1 -5 0 0 
170 169 -8 -3 -8 1 1 -8 0 0 
175 169 -8 -3 -8 1 1 -8 0 0 
180 169 -8 -3 -8 1 1 -8 0 0 
185 169 -8 -3 -8 1 1 -8 0 0 
190 169 -8 -5 -8 1 1 -8 0 0 
195 169 -8 -5 -8 1 1 -8 0 0 
200 169 -8 -5 -8 1 1 -8 0 0 
205 169 -8 -5 -8 1 1 -8 0 0 
210 169 -8 -5 -8 1 1 -8 0 0 
215 167 -8 -5 -8 1 1 -8 0 0 
220 169 -8 -10 -8 1 1 -8 0 0 
225 169 -8 -10 -8 1 1 -8 0 0 
230 169 -8 -10 -8 1 1 -8 0 0 
235 169 -12 -10 -12 1 1 -12 0 0 
240 169 -12 -13 -12 1 1 -12 0 0 
245 167 -8 -10 -8 1 1 -8 0 0 
250 167 -8 -13 -8 1 1 -8 0 0 
255 169 -8 -13 -8 1 1 -8 0 0 
260 169 -8 -13 -8 1 1 -8 0 0 
265 169 -8 -13 -8 1 1 -8 0 0 
270 169 -8 -13 -8 1 1 -8 0 0 
275 167 -8 -13 -8 1 1 -8 0 0 
280 167 -8 -15 -8 1 1 -8 0 0 
285 167 -5 -15 -5 1 1 -5 0 0 
290 167 -5 -15 -5 1 1 -5 0 0 
295 167 -8 -18 -8 1 1 -8 0 0 
300 167 -5 -15 -5 1 1 -5 0 0 
305 169 -8 -18 -8 1 1 -8 0 0 
310 169 -8 -18 -8 1 1 -8 0 0 
315 167 -8 -18 -8 1 1 -8 0 0 
320 167 -8 -23 -8 1 1 -8 0 0 
325 167 -8 -23 -8 1 1 -8 0 0 
330 167 -12 -25 -12 1 1 -12 0 0 
335 167 -12 -25 -12 1 1 -12 0 0 
340 167 -12 -25 -12 1 1 -12 0 0 
345 167 -12 -28 -12 1 1 -12 0 0 
350 167 -12 -25 -12 1 1 -12 0 0 
355 165 -12 -25 -12 1 1 -12 0 0 
360 167 -12 -25 -12 1 1 -12 0 0 
365 167 -12 -23 -12 1 1 -12 0 0 
370 165 -8 -23 -8 1 1 -8 0 0 
375 167 -12 -23 -12 1 1 -12 0 0 
380 165 -8 -23 -8 1 1 -8 0 0 
385 165 -8 -23 -8 1 1 -8 0 0 
390 165 -12 -23 -12 1 1 -12 0 0 
395 165 -12 -18 -12 1 1 -12 0 0 
400 165 -12 -18 -12 1 1 -12 0 0 
405 165 -8 -18 -8 1 1 -8 0 0 
410 165 -12 -23 -12 1 1 -12 0 0 
415 165 -12 -18 -12 1 1 -12 0 0 
420 165 -8 -18 -8 1 1 -8 0 0 
425 165 -8 -23 -8 1 1 -8 0 0 
430 165 -8 -18 -8 1 1 -8 0 0 
435 165 -8 -18 -8 1 1 -8 0 0 
440 165 -8 -18 -8 1 1 -8 0 0 
445 165 -5 -18 -5 1 1 -5 0 0 
450 165 -5 -18 -5 1 1 -5 0 0 
455 164 -5 -18 -5 1 1 -5 0 0 
460 165 0 -18 0 1 1 0 0 0 
465 165 0 -18 0 1 1 0 0 0 
470 165 0 -15 0 1 1 0 0 0 
475 164 0 -18 0 1 1 0 0 0 
480 164 0 -18 0 1 1 0 0 0 
485 164 0 -15 0 1 1 0 0 0 
490 164 0 -15 0 1 1 0 0 0 
495 164 0 -18 0 1 1 0 0 0 
500 164 0 -15 0 1 1 0 0 0 
505 164 0 -15 0 1 1 0 0 0 
510 164 0 -13 0 1 1 0 0 0 
515 164 0 -13 0 1 1 0 0 0 
520 164 0 -13 0 1 1 0 0 0 
525 164 5 -10 5 1 1 5 0 0 
530 164 5 -10 5 1 1 5 0 0 
535 164 5 -10 5 1 1 5 0 0 
540 164 5 -5 5 1 1 5 0 0 
545 164 5 -5 5 1 1 5 0 0 
550 164 0 -3 0 1 1 0 0 0 
555 164 5 -3 5 1 1 5 0 0 
560 164 5 0 5 1 1 5 0 0 
565 164 5 0 5 1 1 5 0 0 
570 164 0 -3 0 1 1 0 0 0 
575 164 5 0 5 1 1 5 0 0 
580 164 5 0 5 1 1 5 0 0 
585 164 5 -3 5 1 1 5 0 0 
590 164 8 0 8 1 1 8 0 0 
595 164 8 -3 8 1 1 8 0 0 
600 164 8 0 8 1 1 8 0 0 
605 164 8 -3 8 1 1 8 0 0 
610 164 8 0 8 1 1 8 0 0 
615 164 8 0 8 1 1 8 0 0 
620 164 8 -3 8 1 1 8 0 0 
625 164 8 0 8 1 1 8 0 0 
630 164 8 0 8 1 1 8 0 0 
635 164 8 0 8 1 1 8 0 0 
640 164 8 0 8 1 1 8 0 0 
645 164 12 -3 12 1 1 12 0 0 
650 164 12 0 12 1 1 12 0 0 
655 164 12 0 12 1 1 12 0 0 
660 164 12 -3 12 1 1 12 0 0 
665 164 8 0 8 1 1 8 0 0 
670 164 8 -3 8 1 1 8 0 0 
675 164 8 0 8 1 1 8 0 0 
680 164 8 0 8 1 1 8 0 0 
685 164 8 0 8 1 1 8 0 0 
690 164 8 0 8 1 1 8 0 0 
695 164 8 -3 8 1 1 8 0 0 
700 164 8 -3 8 1 1 8 0 0 
705 164 8 0 8 1 1 8 0 0 
710 164 8 -3 8 1 1 8 0 0 
715 164 8 -3 8 1 1 8 0 0 
720 164 8 -3 8 1 1 8 0 0 
725 164 8 0 8 1 1 8 0 0 
730 164 8 -3 8 1 1 8 0 0 
735 164 8 -3 8 1 1 8 0 0 
740 164 5 -3 5 1 1 5 0 0 
745 164 5 -3 5 1 1 5 0 0 
750 164 5 -3 5 1 1 5 0 0 
755 164 0 -3 0 1 1 0 0 0 
760 164 0 -3 0 1 1 0 0 0 
765 164 0 0 0 1 1 0 0 0 
770 164 0 -3 0 1 1 0 0 0 
775 164 0 -3 0 1 1 0 0 0 
780 164 0 -3 0 1 1 0 0 0 
785 164 0 -3 0 1 1 0 0 0 
790 164 0 -3 0 1 1 0 0 0 
795 164 0 -3 0 1 1 0 0 0 
800 164 -5 -3 -5 1 1 -5 0 0 
805 164 -5 -3 -5 1 1 -5 0 0 
810 164 -5 -3 -5 1 1 -5 0 0 
815 164 -5 -3 -5 1 1 -5 0 0 
820 164 -5 -5 -5 1 1 -5 0 0 
825 164 -5 -3 -5 1 1 -5 0 0 
830 164 -5 -3 -5 1 1 -5 0 0 
835 164 -5 -3 -5 1 1 -5 0 0 
840 164 -5 -5 -5 1 1 -5 0 0 
845 164 -5 -3 -5 1 1 -5 0 0 
850 164 -8 -5 -8 1 1 -8 0 0 
855 164 -8 -5 -8 1 1 -8 0 0 
860 162 -8 -5 -8 1 1 -8 0 0 
865 164 -8 -5 -8 1 1 -8 0 0 
870 164 -8 -10 -8 1 1 -8 0 0 
875 162 -8 -10 -8 1 1 -8 0 0 
880 164 -8 -10 -8 1 1 -8 0 0 
885 164 -8 -10 -8 1 1 -8 0 0 
890 164 -8 -10 -8 1 1 -8 0 0 
895 164 -12 -10 -12 1 1 -12 0 0 
900 164 -8 -10 -8 1 1 -8 0 0 
905 162 -8 -10 -8 1 1 -8 0 0 
910 162 -8 -10 -8 1 1 -8 0 0 
915 162 -8 -13 -8 1 1 -8 0 0 
920 164 -8 -13 -8 1 1 -8 0 0 
925 162 -8 -13 -8 1 1 -8 0 0 
930 162 -8 -13 -8 1 1 -8 0 0 
935 162 -8 -13 -8 1 1 -8 0 0 
940 162 -8 -13 -8 1 1 -8 0 0 
945 162 -8 -13 -8 1 1 -8 0 0 
950 162 -12 -13 -12 1 1 -12 0 0 
955 162 -8 -15 -8 1 1 -8 0 0 
960 162 -8 -13 -8 1 1 -8 0 0 
965 162 -8 -13 -8 1 1 -8 0 0 
970 162 -12 -13 -12 1 1 -12 0 0 
975 162 -12 -15 -12 1 1 -12 0 0 
980 162 -12 -13 -12 1 1 -12 0 0 
985 162 -12 -15 -12 1 1 -12 0 0 
990 162 -12 -15 -12 1 1 -12 0 0 
995 162 -12 -13 -12 1 1 -12 0 0 
1000 162 -15 -15 -15 1 1 -15 0 0 
1005 162 -15 -15 -15 1 1 -15 0 0 
1010 162 -15 -15 -15 1 1 -15 0 0 
1015 162 -20 -15 -20 1 1 -20 0 0 
1020 162 -15 -13 -15 1 1 -15 0 0 
1025 162 -20 -13 -20 1 1 -20 0 0 
1030 160 -20 -15 -20 1 1 -20 0 0 
1035 162 -20 -13 -20 1 1 -20 0 0 
1040 162 -23 -15 -23 1 1 -23 0 0 
1045 160 -23 -15 -23 1 1 -23 0 0 
1050 162 -23 -13 -23 1 1 -23 0 0 
1055 160 -23 -10 -23 1 1 -23 0 0 
1060 160 -23 -10 -23 1 1 -23 0 0 
1065 160 -23 -13 -23 1 1 -23 0 0 
1070 160 -23 -10 -23 1 1 -23 0 0 
1075 162 -27 -5 -27 1 1 -27 0 0 
1080 160 -30 -10 -30 1 1 -30 0 0 
1085 160 -30 -10 -30 1 1 -30 0 0 
1090 160 -35 -10 -35 1 1 -35 0 0 
1095 162 -35 -10 -35 1 1 -35 0 0 
1100 160 -38 -10 -38 1 1 -38 0 0 
1105 160 -38 -10 -38 1 1 -38 0 0 
1110 160 -42 -10 -42 1 1 -42 0 0 
1115 160 -42 -10 -42 1 1 -42 0 0 
1120 160 -45 -10 -45 1 1 -45 0 0 
1125 160 -45 -10 -45 1 1 -45 0 0 
1130 160 -45 -10 -45 1 1 -45 0 0 
1135 160 -50 -10 -50 1 1 -50 0 0 
1140 160 -50 -5 -50 1 1 -50 0 0 
1145 160 -53 -10 -53 1 1 -53 0 0 
1150 160 -53 -10 -53 1 1 -53 0 0 
1155 160 -53 -10 -53 1 1 -53 0 0 
1160 160 -53 -10 -53 1 1 -53 0 0 
1165 160 -50 -5 -50 1 1 -50 0 0 
1170 160 -50 -10 -50 1 1 -50 0 0 
1175 160 -50 -10 -50 1 1 -50 0 0 
1180 160 -50 -5 -50 1 1 -50 0 0 
1185 160 -50 -10 -50 1 1 -50 0 0 
1190 160 -50 -10 -50 1 1 -50 0 0 
1195 160 -50 -10 -50 1 1 -50 0 0 
1200 160 -50 -10 -50 1 1 -50 0 0 
1205 160 -45 -10 -45 1 1 -45 0 0 
1210 160 -45 -10 -45 1 1 -45 0 0 
1215 160 -45 -10 -45 1 1 -45 0 0 
1220 158 -50 -10 -50 1 1 -50 0 0 
1225 160 -50 -10 -50 1 1 -50 0 0 
1230 160 -50 -10 -50 1 1 -50 0 0 
1235 158 -50 -5 -50 1 1 -50 0 0 
1240 160 -50 -10 -50 1 1 -50 0 0 
1245 158 -50 -5 -50 1 1 -50 0 0 
1250 160 -50 -5 -50 1 1 -50 0 0 
1255 158 -50 -10 -50 1 1 -50 0 0 
1260 158 -50 -5 -50 1 1 -50 0 0 
1265 158 -45 -5 -45 1 1 -45 0 0 
1270 160 -42 -5 -42 1 1 -42 0 0 
1275 160 -38 -5 -38 1 1 -38 0 0 
1280 160 -38 -5 -38 1 1 -38 0 0 
1285 158 -30 -5 -30 1 1 -30 0 0 
1290 158 -27 -5 -27 1 1 -27 0 0 
1295 158 -23 -3 -23 1 1 -23 0 0 
1300 160 -15 0 -15 1 1 -15 0 0 
1305 158 -12 0 -12 1 1 -12 0 0 
1310 160 -5 0 -5 1 1 -5 0 0 
1315 158 5 0 5 1 1 5 0 0 
1320 158 12 5 12 1 1 12 0 0 
1325 158 20 15 20 1 1 20 0 0 
1330 160 30 25 30 1 1 30 0 0 
1335 160 42 38 42 1 1 42 0 0 
1340 160 50 50 50 1 1 50 0 0 
1345 160 57 65 57 1 1 57 0 0 
1350 160 65 78 65 1 1 65 0 0 
1355 162 72 95 72 1 1 72 0 0 
1360 162 80 115 80 1 1 80 0 0 
1365 162 80 135 80 1 1 80 0 0 
1370 164 87 158 87 1 1 87 0 0 
1375 164 98 188 98 1 1 98 0 0 
1380 165 105 218 105 1 1 105 0 0 
1385 165 113 240 113 1 1 113 0 0 
1390 167 120 275 120 1 1 120 0 0 
1395 167 132 313 132 1 1 132 0 0 
1400 171 140 345 140 1 1 140 0 0 
1405 171 143 383 143 1 1 143 0 0 
1410 173 150 428 150 1 1 150 0 0 
1415 176 158 473 158 1 1 158 0 0 
1420 178 162 515 162 1 1 162 0 0 
1425 180 170 560 170 1 1 170 0 0 
1430 184 173 593 173 1 1 173 0 0 
1435 187 177 600 177 1 1 177 0 0 
1440 191 180 600 180 1 1 180 0 0 
1445 193 185 600 185 1 1 185 0 0 
1450 196 192 600 192 1 1 192 0 0 
1455 200 203 600 203 1 1 203 0 0 
1460 204 222 600 222 1 1 222 0 0 
1465 205 240 600 240 1 1 240 0 0 
1470 209 263 600 263 1 1 263 0 0 
1475 213 293 600 293 1 1 293 0 0 
1480 214 312 600 312 1 1 312 0 0 
1485 218 327 603 327 1 1 327 0 0 
1490 220 338 603 338 1 1 338 0 0 
1495 223 345 603 345 1 1 345 0 0 
1500 227 350 600 350 1 1 350 0 0 
1505 229 357 603 357 1 1 357 0 0 
1510 233 365 600 365 1 1 365 0 0 
1515 236 372 600 372 1 1 372 0 0 
1520 238 383 600 383 1 1 383 0 0 
1525 242 390 600 390 1 1 390 0 0 
1530 245 402 600 402 1 1 402 0 0 
1535 247 410 600 410 1 1 410 0 0 
1540 253 417 603 417 1 1 417 0 0 
1545 254 420 600 420 1 1 420 0 0 
1550 258 425 600 425 1 1 425 0 0 
1555 260 428 600 428 1 1 428 0 0 
1560 263 432 603 432 1 1 432 0 0 
1565 267 435 600 435 1 1 435 0 0 
1570 269 443 603 443 1 1 443 0 0 
1575 272 447 600 447 1 1 447 0 0 
1580 276 455 600 455 1 1 455 0 0 
1585 280 458 600 458 1 1 458 0 0 
1590 282 458 600 458 1 1 458 0 0 
1595 285 462 600 462 1 1 462 0 0 
1600 289 465 603 465 1 1 465 0 0 
1605 292 465 600 465 1 1 465 0 0 
1610 294 465 600 465 1 1 465 0 0 
1615 298 470 600 470 1 1 470 0 0 
1620 301 473 603 473 1 1 473 0 0 
1625 303 477 600 477 1 1 477 0 0 
1630 308 477 600 477 1 1 477 0 0 
1635 310 480 603 480 1 1 480 0 0 
1640 313 485 603 485 1 1 485 0 0 
1645 317 492 600 492 1 1 492 0 0 
1650 321 495 600 495 1 1 495 0 0 
1655 322 500 600 500 1 1 500 0 0 
1660 326 500 600 500 1 1 500 0 0 
1665 330 503 600 503 1 1 503 0 0 
1670 333 507 600 507 1 1 507 0 0 
1675 335 507 600 507 1 1 507 0 0 
1680 339 507 600 507 1 1 507 0 0 
1685 342 510 603 510 1 1 510 0 0 
1690 344 510 603 510 1 1 510 0 0 
1695 348 515 603 515 1 1 515 0 0 
1700 351 515 600 515 1 1 515 0 0 
1705 353 515 600 515 1 1 515 0 0 
1710 357 515 600 515 1 1 515 0 0 
1715 359 515 600 515 1 1 515 0 0 
1720 362 515 600 515 1 1 515 0 0 
1725 366 518 603 518 1 1 518 0 0 
1730 368 515 600 515 1 1 515 0 0 
1735 371 515 603 515 1 1 515 0 0 
1740 375 515 600 515 1 1 515 0 0 
1745 379 518 603 518 1 1 518 0 0 
1750 380 518 600 518 1 1 518 0 0 
1755 384 518 600 518 1 1 518 0 0 
1760 388 518 600 518 1 1 518 0 0 
1765 390 522 603 522 1 1 522 0 0 
1770 393 522 600 522 1 1 522 0 0 
1775 395 522 603 522 1 1 522 0 0 
1780 399 522 603 522 1 1 522 0 0 
1785 402 522 600 522 1 1 522 0 0 
1790 406 525 603 525 1 1 525 0 0 
1795 408 525 600 525 1 1 525 0 0 
1800 411 525 603 525 1 1 525 0 0 
1805 415 525 603 525 1 1 525 0 0 
1810 417 525 600 525 1 1 525 0 0 
1815 420 525 603 525 1 1 525 0 0 
1820 424 525 600 525 1 1 525 0 0 
1825 428 525 600 525 1 1 525 0 0 
1830 429 525 600 525 1 1 525 0 0 
1835 433 525 600 525 1 1 525 0 0 
1840 437 530 603 530 1 1 530 0 0 
1845 439 530 600 530 1 1 530 0 0 
1850 442 530 600 530 1 1 530 0 0 
1855 446 530 603 530 1 1 530 0 0 
1860 448 530 600 530 1 1 530 0 0 
1865 451 530 603 530 1 1 530 0 0 
1870 453 530 600 530 1 1 530 0 0 
1875 457 530 600 530 1 1 530 0 0 
1880 460 530 600 530 1 1 530 0 0 
1885 464 530 600 530 1 1 530 0 0 
1890 466 525 600 525 1 1 525 0 0 
1895 469 530 600 530 1 1 530 0 0 
1900 473 530 600 530 1 1 530 0 0 
1905 475 525 603 525 1 1 525 0 0 
1910 478 525 603 525 1 1 525 0 0 
1915 482 525 600 525 1 1 525 0 0 
1920 486 525 600 525 1 1 525 0 0 
1925 487 525 603 525 1 1 525 0 0 
1930 491 525 600 525 1 1 525 0 0 
1935 495 525 600 525 1 1 525 0 0 
1940 498 522 603 522 1 1 522 0 0 
1945 500 522 600 522 1 1 522 0 0 
1950 504 522 600 522 1 1 522 0 0 
1955 506 522 603 522 1 1 522 0 0 
1960 509 522 600 522 1 1 522 0 0 
1965 513 518 600 518 1 1 518 0 0 
1970 515 518 600 518 1 1 518 0 0 
1975 518 518 603 518 1 1 518 0 0 
1980 522 518 600 518 1 1 518 0 0 
1985 524 515 600 515 1 1 515 0 0 
1990 527 515 600 515 1 1 515 0 0 
1995 532 515 600 515 1 1 515 0 0 
2000 536 510 603 510 1 1 510 0 0 
2005 537 510 600 510 1 1 510 0 0 
2010 541 507 600 507 1 1 507 0 0 
2015 543 507 600 507 1 1 507 0 0 
2020 548 503 600 503 1 1 503 0 0 
2025 550 503 600 503 1 1 503 0 0 
2030 552 500 603 500 1 1 500 0 0 
2035 556 500 603 500 1 1 500 0 0 
2040 559 500 600 500 1 1 500 0 0 
2045 563 500 600 500 1 1 500 0 0 
2050 566 500 600 500 1 1 500 0 0 
2055 568 495 600 495 1 1 495 0 0 
2060 572 495 603 495 1 1 495 0 0 
2065 574 495 600 495 1 1 495 0 0 
2070 577 492 600 492 1 1 492 0 0 
2075 581 492 600 492 1 1 492 0 0 
2080 585 488 600 488 1 1 488 0 0 
2085 586 488 603 488 1 1 488 0 0 
2090 590 488 600 488 1 1 488 0 0 
2095 592 485 600 485 1 1 485 0 0 
2100 595 480 603 480 1 1 480 0 0 
2105 599 480 600 480 1 1 480 0 0 
2110 601 480 600 480 1 1 480 0 0 
2115 605 480 600 480 1 1 480 0 0 
2120 608 477 600 477 1 1 477 0 0 
2125 612 477 600 477 1 1 477 0 0 
2130 614 477 600 477 1 1 477 0 0 
2135 617 477 600 477 1 1 477 0 0 
2140 621 473 603 473 1 1 473 0 0 
2145 623 473 600 473 1 1 473 0 0 
2150 626 470 600 470 1 1 470 0 0 
2155 628 470 603 470 1 1 470 0 0 
2160 634 465 600 465 1 1 465 0 0 
2165 635 462 600 462 1 1 462 0 0 
2170 639 462 600 462 1 1 462 0 0 
2175 641 462 600 462 1 1 462 0 0 
2180 644 458 600 458 1 1 458 0 0 
2185 648 455 600 455 1 1 455 0 0 
2190 652 450 600 450 1 1 450 0 0 
2195 654 450 600 450 1 1 450 0 0 
2200 657 447 600 447 1 1 447 0 0 
2205 661 443 600 443 1 1 443 0 0 
2210 663 443 600 443 1 1 443 0 0 
2215 666 440 600 440 1 1 440 0 0 
2220 670 435 600 435 1 1 435 0 0 
2225 672 435 600 435 1 1 435 0 0 
2230 675 432 603 432 1 1 432 0 0 
2235 677 428 603 428 1 1 428 0 0 
2240 683 425 600 425 1 1 425 0 0 
2245 684 420 600 420 1 1 420 0 0 
2250 688 417 600 417 1 1 417 0 0 
2255 690 417 600 417 1 1 417 0 0 
2260 693 410 603 410 1 1 410 0 0 
2265 697 405 600 405 1 1 405 0 0 
2270 699 402 600 402 1 1 402 0 0 
2275 702 398 600 398 1 1 398 0 0 
2280 706 395 603 395 1 1 395 0 0 
2285 708 390 600 390 1 1 390 0 0 
2290 712 387 600 387 1 1 387 0 0 
2295 713 383 600 383 1 1 383 0 0 
2300 717 380 600 380 1 1 380 0 0 
2305 721 375 600 375 1 1 375 0 0 
2310 722 375 603 375 1 1 375 0 0 
2315 726 372 600 372 1 1 372 0 0 
2320 730 368 600 368 1 1 368 0 0 
2325 731 368 600 368 1 1 368 0 0 
2330 735 365 603 365 1 1 365 0 0 
2335 739 360 600 360 1 1 360 0 0 
2340 742 360 603 360 1 1 360 0 0 
2345 744 357 600 357 1 1 357 0 0 
2350 748 353 600 353 1 1 353 0 0 
2355 750 350 603 350 1 1 350 0 0 
2360 756 350 600 350 1 1 350 0 0 
2365 758 345 603 345 1 1 345 0 0 
2370 760 342 600 342 1 1 342 0 0 
2375 763 342 603 342 1 1 342 0 0 
2380 767 338 600 338 1 1 338 0 0 
2385 771 335 603 335 1 1 335 0 0 
2390 772 330 603 330 1 1 330 0 0 
2395 776 330 600 330 1 1 330 0 0 
2400 780 327 603 327 1 1 327 0 0 
2405 781 323 598 323 1 1 323 0 0 
2410 785 323 590 323 1 1 323 0 0 
2415 789 320 578 320 1 1 320 0 0 
2420 791 315 565 315 1 1 315 0 0 
2425 794 315 560 315 1 1 315 0 0 
2430 798 315 550 315 1 1 315 0 0 
2435 800 315 545 315 1 1 315 0 0 
2440 801 315 528 315 1 1 315 0 0 
2445 805 315 520 315 1 1 315 0 0 
2450 809 315 513 315 1 1 315 0 0 
2455 810 315 500 315 1 1 315 0 0 
2460 814 312 488 312 1 1 312 0 0 
2465 816 308 480 308 1 1 308 0 0 
2470 818 305 470 305 1 1 305 0 0 
2475 820 300 460 300 1 1 300 0 0 
2480 823 297 450 297 1 1 297 0 0 
2485 825 293 445 293 1 1 293 0 0 
2490 827 290 430 290 1 1 290 0 0 
2495 829 282 428 282 1 1 282 0 0 
2500 832 275 418 275 1 1 275 0 0 
2505 832 270 405 270 1 1 270 0 0 
2510 836 263 395 263 1 1 263 0 0 
2515 838 263 383 263 1 1 263 0 0 
2520 839 260 380 260 1 1 260 0 0 
2525 841 255 375 255 1 1 255 0 0 
2530 843 252 368 252 1 1 252 0 0 
2535 845 252 363 252 1 1 252 0 0 
2540 847 248 353 248 1 1 248 0 0 
2545 849 245 343 245 1 1 245 0 0 
2550 850 245 330 245 1 1 245 0 0 
2555 852 240 323 240 1 1 240 0 0 
2560 854 237 310 237 1 1 237 0 0 
2565 856 233 298 233 1 1 233 0 0 
2570 856 233 293 233 1 1 233 0 0 
2575 858 230 280 230 1 1 230 0 0 
2580 859 225 263 225 1 1 225 0 0 
2585 861 218 260 218 1 1 218 0 0 
2590 861 215 248 215 1 1 215 0 0 
2595 863 210 238 210 1 1 210 0 0 
2600 865 207 228 207 1 1 207 0 0 
2605 867 200 220 200 1 1 200 0 0 
2610 867 195 208 195 1 1 195 0 0 
2615 869 188 198 188 1 1 188 0 0 
2620 869 177 195 177 1 1 177 0 0 
2625 870 170 183 170 1 1 170 0 0 
2630 870 162 170 162 1 1 162 0 0 
2635 872 150 170 150 1 1 150 0 0 
2640 872 140 158 140 1 1 140 0 0 
2645 874 128 148 128 1 1 128 0 0 
2650 874 117 145 117 1 1 117 0 0 
2655 874 102 135 102 1 1 102 0 0 
2660 876 90 135 90 1 1 90 0 0 
2665 876 80 133 80 1 1 80 0 0 
2670 876 72 120 72 1 1 72 0 0 
2675 878 60 118 60 1 1 60 0 0 
2680 878 45 108 45 1 1 45 0 0 
2685 878 30 100 30 1 1 30 0 0 
2690 878 15 83 15 1 1 15 0 0 
2695 879 -5 70 -5 1 1 -5 0 0 
2700 879 -27 50 -27 1 1 -27 0 0 
2705 879 -50 25 -50 1 1 -50 0 0 
2710 879 -68 0 -68 1 1 -68 0 0 
2715 879 -87 -3 -87 1 1 -87 0 0 
2720 879 -113 -28 -113 1 1 -113 0 0 
2725 879 -132 -68 -132 1 1 -132 0 0 
2730 879 -150 -110 -150 1 1 -150 0 0 
2735 879 -170 -155 -170 1 1 -170 0 0 
2740 878 -192 -218 -192 1 1 -192 0 0 
2745 876 -207 -265 -207 1 1 -207 0 0 
2750 876 -218 -318 -218 1 1 -218 0 0 
2755 874 -225 -375 -225 1 1 -225 0 0 
2760 870 -237 -445 -237 1 1 -237 0 0 
2765 869 -240 -508 -240 1 1 -240 0 0 
2770 867 -240 -560 -240 1 1 -240 0 0 
2775 865 -245 -580 -245 2 1 -245 0 0 
2780 859 -252 -590 -252 2 1 -252 0 0 
2785 858 -255 -593 -255 2 1 -255 0 0 
2790 856 -260 -598 -260 2 1 -260 0 0 
2795 852 -270 -598 -270 2 1 -270 0 0 
2800 849 -285 -600 -285 2 1 -285 0 0 
2805 847 -308 -598 -308 2 1 -308 0 0 
2810 843 -330 -600 -330 2 1 -330 0 0 
2815 839 -360 -598 -360 2 1 -360 0 0 
2820 836 -398 -600 -398 2 1 -398 0 0 
2825 834 -425 -600 -425 2 1 -425 0 0 
2830 830 -450 -598 -450 2 1 -450 0 0 
2835 829 -473 -598 -473 2 1 -473 0 0 
2840 825 -495 -600 -495 2 1 -495 0 0 
2845 821 -510 -600 -510 2 1 -510 0 0 
2850 818 -530 -600 -530 2 1 -530 0 0 
2855 816 -540 -600 -540 2 1 -540 0 0 
2860 812 -560 -600 -560 2 1 -560 0 0 
2865 809 -567 -600 -567 2 1 -567 0 0 
2870 807 -575 -600 -575 2 1 -575 0 0 
2875 803 -585 -600 -585 2 1 -585 0 0 
2880 800 -593 -600 -593 2 1 -593 0 0 
2885 798 -597 -600 -597 2 1 -597 0 0 
2890 794 -597 -598 -597 2 1 -597 0 0 
2895 791 -597 -600 -597 2 1 -597 0 0 
2900 789 -590 -598 -590 2 1 -590 0 0 
2905 785 -585 -598 -585 2 1 -585 0 0 
2910 783 -585 -600 -585 2 1 -585 0 0 
2915 780 -590 -600 -590 2 1 -590 0 0 
2920 776 -593 -598 -593 2 1 -593 0 0 
2925 772 -600 -600 -600 2 1 -600 0 0 
2930 771 -608 -600 -608 2 1 -608 0 0 
2935 767 -612 -600 -612 2 1 -612 0 0 
2940 763 -623 -598 -623 2 1 -623 0 0 
2945 760 -627 -598 -627 2 1 -627 0 0 
2950 758 -635 -598 -635 2 1 -635 0 0 
2955 754 -642 -600 -642 2 1 -642 0 0 
2960 752 -650 -600 -650 2 1 -650 0 0 
2965 748 -653 -600 -653 2 1 -653 0 0 
2970 744 -660 -600 -660 2 1 -660 0 0 
2975 741 -668 -600 -668 2 1 -668 0 0 
2980 739 -675 -598 -675 2 1 -675 0 0 
2985 735 -680 -600 -680 2 1 -680 0 0 
2990 733 -683 -600 -683 2 1 -683 0 0 
2995 730 -683 -598 -683 2 1 -683 0 0 
3000 726 -683 -598 -683 2 1 -683 0 0 
3005 722 -683 -600 -683 2 1 -683 0 0 
3010 721 -683 -600 -683 2 1 -683 0 0 
3015 717 -683 -600 -683 2 1 -683 0 0 
3020 713 -680 -598 -680 2 1 -680 0 0 
3025 712 -680 -598 -680 2 1 -680 0 0 
3030 708 -680 -600 -680 2 1 -680 0 0 
3035 706 -680 -600 -680 2 1 -680 0 0 
3040 702 -683 -600 -683 2 1 -683 0 0 
3045 701 -680 -600 -680 2 1 -680 0 0 
3050 697 -683 -598 -683 2 1 -683 0 0 
3055 693 -683 -600 -683 2 1 -683 0 0 
3060 690 -683 -600 -683 2 1 -683 0 0 
3065 688 -683 -598 -683 2 1 -683 0 0 
3070 684 -683 -598 -683 2 1 -683 0 0 
3075 683 -683 -600 -683 2 1 -683 0 0 
3080 679 -680 -598 -680 2 1 -680 0 0 
3085 675 -675 -600 -675 2 1 -675 0 0 
3090 673 -675 -598 -675 2 1 -675 0 0 
3095 670 -672 -598 -672 2 1 -672 0 0 
3100 666 -665 -600 -665 2 1 -665 0 0 
3105 664 -660 -600 -660 2 1 -660 0 0 
3110 661 -653 -598 -653 2 1 -653 0 0 
3115 657 -650 -598 -650 2 1 -650 0 0 
3120 655 -642 -598 -642 2 1 -642 0 0 
3125 652 -635 -600 -635 2 1 -635 0 0 
3130 648 -627 -598 -627 2 1 -627 0 0 
3135 646 -623 -600 -623 2 1 -623 0 0 
3140 643 -615 -600 -615 2 1 -615 0 0 
3145 639 -612 -600 -612 2 1 -612 0 0 
3150 637 -608 -600 -608 2 1 -608 0 0 
3155 634 -605 -598 -605 2 1 -605 0 0 
3160 632 -597 -600 -597 2 1 -597 0 0 
3165 628 -593 -600 -593 2 1 -593 0 0 
3170 624 -590 -600 -590 2 1 -590 0 0 
3175 623 -590 -598 -590 2 1 -590 0 0 
3180 619 -585 -598 -585 2 1 -585 0 0 
3185 615 -582 -600 -582 2 1 -582 0 0 
3190 614 -582 -600 -582 2 1 -582 0 0 
3195 610 -578 -600 -578 2 1 -578 0 0 
3200 606 -575 -598 -575 2 1 -575 0 0 
3205 603 -570 -600 -570 2 1 -570 0 0 
3210 601 -567 -600 -567 2 1 -567 0 0 
3215 597 -567 -600 -567 2 1 -567 0 0 
3220 594 -563 -600 -563 2 1 -563 0 0 
3225 592 -563 -600 -563 2 1 -563 0 0 
3230 588 -563 -600 -563 2 1 -563 0 0 
3235 586 -560 -598 -560 2 1 -560 0 0 
3240 583 -560 -600 -560 2 1 -560 0 0 
3245 579 -552 -600 -552 2 1 -552 0 0 
3250 577 -552 -600 -552 2 1 -552 0 0 
3255 574 -548 -600 -548 2 1 -548 0 0 
3260 570 -545 -600 -545 2 1 -545 0 0 
3265 568 -545 -600 -545 2 1 -545 0 0 
3270 565 -540 -598 -540 2 1 -540 0 0 
3275 563 -540 -600 -540 2 1 -540 0 0 
3280 559 -537 -598 -537 2 1 -537 0 0 
3285 556 -533 -600 -533 2 1 -533 0 0 
3290 552 -533 -600 -533 2 1 -533 0 0 
3295 550 -530 -600 -530 2 1 -530 0 0 
3300 547 -525 -600 -525 2 1 -525 0 0 
3305 545 -518 -600 -518 2 1 -518 0 0 
3310 541 -515 -600 -515 2 1 -515 0 0 
3315 537 -515 -600 -515 2 1 -515 0 0 
3320 536 -510 -598 -510 2 1 -510 0 0 
3325 532 -507 -600 -507 2 1 -507 0 0 
3330 527 -503 -598 -503 2 1 -503 0 0 
3335 526 -500 -600 -500 2 1 -500 0 0 
3340 522 -495 -600 -495 2 1 -495 0 0 
3345 520 -492 -600 -492 2 1 -492 0 0 
3350 516 -492 -598 -492 2 1 -492 0 0 
3355 513 -488 -600 -488 2 1 -488 0 0 
3360 509 -485 -600 -485 2 1 -485 0 0 
3365 507 -485 -598 -485 2 1 -485 0 0 
3370 504 -480 -598 -480 2 1 -480 0 0 
3375 502 -477 -600 -477 2 1 -477 0 0 
3380 498 -477 -600 -477 2 1 -477 0 0 
3385 495 -473 -598 -473 2 1 -473 0 0 
3390 491 -473 -598 -473 2 1 -473 0 0 
3395 489 -473 -598 -473 2 1 -473 0 0 
3400 486 -470 -600 -470 2 1 -470 0 0 
3405 482 -470 -600 -470 2 1 -470 0 0 
3410 480 -465 -600 -465 2 1 -465 0 0 
3415 477 -462 -600 -462 2 1 -462 0 0 
3420 473 -458 -598 -458 2 1 -458 0 0 
3425 471 -455 -598 -455 2 1 -455 0 0 
3430 468 -450 -600 -450 2 1 -450 0 0 
3435 466 -447 -598 -447 2 1 -447 0 0 
3440 462 -443 -600 -443 2 1 -443 0 0 
3445 458 -435 -600 -435 2 1 -435 0 0 
3450 457 -428 -600 -428 2 1 -428 0 0 
3455 453 -425 -600 -425 2 1 -425 0 0 
3460 449 -417 -598 -417 2 1 -417 0 0 
3465 448 -413 -600 -413 2 1 -413 0 0 
3470 444 -405 -600 -405 2 1 -405 0 0 
3475 442 -402 -598 -402 2 1 -402 0 0 
3480 439 -398 -600 -398 2 1 -398 0 0 
3485 435 -395 -600 -395 2 1 -395 0 0 
3490 433 -387 -598 -387 2 1 -387 0 0 
3495 429 -383 -600 -383 2 1 -383 0 0 
3500 428 -375 -600 -375 2 1 -375 0 0 
3505 424 -372 -598 -372 2 1 -372 0 0 
3510 420 -365 -600 -365 2 1 -365 0 0 
3515 419 -360 -600 -360 2 1 -360 0 0 
3520 415 -353 -600 -353 2 1 -353 0 0 
3525 411 -350 -600 -350 2 1 -350 0 0 
3530 409 -342 -598 -342 2 1 -342 0 0 
3535 406 -338 -600 -338 2 1 -338 0 0 
3540 402 -335 -598 -335 2 1 -335 0 0 
3545 399 -327 -598 -327 2 1 -327 0 0 
3550 397 -323 -600 -323 2 1 -323 0 0 
3555 393 -315 -600 -315 2 1 -315 0 0 
3560 391 -312 -600 -312 2 1 -312 0 0 
3565 388 -308 -600 -308 2 1 -308 0 0 
3570 384 -300 -600 -300 2 1 -300 0 0 
3575 382 -297 -600 -297 2 1 -297 0 0 
3580 379 -293 -600 -293 2 1 -293 0 0 
3585 375 -282 -598 -282 2 1 -282 0 0 
3590 373 -278 -600 -278 2 1 -278 0 0 
3595 370 -270 -598 -270 2 1 -270 0 0 
3600 368 -263 -600 -263 2 1 -263 0 0 
3605 364 -255 -600 -255 2 1 -255 0 0 
3610 361 -252 -600 -252 2 1 -252 0 0 
3615 357 -245 -600 -245 2 1 -245 0 0 
3620 355 -240 -600 -240 2 1 -240 0 0 
3625 351 -237 -598 -237 2 1 -237 0 0 
3630 350 -230 -600 -230 2 1 -230 0 0 
3635 346 -225 -600 -225 2 1 -225 0 0 
3640 344 -222 -598 -222 2 1 -222 0 0 
3645 341 -218 -600 -218 2 1 -218 0 0 
3650 337 -210 -600 -210 2 1 -210 0 0 
3655 335 -207 -600 -207 2 1 -207 0 0 
3660 331 -207 -600 -207 2 1 -207 0 0 
3665 328 -200 -600 -200 2 1 -200 0 0 
3670 326 -195 -600 -195 2 1 -195 0 0 
3675 322 -195 -598 -195 2 1 -195 0 0 
3680 321 -192 -600 -192 2 1 -192 0 0 
3685 317 -188 -600 -188 2 1 -188 0 0 
3690 313 -180 -600 -180 2 1 -180 0 0 
3695 310 -177 -600 -177 2 1 -177 0 0 
3700 308 -173 -600 -173 2 1 -173 0 0 
3705 303 -165 -600 -165 2 1 -165 0 0 
3710 301 -162 -600 -162 2 1 -162 0 0 
3715 298 -155 -600 -155 2 1 -155 0 0 
3720 294 -150 -598 -150 2 1 -150 0 0 
3725 291 -143 -600 -143 2 1 -143 0 0 
3730 289 -135 -600 -135 2 1 -135 0 0 
3735 287 -132 -600 -132 2 1 -132 0 0 
3740 283 -125 -600 -125 2 1 -125 0 0 
3745 280 -117 -600 -117 2 1 -117 0 0 
3750 276 -110 -600 -110 2 1 -110 0 0 
3755 274 -105 -600 -105 2 1 -105 0 0 
3760 271 -98 -600 -98 2 1 -98 0 0 
3765 267 -90 -588 -90 2 1 -90 0 0 
3770 263 -83 -580 -83 2 1 -83 0 0 
3775 262 -80 -568 -80 2 1 -80 0 0 
3780 260 -72 -565 -72 2 1 -72 0 0 
3785 256 -68 -553 -68 2 1 -68 0 0 
3790 253 -65 -545 -65 2 1 -65 0 0 
3795 251 -57 -535 -57 2 1 -57 0 0 
3800 249 -53 -523 -53 2 1 -53 0 0 
3805 245 -50 -520 -50 2 1 -50 0 0 
3810 242 -50 -508 -50 2 1 -50 0 0 
3815 240 -45 -498 -45 2 1 -45 0 0 
3820 238 -42 -493 -42 2 1 -42 0 0 
3825 236 -35 -480 -35 2 1 -35 0 0 
3830 233 -27 -473 -27 2 1 -27 0 0 
3835 231 -23 -463 -23 2 1 -23 0 0 
3840 229 -15 -458 -15 2 1 -15 0 0 
3845 225 -5 -445 -5 2 1 -5 0 0 
3850 223 5 -433 5 2 1 5 0 0 
3855 222 12 -428 12 2 1 12 0 0 
3860 220 15 -418 15 2 1 15 0 0 
3865 218 27 -408 27 2 1 27 0 0 
3870 216 35 -395 35 2 1 35 0 0 
3875 214 42 -383 42 2 1 42 0 0 
3880 213 50 -370 50 2 1 50 0 0 
3885 211 57 -358 57 2 1 57 0 0 
3890 209 68 -340 68 2 1 68 0 0 
3895 207 80 -323 80 2 1 80 0 0 
3900 205 83 -300 83 2 1 83 0 0 
3905 204 95 -275 95 2 1 95 0 0 
3910 204 105 -250 105 2 1 105 0 0 
3915 202 113 -225 113 2 1 113 0 0 
3920 200 117 -200 117 2 1 117 0 0 
3925 200 125 -168 125 2 1 125 0 0 
3930 198 128 -135 128 2 1 128 0 0 
3935 198 132 -103 132 2 1 132 0 0 
3940 198 140 -70 140 2 1 140 0 0 
3945 196 143 -23 143 2 1 143 0 0 
3950 198 150 0 150 2 1 150 0 0 
3955 198 155 15 155 2 1 155 0 0 
3960 198 162 53 162 2 1 162 0 0 
3965 198 170 110 170 2 1 170 0 0 
3970 198 177 160 177 2 1 177 0 0 
3975 200 185 213 185 2 1 185 0 0 
3980 200 200 270 200 2 1 200 0 0 
3985 202 207 333 207 2 1 207 0 0 
3990 204 215 385 215 2 1 215 0 0 
3995 205 215 445 215 2 1 215 0 0 
4000 207 218 508 218 2 1 218 0 0 
4005 211 215 578 215 2 1 215 0 0 
4010 213 215 598 215 3 1 215 0 0 
4015 216 218 603 218 3 1 218 0 0 
4020 220 222 600 222 3 1 222 0 0 
4025 223 233 603 233 3 1 233 0 0 
4030 225 237 600 237 3 1 237 0 0 
4035 229 255 600 255 3 1 255 0 0 
4040 231 282 600 282 3 1 282 0 0 
4045 234 315 600 315 3 1 315 0 0 
4050 238 342 603 342 3 1 342 0 0 
4055 240 368 600 368 3 1 368 0 0 
4060 243 390 600 390 3 1 390 0 0 
4065 247 405 600 405 3 1 405 0 0 
4070 249 420 600 420 3 1 420 0 0 
4075 253 432 600 432 3 1 432 0 0 
4080 256 440 600 440 3 1 440 0 0 
4085 260 455 600 455 3 1 455 0 0 
4090 262 462 600 462 3 1 462 0 0 
4095 265 473 600 473 3 1 473 0 0 
4100 269 485 603 485 3 1 485 0 0 
4105 271 492 600 492 3 1 492 0 0 
4110 274 503 600 503 3 1 503 0 0 
4115 278 503 600 503 3 1 503 0 0 
4120 280 507 603 507 3 1 507 0 0 
4125 285 510 600 510 3 1 510 0 0 
4130 287 510 600 510 3 1 510 0 0 
4135 291 510 600 510 3 1 510 0 0 
4140 292 515 603 515 3 1 515 0 0 
4145 296 522 600 522 3 1 522 0 0 
4150 300 525 600 525 3 1 525 0 0 
4155 303 530 600 530 3 1 530 0 0 
4160 306 537 603 537 3 1 537 0 0 
4165 310 545 600 545 3 1 545 0 0 
4170 313 548 603 548 3 1 548 0 0 
4175 315 555 600 555 3 1 555 0 0 
4180 319 563 600 563 3 1 563 0 0 
4185 322 575 600 575 3 1 575 0 0 
4190 324 582 603 582 3 1 582 0 0 
4195 328 590 600 590 3 1 590 0 0 
4200 331 597 603 597 3 1 597 0 0 
4205 335 605 600 605 3 1 605 0 0 
4210 337 612 600 612 3 1 612 0 0 
4215 341 615 600 615 3 1 615 0 0 
4220 344 620 603 620 3 1 620 0 0 
4225 348 623 600 623 3 1 623 0 0 
4230 350 623 600 623 3 1 623 0 0 
4235 353 623 600 623 3 1 623 0 0 
4240 355 623 600 623 3 1 623 0 0 
4245 359 623 600 623 3 1 623 0 0 
4250 362 623 600 623 3 1 623 0 0 
4255 364 623 600 623 3 1 623 0 0 
4260 368 623 603 623 3 1 623 0 0 
4265 371 627 600 627 3 1 627 0 0 
4270 373 627 600 627 3 1 627 0 0 
4275 377 627 600 627 3 1 627 0 0 
4280 380 630 600 630 3 1 630 0 0 
4285 384 635 600 635 3 1 635 0 0 
4290 386 635 600 635 3 1 635 0 0 
4295 390 635 600 635 3 1 635 0 0 
4300 391 635 600 635 3 1 635 0 0 
4305 395 635 600 635 3 1 635 0 0 
4310 399 635 600 635 3 1 635 0 0 
4315 400 638 600 638 3 1 638 0 0 
4320 404 638 600 638 3 1 638 0 0 
4325 408 642 603 642 3 1 642 0 0 
4330 411 642 603 642 3 1 642 0 0 
4335 413 642 600 642 3 1 642 0 0 
4340 417 642 600 642 3 1 642 0 0 
4345 419 638 603 638 3 1 638 0 0 
4350 422 635 600 635 3 1 635 0 0 
4355 426 630 600 630 3 1 630 0 0 
4360 429 630 600 630 3 1 630 0 0 
4365 433 627 603 627 3 1 627 0 0 
4370 435 627 600 627 3 1 627 0 0 
4375 439 627 600 627 3 1 627 0 0 
4380 440 627 600 627 3 1 627 0 0 
4385 444 627 600 627 3 1 627 0 0 
4390 448 627 600 627 3 1 627 0 0 
4395 451 627 600 627 3 1 627 0 0 
4400 453 623 603 623 3 1 623 0 0 
4405 457 620 600 620 3 1 620 0 0 
4410 460 620 600 620 3 1 620 0 0 
4415 462 615 603 615 3 1 615 0 0 
4420 466 615 600 615 3 1 615 0 0 
4425 469 612 603 612 3 1 612 0 0 
4430 473 608 600 608 3 1 608 0 0 
4435 475 605 600 605 3 1 605 0 0 
4440 477 605 603 605 3 1 605 0 0 
4445 480 600 600 600 3 1 600 0 0 
4450 484 600 600 600 3 1 600 0 0 
4455 487 600 600 600 3 1 600 0 0 
4460 489 600 603 600 3 1 600 0 0 
4465 493 600 600 600 3 1 600 0 0 
4470 497 597 600 597 3 1 597 0 0 
4475 500 597 603 597 3 1 597 0 0 
4480 502 597 603 597 3 1 597 0 0 
4485 506 597 600 597 3 1 597 0 0 
4490 507 597 603 597 3 1 597 0 0 
4495 511 597 600 597 3 1 597 0 0 
4500 515 593 600 593 3 1 593 0 0 
4505 516 593 600 593 3 1 593 0 0 
4510 522 590 600 590 3 1 590 0 0 
4515 524 590 603 590 3 1 590 0 0 
4520 526 585 600 585 3 1 585 0 0 
4525 530 585 600 585 3 1 585 0 0 
4530 534 582 600 582 3 1 582 0 0 
4535 537 582 600 582 3 1 582 0 0 
4540 539 582 600 582 3 1 582 0 0 
4545 543 578 603 578 3 1 578 0 0 
4550 547 578 600 578 3 1 578 0 0 
4555 550 575 603 575 3 1 575 0 0 
4560 552 575 600 575 3 1 575 0 0 
4565 556 575 600 575 3 1 575 0 0 
4570 559 570 600 570 3 1 570 0 0 
4575 561 570 600 570 3 1 570 0 0 
4580 565 570 600 570 3 1 570 0 0 
4585 568 570 600 570 3 1 570 0 0 
4590 570 567 600 567 3 1 567 0 0 
4595 574 567 600 567 3 1 567 0 0 
4600 576 567 603 567 3 1 567 0 0 
4605 579 567 600 567 3 1 567 0 0 
4610 583 563 600 563 3 1 563 0 0 
4615 585 563 603 563 3 1 563 0 0 
4620 588 560 600 560 3 1 560 0 0 
4625 592 560 603 560 3 1 560 0 0 
4630 595 560 603 560 3 1 560 0 0 
4635 597 555 600 555 3 1 555 0 0 
4640 601 555 600 555 3 1 555 0 0 
4645 605 555 600 555 3 1 555 0 0 
4650 606 552 600 552 3 1 552 0 0 
4655 610 555 600 555 3 1 555 0 0 
4660 614 552 600 552 3 1 552 0 0 
4665 615 552 600 552 3 1 552 0 0 
4670 619 548 603 548 3 1 548 0 0 
4675 623 548 600 548 3 1 548 0 0 
4680 624 548 600 548 3 1 548 0 0 
4685 628 548 600 548 3 1 548 0 0 
4690 632 545 600 545 3 1 545 0 0 
4695 634 545 600 545 3 1 545 0 0 
4700 637 545 600 545 3 1 545 0 0 
4705 641 545 600 545 3 1 545 0 0 
4710 644 545 600 545 3 1 545 0 0 
4715 646 545 603 545 3 1 545 0 0 
4720 650 540 600 540 3 1 540 0 0 
4725 654 537 603 537 3 1 537 0 0 
4730 657 537 600 537 3 1 537 0 0 
4735 659 533 600 533 3 1 533 0 0 
4740 663 533 603 533 3 1 533 0 0 
4745 666 530 600 530 3 1 530 0 0 
4750 668 525 600 525 3 1 525 0 0 
4755 672 522 600 522 3 1 522 0 0 
4760 675 522 600 522 3 1 522 0 0 
4765 677 518 603 518 3 1 518 0 0 
4770 681 518 600 518 3 1 518 0 0 
4775 684 518 600 518 3 1 518 0 0 
4780 686 515 600 515 3 1 515 0 0 
4785 688 515 600 515 3 1 515 0 0 
4790 692 510 603 510 3 1 510 0 0 
4795 695 507 600 507 3 1 507 0 0 
4800 699 507 600 507 3 1 507 0 0 
4805 701 507 600 507 3 1 507 0 0 
4810 704 500 600 500 3 1 500 0 0 
4815 708 500 600 500 3 1 500 0 0 
4820 710 495 603 495 3 1 495 0 0 
4825 713 492 600 492 3 1 492 0 0 
4830 715 488 600 488 3 1 488 0 0 
4835 719 488 600 488 3 1 488 0 0 
4840 721 485 600 485 3 1 485 0 0 
4845 726 480 600 480 3 1 480 0 0 
4850 728 480 600 480 3 1 480 0 0 
4855 731 477 600 477 3 1 477 0 0 
4860 735 477 600 477 3 1 477 0 0 
4865 737 473 600 473 3 1 473 0 0 
4870 741 470 603 470 3 1 470 0 0 
4875 744 470 600 470 3 1 470 0 0 
4880 746 465 600 465 3 1 465 0 0 
4885 750 462 600 462 3 1 462 0 0 
4890 754 458 600 458 3 1 458 0 0 
4895 756 458 600 458 3 1 458 0 0 
4900 760 455 600 455 3 1 455 0 0 
4905 763 450 600 450 3 1 450 0 0 
4910 767 447 600 447 3 1 447 0 0 
4915 769 443 600 443 3 1 443 0 0 
4920 772 440 600 440 3 1 440 0 0 
4925 774 435 600 435 3 1 435 0 0 
4930 778 432 600 432 3 1 432 0 0 
4935 781 428 598 428 3 1 428 0 0 
4940 785 425 593 425 3 1 425 0 0 
4945 787 420 578 420 3 1 420 0 0 
4950 791 417 568 417 3 1 417 0 0 
4955 792 413 563 413 3 1 413 0 0 
4960 796 410 550 410 3 1 410 0 0 
4965 798 410 538 410 3 1 410 0 0 
4970 801 410 533 410 3 1 410 0 0 
4975 805 410 525 410 3 1 410 0 0 
4980 807 410 515 410 3 1 410 0 0 
4985 809 410 503 410 3 1 410 0 0 
4990 812 405 495 405 3 1 405 0 0 
4995 814 402 485 402 3 1 402 0 0 
5000 818 398 475 398 3 1 398 0 0 
5005 820 390 463 390 3 1 390 0 0 
5010 821 383 458 383 3 1 383 0 0 
5015 823 372 448 372 3 1 372 0 0 
5020 827 360 443 360 3 1 360 0 0 
5025 829 350 428 350 3 1 350 0 0 
5030 830 338 420 338 3 1 338 0 0 
5035 832 330 410 330 3 1 330 0 0 
5040 834 320 403 320 3 1 320 0 0 
5045 836 312 390 312 3 1 312 0 0 
5050 838 305 380 305 3 1 305 0 0 
5055 839 297 378 297 3 1 297 0 0 
5060 841 293 370 293 3 1 293 0 0 
5065 845 290 365 290 3 1 290 0 0 
5070 847 282 358 282 3 1 282 0 0 
5075 847 278 350 278 3 1 278 0 0 
5080 850 275 340 275 3 1 275 0 0 
5085 850 267 330 267 3 1 267 0 0 
5090 852 260 318 260 3 1 260 0 0 
5095 854 252 310 252 3 1 252 0 0 
5100 856 245 298 245 3 1 245 0 0 
5105 858 237 288 237 3 1 237 0 0 
5110 859 233 275 233 3 1 233 0 0 
5115 861 230 273 230 3 1 230 0 0 
5120 861 225 260 225 3 1 225 0 0 
5125 863 218 250 218 3 1 218 0 0 
5130 863 215 235 215 3 1 215 0 0 
5135 867 210 228 210 3 1 210 0 0 
5140 867 203 213 203 3 1 203 0 0 
5145 867 200 200 200 3 1 200 0 0 
5150 869 192 195 192 3 1 192 0 0 
5155 870 185 183 185 3 1 185 0 0 
5160 870 177 170 177 3 1 177 0 0 
5165 870 170 170 170 3 1 170 0 0 
5170 872 158 168 158 3 1 158 0 0 
5175 872 147 158 147 3 1 147 0 0 
5180 874 135 148 135 3 1 135 0 0 
5185 874 125 135 125 3 1 125 0 0 
5190 876 110 135 110 3 1 110 0 0 
5195 876 98 128 98 3 1 98 0 0 
5200 876 87 120 87 3 1 87 0 0 
5205 876 80 120 80 3 1 80 0 0 
5210 878 72 118 72 3 1 72 0 0 
5215 878 65 108 65 3 1 65 0 0 
5220 879 57 105 57 3 1 57 0 0 
5225 879 45 93 45 3 1 45 0 0 
5230 879 35 93 35 3 1 35 0 0 
5235 879 23 88 23 3 1 23 0 0 
5240 879 12 78 12 3 1 12 0 0 
5245 879 0 70 0 3 1 0 0 0 
5250 881 -15 55 -15 3 1 -15 0 0 
5255 881 -30 40 -30 3 1 -30 0 0 
5260 881 -42 23 -42 3 1 -42 0 0 
5265 881 -57 0 -57 3 1 -57 0 0 
5270 881 -75 -3 -75 3 1 -75 0 0 
5275 881 -87 -28 -87 3 1 -87 0 0 
5280 881 -102 -63 -102 3 1 -102 0 0 
5285 881 -117 -100 -117 3 1 -117 0 0 
5290 881 -143 -148 -143 3 1 -143 0 0 
5295 879 -162 -193 -162 3 1 -162 0 0 
5300 879 -180 -238 -180 3 1 -180 0 0 
5305 878 -195 -290 -195 3 1 -195 0 0 
5310 876 -215 -353 -215 3 1 -215 0 0 
5315 874 -225 -408 -225 3 1 -225 0 0 
5320 872 -233 -463 -233 3 1 -233 0 0 
5325 870 -240 -523 -240 3 1 -240 0 0 
5330 867 -240 -588 -240 4 1 -240 0 0 
5335 865 -245 -598 -245 4 1 -245 0 0 
5340 861 -252 -600 -252 4 1 -252 0 0 
5345 858 -255 -600 -255 4 1 -255 0 0 
5350 856 -267 -600 -267 4 1 -267 0 0 
5355 852 -278 -600 -278 4 1 -278 0 0 
5360 849 -293 -600 -293 4 1 -293 0 0 
5365 847 -315 -600 -315 4 1 -315 0 0 
5370 843 -350 -600 -350 4 1 -350 0 0 
5375 839 -383 -600 -383 4 1 -383 0 0 
5380 836 -413 -598 -413 4 1 -413 0 0 
5385 834 -447 -600 -447 4 1 -447 0 0 
5390 830 -485 -600 -485 4 1 -485 0 0 
5395 827 -510 -600 -510 4 1 -510 0 0 
5400 825 -533 -600 -533 4 1 -533 0 0 
5405 821 -548 -600 -548 4 1 -548 0 0 
5410 820 -563 -600 -563 4 1 -563 0 0 
5415 816 -563 -600 -563 4 1 -563 0 0 
5420 812 -567 -600 -567 4 1 -567 0 0 
5425 810 -567 -598 -567 4 1 -567 0 0 
5430 805 -563 -600 -563 4 1 -563 0 0 
5435 803 -555 -600 -555 4 1 -555 0 0 
5440 800 -548 -600 -548 4 1 -548 0 0 
5445 798 -540 -600 -540 4 1 -540 0 0 
5450 794 -533 -600 -533 4 1 -533 0 0 
5455 791 -537 -598 -537 4 1 -537 0 0 
5460 789 -537 -600 -537 4 1 -537 0 0 
5465 785 -548 -600 -548 4 1 -548 0 0 
5470 781 -555 -600 -555 4 1 -555 0 0 
5475 780 -563 -598 -563 4 1 -563 0 0 
5480 776 -575 -600 -575 4 1 -575 0 0 
5485 772 -585 -600 -585 4 1 -585 0 0 
5490 771 -593 -598 -593 4 1 -593 0 0 
5495 767 -600 -600 -600 4 1 -600 0 0 
5500 765 -608 -600 -608 4 1 -608 0 0 
5505 762 -615 -600 -615 4 1 -615 0 0 
5510 758 -620 -600 -620 4 1 -620 0 0 
5515 754 -623 -600 -623 4 1 -623 0 0 
5520 750 -623 -600 -623 4 1 -623 0 0 
5525 748 -623 -598 -623 4 1 -623 0 0 
5530 744 -620 -598 -620 4 1 -620 0 0 
5535 741 -620 -600 -620 4 1 -620 0 0 
5540 739 -615 -598 -615 4 1 -615 0 0 
5545 735 -615 -600 -615 4 1 -615 0 0 
5550 733 -612 -600 -612 4 1 -612 0 0 
5555 730 -612 -600 -612 4 1 -612 0 0 
5560 726 -612 -600 -612 4 1 -612 0 0 
5565 724 -612 -600 -612 4 1 -612 0 0 
5570 721 -612 -598 -612 4 1 -612 0 0 
5575 717 -612 -600 -612 4 1 -612 0 0 
5580 715 -612 -600 -612 4 1 -612 0 0 
5585 712 -612 -600 -612 4 1 -612 0 0 
5590 708 -612 -598 -612 4 1 -612 0 0 
5595 706 -608 -600 -608 4 1 -608 0 0 
5600 704 -608 -600 -608 4 1 -608 0 0 
5605 701 -608 -598 -608 4 1 -608 0 0 
5610 697 -605 -600 -605 4 1 -605 0 0 
5615 695 -605 -598 -605 4 1 -605 0 0 
5620 692 -605 -598 -605 4 1 -605 0 0 
5625 688 -608 -600 -608 4 1 -608 0 0 
5630 684 -608 -600 -608 4 1 -608 0 0 
5635 683 -608 -598 -608 4 1 -608 0 0 
5640 679 -612 -600 -612 4 1 -612 0 0 
5645 677 -612 -600 -612 4 1 -612 0 0 
5650 673 -612 -600 -612 4 1 -612 0 0 
5655 670 -615 -600 -615 4 1 -615 0 0 
5660 668 -612 -598 -612 4 1 -612 0 0 
5665 664 -615 -600 -615 4 1 -615 0 0 
5670 661 -612 -600 -612 4 1 -612 0 0 
5675 659 -612 -600 -612 4 1 -612 0 0 
5680 655 -612 -598 -612 4 1 -612 0 0 
5685 652 -608 -600 -608 4 1 -608 0 0 
5690 650 -608 -600 -608 4 1 -608 0 0 
5695 646 -605 -600 -605 4 1 -605 0 0 
5700 643 -600 -600 -600 4 1 -600 0 0 
5705 639 -600 -600 -600 4 1 -600 0 0 
5710 637 -597 -600 -597 4 1 -597 0 0 
5715 634 -597 -600 -597 4 1 -597 0 0 
5720 632 -597 -598 -597 4 1 -597 0 0 
5725 628 -593 -600 -593 4 1 -593 0 0 
5730 624 -593 -600 -593 4 1 -593 0 0 
5735 623 -593 -600 -593 4 1 -593 0 0 
5740 619 -593 -600 -593 4 1 -593 0 0 
5745 615 -593 -600 -593 4 1 -593 0 0 
5750 612 -590 -598 -590 4 1 -590 0 0 
5755 610 -590 -600 -590 4 1 -590 0 0 
5760 606 -585 -600 -585 4 1 -585 0 0 
5765 605 -585 -598 -585 4 1 -585 0 0 
5770 599 -582 -600 -582 4 1 -582 0 0 
5775 597 -578 -600 -578 4 1 -578 0 0 
5780 595 -575 -598 -575 4 1 -575 0 0 
5785 592 -570 -600 -570 4 1 -570 0 0 
5790 588 -570 -598 -570 4 1 -570 0 0 
5795 586 -567 -600 -567 4 1 -567 0 0 
5800 583 -563 -600 -563 4 1 -563 0 0 
5805 581 -563 -600 -563 4 1 -563 0 0 
5810 576 -563 -600 -563 4 1 -563 0 0 
5815 574 -563 -598 -563 4 1 -563 0 0 
5820 570 -563 -600 -563 4 1 -563 0 0 
5825 568 -560 -600 -560 4 1 -560 0 0 
5830 565 -560 -600 -560 4 1 -560 0 0 
5835 561 -555 -600 -555 4 1 -555 0 0 
5840 559 -555 -600 -555 4 1 -555 0 0 
5845 557 -555 -600 -555 4 1 -555 0 0 
5850 554 -548 -598 -548 4 1 -548 0 0 
5855 550 -548 -600 -548 4 1 -548 0 0 
5860 547 -545 -600 -545 4 1 -545 0 0 
5865 545 -540 -600 -540 4 1 -540 0 0 
5870 541 -540 -600 -540 4 1 -540 0 0 
5875 537 -537 -600 -537 4 1 -537 0 0 
5880 536 -537 -598 -537 4 1 -537 0 0 
5885 532 -533 -600 -533 4 1 -533 0 0 
5890 527 -530 -600 -530 4 1 -530 0 0 
5895 526 -525 -600 -525 4 1 -525 0 0 
5900 522 -522 -600 -522 4 1 -522 0 0 
5905 518 -522 -600 -522 4 1 -522 0 0 
5910 515 -515 -598 -515 4 1 -515 0 0 
5915 513 -510 -600 -510 4 1 -510 0 0 
5920 509 -507 -600 -507 4 1 -507 0 0 
5925 507 -503 -600 -503 4 1 -503 0 0 
5930 504 -500 -600 -500 4 1 -500 0 0 
5935 500 -495 -600 -495 4 1 -495 0 0 
5940 498 -488 -598 -488 4 1 -488 0 0 
5945 495 -480 -600 -480 4 1 -480 0 0 
5950 491 -477 -600 -477 4 1 -477 0 0 
5955 487 -470 -598 -470 4 1 -470 0 0 
5960 486 -462 -598 -462 4 1 -462 0 0 
5965 484 -458 -598 -458 4 1 -458 0 0 
5970 480 -450 -600 -450 4 1 -450 0 0 
5975 477 -447 -600 -447 4 1 -447 0 0 
5980 473 -440 -598 -440 4 1 -440 0 0 
5985 471 -435 -600 -435 4 1 -435 0 0 
5990 468 -432 -600 -432 4 1 -432 0 0 
5995 466 -428 -600 -428 4 1 -428 0 0 
6000 462 -428 -598 -428 4 1 -428 0 0 
6005 458 -425 -598 -425 4 1 -425 0 0 
6010 455 -420 -598 -420 4 1 -420 0 0 
6015 453 -420 -598 -420 4 1 -420 0 0 
6020 449 -417 -600 -417 4 1 -417 0 0 
6025 446 -413 -598 -413 4 1 -413 0 0 
6030 444 -410 -600 -410 4 1 -410 0 0 
6035 442 -410 -600 -410 4 1 -410 0 0 
6040 439 -405 -600 -405 4 1 -405 0 0 
6045 435 -402 -600 -402 4 1 -402 0 0 
6050 431 -398 -598 -398 4 1 -398 0 0 
6055 429 -390 -600 -390 4 1 -390 0 0 
6060 428 -387 -598 -387 4 1 -387 0 0 
6065 424 -380 -600 -380 4 1 -380 0 0 
6070 420 -372 -600 -372 4 1 -372 0 0 
6075 417 -368 -600 -368 4 1 -368 0 0 
6080 415 -360 -600 -360 4 1 -360 0 0 
6085 411 -357 -600 -357 4 1 -357 0 0 
6090 408 -350 -600 -350 4 1 -350 0 0 
6095 406 -345 -598 -345 4 1 -345 0 0 
6100 402 -342 -600 -342 4 1 -342 0 0 
6105 399 -338 -598 -338 4 1 -338 0 0 
6110 397 -335 -600 -335 4 1 -335 0 0 
6115 393 -330 -600 -330 4 1 -330 0 0 
6120 390 -327 -600 -327 4 1 -327 0 0 
6125 388 -323 -600 -323 4 1 -323 0 0 
6130 384 -320 -598 -320 4 1 -320 0 0 
6135 380 -315 -598 -315 4 1 -315 0 0 
6140 379 -312 -600 -312 4 1 -312 0 0 
6145 375 -308 -600 -308 4 1 -308 0 0 
6150 373 -305 -600 -305 4 1 -305 0 0 
6155 370 -300 -598 -300 4 1 -300 0 0 
6160 368 -297 -600 -297 4 1 -297 0 0 
6165 364 -293 -598 -293 4 1 -293 0 0 
6170 361 -285 -600 -285 4 1 -285 0 0 
6175 357 -282 -600 -282 4 1 -282 0 0 
6180 355 -275 -600 -275 4 1 -275 0 0 
6185 351 -267 -600 -267 4 1 -267 0 0 
6190 348 -263 -600 -263 4 1 -263 0 0 
6195 346 -255 -598 -255 4 1 -255 0 0 
6200 344 -248 -600 -248 4 1 -248 0 0 
6205 341 -245 -598 -245 4 1 -245 0 0 
6210 337 -240 -598 -240 4 1 -240 0 0 
6215 333 -237 -600 -237 4 1 -237 0 0 
6220 331 -230 -600 -230 4 1 -230 0 0 
6225 328 -225 -598 -225 4 1 -225 0 0 
6230 326 -222 -598 -222 4 1 -222 0 0 
6235 322 -215 -600 -215 4 1 -215 0 0 
6240 319 -210 -600 -210 4 1 -210 0 0 
6245 317 -207 -600 -207 4 1 -207 0 0 
6250 313 -200 -600 -200 4 1 -200 0 0 
6255 310 -200 -600 -200 4 1 -200 0 0 
6260 308 -192 -600 -192 4 1 -192 0 0 
6265 303 -188 -600 -188 4 1 -188 0 0 
6270 300 -180 -600 -180 4 1 -180 0 0 
6275 298 -177 -600 -177 4 1 -177 0 0 
6280 294 -170 -600 -170 4 1 -170 0 0 
6285 291 -165 -598 -165 4 1 -165 0 0 
6290 287 -158 -600 -158 4 1 -158 0 0 
6295 285 -150 -600 -150 4 1 -150 0 0 
6300 282 -147 -600 -147 4 1 -147 0 0 
6305 280 -140 -598 -140 4 1 -140 0 0 
6310 276 -135 -598 -135 4 1 -135 0 0 
6315 274 -132 -600 -132 4 1 -132 0 0 
6320 269 -128 -600 -128 4 1 -128 0 0 
6325 267 -125 -590 -125 4 1 -125 0 0 
6330 263 -117 -575 -117 4 1 -117 0 0 
6335 262 -113 -568 -113 4 1 -113 0 0 
6340 258 -110 -563 -110 4 1 -110 0 0 
6345 256 -105 -553 -105 4 1 -105 0 0 
6350 253 -105 -545 -105 4 1 -105 0 0 
6355 251 -102 -535 -102 4 1 -102 0 0 
6360 247 -98 -525 -98 4 1 -98 0 0 
6365 245 -98 -515 -98 4 1 -98 0 0 
6370 242 -95 -503 -95 4 1 -95 0 0 
6375 240 -90 -498 -90 4 1 -90 0 0 
6380 238 -87 -493 -87 4 1 -87 0 0 
6385 236 -87 -480 -87 4 1 -87 0 0 
6390 234 -80 -473 -80 4 1 -80 0 0 
6395 231 -80 -460 -80 4 1 -80 0 0 
6400 229 -72 -450 -72 4 1 -72 0 0 
6405 225 -65 -445 -65 4 1 -65 0 0 
6410 225 -57 -438 -57 4 1 -57 0 0 
6415 222 -45 -428 -45 4 1 -45 0 0 
6420 220 -35 -418 -35 4 1 -35 0 0 
6425 218 -23 -408 -23 4 1 -23 0 0 
6430 216 -12 -403 -12 4 1 -12 0 0 
6435 213 5 -385 5 4 1 5 0 0 
6440 213 15 -375 15 4 1 15 0 0 
6445 211 27 -368 27 4 1 27 0 0 
6450 209 42 -353 42 4 1 42 0 0 
6455 207 57 -330 57 4 1 57 0 0 
6460 205 68 -313 68 4 1 68 0 0 
6465 204 80 -293 80 4 1 80 0 0 
6470 204 95 -270 95 4 1 95 0 0 
6475 202 110 -235 110 4 1 110 0 0 
6480 200 120 -208 120 4 1 120 0 0 
6485 200 132 -173 132 4 1 132 0 0 
6490 198 140 -140 140 4 1 140 0 0 
6495 196 155 -90 155 4 1 155 0 0 
6500 198 165 -53 165 4 1 165 0 0 
6505 196 173 -10 173 4 1 173 0 0 
6510 196 185 3 185 4 1 185 0 0 
6515 196 192 40 192 4 1 192 0 0 
6520 198 200 88 200 4 1 200 0 0 
6525 198 203 145 203 4 1 203 0 0 
6530 198 210 198 210 4 1 210 0 0 
6535 200 222 265 222 4 1 222 0 0 
6540 200 230 328 230 4 1 230 0 0 
6545 202 237 390 237 4 1 237 0 0 
6550 204 245 455 245 4 1 245 0 0 
6555 207 248 538 248 4 1 248 0 0 
6560 209 252 590 252 4 1 252 0 0 
6565 213 260 600 260 5 1 260 0 0 
6570 216 267 600 267 5 1 267 0 0 
6575 220 282 603 282 5 1 282 0 0 
6580 222 297 603 297 5 1 297 0 0 
6585 225 323 600 323 5 1 323 0 0 
6590 227 357 600 357 5 1 357 0 0 
6595 233 398 600 398 5 1 398 0 0 
6600 234 443 600 443 5 1 443 0 0 
6605 238 485 603 485 5 1 485 0 0 
6610 240 525 603 525 5 1 525 0 0 
6615 243 563 603 563 5 1 563 0 0 
6620 247 585 600 585 5 1 585 0 0 
6625 251 605 600 605 5 1 605 0 0 
6630 253 615 600 615 5 1 615 0 0 
6635 256 627 600 627 5 1 627 0 0 
6640 260 630 600 630 5 1 630 0 0 
6645 262 627 600 627 5 1 627 0 0 
6650 265 623 600 623 5 1 623 0 0 
6655 269 615 600 615 5 1 615 0 0 
6660 271 608 600 608 5 1 608 0 0 
6665 274 605 600 605 5 1 605 0 0 
6670 278 600 600 600 5 1 600 0 0 
6675 282 608 600 608 5 1 608 0 0 
6680 285 612 603 612 5 1 612 0 0 
6685 287 620 600 620 5 1 620 0 0 
6690 291 630 600 630 5 1 630 0 0 
6695 294 642 600 642 5 1 642 0 0 
6700 298 653 603 653 5 1 653 0 0 
6705 300 665 600 665 5 1 665 0 0 
6710 303 675 600 675 5 1 675 0 0 
6715 308 690 600 690 5 1 690 0 0 
6720 310 702 600 702 5 1 702 0 0 
6725 313 710 600 710 5 1 710 0 0 
6730 317 720 603 720 5 1 720 0 0 
6735 319 732 600 732 5 1 732 0 0 
6740 322 735 600 735 5 1 735 0 0 
6745 326 740 600 740 5 1 740 0 0 
6750 328 743 600 743 5 1 743 0 0 
6755 331 743 600 743 5 1 743 0 0 
6760 335 743 600 743 5 1 743 0 0 
6765 337 743 603 743 5 1 743 0 0 
6770 341 743 600 743 5 1 743 0 0 
6775 344 743 603 743 5 1 743 0 0 
6780 348 743 600 743 5 1 743 0 0 
6785 350 743 600 743 5 1 743 0 0 
6790 353 750 603 750 5 1 750 0 0 
6795 357 750 603 750 5 1 750 0 0 
6800 359 755 600 755 5 1 755 0 0 
6805 362 762 603 762 5 1 762 0 0 
6810 364 765 600 765 5 1 765 0 0 
6815 368 770 600 770 5 1 770 0 0 
6820 371 773 600 773 5 1 773 0 0 
6825 375 777 600 777 5 1 777 0 0 
6830 377 777 600 777 5 1 777 0 0 
6835 380 780 600 780 5 1 780 0 0 
6840 384 777 600 777 5 1 777 0 0 
6845 386 780 600 780 5 1 780 0 0 
6850 390 777 603 777 5 1 777 0 0 
6855 393 777 603 777 5 1 777 0 0 
6860 395 777 600 777 5 1 777 0 0 
6865 399 777 600 777 5 1 777 0 0 
6870 402 777 600 777 5 1 777 0 0 
6875 406 780 600 780 5 1 780 0 0 
6880 408 780 600 780 5 1 780 0 0 
6885 409 777 603 777 5 1 777 0 0 
6890 413 773 603 773 5 1 773 0 0 
6895 417 773 603 773 5 1 773 0 0 
6900 419 773 600 773 5 1 773 0 0 
6905 422 770 603 770 5 1 770 0 0 
6910 426 770 600 770 5 1 770 0 0 
6915 429 765 600 765 5 1 765 0 0 
6920 433 765 603 765 5 1 765 0 0 
6925 435 765 600 765 5 1 765 0 0 
6930 439 762 603 762 5 1 762 0 0 
6935 442 762 603 762 5 1 762 0 0 
6940 444 762 600 762 5 1 762 0 0 
6945 448 758 600 758 5 1 758 0 0 
6950 449 758 600 758 5 1 758 0 0 
6955 455 755 603 755 5 1 755 0 0 
6960 457 755 600 755 5 1 755 0 0 
6965 460 750 600 750 5 1 750 0 0 
6970 462 750 600 750 5 1 750 0 0 
6975 468 747 603 747 5 1 747 0 0 
6980 469 747 603 747 5 1 747 0 0 
6985 471 743 603 743 5 1 743 0 0 
6990 475 743 600 743 5 1 743 0 0 
6995 478 740 603 740 5 1 740 0 0 
7000 482 740 600 740 5 1 740 0 0 
7005 484 735 600 735 5 1 735 0 0 
7010 487 735 600 735 5 1 735 0 0 
7015 491 735 600 735 5 1 735 0 0 
7020 493 732 600 732 5 1 732 0 0 
7025 497 728 603 728 5 1 728 0 0 
7030 498 728 600 728 5 1 728 0 0 
7035 502 725 600 725 5 1 725 0 0 
7040 506 725 600 725 5 1 725 0 0 
7045 509 720 600 720 5 1 720 0 0 
7050 511 720 603 720 5 1 720 0 0 
7055 515 717 603 717 5 1 717 0 0 
7060 518 717 600 717 5 1 717 0 0 
7065 522 717 603 717 5 1 717 0 0 
7070 524 713 600 713 5 1 713 0 0 
7075 527 713 600 713 5 1 713 0 0 
7080 532 713 600 713 5 1 713 0 0 
7085 534 710 600 710 5 1 710 0 0 
7090 537 705 600 705 5 1 705 0 0 
7095 539 702 603 702 5 1 702 0 0 
7100 543 702 600 702 5 1 702 0 0 
7105 547 702 600 702 5 1 702 0 0 
7110 548 698 600 698 5 1 698 0 0 
7115 552 690 600 690 5 1 690 0 0 
7120 556 690 600 690 5 1 690 0 0 
7125 559 690 600 690 5 1 690 0 0 
7130 561 687 603 687 5 1 687 0 0 
7135 565 687 600 687 5 1 687 0 0 
7140 568 683 600 683 5 1 683 0 0 
7145 570 683 603 683 5 1 683 0 0 
7150 574 680 600 680 5 1 680 0 0 
7155 577 675 600 675 5 1 675 0 0 
7160 579 672 603 672 5 1 672 0 0 
7165 583 672 600 672 5 1 672 0 0 
7170 585 668 600 668 5 1 668 0 0 
7175 590 665 603 665 5 1 665 0 0 
7180 592 665 603 665 5 1 665 0 0 
7185 594 657 600 657 5 1 657 0 0 
7190 597 657 600 657 5 1 657 0 0 
7195 601 653 603 653 5 1 653 0 0 
7200 605 650 600 650 5 1 650 0 0 
7205 606 650 600 650 5 1 650 0 0 
7210 610 645 600 645 5 1 645 0 0 
7215 614 645 600 645 5 1 645 0 0 
7220 617 645 600 645 5 1 645 0 0 
7225 619 642 600 642 5 1 642 0 0 
7230 623 638 600 638 5 1 638 0 0 
7235 626 635 600 635 5 1 635 0 0 
7240 628 630 603 630 5 1 630 0 0 
7245 632 630 600 630 5 1 630 0 0 
7250 635 630 603 630 5 1 630 0 0 
7255 639 627 600 627 5 1 627 0 0 
7260 641 623 600 623 5 1 623 0 0 
7265 643 620 600 620 5 1 620 0 0 
7270 646 620 603 620 5 1 620 0 0 
7275 652 620 600 620 5 1 620 0 0 
7280 654 615 603 615 5 1 615 0 0 
7285 655 612 600 612 5 1 612 0 0 
7290 659 612 603 612 5 1 612 0 0 
7295 663 608 600 608 5 1 608 0 0 
7300 666 608 600 608 5 1 608 0 0 
7305 668 605 600 605 5 1 605 0 0 
7310 672 600 600 600 5 1 600 0 0 
7315 675 597 600 597 5 1 597 0 0 
7320 677 597 600 597 5 1 597 0 0 
7325 681 593 600 593 5 1 593 0 0 
7330 683 590 600 590 5 1 590 0 0 
7335 686 585 600 585 5 1 585 0 0 
7340 690 585 600 585 5 1 585 0 0 
7345 692 582 600 582 5 1 582 0 0 
7350 695 582 603 582 5 1 582 0 0 
7355 699 578 603 578 5 1 578 0 0 
7360 702 578 600 578 5 1 578 0 0 
7365 704 575 600 575 5 1 575 0 0 
7370 708 570 600 570 5 1 570 0 0 
7375 712 567 600 567 5 1 567 0 0 
7380 713 563 600 563 5 1 563 0 0 
7385 717 560 600 560 5 1 560 0 0 
7390 719 555 603 555 5 1 555 0 0 
7395 722 552 600 552 5 1 552 0 0 
7400 726 552 600 552 5 1 552 0 0 
7405 728 548 600 548 5 1 548 0 0 
7410 731 548 600 548 5 1 548 0 0 
7415 735 545 600 545 5 1 545 0 0 
7420 737 545 600 545 5 1 545 0 0 
7425 741 545 600 545 5 1 545 0 0 
7430 742 540 600 540 5 1 540 0 0 
7435 746 537 603 537 5 1 537 0 0 
7440 750 533 600 533 5 1 533 0 0 
7445 754 530 600 530 5 1 530 0 0 
7450 756 525 600 525 5 1 525 0 0 
7455 760 522 600 522 5 1 522 0 0 
7460 763 518 600 518 5 1 518 0 0 
7465 765 515 603 515 5 1 515 0 0 
7470 769 510 600 510 5 1 510 0 0 
7475 772 507 600 507 5 1 507 0 0 
7480 774 507 600 507 5 1 507 0 0 
7485 778 503 603 503 5 1 503 0 0 
7490 781 500 600 500 5 1 500 0 0 
7495 783 492 585 492 5 1 492 0 0 
7500 787 492 575 492 5 1 492 0 0 
7505 791 488 565 488 5 1 488 0 0 
7510 792 480 560 480 5 1 480 0 0 
7515 796 480 550 480 5 1 480 0 0 
7520 800 477 533 477 5 1 477 0 0 
7525 801 477 528 477 5 1 477 0 0 
7530 803 477 520 477 5 1 477 0 0 
7535 807 477 515 477 5 1 477 0 0 
7540 809 477 498 477 5 1 477 0 0 
7545 812 477 498 477 5 1 477 0 0 
7550 814 473 480 473 5 1 473 0 0 
7555 818 465 473 465 5 1 465 0 0 
7560 820 462 463 462 5 1 462 0 0 
7565 821 458 450 458 5 1 458 0 0 
7570 823 450 448 450 5 1 450 0 0 
7575 825 443 435 443 5 1 443 0 0 
7580 829 435 430 435 5 1 435 0 0 
7585 830 428 423 428 5 1 428 0 0 
7590 832 425 410 425 5 1 425 0 0 
7595 834 417 398 417 5 1 417 0 0 
7600 836 410 393 410 5 1 410 0 0 
7605 838 405 380 405 5 1 405 0 0 
7610 839 398 378 398 5 1 398 0 0 
7615 841 390 368 390 5 1 390 0 0 
7620 843 387 355 387 5 1 387 0 0 
7625 845 383 345 383 5 1 383 0 0 
7630 849 375 333 375 5 1 375 0 0 
7635 849 365 323 365 5 1 365 0 0 
7640 850 360 323 360 5 1 360 0 0 
7645 852 353 315 353 5 1 353 0 0 
7650 854 353 303 353 5 1 353 0 0 
7655 856 345 293 345 5 1 345 0 0 
7660 858 342 280 342 5 1 342 0 0 
7665 858 338 270 338 5 1 338 0 0 
7670 859 335 265 335 5 1 335 0 0 
7675 861 330 260 330 5 1 330 0 0 
7680 863 323 258 323 5 1 323 0 0 
7685 863 315 245 315 5 1 315 0 0 
7690 865 312 228 312 5 1 312 0 0 
7695 867 297 218 297 5 1 297 0 0 
7700 867 285 208 285 5 1 285 0 0 
7705 869 275 193 275 5 1 275 0 0 
7710 869 263 180 263 5 1 263 0 0 
7715 870 248 175 248 5 1 248 0 0 
7720 870 237 170 237 5 1 237 0 0 
7725 872 230 168 230 5 1 230 0 0 
7730 872 222 158 222 5 1 222 0 0 
7735 872 203 148 203 5 1 203 0 0 
7740 874 192 140 192 5 1 192 0 0 
7745 874 177 133 177 5 1 177 0 0 
7750 876 162 133 162 5 1 162 0 0 
7755 876 147 130 147 5 1 147 0 0 
7760 876 132 118 132 5 1 132 0 0 
7765 878 120 120 120 5 1 120 0 0 
7770 878 110 118 110 5 1 110 0 0 
7775 878 90 105 90 5 1 90 0 0 
7780 879 80 105 80 5 1 80 0 0 
7785 879 72 95 72 5 1 72 0 0 
7790 879 60 93 60 5 1 60 0 0 
7795 879 50 93 50 5 1 50 0 0 
7800 881 38 90 38 5 1 38 0 0 
7805 881 27 83 27 5 1 27 0 0 
7810 881 20 75 20 5 1 20 0 0 
7815 881 8 65 8 5 1 8 0 0 
7820 881 -8 53 -8 5 1 -8 0 0 
7825 881 -20 38 -20 5 1 -20 0 0 
7830 881 -35 25 -35 5 1 -35 0 0 
7835 883 -50 0 -50 5 1 -50 0 0 
7840 883 -65 -3 -65 5 1 -65 0 0 
7845 883 -80 -18 -80 5 1 -80 0 0 
7850 883 -90 -50 -90 5 1 -90 0 0 
7855 881 -110 -90 -110 5 1 -110 0 0 
7860 881 -128 -128 -128 5 1 -128 0 0 
7865 881 -147 -165 -147 5 1 -147 0 0 
7870 879 -162 -208 -162 5 1 -162 0 0 
7875 879 -177 -258 -177 5 1 -177 0 0 
7880 878 -185 -298 -185 5 1 -185 0 0 
7885 876 -188 -345 -188 5 1 -188 0 0 
7890 874 -192 -393 -192 5 1 -192 0 0 
7895 872 -195 -445 -195 5 1 -195 0 0 
7900 870 -200 -493 -200 5 1 -200 0 0 
7905 867 -203 -525 -203 6 1 -203 0 0 
7910 865 -207 -550 -207 6 1 -207 0 0 
7915 861 -215 -573 -215 6 1 -215 0 0 
7920 859 -218 -578 -218 6 1 -218 0 0 
7925 856 -230 -585 -230 6 1 -230 0 0 
7930 854 -240 -590 -240 6 1 -240 0 0 
7935 850 -260 -593 -260 6 1 -260 0 0 
7940 847 -282 -598 -282 6 1 -282 0 0 
7945 845 -308 -600 -308 6 1 -308 0 0 
7950 841 -338 -600 -338 6 1 -338 0 0 
7955 838 -380 -600 -380 6 1 -380 0 0 
7960 834 -410 -600 -410 6 1 -410 0 0 
7965 832 -443 -600 -443 6 1 -443 0 0 
7970 829 -473 -600 -473 6 1 -473 0 0 
7975 825 -503 -600 -503 6 1 -503 0 0 
7980 823 -525 -600 -525 6 1 -525 0 0 
7985 820 -540 -600 -540 6 1 -540 0 0 
7990 816 -548 -598 -548 6 1 -548 0 0 
7995 814 -552 -598 -552 6 1 -552 0 0 
8000 810 -548 -600 -548 6 1 -548 0 0 
8005 807 -540 -600 -540 6 1 -540 0 0 
8010 805 -533 -600 -533 6 1 -533 0 0 
8015 801 -530 -600 -530 6 1 -530 0 0 
8020 798 -525 -600 -525 6 1 -525 0 0 
8025 796 -530 -600 -530 6 1 -530 0 0 
8030 792 -537 -600 -537 6 1 -537 0 0 
8035 791 -548 -598 -548 6 1 -548 0 0 
8040 787 -563 -600 -563 6 1 -563 0 0 
8045 783 -575 -598 -575 6 1 -575 0 0 
8050 781 -585 -598 -585 6 1 -585 0 0 
8055 778 -600 -598 -600 6 1 -600 0 0 
8060 774 -615 -600 -615 6 1 -615 0 0 
8065 771 -627 -600 -627 6 1 -627 0 0 
8070 769 -635 -600 -635 6 1 -635 0 0 
8075 767 -642 -600 -642 6 1 -642 0 0 
8080 762 -650 -600 -650 6 1 -650 0 0 
8085 760 -653 -600 -653 6 1 -653 0 0 
8090 756 -657 -598 -657 6 1 -657 0 0 
8095 754 -657 -598 -657 6 1 -657 0 0 
8100 748 -657 -600 -657 6 1 -657 0 0 
8105 746 -660 -600 -660 6 1 -660 0 0 
8110 742 -665 -598 -665 6 1 -665 0 0 
8115 741 -665 -600 -665 6 1 -665 0 0 
8120 737 -668 -598 -668 6 1 -668 0 0 
8125 733 -672 -600 -672 6 1 -672 0 0 
8130 731 -672 -598 -672 6 1 -672 0 0 
8135 728 -675 -600 -675 6 1 -675 0 0 
8140 724 -680 -600 -680 6 1 -680 0 0 
8145 721 -680 -600 -680 6 1 -680 0 0 
8150 719 -680 -598 -680 6 1 -680 0 0 
8155 715 -683 -600 -683 6 1 -683 0 0 
8160 713 -683 -600 -683 6 1 -683 0 0 
8165 710 -687 -600 -687 6 1 -687 0 0 
8170 708 -683 -600 -683 6 1 -683 0 0 
8175 704 -687 -600 -687 6 1 -687 0 0 
8180 701 -687 -600 -687 6 1 -687 0 0 
8185 699 -687 -598 -687 6 1 -687 0 0 
8190 695 -690 -598 -690 6 1 -690 0 0 
8195 693 -690 -600 -690 6 1 -690 0 0 
8200 688 -690 -600 -690 6 1 -690 0 0 
8205 686 -690 -600 -690 6 1 -690 0 0 
8210 683 -690 -600 -690 6 1 -690 0 0 
8215 681 -690 -600 -690 6 1 -690 0 0 
8220 677 -690 -598 -690 6 1 -690 0 0 
8225 675 -690 -600 -690 6 1 -690 0 0 
8230 672 -687 -598 -687 6 1 -687 0 0 
8235 668 -687 -600 -687 6 1 -687 0 0 
8240 666 -683 -598 -683 6 1 -683 0 0 
8245 663 -680 -600 -680 6 1 -680 0 0 
8250 659 -675 -600 -675 6 1 -675 0 0 
8255 657 -672 -598 -672 6 1 -672 0 0 
8260 654 -668 -598 -668 6 1 -668 0 0 
8265 650 -665 -600 -665 6 1 -665 0 0 
8270 646 -665 -600 -665 6 1 -665 0 0 
8275 644 -660 -600 -660 6 1 -660 0 0 
8280 641 -657 -600 -657 6 1 -657 0 0 
8285 637 -657 -598 -657 6 1 -657 0 0 
8290 635 -657 -600 -657 6 1 -657 0 0 
8295 632 -660 -598 -660 6 1 -660 0 0 
8300 628 -657 -600 -657 6 1 -657 0 0 
8305 626 -660 -600 -660 6 1 -660 0 0 
8310 623 -660 -600 -660 6 1 -660 0 0 
8315 621 -660 -600 -660 6 1 -660 0 0 
8320 617 -657 -600 -657 6 1 -657 0 0 
8325 614 -657 -600 -657 6 1 -657 0 0 
8330 610 -653 -600 -653 6 1 -653 0 0 
8335 608 -653 -598 -653 6 1 -653 0 0 
8340 605 -650 -600 -650 6 1 -650 0 0 
8345 601 -645 -600 -645 6 1 -645 0 0 
8350 599 -645 -600 -645 6 1 -645 0 0 
8355 595 -642 -598 -642 6 1 -642 0 0 
8360 592 -638 -600 -638 6 1 -638 0 0 
8365 590 -635 -600 -635 6 1 -635 0 0 
8370 586 -635 -598 -635 6 1 -635 0 0 
8375 585 -630 -600 -630 6 1 -630 0 0 
8380 581 -630 -600 -630 6 1 -630 0 0 
8385 577 -627 -598 -627 6 1 -627 0 0 
8390 576 -627 -600 -627 6 1 -627 0 0 
8395 572 -627 -600 -627 6 1 -627 0 0 
8400 568 -627 -598 -627 6 1 -627 0 0 
8405 565 -627 -600 -627 6 1 -627 0 0 
8410 563 -627 -600 -627 6 1 -627 0 0 
8415 561 -623 -600 -623 6 1 -623 0 0 
8420 557 -620 -600 -620 6 1 -620 0 0 
8425 554 -620 -600 -620 6 1 -620 0 0 
8430 552 -615 -598 -615 6 1 -615 0 0 
8435 548 -612 -600 -612 6 1 -612 0 0 
8440 545 -608 -600 -608 6 1 -608 0 0 
8445 541 -608 -600 -608 6 1 -608 0 0 
8450 539 -605 -600 -605 6 1 -605 0 0 
8455 537 -600 -598 -600 6 1 -600 0 0 
8460 532 -597 -600 -597 6 1 -597 0 0 
8465 530 -593 -598 -593 6 1 -593 0 0 
8470 526 -593 -598 -593 6 1 -593 0 0 
8475 522 -590 -598 -590 6 1 -590 0 0 
8480 520 -590 -600 -590 6 1 -590 0 0 
8485 516 -585 -600 -585 6 1 -585 0 0 
8490 515 -582 -598 -582 6 1 -582 0 0 
8495 511 -578 -600 -578 6 1 -578 0 0 
8500 507 -575 -600 -575 6 1 -575 0 0 
8505 506 -570 -598 -570 6 1 -570 0 0 
8510 502 -567 -598 -567 6 1 -567 0 0 
8515 500 -563 -600 -563 6 1 -563 0 0 
8520 497 -560 -600 -560 6 1 -560 0 0 
8525 493 -555 -600 -555 6 1 -555 0 0 
8530 489 -552 -600 -552 6 1 -552 0 0 
8535 487 -545 -600 -545 6 1 -545 0 0 
8540 484 -540 -600 -540 6 1 -540 0 0 
8545 480 -537 -600 -537 6 1 -537 0 0 
8550 478 -533 -600 -533 6 1 -533 0 0 
8555 475 -530 -598 -530 6 1 -530 0 0 
8560 471 -525 -600 -525 6 1 -525 0 0 
8565 469 -518 -600 -518 6 1 -518 0 0 
8570 466 -515 -598 -515 6 1 -515 0 0 
8575 464 -507 -600 -507 6 1 -507 0 0 
8580 460 -500 -598 -500 6 1 -500 0 0 
8585 457 -495 -600 -495 6 1 -495 0 0 
8590 455 -488 -600 -488 6 1 -488 0 0 
8595 451 -485 -600 -485 6 1 -485 0 0 
8600 448 -477 -598 -477 6 1 -477 0 0 
8605 444 -473 -600 -473 6 1 -473 0 0 
8610 442 -473 -600 -473 6 1 -473 0 0 
8615 440 -470 -600 -470 6 1 -470 0 0 
8620 437 -465 -598 -465 6 1 -465 0 0 
8625 433 -462 -600 -462 6 1 -462 0 0 
8630 429 -458 -600 -458 6 1 -458 0 0 
8635 428 -455 -598 -455 6 1 -455 0 0 
8640 424 -450 -600 -450 6 1 -450 0 0 
8645 420 -443 -598 -443 6 1 -443 0 0 
8650 419 -443 -598 -443 6 1 -443 0 0 
8655 415 -435 -598 -435 6 1 -435 0 0 
8660 411 -428 -598 -428 6 1 -428 0 0 
8665 409 -425 -600 -425 6 1 -425 0 0 
8670 406 -420 -598 -420 6 1 -420 0 0 
8675 404 -413 -598 -413 6 1 -413 0 0 
8680 400 -410 -598 -410 6 1 -410 0 0 
8685 397 -405 -600 -405 6 1 -405 0 0 
8690 395 -402 -600 -402 6 1 -402 0 0 
8695 391 -402 -598 -402 6 1 -402 0 0 
8700 388 -395 -600 -395 6 1 -395 0 0 
8705 386 -390 -600 -390 6 1 -390 0 0 
8710 382 -387 -598 -387 6 1 -387 0 0 
8715 379 -383 -600 -383 6 1 -383 0 0 
8720 377 -375 -600 -375 6 1 -375 0 0 
8725 373 -368 -598 -368 6 1 -368 0 0 
8730 371 -360 -600 -360 6 1 -360 0 0 
8735 368 -357 -600 -357 6 1 -357 0 0 
8740 364 -353 -598 -353 6 1 -353 0 0 
8745 362 -345 -600 -345 6 1 -345 0 0 
8750 359 -342 -600 -342 6 1 -342 0 0 
8755 357 -338 -598 -338 6 1 -338 0 0 
8760 353 -335 -600 -335 6 1 -335 0 0 
8765 350 -327 -598 -327 6 1 -327 0 0 
8770 348 -323 -600 -323 6 1 -323 0 0 
8775 344 -320 -598 -320 6 1 -320 0 0 
8780 341 -315 -600 -315 6 1 -315 0 0 
8785 337 -315 -600 -315 6 1 -315 0 0 
8790 335 -308 -600 -308 6 1 -308 0 0 
8795 331 -305 -600 -305 6 1 -305 0 0 
8800 330 -300 -600 -300 6 1 -300 0 0 
8805 326 -297 -600 -297 6 1 -297 0 0 
8810 322 -293 -598 -293 6 1 -293 0 0 
8815 321 -290 -600 -290 6 1 -290 0 0 
8820 317 -282 -600 -282 6 1 -282 0 0 
8825 315 -278 -598 -278 6 1 -278 0 0 
8830 312 -270 -598 -270 6 1 -270 0 0 
8835 308 -267 -600 -267 6 1 -267 0 0 
8840 306 -260 -598 -260 6 1 -260 0 0 
8845 301 -252 -600 -252 6 1 -252 0 0 
8850 298 -245 -600 -245 6 1 -245 0 0 
8855 296 -240 -598 -240 6 1 -240 0 0 
8860 292 -233 -600 -233 6 1 -233 0 0 
8865 289 -225 -598 -225 6 1 -225 0 0 
8870 287 -222 -600 -222 6 1 -222 0 0 
8875 283 -218 -600 -218 6 1 -218 0 0 
8880 280 -210 -600 -210 6 1 -210 0 0 
8885 278 -207 -600 -207 6 1 -207 0 0 
8890 274 -203 -600 -203 6 1 -203 0 0 
8895 271 -200 -600 -200 6 1 -200 0 0 
8900 269 -192 -593 -192 6 1 -192 0 0 
8905 265 -188 -580 -188 6 1 -188 0 0 
8910 262 -185 -573 -185 6 1 -185 0 0 
8915 260 -180 -565 -180 6 1 -180 0 0 
8920 256 -177 -555 -177 6 1 -177 0 0 
8925 254 -173 -545 -173 6 1 -173 0 0 
8930 251 -170 -535 -170 6 1 -170 0 0 
8935 249 -165 -528 -165 6 1 -165 0 0 
8940 245 -165 -520 -165 6 1 -165 0 0 
8945 243 -162 -508 -162 6 1 -162 0 0 
8950 240 -155 -500 -155 6 1 -155 0 0 
8955 238 -150 -495 -150 6 1 -150 0 0 
8960 236 -143 -480 -143 6 1 -143 0 0 
8965 234 -135 -475 -135 6 1 -135 0 0 
8970 233 -128 -470 -128 6 1 -128 0 0 
8975 229 -120 -458 -120 6 1 -120 0 0 
8980 227 -113 -448 -113 6 1 -113 0 0 
8985 225 -102 -430 -102 6 1 -102 0 0 
8990 222 -90 -430 -90 6 1 -90 0 0 
8995 220 -83 -423 -83 6 1 -83 0 0 
9000 218 -75 -410 -75 6 1 -75 0 0 
9005 216 -65 -403 -65 6 1 -65 0 0 
9010 214 -53 -395 -53 6 1 -53 0 0 
9015 213 -42 -385 -42 6 1 -42 0 0 
9020 211 -27 -375 -27 6 1 -27 0 0 
9025 209 -15 -365 -15 6 1 -15 0 0 
9030 207 0 -353 0 6 1 0 0 0 
9035 205 12 -340 12 6 1 12 0 0 
9040 204 27 -325 27 6 1 27 0 0 
9045 202 42 -310 42 6 1 42 0 0 
9050 202 57 -290 57 6 1 57 0 0 
9055 200 72 -265 72 6 1 72 0 0 
9060 198 87 -235 87 6 1 87 0 0 
9065 196 105 -205 105 6 1 105 0 0 
9070 196 120 -170 120 6 1 120 0 0 
9075 194 135 -133 135 6 1 135 0 0 
9080 194 158 -78 158 6 1 158 0 0 
9085 194 177 -35 177 6 1 177 0 0 
9090 194 192 0 192 6 1 192 0 0 
9095 194 210 15 210 6 1 210 0 0 
9100 194 225 75 225 6 1 225 0 0 
9105 194 233 140 233 6 1 233 0 0 
9110 196 245 205 245 6 1 245 0 0 
9115 196 255 270 255 6 1 255 0 0 
9120 198 275 353 275 6 1 275 0 0 
9125 200 285 423 285 6 1 285 0 0 
9130 202 293 495 293 6 1 293 0 0 
9135 205 297 568 297 6 1 297 0 0 
9140 209 297 598 297 6 1 297 0 0 
9145 211 293 603 293 7 1 293 0 0 
9150 213 290 603 290 7 1 290 0 0 
9155 216 293 603 293 7 1 293 0 0 
9160 222 305 600 305 7 1 305 0 0 
9165 223 327 600 327 7 1 327 0 0 
9170 225 357 603 357 7 1 357 0 0 
9175 229 390 600 390 7 1 390 0 0 
9180 233 432 600 432 7 1 432 0 0 
9185 236 473 603 473 7 1 473 0 0 
9190 238 507 603 507 7 1 507 0 0 
9195 242 537 603 537 7 1 537 0 0 
9200 245 567 603 567 7 1 567 0 0 
9205 249 590 600 590 7 1 590 0 0 
9210 251 608 600 608 7 1 608 0 0 
9215 254 615 603 615 7 1 615 0 0 
9220 258 623 600 623 7 1 623 0 0 
9225 260 620 603 620 7 1 620 0 0 
9230 263 615 600 615 7 1 615 0 0 
9235 265 608 600 608 7 1 608 0 0 
9240 269 605 603 605 7 1 605 0 0 
9245 272 597 600 597 7 1 597 0 0 
9250 276 597 603 597 7 1 597 0 0 
9255 278 600 600 600 7 1 600 0 0 
9260 283 600 600 600 7 1 600 0 0 
9265 285 605 600 605 7 1 605 0 0 
9270 287 612 600 612 7 1 612 0 0 
9275 291 620 600 620 7 1 620 0 0 
9280 294 635 600 635 7 1 635 0 0 
9285 298 645 600 645 7 1 645 0 0 
9290 300 657 600 657 7 1 657 0 0 
9295 303 668 600 668 7 1 668 0 0 
9300 308 680 600 680 7 1 680 0 0 
9305 312 690 600 690 7 1 690 0 0 
9310 313 698 600 698 7 1 698 0 0 
9315 317 702 600 702 7 1 702 0 0 
9320 321 710 600 710 7 1 710 0 0 
9325 322 713 600 713 7 1 713 0 0 
9330 326 713 600 713 7 1 713 0 0 
9335 330 713 600 713 7 1 713 0 0 
9340 333 713 600 713 7 1 713 0 0 
9345 335 710 603 710 7 1 710 0 0 
9350 339 710 600 710 7 1 710 0 0 
9355 341 710 600 710 7 1 710 0 0 
9360 344 710 603 710 7 1 710 0 0 
9365 348 710 600 710 7 1 710 0 0 
9370 351 713 600 713 7 1 713 0 0 
9375 353 717 603 717 7 1 717 0 0 
9380 357 720 603 720 7 1 720 0 0 
9385 361 728 600 728 7 1 728 0 0 
9390 362 732 600 732 7 1 732 0 0 
9395 366 735 600 735 7 1 735 0 0 
9400 370 740 603 740 7 1 740 0 0 
9405 373 743 600 743 7 1 743 0 0 
9410 375 743 600 743 7 1 743 0 0 
9415 379 747 603 747 7 1 747 0 0 
9420 382 747 600 747 7 1 747 0 0 
9425 384 747 603 747 7 1 747 0 0 
9430 388 743 600 743 7 1 743 0 0 
9435 390 743 603 743 7 1 743 0 0 
9440 393 743 600 743 7 1 743 0 0 
9445 397 740 600 740 7 1 740 0 0 
9450 399 740 600 740 7 1 740 0 0 
9455 402 740 603 740 7 1 740 0 0 
9460 406 740 600 740 7 1 740 0 0 
9465 409 743 603 743 7 1 743 0 0 
9470 411 743 603 743 7 1 743 0 0 
9475 415 747 600 747 7 1 747 0 0 
9480 419 750 603 750 7 1 750 0 0 
9485 420 750 603 750 7 1 750 0 0 
9490 424 750 600 750 7 1 750 0 0 
9495 428 750 600 750 7 1 750 0 0 
9500 431 750 600 750 7 1 750 0 0 
9505 433 747 600 747 7 1 747 0 0 
9510 437 747 600 747 7 1 747 0 0 
9515 439 747 603 747 7 1 747 0 0 
9520 442 747 603 747 7 1 747 0 0 
9525 446 747 600 747 7 1 747 0 0 
9530 449 743 603 743 7 1 743 0 0 
9535 451 743 600 743 7 1 743 0 0 
9540 455 743 603 743 7 1 743 0 0 
9545 458 740 600 740 7 1 740 0 0 
9550 460 740 600 740 7 1 740 0 0 
9555 464 740 600 740 7 1 740 0 0 
9560 468 740 603 740 7 1 740 0 0 
9565 471 740 600 740 7 1 740 0 0 
9570 473 735 600 735 7 1 735 0 0 
9575 475 735 600 735 7 1 735 0 0 
9580 478 735 600 735 7 1 735 0 0 
9585 482 735 600 735 7 1 735 0 0 
9590 486 735 600 735 7 1 735 0 0 
9595 487 732 600 732 7 1 732 0 0 
9600 491 732 600 732 7 1 732 0 0 
9605 495 732 600 732 7 1 732 0 0 
9610 497 728 600 728 7 1 728 0 0 
9615 500 728 603 728 7 1 728 0 0 
9620 504 725 603 725 7 1 725 0 0 
9625 506 725 600 725 7 1 725 0 0 
9630 509 720 603 720 7 1 720 0 0 
9635 513 720 600 720 7 1 720 0 0 
9640 515 717 600 717 7 1 717 0 0 
9645 518 717 603 717 7 1 717 0 0 
9650 522 713 603 713 7 1 713 0 0 
9655 526 713 603 713 7 1 713 0 0 
9660 527 710 603 710 7 1 710 0 0 
9665 532 705 600 705 7 1 705 0 0 
9670 534 705 603 705 7 1 705 0 0 
9675 537 702 603 702 7 1 702 0 0 
9680 541 702 600 702 7 1 702 0 0 
9685 545 698 603 698 7 1 698 0 0 
9690 547 695 603 695 7 1 695 0 0 
9695 550 690 600 690 7 1 690 0 0 
9700 552 690 603 690 7 1 690 0 0 
9705 556 687 600 687 7 1 687 0 0 
9710 561 683 600 683 7 1 683 0 0 
9715 563 683 600 683 7 1 683 0 0 
9720 565 680 603 680 7 1 680 0 0 
9725 570 680 600 680 7 1 680 0 0 
9730 572 680 600 680 7 1 680 0 0 
9735 574 675 600 675 7 1 675 0 0 
9740 577 675 600 675 7 1 675 0 0 
9745 581 672 600 672 7 1 672 0 0 
9750 585 668 600 668 7 1 668 0 0 
9755 586 668 600 668 7 1 668 0 0 
9760 590 665 600 665 7 1 665 0 0 
9765 592 660 600 660 7 1 660 0 0 
9770 595 657 600 657 7 1 657 0 0 
9775 599 653 600 653 7 1 653 0 0 
9780 601 653 600 653 7 1 653 0 0 
9785 605 650 600 650 7 1 650 0 0 
9790 608 650 600 650 7 1 650 0 0 
9795 612 650 600 650 7 1 650 0 0 
9800 614 650 600 650 7 1 650 0 0 
9805 617 645 603 645 7 1 645 0 0 
9810 621 645 600 645 7 1 645 0 0 
9815 623 645 600 645 7 1 645 0 0 
9820 626 642 603 642 7 1 642 0 0 
9825 630 638 600 638 7 1 638 0 0 
9830 634 638 600 638 7 1 638 0 0 
9835 635 635 603 635 7 1 635 0 0 
9840 639 635 600 635 7 1 635 0 0 
9845 643 630 600 630 7 1 630 0 0 
9850 644 627 603 627 7 1 627 0 0 
9855 648 627 600 627 7 1 627 0 0 
9860 650 627 603 627 7 1 627 0 0 
9865 654 623 603 623 7 1 623 0 0 
9870 657 623 600 623 7 1 623 0 0 
9875 661 623 600 623 7 1 623 0 0 
9880 663 623 600 623 7 1 623 0 0 
9885 666 620 603 620 7 1 620 0 0 
9890 670 615 600 615 7 1 615 0 0 
9895 672 612 600 612 7 1 612 0 0 
9900 675 608 603 608 7 1 608 0 0 
9905 679 605 600 605 7 1 605 0 0 
9910 683 605 600 605 7 1 605 0 0 
9915 684 600 603 600 7 1 600 0 0 
9920 686 597 600 597 7 1 597 0 0 
9925 690 597 600 597 7 1 597 0 0 
9930 693 597 600 597 7 1 597 0 0 
9935 697 593 600 593 7 1 593 0 0 
9940 699 593 603 593 7 1 593 0 0 
9945 704 590 600 590 7 1 590 0 0 
9950 706 590 600 590 7 1 590 0 0 
9955 708 585 603 585 7 1 585 0 0 
9960 712 582 600 582 7 1 582 0 0 
9965 713 575 600 575 7 1 575 0 0 
9970 717 570 600 570 7 1 570 0 0 
9975 721 567 600 567 7 1 567 0 0 
9980 724 567 600 567 7 1 567 0 0 
9985 726 563 600 563 7 1 563 0 0 
9990 730 560 600 560 7 1 560 0 0 
9995 733 555 600 555 7 1 555 0 0 
10000 735 552 603 552 7 1 552 0 0 
10005 739 548 600 548 7 1 548 0 0 
10010 741 548 600 548 7 1 548 0 0 
10015 744 545 600 545 7 1 545 0 0 
10020 748 540 600 540 7 1 540 0 0 
10025 750 537 603 537 7 1 537 0 0 
10030 756 530 603 530 7 1 530 0 0 
10035 758 522 600 522 7 1 522 0 0 
10040 760 518 600 518 7 1 518 0 0 
10045 765 510 600 510 7 1 510 0 0 
10050 767 507 600 507 7 1 507 0 0 
10055 771 503 603 503 7 1 503 0 0 
10060 772 495 603 495 7 1 495 0 0 
10065 776 492 600 492 7 1 492 0 0 
10070 780 488 600 488 7 1 488 0 0 
10075 781 488 598 488 7 1 488 0 0 
10080 785 480 585 480 7 1 480 0 0 
10085 789 473 568 473 7 1 473 0 0 
10090 791 470 563 470 7 1 470 0 0 
10095 794 465 555 465 7 1 465 0 0 
10100 796 462 548 462 7 1 462 0 0 
10105 800 458 535 458 7 1 458 0 0 
10110 803 458 525 458 7 1 458 0 0 
10115 805 458 523 458 7 1 458 0 0 
10120 807 458 503 458 7 1 458 0 0 
10125 810 455 498 455 7 1 455 0 0 
10130 812 450 493 450 7 1 450 0 0 
10135 814 447 485 447 7 1 447 0 0 
10140 818 443 473 443 7 1 443 0 0 
10145 820 435 460 435 7 1 435 0 0 
10150 823 428 455 428 7 1 428 0 0 
10155 825 417 445 417 7 1 417 0 0 
10160 825 410 433 410 7 1 410 0 0 
10165 829 402 428 402 7 1 402 0 0 
10170 830 395 415 395 7 1 395 0 0 
10175 832 390 408 390 7 1 390 0 0 
10180 834 390 398 390 7 1 390 0 0 
10185 838 387 385 387 7 1 387 0 0 
10190 839 383 378 383 7 1 383 0 0 
10195 839 380 375 380 7 1 380 0 0 
10200 843 375 363 375 7 1 375 0 0 
10205 845 368 355 368 7 1 368 0 0 
10210 847 360 343 360 7 1 360 0 0 
10215 849 353 333 353 7 1 353 0 0 
10220 849 345 323 345 7 1 345 0 0 
10225 850 335 318 335 7 1 335 0 0 
10230 854 327 313 327 7 1 327 0 0 
10235 854 315 303 315 7 1 315 0 0 
10240 856 312 293 312 7 1 312 0 0 
10245 858 305 280 305 7 1 305 0 0 
10250 858 297 270 297 7 1 297 0 0 
10255 859 293 265 293 7 1 293 0 0 
10260 861 290 258 290 7 1 290 0 0 
10265 863 285 245 285 7 1 285 0 0 
10270 865 282 235 282 7 1 282 0 0 
10275 865 282 225 282 7 1 282 0 0 
10280 867 278 213 278 7 1 278 0 0 
10285 867 275 198 275 7 1 275 0 0 
10290 869 270 195 270 7 1 270 0 0 
10295 869 263 183 263 7 1 263 0 0 
10300 870 255 173 255 7 1 255 0 0 
10305 872 252 170 252 7 1 252 0 0 
10310 872 245 168 245 7 1 245 0 0 
10315 872 237 158 237 7 1 237 0 0 
10320 874 230 148 230 7 1 230 0 0 
10325 874 218 133 218 7 1 218 0 0 
10330 874 207 133 207 7 1 207 0 0 
10335 876 192 130 192 7 1 192 0 0 
10340 876 177 120 177 7 1 177 0 0 
10345 876 162 120 162 7 1 162 0 0 
10350 876 147 118 147 7 1 147 0 0 
10355 878 132 108 132 7 1 132 0 0 
10360 878 113 108 113 7 1 113 0 0 
10365 879 90 105 90 7 1 90 0 0 
10370 879 80 93 80 7 1 80 0 0 
10375 879 57 88 57 7 1 57 0 0 
10380 879 42 78 42 7 1 42 0 0 
10385 879 20 68 20 7 1 20 0 0 
10390 881 0 55 0 7 1 0 0 0 
10395 881 -23 38 -23 7 1 -23 0 0 
10400 881 -42 18 -42 7 1 -42 0 0 
10405 881 -65 0 -65 7 1 -65 0 0 
10410 881 -80 -5 -80 7 1 -80 0 0 
10415 881 -95 -30 -95 7 1 -95 0 0 
10420 881 -110 -65 -110 7 1 -110 0 0 
10425 879 -125 -105 -125 7 1 -125 0 0 
10430 879 -140 -143 -140 7 1 -140 0 0 
10435 879 -150 -180 -150 7 1 -150 0 0 
10440 878 -162 -220 -162 7 1 -162 0 0 
10445 878 -173 -273 -173 7 1 -173 0 0 
10450 876 -177 -315 -177 7 1 -177 0 0 
10455 874 -185 -365 -185 7 1 -185 0 0 
10460 874 -188 -415 -188 7 1 -188 0 0 
10465 870 -195 -468 -195 7 1 -195 0 0 
10470 869 -200 -508 -200 7 1 -200 0 0 
10475 865 -207 -538 -207 8 1 -207 0 0 
10480 863 -215 -560 -215 8 1 -215 0 0 
10485 859 -222 -575 -222 8 1 -222 0 0 
10490 858 -230 -580 -230 8 1 -230 0 0 
10495 854 -240 -590 -240 8 1 -240 0 0 
10500 850 -248 -593 -248 8 1 -248 0 0 
10505 847 -270 -598 -270 8 1 -270 0 0 
10510 845 -293 -600 -293 8 1 -293 0 0 
10515 841 -320 -600 -320 8 1 -320 0 0 
10520 839 -342 -600 -342 8 1 -342 0 0 
10525 834 -375 -600 -375 8 1 -375 0 0 
10530 832 -402 -600 -402 8 1 -402 0 0 
10535 829 -425 -600 -425 8 1 -425 0 0 
10540 827 -447 -600 -447 8 1 -447 0 0 
10545 823 -470 -600 -470 8 1 -470 0 0 
10550 820 -480 -600 -480 8 1 -480 0 0 
10555 818 -495 -600 -495 8 1 -495 0 0 
10560 816 -503 -598 -503 8 1 -503 0 0 
10565 810 -507 -598 -507 8 1 -507 0 0 
10570 809 -507 -600 -507 8 1 -507 0 0 
10575 805 -507 -600 -507 8 1 -507 0 0 
10580 801 -507 -600 -507 8 1 -507 0 0 
10585 800 -510 -600 -510 8 1 -510 0 0 
10590 796 -515 -600 -515 8 1 -515 0 0 
10595 794 -522 -600 -522 8 1 -522 0 0 
10600 791 -530 -600 -530 8 1 -530 0 0 
10605 787 -540 -598 -540 8 1 -540 0 0 
10610 783 -555 -600 -555 8 1 -555 0 0 
10615 781 -567 -598 -567 8 1 -567 0 0 
10620 778 -578 -600 -578 8 1 -578 0 0 
10625 774 -593 -600 -593 8 1 -593 0 0 
10630 772 -605 -598 -605 8 1 -605 0 0 
10635 769 -615 -600 -615 8 1 -615 0 0 
10640 767 -627 -598 -627 8 1 -627 0 0 
10645 762 -635 -598 -635 8 1 -635 0 0 
10650 760 -642 -598 -642 8 1 -642 0 0 
10655 756 -645 -600 -645 8 1 -645 0 0 
10660 754 -650 -600 -650 8 1 -650 0 0 
10665 750 -653 -600 -653 8 1 -653 0 0 
10670 746 -657 -600 -657 8 1 -657 0 0 
10675 744 -660 -598 -660 8 1 -660 0 0 
10680 741 -668 -598 -668 8 1 -668 0 0 
10685 737 -672 -600 -672 8 1 -672 0 0 
10690 733 -675 -600 -675 8 1 -675 0 0 
10695 731 -680 -598 -680 8 1 -680 0 0 
10700 728 -683 -598 -683 8 1 -683 0 0 
10705 726 -687 -600 -687 8 1 -687 0 0 
10710 722 -690 -600 -690 8 1 -690 0 0 
10715 719 -690 -598 -690 8 1 -690 0 0 
10720 715 -695 -598 -695 8 1 -695 0 0 
10725 713 -695 -600 -695 8 1 -695 0 0 
10730 710 -695 -600 -695 8 1 -695 0 0 
10735 708 -698 -600 -698 8 1 -698 0 0 
10740 704 -698 -600 -698 8 1 -698 0 0 
10745 701 -698 -600 -698 8 1 -698 0 0 
10750 699 -698 -600 -698 8 1 -698 0 0 
10755 695 -698 -600 -698 8 1 -698 0 0 
10760 693 -698 -600 -698 8 1 -698 0 0 
10765 690 -698 -600 -698 8 1 -698 0 0 
10770 686 -702 -598 -702 8 1 -702 0 0 
10775 684 -702 -600 -702 8 1 -702 0 0 
10780 681 -702 -600 -702 8 1 -702 0 0 
10785 677 -702 -600 -702 8 1 -702 0 0 
10790 675 -702 -598 -702 8 1 -702 0 0 
10795 672 -705 -600 -705 8 1 -705 0 0 
10800 668 -705 -600 -705 8 1 -705 0 0 
10805 666 -705 -600 -705 8 1 -705 0 0 
10810 663 -705 -598 -705 8 1 -705 0 0 
10815 659 -705 -600 -705 8 1 -705 0 0 
10820 657 -705 -600 -705 8 1 -705 0 0 
10825 654 -705 -600 -705 8 1 -705 0 0 
10830 652 -705 -598 -705 8 1 -705 0 0 
10835 648 -710 -600 -710 8 1 -710 0 0 
10840 644 -710 -600 -710 8 1 -710 0 0 
10845 641 -713 -600 -713 8 1 -713 0 0 
10850 639 -713 -600 -713 8 1 -713 0 0 
10855 635 -717 -598 -717 8 1 -717 0 0 
10860 634 -717 -600 -717 8 1 -717 0 0 
10865 628 -720 -598 -720 8 1 -720 0 0 
10870 626 -720 -600 -720 8 1 -720 0 0 
10875 623 -720 -598 -720 8 1 -720 0 0 
10880 621 -717 -600 -717 8 1 -717 0 0 
10885 617 -713 -598 -713 8 1 -713 0 0 
10890 614 -713 -600 -713 8 1 -713 0 0 
10895 612 -710 -600 -710 8 1 -710 0 0 
10900 608 -705 -600 -705 8 1 -705 0 0 
10905 605 -705 -600 -705 8 1 -705 0 0 
10910 601 -705 -598 -705 8 1 -705 0 0 
10915 599 -702 -600 -702 8 1 -702 0 0 
10920 595 -702 -598 -702 8 1 -702 0 0 
10925 592 -702 -600 -702 8 1 -702 0 0 
10930 590 -702 -600 -702 8 1 -702 0 0 
10935 586 -702 -598 -702 8 1 -702 0 0 
10940 585 -702 -598 -702 8 1 -702 0 0 
10945 581 -698 -598 -698 8 1 -698 0 0 
10950 579 -695 -600 -695 8 1 -695 0 0 
10955 576 -690 -600 -690 8 1 -690 0 0 
10960 572 -687 -598 -687 8 1 -687 0 0 
10965 568 -680 -600 -680 8 1 -680 0 0 
10970 566 -680 -600 -680 8 1 -680 0 0 
10975 563 -675 -600 -675 8 1 -675 0 0 
10980 561 -672 -600 -672 8 1 -672 0 0 
10985 557 -672 -600 -672 8 1 -672 0 0 
10990 554 -672 -598 -672 8 1 -672 0 0 
10995 552 -672 -600 -672 8 1 -672 0 0 
11000 548 -668 -598 -668 8 1 -668 0 0 
11005 545 -668 -600 -668 8 1 -668 0 0 
11010 543 -665 -600 -665 8 1 -665 0 0 
11015 539 -660 -598 -660 8 1 -660 0 0 
11020 536 -657 -600 -657 8 1 -657 0 0 
11025 534 -650 -598 -650 8 1 -650 0 0 
11030 530 -642 -598 -642 8 1 -642 0 0 
11035 527 -638 -600 -638 8 1 -638 0 0 
11040 524 -630 -598 -630 8 1 -630 0 0 
11045 520 -627 -600 -627 8 1 -627 0 0 
11050 516 -620 -600 -620 8 1 -620 0 0 
11055 515 -612 -600 -612 8 1 -612 0 0 
11060 511 -608 -600 -608 8 1 -608 0 0 
11065 507 -605 -600 -605 8 1 -605 0 0 
11070 506 -600 -600 -600 8 1 -600 0 0 
11075 502 -597 -600 -597 8 1 -597 0 0 
11080 500 -593 -598 -593 8 1 -593 0 0 
11085 497 -585 -600 -585 8 1 -585 0 0 
11090 493 -582 -600 -582 8 1 -582 0 0 
11095 489 -575 -600 -575 8 1 -575 0 0 
11100 487 -567 -600 -567 8 1 -567 0 0 
11105 484 -563 -600 -563 8 1 -563 0 0 
11110 480 -555 -598 -555 8 1 -555 0 0 
11115 478 -548 -598 -548 8 1 -548 0 0 
11120 475 -540 -600 -540 8 1 -540 0 0 
11125 473 -533 -600 -533 8 1 -533 0 0 
11130 469 -525 -598 -525 8 1 -525 0 0 
11135 466 -522 -600 -522 8 1 -522 0 0 
11140 464 -515 -600 -515 8 1 -515 0 0 
11145 460 -510 -598 -510 8 1 -510 0 0 
11150 458 -507 -600 -507 8 1 -507 0 0 
11155 455 -500 -600 -500 8 1 -500 0 0 
11160 451 -495 -598 -495 8 1 -495 0 0 
11165 449 -488 -600 -488 8 1 -488 0 0 
11170 446 -488 -600 -488 8 1 -488 0 0 
11175 442 -480 -598 -480 8 1 -480 0 0 
11180 440 -473 -600 -473 8 1 -473 0 0 
11185 437 -470 -600 -470 8 1 -470 0 0 
11190 433 -462 -600 -462 8 1 -462 0 0 
11195 431 -455 -600 -455 8 1 -455 0 0 
11200 428 -450 -600 -450 8 1 -450 0 0 
11205 424 -443 -600 -443 8 1 -443 0 0 
11210 420 -435 -600 -435 8 1 -435 0 0 
11215 419 -432 -600 -432 8 1 -432 0 0 
11220 417 -428 -600 -428 8 1 -428 0 0 
11225 411 -425 -600 -425 8 1 -425 0 0 
11230 409 -420 -600 -420 8 1 -420 0 0 
11235 408 -420 -600 -420 8 1 -420 0 0 
11240 404 -420 -600 -420 8 1 -420 0 0 
11245 400 -417 -600 -417 8 1 -417 0 0 
11250 399 -413 -600 -413 8 1 -413 0 0 
11255 395 -413 -598 -413 8 1 -413 0 0 
11260 391 -410 -600 -410 8 1 -410 0 0 
11265 390 -402 -598 -402 8 1 -402 0 0 
11270 386 -398 -598 -398 8 1 -398 0 0 
11275 382 -395 -598 -395 8 1 -395 0 0 
11280 380 -387 -600 -387 8 1 -387 0 0 
11285 377 -380 -600 -380 8 1 -380 0 0 
11290 373 -375 -600 -375 8 1 -375 0 0 
11295 371 -368 -600 -368 8 1 -368 0 0 
11300 368 -365 -598 -365 8 1 -365 0 0 
11305 366 -357 -600 -357 8 1 -357 0 0 
11310 362 -353 -600 -353 8 1 -353 0 0 
11315 359 -350 -600 -350 8 1 -350 0 0 
11320 357 -342 -600 -342 8 1 -342 0 0 
11325 353 -338 -600 -338 8 1 -338 0 0 
11330 350 -335 -598 -335 8 1 -335 0 0 
11335 348 -327 -600 -327 8 1 -327 0 0 
11340 344 -323 -600 -323 8 1 -323 0 0 
11345 342 -320 -600 -320 8 1 -320 0 0 
11350 339 -315 -598 -315 8 1 -315 0 0 
11355 335 -315 -600 -315 8 1 -315 0 0 
11360 333 -308 -600 -308 8 1 -308 0 0 
11365 330 -305 -600 -305 8 1 -305 0 0 
11370 326 -300 -600 -300 8 1 -300 0 0 
11375 324 -293 -600 -293 8 1 -293 0 0 
11380 321 -290 -600 -290 8 1 -290 0 0 
11385 319 -282 -600 -282 8 1 -282 0 0 
11390 313 -275 -600 -275 8 1 -275 0 0 
11395 312 -267 -600 -267 8 1 -267 0 0 
11400 308 -260 -598 -260 8 1 -260 0 0 
11405 306 -255 -600 -255 8 1 -255 0 0 
11410 301 -245 -600 -245 8 1 -245 0 0 
11415 300 -240 -598 -240 8 1 -240 0 0 
11420 296 -233 -600 -233 8 1 -233 0 0 
11425 292 -225 -598 -225 8 1 -225 0 0 
11430 289 -218 -600 -218 8 1 -218 0 0 
11435 287 -210 -600 -210 8 1 -210 0 0 
11440 283 -207 -600 -207 8 1 -207 0 0 
11445 282 -200 -600 -200 8 1 -200 0 0 
11450 278 -192 -600 -192 8 1 -192 0 0 
11455 274 -188 -598 -188 8 1 -188 0 0 
11460 271 -185 -600 -185 8 1 -185 0 0 
11465 269 -180 -593 -180 8 1 -180 0 0 
11470 265 -173 -578 -173 8 1 -173 0 0 
11475 262 -170 -568 -170 8 1 -170 0 0 
11480 260 -165 -563 -165 8 1 -165 0 0 
11485 256 -162 -555 -162 8 1 -162 0 0 
11490 254 -158 -540 -158 8 1 -158 0 0 
11495 253 -158 -538 -158 8 1 -158 0 0 
11500 251 -155 -528 -155 8 1 -155 0 0 
11505 247 -150 -520 -150 8 1 -150 0 0 
11510 243 -143 -508 -143 8 1 -143 0 0 
11515 242 -135 -503 -135 8 1 -135 0 0 
11520 240 -125 -493 -125 8 1 -125 0 0 
11525 238 -117 -485 -117 8 1 -117 0 0 
11530 234 -98 -473 -98 8 1 -98 0 0 
11535 233 -87 -468 -87 8 1 -87 0 0 
11540 231 -75 -458 -75 8 1 -75 0 0 
11545 229 -53 -448 -53 8 1 -53 0 0 
11550 225 -30 -438 -30 8 1 -30 0 0 
11555 223 -5 -428 -5 8 1 -5 0 0 
11560 222 12 -415 12 8 1 12 0 0 
11565 220 30 -403 30 8 1 30 0 0 
11570 218 50 -383 50 8 1 50 0 0 
11575 216 65 -370 65 8 1 65 0 0 
11580 214 75 -353 75 8 1 75 0 0 
11585 213 80 -330 80 8 1 80 0 0 
11590 211 90 -305 90 8 1 90 0 0 
11595 209 98 -288 98 8 1 98 0 0 
11600 207 102 -263 102 8 1 102 0 0 
11605 207 110 -238 110 8 1 110 0 0 
11610 205 113 -205 113 8 1 113 0 0 
11615 205 120 -170 120 8 1 120 0 0 
11620 204 128 -140 128 8 1 128 0 0 
11625 204 135 -100 135 8 1 135 0 0 
11630 204 143 -50 143 8 1 143 0 0 
11635 204 155 -3 155 8 1 155 0 0 
11640 202 170 5 170 8 1 170 0 0 
11645 204 180 40 180 8 1 180 0 0 
11650 204 200 115 200 8 1 200 0 0 
11655 204 218 180 218 8 1 218 0 0 
11660 204 237 250 237 8 1 237 0 0 
11665 205 255 325 255 8 1 255 0 0 
11670 207 282 410 282 8 1 282 0 0 
11675 209 297 493 297 8 1 297 0 0 
11680 213 308 568 308 8 1 308 0 0 
11685 214 312 593 312 8 1 312 0 0 
11690 218 315 600 315 9 1 315 0 0 
11695 220 315 600 315 9 1 315 0 0 
11700 225 315 600 315 9 1 315 0 0 
11705 227 323 600 323 9 1 323 0 0 
11710 231 345 600 345 9 1 345 0 0 
11715 234 375 603 375 9 1 375 0 0 
11720 236 410 600 410 9 1 410 0 0 
11725 240 455 603 455 9 1 455 0 0 
11730 243 507 600 507 9 1 507 0 0 
11735 247 545 600 545 9 1 545 0 0 
11740 249 585 600 585 9 1 585 0 0 
11745 253 615 603 615 9 1 615 0 0 
11750 256 645 600 645 9 1 645 0 0 
11755 260 665 600 665 9 1 665 0 0 
11760 262 672 600 672 9 1 672 0 0 
11765 263 675 600 675 9 1 675 0 0 
11770 267 675 603 675 9 1 675 0 0 
11775 271 675 600 675 9 1 675 0 0 
11780 274 672 603 672 9 1 672 0 0 
11785 276 672 600 672 9 1 672 0 0 
11790 280 672 603 672 9 1 672 0 0 
11795 283 675 600 675 9 1 675 0 0 
11800 287 680 603 680 9 1 680 0 0 
11805 289 683 600 683 9 1 683 0 0 
11810 292 690 600 690 9 1 690 0 0 
11815 296 698 600 698 9 1 698 0 0 
11820 298 705 603 705 9 1 705 0 0 
11825 301 717 600 717 9 1 717 0 0 
11830 306 728 600 728 9 1 728 0 0 
11835 310 743 600 743 9 1 743 0 0 
11840 313 755 600 755 9 1 755 0 0 
11845 315 765 603 765 9 1 765 0 0 
11850 319 777 603 777 9 1 777 0 0 
11855 321 785 600 785 9 1 785 0 0 
11860 324 792 600 792 9 1 792 0 0 
11865 328 795 600 795 9 1 795 0 0 
11870 331 800 600 800 9 1 800 0 0 
11875 333 800 603 800 9 1 800 0 0 
11880 337 803 600 803 9 1 803 0 0 
11885 339 803 600 803 9 1 803 0 0 
11890 342 803 603 803 9 1 803 0 0 
11895 346 803 603 803 9 1 803 0 0 
11900 350 803 600 803 9 1 803 0 0 
11905 353 803 600 803 9 1 803 0 0 
11910 355 807 600 807 9 1 807 0 0 
11915 359 807 603 807 9 1 807 0 0 
11920 361 810 600 810 9 1 810 0 0 
11925 364 815 603 815 9 1 815 0 0 
11930 368 818 600 818 9 1 818 0 0 
11935 370 822 600 822 9 1 822 0 0 
11940 373 825 603 825 9 1 825 0 0 
11945 377 830 603 830 9 1 830 0 0 
11950 379 830 600 830 9 1 830 0 0 
11955 382 833 600 833 9 1 833 0 0 
11960 386 833 600 833 9 1 833 0 0 
11965 388 830 600 830 9 1 830 0 0 
11970 391 830 603 830 9 1 830 0 0 
11975 395 825 600 825 9 1 825 0 0 
11980 397 825 600 825 9 1 825 0 0 
11985 400 822 600 822 9 1 822 0 0 
11990 404 822 600 822 9 1 822 0 0 
11995 408 822 600 822 9 1 822 0 0 
12000 409 818 600 818 9 1 818 0 0 
12005 413 818 603 818 9 1 818 0 0 
12010 417 818 600 818 9 1 818 0 0 
12015 420 818 600 818 9 1 818 0 0 
12020 422 815 600 815 9 1 815 0 0 
12025 426 815 600 815 9 1 815 0 0 
12030 429 815 600 815 9 1 815 0 0 
12035 431 810 603 810 9 1 810 0 0 
12040 435 807 600 807 9 1 807 0 0 
12045 439 807 600 807 9 1 807 0 0 
12050 440 803 600 803 9 1 803 0 0 
12055 444 803 600 803 9 1 803 0 0 
12060 446 803 600 803 9 1 803 0 0 
12065 449 803 600 803 9 1 803 0 0 
12070 453 803 600 803 9 1 803 0 0 
12075 457 800 603 800 9 1 800 0 0 
12080 460 800 603 800 9 1 800 0 0 
12085 462 800 603 800 9 1 800 0 0 
12090 466 792 603 792 9 1 792 0 0 
12095 469 792 600 792 9 1 792 0 0 
12100 471 788 603 788 9 1 788 0 0 
12105 475 785 600 785 9 1 785 0 0 
12110 478 780 603 780 9 1 780 0 0 
12115 480 780 600 780 9 1 780 0 0 
12120 484 777 600 777 9 1 777 0 0 
12125 487 777 600 777 9 1 777 0 0 
12130 489 773 600 773 9 1 773 0 0 
12135 493 773 600 773 9 1 773 0 0 
12140 497 773 600 773 9 1 773 0 0 
12145 498 770 600 770 9 1 770 0 0 
12150 502 765 603 765 9 1 765 0 0 
12155 506 765 600 765 9 1 765 0 0 
12160 509 762 600 762 9 1 762 0 0 
12165 509 758 603 758 9 1 758 0 0 
12170 515 755 603 755 9 1 755 0 0 
12175 518 755 603 755 9 1 755 0 0 
12180 520 755 600 755 9 1 755 0 0 
12185 522 750 600 750 9 1 750 0 0 
12190 526 750 600 750 9 1 750 0 0 
12195 530 750 600 750 9 1 750 0 0 
12200 534 747 600 747 9 1 747 0 0 
12205 536 743 603 743 9 1 743 0 0 
12210 539 740 600 740 9 1 740 0 0 
12215 543 735 600 735 9 1 735 0 0 
12220 545 732 600 732 9 1 732 0 0 
12225 548 728 603 728 9 1 728 0 0 
12230 552 725 603 725 9 1 725 0 0 
12235 554 720 603 720 9 1 720 0 0 
12240 557 717 600 717 9 1 717 0 0 
12245 561 713 600 713 9 1 713 0 0 
12250 565 710 600 710 9 1 710 0 0 
12255 566 710 600 710 9 1 710 0 0 
12260 570 710 600 710 9 1 710 0 0 
12265 574 705 600 705 9 1 705 0 0 
12270 576 702 600 702 9 1 702 0 0 
12275 579 702 600 702 9 1 702 0 0 
12280 581 698 600 698 9 1 698 0 0 
12285 585 698 603 698 9 1 698 0 0 
12290 588 695 603 695 9 1 695 0 0 
12295 590 690 600 690 9 1 690 0 0 
12300 594 687 600 687 9 1 687 0 0 
12305 595 683 600 683 9 1 683 0 0 
12310 601 683 600 683 9 1 683 0 0 
12315 603 680 603 680 9 1 680 0 0 
12320 606 680 600 680 9 1 680 0 0 
12325 610 675 600 675 9 1 675 0 0 
12330 612 672 600 672 9 1 672 0 0 
12335 615 668 600 668 9 1 668 0 0 
12340 619 668 600 668 9 1 668 0 0 
12345 621 668 600 668 9 1 668 0 0 
12350 624 665 600 665 9 1 665 0 0 
12355 628 660 600 660 9 1 660 0 0 
12360 630 657 600 657 9 1 657 0 0 
12365 634 653 600 653 9 1 653 0 0 
12370 637 650 600 650 9 1 650 0 0 
12375 641 650 603 650 9 1 650 0 0 
12380 643 645 600 645 9 1 645 0 0 
12385 646 642 603 642 9 1 642 0 0 
12390 650 638 600 638 9 1 638 0 0 
12395 654 638 600 638 9 1 638 0 0 
12400 655 635 600 635 9 1 635 0 0 
12405 659 630 603 630 9 1 630 0 0 
12410 663 627 600 627 9 1 627 0 0 
12415 664 623 600 623 9 1 623 0 0 
12420 666 620 600 620 9 1 620 0 0 
12425 670 620 600 620 9 1 620 0 0 
12430 673 612 600 612 9 1 612 0 0 
12435 677 608 603 608 9 1 608 0 0 
12440 679 608 600 608 9 1 608 0 0 
12445 683 605 600 605 9 1 605 0 0 
12450 686 600 600 600 9 1 600 0 0 
12455 688 597 600 597 9 1 597 0 0 
12460 692 593 600 593 9 1 593 0 0 
12465 695 590 603 590 9 1 590 0 0 
12470 699 585 600 585 9 1 585 0 0 
12475 701 582 600 582 9 1 582 0 0 
12480 704 575 600 575 9 1 575 0 0 
12485 706 570 600 570 9 1 570 0 0 
12490 710 567 600 567 9 1 567 0 0 
12495 713 563 600 563 9 1 563 0 0 
12500 715 555 600 555 9 1 555 0 0 
12505 719 552 600 552 9 1 552 0 0 
12510 721 548 603 548 9 1 548 0 0 
12515 724 545 600 545 9 1 545 0 0 
12520 728 545 603 545 9 1 545 0 0 
12525 730 540 603 540 9 1 540 0 0 
12530 733 537 600 537 9 1 537 0 0 
12535 737 533 603 533 9 1 533 0 0 
12540 739 530 600 530 9 1 530 0 0 
12545 742 522 603 522 9 1 522 0 0 
12550 746 518 603 518 9 1 518 0 0 
12555 748 515 600 515 9 1 515 0 0 
12560 752 507 600 507 9 1 507 0 0 
12565 756 500 600 500 9 1 500 0 0 
12570 760 492 600 492 9 1 492 0 0 
12575 762 488 600 488 9 1 488 0 0 
12580 765 485 603 485 9 1 485 0 0 
12585 769 480 603 480 9 1 480 0 0 
12590 772 473 600 473 9 1 473 0 0 
12595 774 470 600 470 9 1 470 0 0 
12600 778 462 600 462 9 1 462 0 0 
12605 780 458 603 458 9 1 458 0 0 
12610 783 450 588 450 9 1 450 0 0 
12615 787 443 578 443 9 1 443 0 0 
12620 789 440 568 440 9 1 440 0 0 
12625 792 432 560 432 9 1 432 0 0 
12630 794 425 550 425 9 1 425 0 0 
12635 798 420 540 420 9 1 420 0 0 
12640 800 417 528 417 9 1 417 0 0 
12645 803 413 528 413 9 1 413 0 0 
12650 807 410 515 410 9 1 410 0 0 
12655 809 405 503 405 9 1 405 0 0 
12660 810 402 495 402 9 1 402 0 0 
12665 812 390 493 390 9 1 390 0 0 
12670 816 387 473 387 9 1 387 0 0 
12675 820 375 463 375 9 1 375 0 0 
12680 821 365 458 365 9 1 365 0 0 
12685 823 350 450 350 9 1 350 0 0 
12690 825 338 445 338 9 1 338 0 0 
12695 827 327 433 327 9 1 327 0 0 
12700 829 315 423 315 9 1 315 0 0 
12705 830 305 418 305 9 1 305 0 0 
12710 834 293 403 293 9 1 293 0 0 
12715 836 285 395 285 9 1 285 0 0 
12720 838 275 385 275 9 1 275 0 0 
12725 839 267 380 267 9 1 267 0 0 
12730 841 255 375 255 9 1 255 0 0 
12735 843 248 365 248 9 1 248 0 0 
12740 845 237 353 237 9 1 237 0 0 
12745 847 230 333 230 9 1 230 0 0 
12750 849 215 328 215 9 1 215 0 0 
12755 850 203 323 203 9 1 203 0 0 
12760 850 192 318 192 9 1 192 0 0 
12765 852 177 318 177 9 1 177 0 0 
12770 854 165 305 165 9 1 165 0 0 
12775 856 150 298 150 9 1 150 0 0 
12780 858 135 280 135 9 1 135 0 0 
12785 859 120 270 120 9 1 120 0 0 
12790 861 98 263 98 9 1 98 0 0 
12795 861 83 258 83 9 1 83 0 0 
12800 863 72 245 72 9 1 72 0 0 
12805 865 57 233 57 9 1 57 0 0 
12810 865 38 223 38 9 1 38 0 0 
12815 867 27 210 27 9 1 27 0 0 
12820 867 12 198 12 9 1 12 0 0 
12825 869 -5 188 -5 9 1 -5 0 0 
12830 870 -20 170 -20 9 1 -20 0 0 
12835 870 -30 155 -30 9 1 -30 0 0 
12840 870 -45 140 -45 9 1 -45 0 0 
12845 872 -60 118 -60 9 1 -60 0 0 
12850 872 -80 88 -80 9 1 -80 0 0 
12855 872 -90 55 -90 9 1 -90 0 0 
12860 872 -105 23 -105 9 1 -105 0 0 
12865 872 -125 0 -125 9 1 -125 0 0 
12870 872 -143 -5 -143 9 1 -143 0 0 
12875 872 -165 -48 -165 9 1 -165 0 0 
12880 872 -180 -100 -180 9 1 -180 0 0 
12885 872 -200 -153 -200 9 1 -200 0 0 
12890 870 -218 -213 -218 9 1 -218 0 0 
12895 870 -240 -290 -240 9 1 -240 0 0 
12900 869 -255 -358 -255 9 1 -255 0 0 
12905 867 -270 -428 -270 9 1 -270 0 0 
12910 865 -285 -500 -285 9 1 -285 0 0 
12915 861 -297 -580 -297 9 1 -297 0 0 
12920 859 -305 -598 -305 9 1 -305 0 0 
12925 856 -312 -600 -312 10 1 -312 0 0 
12930 854 -315 -600 -315 10 1 -315 0 0 
12935 850 -323 -600 -323 10 1 -323 0 0 
12940 847 -330 -600 -330 10 1 -330 0 0 
12945 843 -350 -600 -350 10 1 -350 0 0 
12950 841 -372 -600 -372 10 1 -372 0 0 
12955 838 -410 -600 -410 10 1 -410 0 0 
12960 834 -450 -600 -450 10 1 -450 0 0 
12965 830 -488 -600 -488 10 1 -488 0 0 
12970 829 -533 -600 -533 10 1 -533 0 0 
12975 825 -578 -600 -578 10 1 -578 0 0 
12980 823 -615 -600 -615 10 1 -615 0 0 
12985 820 -642 -600 -642 10 1 -642 0 0 
12990 816 -665 -600 -665 10 1 -665 0 0 
12995 812 -675 -600 -675 10 1 -675 0 0 
13000 810 -675 -600 -675 10 1 -675 0 0 
13005 807 -668 -600 -668 10 1 -668 0 0 
13010 803 -657 -600 -657 10 1 -657 0 0 
13015 801 -642 -598 -642 10 1 -642 0 0 
13020 798 -630 -600 -630 10 1 -630 0 0 
13025 794 -627 -598 -627 10 1 -627 0 0 
13030 792 -627 -600 -627 10 1 -627 0 0 
13035 789 -638 -598 -638 10 1 -638 0 0 
13040 785 -650 -600 -650 10 1 -650 0 0 
13045 783 -668 -600 -668 10 1 -668 0 0 
13050 780 -683 -600 -683 10 1 -683 0 0 
13055 776 -702 -600 -702 10 1 -702 0 0 
13060 772 -713 -600 -713 10 1 -713 0 0 
13065 769 -720 -598 -720 10 1 -720 0 0 
13070 767 -725 -600 -725 10 1 -725 0 0 
13075 763 -725 -598 -725 10 1 -725 0 0 
13080 762 -725 -598 -725 10 1 -725 0 0 
13085 758 -725 -600 -725 10 1 -725 0 0 
13090 756 -720 -598 -720 10 1 -720 0 0 
13095 752 -717 -600 -717 10 1 -717 0 0 
13100 748 -717 -598 -717 10 1 -717 0 0 
13105 744 -717 -600 -717 10 1 -717 0 0 
13110 742 -717 -600 -717 10 1 -717 0 0 
13115 739 -720 -600 -720 10 1 -720 0 0 
13120 735 -725 -598 -725 10 1 -725 0 0 
13125 733 -728 -600 -728 10 1 -728 0 0 
13130 730 -728 -598 -728 10 1 -728 0 0 
13135 726 -732 -600 -732 10 1 -732 0 0 
13140 724 -732 -600 -732 10 1 -732 0 0 
13145 721 -732 -600 -732 10 1 -732 0 0 
13150 719 -732 -600 -732 10 1 -732 0 0 
13155 715 -728 -598 -728 10 1 -728 0 0 
13160 712 -725 -598 -725 10 1 -725 0 0 
13165 708 -725 -600 -725 10 1 -725 0 0 
13170 706 -725 -598 -725 10 1 -725 0 0 
13175 702 -725 -600 -725 10 1 -725 0 0 
13180 701 -725 -600 -725 10 1 -725 0 0 
13185 697 -725 -598 -725 10 1 -725 0 0 
13190 695 -725 -600 -725 10 1 -725 0 0 
13195 690 -725 -598 -725 10 1 -725 0 0 
13200 688 -725 -600 -725 10 1 -725 0 0 
13205 686 -725 -600 -725 10 1 -725 0 0 
13210 683 -725 -600 -725 10 1 -725 0 0 
13215 679 -725 -600 -725 10 1 -725 0 0 
13220 677 -720 -598 -720 10 1 -720 0 0 
13225 673 -720 -600 -720 10 1 -720 0 0 
13230 672 -720 -600 -720 10 1 -720 0 0 
13235 668 -717 -600 -717 10 1 -717 0 0 
13240 664 -717 -600 -717 10 1 -717 0 0 
13245 663 -717 -600 -717 10 1 -717 0 0 
13250 659 -720 -598 -720 10 1 -720 0 0 
13255 655 -720 -600 -720 10 1 -720 0 0 
13260 654 -720 -598 -720 10 1 -720 0 0 
13265 650 -720 -600 -720 10 1 -720 0 0 
13270 646 -720 -600 -720 10 1 -720 0 0 
13275 643 -717 -600 -717 10 1 -717 0 0 
13280 641 -717 -600 -717 10 1 -717 0 0 
13285 637 -713 -598 -713 10 1 -713 0 0 
13290 635 -705 -598 -705 10 1 -705 0 0 
13295 632 -698 -598 -698 10 1 -698 0 0 
13300 628 -690 -600 -690 10 1 -690 0 0 
13305 624 -687 -598 -687 10 1 -687 0 0 
13310 623 -680 -600 -680 10 1 -680 0 0 
13315 619 -672 -600 -672 10 1 -672 0 0 
13320 615 -668 -600 -668 10 1 -668 0 0 
13325 614 -668 -600 -668 10 1 -668 0 0 
13330 610 -665 -600 -665 10 1 -665 0 0 
13335 606 -665 -598 -665 10 1 -665 0 0 
13340 605 -660 -600 -660 10 1 -660 0 0 
13345 601 -660 -600 -660 10 1 -660 0 0 
13350 597 -660 -600 -660 10 1 -660 0 0 
13355 594 -660 -600 -660 10 1 -660 0 0 
13360 592 -657 -600 -657 10 1 -657 0 0 
13365 590 -657 -600 -657 10 1 -657 0 0 
13370 586 -653 -600 -653 10 1 -653 0 0 
13375 583 -653 -598 -653 10 1 -653 0 0 
13380 579 -650 -600 -650 10 1 -650 0 0 
13385 577 -645 -600 -645 10 1 -645 0 0 
13390 574 -642 -598 -642 10 1 -642 0 0 
13395 570 -638 -600 -638 10 1 -638 0 0 
13400 568 -638 -600 -638 10 1 -638 0 0 
13405 565 -635 -600 -635 10 1 -635 0 0 
13410 561 -635 -600 -635 10 1 -635 0 0 
13415 559 -630 -600 -630 10 1 -630 0 0 
13420 556 -630 -600 -630 10 1 -630 0 0 
13425 554 -627 -600 -627 10 1 -627 0 0 
13430 552 -627 -598 -627 10 1 -627 0 0 
13435 547 -620 -600 -620 10 1 -620 0 0 
13440 545 -615 -600 -615 10 1 -615 0 0 
13445 541 -612 -598 -612 10 1 -612 0 0 
13450 539 -608 -598 -608 10 1 -608 0 0 
13455 534 -600 -600 -600 10 1 -600 0 0 
13460 532 -597 -600 -597 10 1 -597 0 0 
13465 527 -593 -600 -593 10 1 -593 0 0 
13470 526 -590 -598 -590 10 1 -590 0 0 
13475 522 -585 -598 -585 10 1 -585 0 0 
13480 518 -585 -598 -585 10 1 -585 0 0 
13485 516 -582 -600 -582 10 1 -582 0 0 
13490 513 -582 -600 -582 10 1 -582 0 0 
13495 509 -578 -600 -578 10 1 -578 0 0 
13500 507 -575 -600 -575 10 1 -575 0 0 
13505 504 -570 -600 -570 10 1 -570 0 0 
13510 502 -567 -600 -567 10 1 -567 0 0 
13515 498 -563 -600 -563 10 1 -563 0 0 
13520 495 -560 -600 -560 10 1 -560 0 0 
13525 493 -552 -600 -552 10 1 -552 0 0 
13530 489 -548 -600 -548 10 1 -548 0 0 
13535 486 -540 -600 -540 10 1 -540 0 0 
13540 482 -537 -598 -537 10 1 -537 0 0 
13545 480 -533 -600 -533 10 1 -533 0 0 
13550 478 -530 -600 -530 10 1 -530 0 0 
13555 473 -525 -600 -525 10 1 -525 0 0 
13560 471 -522 -598 -522 10 1 -522 0 0 
13565 468 -522 -598 -522 10 1 -522 0 0 
13570 466 -518 -600 -518 10 1 -518 0 0 
13575 462 -518 -600 -518 10 1 -518 0 0 
13580 458 -518 -600 -518 10 1 -518 0 0 
13585 457 -515 -598 -515 10 1 -515 0 0 
13590 453 -515 -600 -515 10 1 -515 0 0 
13595 449 -507 -598 -507 10 1 -507 0 0 
13600 448 -503 -598 -503 10 1 -503 0 0 
13605 444 -500 -600 -500 10 1 -500 0 0 
13610 442 -492 -600 -492 10 1 -492 0 0 
13615 439 -488 -600 -488 10 1 -488 0 0 
13620 435 -485 -598 -485 10 1 -485 0 0 
13625 433 -477 -598 -477 10 1 -477 0 0 
13630 429 -473 -598 -473 10 1 -473 0 0 
13635 428 -470 -600 -470 10 1 -470 0 0 
13640 424 -465 -600 -465 10 1 -465 0 0 
13645 420 -462 -598 -462 10 1 -462 0 0 
13650 417 -462 -600 -462 10 1 -462 0 0 
13655 413 -458 -600 -458 10 1 -458 0 0 
13660 411 -458 -600 -458 10 1 -458 0 0 
13665 409 -455 -600 -455 10 1 -455 0 0 
13670 406 -450 -600 -450 10 1 -450 0 0 
13675 402 -447 -600 -447 10 1 -447 0 0 
13680 399 -443 -600 -443 10 1 -443 0 0 
13685 397 -440 -600 -440 10 1 -440 0 0 
13690 393 -435 -600 -435 10 1 -435 0 0 
13695 390 -428 -600 -428 10 1 -428 0 0 
13700 388 -425 -600 -425 10 1 -425 0 0 
13705 384 -420 -600 -420 10 1 -420 0 0 
13710 382 -420 -600 -420 10 1 -420 0 0 
13715 379 -417 -600 -417 10 1 -417 0 0 
13720 375 -413 -600 -413 10 1 -413 0 0 
13725 373 -410 -600 -410 10 1 -410 0 0 
13730 370 -410 -598 -410 10 1 -410 0 0 
13735 366 -402 -600 -402 10 1 -402 0 0 
13740 364 -402 -600 -402 10 1 -402 0 0 
13745 361 -402 -600 -402 10 1 -402 0 0 
13750 357 -395 -600 -395 10 1 -395 0 0 
13755 355 -390 -600 -390 10 1 -390 0 0 
13760 351 -383 -598 -383 10 1 -383 0 0 
13765 350 -375 -600 -375 10 1 -375 0 0 
13770 346 -368 -600 -368 10 1 -368 0 0 
13775 342 -360 -600 -360 10 1 -360 0 0 
13780 341 -353 -600 -353 10 1 -353 0 0 
13785 337 -345 -600 -345 10 1 -345 0 0 
13790 335 -338 -600 -338 10 1 -338 0 0 
13795 331 -330 -598 -330 10 1 -330 0 0 
13800 328 -323 -600 -323 10 1 -323 0 0 
13805 326 -320 -600 -320 10 1 -320 0 0 
13810 322 -312 -600 -312 10 1 -312 0 0 
13815 319 -308 -600 -308 10 1 -308 0 0 
13820 317 -305 -600 -305 10 1 -305 0 0 
13825 313 -300 -600 -300 10 1 -300 0 0 
13830 312 -297 -600 -297 10 1 -297 0 0 
13835 308 -290 -600 -290 10 1 -290 0 0 
13840 303 -285 -600 -285 10 1 -285 0 0 
13845 301 -278 -600 -278 10 1 -278 0 0 
13850 298 -270 -598 -270 10 1 -270 0 0 
13855 294 -263 -600 -263 10 1 -263 0 0 
13860 291 -255 -600 -255 10 1 -255 0 0 
13865 289 -245 -600 -245 10 1 -245 0 0 
13870 287 -240 -598 -240 10 1 -240 0 0 
13875 283 -230 -600 -230 10 1 -230 0 0 
13880 280 -222 -600 -222 10 1 -222 0 0 
13885 276 -210 -600 -210 10 1 -210 0 0 
13890 272 -203 -600 -203 10 1 -203 0 0 
13895 271 -192 -598 -192 10 1 -192 0 0 
13900 267 -180 -590 -180 10 1 -180 0 0 
13905 263 -173 -578 -173 10 1 -173 0 0 
13910 262 -165 -573 -165 10 1 -165 0 0 
13915 258 -150 -563 -150 10 1 -150 0 0 
13920 256 -143 -553 -143 10 1 -143 0 0 
13925 254 -132 -545 -132 10 1 -132 0 0 
13930 251 -125 -540 -125 10 1 -125 0 0 
13935 247 -113 -525 -113 10 1 -113 0 0 
13940 245 -98 -515 -98 10 1 -98 0 0 
13945 243 -87 -503 -87 10 1 -87 0 0 
13950 240 -75 -500 -75 10 1 -75 0 0 
13955 238 -53 -488 -53 10 1 -53 0 0 
13960 236 -35 -480 -35 10 1 -35 0 0 
13965 234 -12 -468 -12 10 1 -12 0 0 
13970 231 12 -450 12 10 1 12 0 0 
13975 229 42 -430 42 10 1 42 0 0 
13980 227 65 -405 65 10 1 65 0 0 
13985 225 83 -378 83 10 1 83 0 0 
13990 223 105 -350 105 10 1 105 0 0 
13995 222 128 -310 128 10 1 128 0 0 
14000 220 143 -275 143 10 1 143 0 0 
14005 218 158 -238 158 10 1 158 0 0 
14010 218 170 -195 170 10 1 170 0 0 
14015 216 180 -143 180 10 1 180 0 0 
14020 216 188 -95 188 10 1 188 0 0 
14025 216 200 -48 200 10 1 200 0 0 
14030 216 207 0 207 10 1 207 0 0 
14035 216 218 13 218 10 1 218 0 0 
14040 216 225 63 225 10 1 225 0 0 
14045 216 233 123 233 10 1 233 0 0 
14050 216 237 188 237 10 1 237 0 0 
14055 218 248 270 248 10 1 248 0 0 
14060 220 260 338 260 10 1 260 0 0 
14065 222 267 405 267 10 1 267 0 0 
14070 223 275 473 275 10 1 275 0 0 
14075 225 275 560 275 10 1 275 0 0 
14080 229 270 593 270 10 1 270 0 0 
14085 231 267 600 267 11 1 267 0 0 
14090 234 263 603 263 11 1 263 0 0 
14095 238 263 600 263 11 1 263 0 0 
14100 240 275 600 275 11 1 275 0 0 
14105 243 297 600 297 11 1 297 0 0 
14110 247 327 600 327 11 1 327 0 0 
14115 251 375 603 375 11 1 375 0 0 
14120 254 420 600 420 11 1 420 0 0 
14125 256 470 600 470 11 1 470 0 0 
14130 260 518 600 518 11 1 518 0 0 
14135 263 563 600 563 11 1 563 0 0 
14140 267 600 600 600 11 1 600 0 0 
14145 269 630 600 630 11 1 630 0 0 
14150 272 645 603 645 11 1 645 0 0 
14155 274 657 600 657 11 1 657 0 0 
14160 278 657 600 657 11 1 657 0 0 
14165 282 650 600 650 11 1 650 0 0 
14170 283 638 600 638 11 1 638 0 0 
14175 287 627 600 627 11 1 627 0 0 
14180 291 620 600 620 11 1 620 0 0 
14185 294 612 600 612 11 1 612 0 0 
14190 298 612 600 612 11 1 612 0 0 
14195 300 615 600 615 11 1 615 0 0 
14200 303 623 600 623 11 1 623 0 0 
14205 308 635 603 635 11 1 635 0 0 
14210 310 645 600 645 11 1 645 0 0 
14215 313 665 603 665 11 1 665 0 0 
14220 317 680 600 680 11 1 680 0 0 
14225 319 695 600 695 11 1 695 0 0 
14230 322 705 600 705 11 1 705 0 0 
14235 326 720 600 720 11 1 720 0 0 
14240 330 732 600 732 11 1 732 0 0 
14245 331 740 600 740 11 1 740 0 0 
14250 335 747 603 747 11 1 747 0 0 
14255 339 750 600 750 11 1 750 0 0 
14260 341 750 600 750 11 1 750 0 0 
14265 344 750 600 750 11 1 750 0 0 
14270 348 750 600 750 11 1 750 0 0 
14275 351 747 603 747 11 1 747 0 0 
14280 353 747 600 747 11 1 747 0 0 
14285 357 747 603 747 11 1 747 0 0 
14290 359 750 603 750 11 1 750 0 0 
14295 362 755 600 755 11 1 755 0 0 
14300 366 758 600 758 11 1 758 0 0 
14305 370 765 603 765 11 1 765 0 0 
14310 371 770 600 770 11 1 770 0 0 
14315 375 777 603 777 11 1 777 0 0 
14320 379 780 603 780 11 1 780 0 0 
14325 380 785 600 785 11 1 785 0 0 
14330 384 788 600 788 11 1 788 0 0 
14335 388 792 600 792 11 1 792 0 0 
14340 390 795 603 795 11 1 795 0 0 
14345 393 795 603 795 11 1 795 0 0 
14350 395 795 600 795 11 1 795 0 0 
14355 399 800 603 800 11 1 800 0 0 
14360 402 800 600 800 11 1 800 0 0 
14365 406 800 600 800 11 1 800 0 0 
14370 408 800 600 800 11 1 800 0 0 
14375 411 803 600 803 11 1 803 0 0 
14380 415 803 600 803 11 1 803 0 0 
14385 417 803 603 803 11 1 803 0 0 
14390 420 803 603 803 11 1 803 0 0 
14395 424 803 603 803 11 1 803 0 0 
14400 428 807 600 807 11 1 807 0 0 
14405 429 807 600 807 11 1 807 0 0 
14410 433 807 603 807 11 1 807 0 0 
14415 437 810 600 810 11 1 810 0 0 
14420 440 810 600 810 11 1 810 0 0 
14425 442 807 600 807 11 1 807 0 0 
14430 446 810 600 810 11 1 810 0 0 
14435 449 807 603 807 11 1 807 0 0 
14440 451 807 600 807 11 1 807 0 0 
14445 455 807 600 807 11 1 807 0 0 
14450 457 807 600 807 11 1 807 0 0 
14455 462 803 600 803 11 1 803 0 0 
14460 464 803 600 803 11 1 803 0 0 
14465 468 800 603 800 11 1 800 0 0 
14470 469 800 600 800 11 1 800 0 0 
14475 473 795 600 795 11 1 795 0 0 
14480 477 795 603 795 11 1 795 0 0 
14485 478 795 600 795 11 1 795 0 0 
14490 482 795 600 795 11 1 795 0 0 
14495 484 795 600 795 11 1 795 0 0 
14500 487 792 600 792 11 1 792 0 0 
14505 491 792 603 792 11 1 792 0 0 
14510 493 792 603 792 11 1 792 0 0 
14515 497 788 600 788 11 1 788 0 0 
14520 500 788 600 788 11 1 788 0 0 
14525 504 785 600 785 11 1 785 0 0 
14530 506 780 600 780 11 1 780 0 0 
14535 509 777 600 777 11 1 777 0 0 
14540 513 773 603 773 11 1 773 0 0 
14545 515 773 600 773 11 1 773 0 0 
14550 518 773 600 773 11 1 773 0 0 
14555 522 770 600 770 11 1 770 0 0 
14560 524 770 603 770 11 1 770 0 0 
14565 527 765 600 765 11 1 765 0 0 
14570 532 765 603 765 11 1 765 0 0 
14575 534 762 603 762 11 1 762 0 0 
14580 537 762 603 762 11 1 762 0 0 
14585 541 758 600 758 11 1 758 0 0 
14590 545 755 603 755 11 1 755 0 0 
14595 547 755 600 755 11 1 755 0 0 
14600 550 750 600 750 11 1 750 0 0 
14605 554 743 603 743 11 1 743 0 0 
14610 556 743 600 743 11 1 743 0 0 
14615 559 740 603 740 11 1 740 0 0 
14620 563 735 600 735 11 1 735 0 0 
14625 565 732 600 732 11 1 732 0 0 
14630 568 728 600 728 11 1 728 0 0 
14635 570 728 600 728 11 1 728 0 0 
14640 576 725 600 725 11 1 725 0 0 
14645 577 725 603 725 11 1 725 0 0 
14650 581 720 600 720 11 1 720 0 0 
14655 583 717 603 717 11 1 717 0 0 
14660 586 713 600 713 11 1 713 0 0 
14665 590 713 603 713 11 1 713 0 0 
14670 592 710 600 710 11 1 710 0 0 
14675 595 705 600 705 11 1 705 0 0 
14680 599 702 600 702 11 1 702 0 0 
14685 601 702 600 702 11 1 702 0 0 
14690 605 702 600 702 11 1 702 0 0 
14695 608 702 600 702 11 1 702 0 0 
14700 612 698 600 698 11 1 698 0 0 
14705 614 695 600 695 11 1 695 0 0 
14710 617 695 603 695 11 1 695 0 0 
14715 619 695 600 695 11 1 695 0 0 
14720 623 690 603 690 11 1 690 0 0 
14725 626 687 600 687 11 1 687 0 0 
14730 630 683 600 683 11 1 683 0 0 
14735 632 680 603 680 11 1 680 0 0 
14740 635 675 600 675 11 1 675 0 0 
14745 639 672 600 672 11 1 672 0 0 
14750 643 668 600 668 11 1 668 0 0 
14755 644 668 600 668 11 1 668 0 0 
14760 648 665 600 665 11 1 665 0 0 
14765 652 660 600 660 11 1 660 0 0 
14770 654 660 600 660 11 1 660 0 0 
14775 657 657 600 657 11 1 657 0 0 
14780 661 653 600 653 11 1 653 0 0 
14785 663 650 600 650 11 1 650 0 0 
14790 666 645 600 645 11 1 645 0 0 
14795 668 642 603 642 11 1 642 0 0 
14800 672 635 600 635 11 1 635 0 0 
14805 675 630 600 630 11 1 630 0 0 
14810 677 627 603 627 11 1 627 0 0 
14815 681 623 603 623 11 1 623 0 0 
14820 684 620 600 620 11 1 620 0 0 
14825 688 615 600 615 11 1 615 0 0 
14830 690 612 600 612 11 1 612 0 0 
14835 693 612 600 612 11 1 612 0 0 
14840 697 608 600 608 11 1 608 0 0 
14845 701 605 603 605 11 1 605 0 0 
14850 702 605 600 605 11 1 605 0 0 
14855 704 600 603 600 11 1 600 0 0 
14860 708 597 600 597 11 1 597 0 0 
14865 710 590 603 590 11 1 590 0 0 
14870 713 585 600 585 11 1 585 0 0 
14875 717 582 603 582 11 1 582 0 0 
14880 719 578 600 578 11 1 578 0 0 
14885 722 575 603 575 11 1 575 0 0 
14890 726 570 600 570 11 1 570 0 0 
14895 728 567 600 567 11 1 567 0 0 
14900 731 563 603 563 11 1 563 0 0 
14905 735 560 603 560 11 1 560 0 0 
14910 737 555 603 555 11 1 555 0 0 
14915 741 552 600 552 11 1 552 0 0 
14920 744 548 600 548 11 1 548 0 0 
14925 748 545 600 545 11 1 545 0 0 
14930 750 540 600 540 11 1 540 0 0 
14935 754 537 600 537 11 1 537 0 0 
14940 758 530 600 530 11 1 530 0 0 
14945 760 525 600 525 11 1 525 0 0 
14950 763 522 603 522 11 1 522 0 0 
14955 765 515 600 515 11 1 515 0 0 
14960 769 510 603 510 11 1 510 0 0 
14965 772 503 600 503 11 1 503 0 0 
14970 776 500 600 500 11 1 500 0 0 
14975 778 495 600 495 11 1 495 0 0 
14980 781 492 593 492 11 1 492 0 0 
14985 785 488 580 488 11 1 488 0 0 
14990 787 480 573 480 11 1 480 0 0 
14995 791 477 568 477 11 1 477 0 0 
15000 794 470 555 470 11 1 470 0 0 
15005 796 470 548 470 11 1 470 0 0 
15010 800 465 538 465 11 1 465 0 0 
15015 801 462 528 462 11 1 462 0 0 
15020 805 462 520 462 11 1 462 0 0 
15025 807 458 513 458 11 1 458 0 0 
15030 809 458 500 458 11 1 458 0 0 
15035 812 455 495 455 11 1 455 0 0 
15040 816 447 488 447 11 1 447 0 0 
15045 818 440 468 440 11 1 440 0 0 
15050 820 432 460 432 11 1 432 0 0 
15055 821 425 450 425 11 1 425 0 0 
15060 823 413 445 413 11 1 413 0 0 
15065 827 402 438 402 11 1 402 0 0 
15070 829 395 423 395 11 1 395 0 0 
15075 830 390 418 390 11 1 390 0 0 
15080 832 380 410 380 11 1 380 0 0 
15085 834 368 403 368 11 1 368 0 0 
15090 838 360 393 360 11 1 360 0 0 
15095 838 353 380 353 11 1 353 0 0 
15100 841 342 378 342 11 1 342 0 0 
15105 843 335 368 335 11 1 335 0 0 
15110 845 327 355 327 11 1 327 0 0 
15115 847 315 345 315 11 1 315 0 0 
15120 849 308 333 308 11 1 308 0 0 
15125 850 300 323 300 11 1 300 0 0 
15130 852 293 318 293 11 1 293 0 0 
15135 852 285 318 285 11 1 285 0 0 
15140 854 278 303 278 11 1 278 0 0 
15145 856 270 293 270 11 1 270 0 0 
15150 858 267 280 267 11 1 267 0 0 
15155 858 255 273 255 11 1 255 0 0 
15160 859 248 263 248 11 1 248 0 0 
15165 861 237 260 237 11 1 237 0 0 
15170 863 233 248 233 11 1 233 0 0 
15175 863 222 235 222 11 1 222 0 0 
15180 865 210 225 210 11 1 210 0 0 
15185 867 200 218 200 11 1 200 0 0 
15190 867 188 210 188 11 1 188 0 0 
15195 869 177 195 177 11 1 177 0 0 
15200 869 165 183 165 11 1 165 0 0 
15205 870 155 173 155 11 1 155 0 0 
15210 870 143 170 143 11 1 143 0 0 
15215 872 132 170 132 11 1 132 0 0 
15220 872 117 158 117 11 1 117 0 0 
15225 874 102 148 102 11 1 102 0 0 
15230 874 87 143 87 11 1 87 0 0 
15235 874 72 133 72 11 1 72 0 0 
15240 874 53 130 53 11 1 53 0 0 
15245 876 38 120 38 11 1 38 0 0 
15250 876 23 115 23 11 1 23 0 0 
15255 876 8 103 8 11 1 8 0 0 
15260 878 -15 83 -15 11 1 -15 0 0 
15265 878 -30 70 -30 11 1 -30 0 0 
15270 878 -45 53 -45 11 1 -45 0 0 
15275 878 -65 30 -65 11 1 -65 0 0 
15280 878 -80 3 -80 11 1 -80 0 0 
15285 878 -90 -3 -90 11 1 -90 0 0 
15290 878 -105 -18 -105 11 1 -105 0 0 
15295 878 -120 -55 -120 11 1 -120 0 0 
15300 878 -135 -103 -135 11 1 -135 0 0 
15305 878 -155 -148 -155 11 1 -155 0 0 
15310 876 -170 -195 -170 11 1 -170 0 0 
15315 876 -188 -245 -188 11 1 -188 0 0 
15320 874 -203 -310 -203 11 1 -203 0 0 
15325 872 -218 -365 -218 11 1 -218 0 0 
15330 872 -230 -423 -230 11 1 -230 0 0 
15335 869 -240 -483 -240 11 1 -240 0 0 
15340 867 -255 -525 -255 11 1 -255 0 0 
15345 863 -267 -553 -267 12 1 -267 0 0 
15350 861 -282 -568 -282 12 1 -282 0 0 
15355 858 -297 -580 -297 12 1 -297 0 0 
15360 856 -315 -585 -315 12 1 -315 0 0 
15365 852 -338 -590 -338 12 1 -338 0 0 
15370 849 -365 -593 -365 12 1 -365 0 0 
15375 847 -395 -598 -395 12 1 -395 0 0 
15380 841 -435 -600 -435 12 1 -435 0 0 
15385 839 -473 -600 -473 12 1 -473 0 0 
15390 836 -515 -600 -515 12 1 -515 0 0 
15395 834 -555 -598 -555 12 1 -555 0 0 
15400 830 -593 -600 -593 12 1 -593 0 0 
15405 827 -623 -600 -623 12 1 -623 0 0 
15410 823 -650 -598 -650 12 1 -650 0 0 
15415 821 -668 -600 -668 12 1 -668 0 0 
15420 818 -683 -600 -683 12 1 -683 0 0 
15425 816 -687 -600 -687 12 1 -687 0 0 
15430 812 -690 -600 -690 12 1 -690 0 0 
15435 809 -687 -600 -687 12 1 -687 0 0 
15440 805 -683 -600 -683 12 1 -683 0 0 
15445 803 -680 -600 -680 12 1 -680 0 0 
15450 800 -675 -600 -675 12 1 -675 0 0 
15455 798 -680 -598 -680 12 1 -680 0 0 
15460 794 -687 -598 -687 12 1 -687 0 0 
15465 791 -695 -600 -695 12 1 -695 0 0 
15470 789 -705 -600 -705 12 1 -705 0 0 
15475 785 -717 -600 -717 12 1 -717 0 0 
15480 781 -725 -600 -725 12 1 -725 0 0 
15485 778 -735 -600 -735 12 1 -735 0 0 
15490 776 -747 -600 -747 12 1 -747 0 0 
15495 772 -758 -600 -758 12 1 -758 0 0 
15500 769 -765 -600 -765 12 1 -765 0 0 
15505 767 -770 -600 -770 12 1 -770 0 0 
15510 763 -770 -600 -770 12 1 -770 0 0 
15515 760 -773 -598 -773 12 1 -773 0 0 
15520 756 -773 -600 -773 12 1 -773 0 0 
15525 754 -773 -600 -773 12 1 -773 0 0 
15530 750 -777 -598 -777 12 1 -777 0 0 
15535 748 -777 -598 -777 12 1 -777 0 0 
15540 744 -780 -600 -780 12 1 -780 0 0 
15545 741 -785 -598 -785 12 1 -785 0 0 
15550 739 -788 -600 -788 12 1 -788 0 0 
15555 735 -788 -600 -788 12 1 -788 0 0 
15560 731 -795 -600 -795 12 1 -795 0 0 
15565 728 -800 -598 -800 12 1 -800 0 0 
15570 726 -800 -600 -800 12 1 -800 0 0 
15575 722 -803 -600 -803 12 1 -803 0 0 
15580 719 -803 -600 -803 12 1 -803 0 0 
15585 717 -803 -600 -803 12 1 -803 0 0 
15590 713 -800 -600 -800 12 1 -800 0 0 
15595 712 -800 -598 -800 12 1 -800 0 0 
15600 708 -792 -600 -792 12 1 -792 0 0 
15605 704 -792 -600 -792 12 1 -792 0 0 
15610 702 -788 -600 -788 12 1 -788 0 0 
15615 699 -785 -600 -785 12 1 -785 0 0 
15620 695 -780 -600 -780 12 1 -780 0 0 
15625 693 -780 -600 -780 12 1 -780 0 0 
15630 690 -780 -600 -780 12 1 -780 0 0 
15635 688 -777 -598 -777 12 1 -777 0 0 
15640 684 -780 -600 -780 12 1 -780 0 0 
15645 681 -785 -598 -785 12 1 -785 0 0 
15650 679 -785 -598 -785 12 1 -785 0 0 
15655 675 -788 -600 -788 12 1 -788 0 0 
15660 672 -792 -600 -792 12 1 -792 0 0 
15665 670 -792 -598 -792 12 1 -792 0 0 
15670 666 -792 -600 -792 12 1 -792 0 0 
15675 664 -792 -600 -792 12 1 -792 0 0 
15680 661 -788 -598 -788 12 1 -788 0 0 
15685 657 -785 -600 -785 12 1 -785 0 0 
15690 655 -785 -600 -785 12 1 -785 0 0 
15695 652 -780 -598 -780 12 1 -780 0 0 
15700 648 -777 -598 -777 12 1 -777 0 0 
15705 644 -777 -598 -777 12 1 -777 0 0 
15710 643 -773 -600 -773 12 1 -773 0 0 
15715 639 -773 -600 -773 12 1 -773 0 0 
15720 635 -770 -600 -770 12 1 -770 0 0 
15725 634 -770 -600 -770 12 1 -770 0 0 
15730 630 -770 -600 -770 12 1 -770 0 0 
15735 626 -770 -600 -770 12 1 -770 0 0 
15740 624 -770 -598 -770 12 1 -770 0 0 
15745 621 -770 -600 -770 12 1 -770 0 0 
15750 619 -765 -598 -765 12 1 -765 0 0 
15755 615 -765 -600 -765 12 1 -765 0 0 
15760 612 -762 -598 -762 12 1 -762 0 0 
15765 610 -762 -598 -762 12 1 -762 0 0 
15770 606 -762 -600 -762 12 1 -762 0 0 
15775 603 -758 -600 -758 12 1 -758 0 0 
15780 599 -755 -600 -755 12 1 -755 0 0 
15785 597 -755 -598 -755 12 1 -755 0 0 
15790 594 -750 -600 -750 12 1 -750 0 0 
15795 590 -747 -600 -747 12 1 -747 0 0 
15800 588 -743 -598 -743 12 1 -743 0 0 
15805 585 -740 -598 -740 12 1 -740 0 0 
15810 583 -735 -598 -735 12 1 -735 0 0 
15815 579 -732 -600 -732 12 1 -732 0 0 
15820 576 -728 -600 -728 12 1 -728 0 0 
15825 572 -728 -600 -728 12 1 -728 0 0 
15830 570 -725 -600 -725 12 1 -725 0 0 
15835 566 -728 -600 -728 12 1 -728 0 0 
15840 565 -725 -600 -725 12 1 -725 0 0 
15845 563 -725 -598 -725 12 1 -725 0 0 
15850 559 -725 -600 -725 12 1 -725 0 0 
15855 556 -725 -600 -725 12 1 -725 0 0 
15860 552 -720 -598 -720 12 1 -720 0 0 
15865 548 -717 -600 -717 12 1 -717 0 0 
15870 547 -713 -600 -713 12 1 -713 0 0 
15875 543 -710 -600 -710 12 1 -710 0 0 
15880 539 -702 -598 -702 12 1 -702 0 0 
15885 537 -698 -600 -698 12 1 -698 0 0 
15890 534 -695 -598 -695 12 1 -695 0 0 
15895 532 -690 -600 -690 12 1 -690 0 0 
15900 527 -690 -600 -690 12 1 -690 0 0 
15905 524 -690 -600 -690 12 1 -690 0 0 
15910 522 -687 -600 -687 12 1 -687 0 0 
15915 518 -687 -600 -687 12 1 -687 0 0 
15920 515 -687 -600 -687 12 1 -687 0 0 
15925 511 -687 -600 -687 12 1 -687 0 0 
15930 509 -683 -600 -683 12 1 -683 0 0 
15935 506 -680 -598 -680 12 1 -680 0 0 
15940 504 -680 -600 -680 12 1 -680 0 0 
15945 500 -672 -600 -672 12 1 -672 0 0 
15950 497 -672 -600 -672 12 1 -672 0 0 
15955 495 -665 -600 -665 12 1 -665 0 0 
15960 491 -660 -600 -660 12 1 -660 0 0 
15965 487 -660 -600 -660 12 1 -660 0 0 
15970 486 -653 -600 -653 12 1 -653 0 0 
15975 482 -653 -600 -653 12 1 -653 0 0 
15980 478 -650 -600 -650 12 1 -650 0 0 
15985 477 -650 -598 -650 12 1 -650 0 0 
15990 473 -645 -600 -645 12 1 -645 0 0 
15995 471 -642 -598 -642 12 1 -642 0 0 
16000 466 -638 -600 -638 12 1 -638 0 0 
16005 464 -635 -600 -635 12 1 -635 0 0 
16010 462 -635 -600 -635 12 1 -635 0 0 
16015 458 -630 -600 -630 12 1 -630 0 0 
16020 455 -627 -600 -627 12 1 -627 0 0 
16025 453 -623 -600 -623 12 1 -623 0 0 
16030 449 -623 -600 -623 12 1 -623 0 0 
16035 446 -620 -598 -620 12 1 -620 0 0 
16040 442 -620 -600 -620 12 1 -620 0 0 
16045 440 -615 -600 -615 12 1 -615 0 0 
16050 437 -615 -600 -615 12 1 -615 0 0 
16055 435 -612 -598 -612 12 1 -612 0 0 
16060 431 -608 -600 -608 12 1 -608 0 0 
16065 428 -605 -600 -605 12 1 -605 0 0 
16070 426 -600 -598 -600 12 1 -600 0 0 
16075 422 -597 -600 -597 12 1 -597 0 0 
16080 419 -590 -600 -590 12 1 -590 0 0 
16085 417 -585 -600 -585 12 1 -585 0 0 
16090 413 -582 -600 -582 12 1 -582 0 0 
16095 409 -578 -600 -578 12 1 -578 0 0 
16100 406 -575 -600 -575 12 1 -575 0 0 
16105 404 -570 -598 -570 12 1 -570 0 0 
16110 400 -567 -600 -567 12 1 -567 0 0 
16115 399 -563 -600 -563 12 1 -563 0 0 
16120 395 -560 -600 -560 12 1 -560 0 0 
16125 391 -555 -598 -555 12 1 -555 0 0 
16130 390 -548 -598 -548 12 1 -548 0 0 
16135 386 -545 -600 -545 12 1 -545 0 0 
16140 384 -540 -600 -540 12 1 -540 0 0 
16145 380 -537 -600 -537 12 1 -537 0 0 
16150 377 -533 -600 -533 12 1 -533 0 0 
16155 375 -530 -600 -530 12 1 -530 0 0 
16160 371 -525 -598 -525 12 1 -525 0 0 
16165 370 -522 -598 -522 12 1 -522 0 0 
16170 366 -522 -600 -522 12 1 -522 0 0 
16175 362 -518 -598 -518 12 1 -518 0 0 
16180 361 -515 -600 -515 12 1 -515 0 0 
16185 357 -510 -598 -510 12 1 -510 0 0 
16190 353 -507 -600 -507 12 1 -507 0 0 
16195 351 -500 -600 -500 12 1 -500 0 0 
16200 348 -492 -600 -492 12 1 -492 0 0 
16205 344 -485 -598 -485 12 1 -485 0 0 
16210 342 -473 -600 -473 12 1 -473 0 0 
16215 339 -465 -600 -465 12 1 -465 0 0 
16220 337 -458 -600 -458 12 1 -458 0 0 
16225 333 -447 -598 -447 12 1 -447 0 0 
16230 330 -440 -600 -440 12 1 -440 0 0 
16235 328 -428 -598 -428 12 1 -428 0 0 
16240 324 -420 -600 -420 12 1 -420 0 0 
16245 321 -413 -600 -413 12 1 -413 0 0 
16250 319 -402 -598 -402 12 1 -402 0 0 
16255 315 -402 -600 -402 12 1 -402 0 0 
16260 313 -390 -600 -390 12 1 -390 0 0 
16265 310 -387 -600 -387 12 1 -387 0 0 
16270 306 -375 -600 -375 12 1 -375 0 0 
16275 303 -368 -600 -368 12 1 -368 0 0 
16280 300 -360 -600 -360 12 1 -360 0 0 
16285 298 -350 -598 -350 12 1 -350 0 0 
16290 292 -342 -598 -342 12 1 -342 0 0 
16295 291 -330 -598 -330 12 1 -330 0 0 
16300 287 -320 -600 -320 12 1 -320 0 0 
16305 285 -305 -598 -305 12 1 -305 0 0 
16310 282 -297 -600 -297 12 1 -297 0 0 
16315 278 -285 -600 -285 12 1 -285 0 0 
16320 276 -270 -600 -270 12 1 -270 0 0 
16325 272 -260 -600 -260 12 1 -260 0 0 
16330 269 -248 -598 -248 12 1 -248 0 0 
16335 267 -240 -585 -240 12 1 -240 0 0 
16340 263 -233 -573 -233 12 1 -233 0 0 
16345 260 -218 -565 -218 12 1 -218 0 0 
16350 258 -207 -555 -207 12 1 -207 0 0 
16355 256 -200 -548 -200 12 1 -200 0 0 
16360 253 -192 -545 -192 12 1 -192 0 0 
16365 249 -185 -533 -185 12 1 -185 0 0 
16370 247 -177 -520 -177 12 1 -177 0 0 
16375 245 -173 -510 -173 12 1 -173 0 0 
16380 242 -165 -503 -165 12 1 -165 0 0 
16385 240 -155 -495 -155 12 1 -155 0 0 
16390 238 -147 -485 -147 12 1 -147 0 0 
16395 234 -140 -475 -140 12 1 -140 0 0 
16400 233 -128 -470 -128 12 1 -128 0 0 
16405 231 -113 -458 -113 12 1 -113 0 0 
16410 229 -102 -455 -102 12 1 -102 0 0 
16415 225 -90 -445 -90 12 1 -90 0 0 
16420 223 -80 -433 -80 12 1 -80 0 0 
16425 222 -53 -423 -53 12 1 -53 0 0 
16430 220 -35 -418 -35 12 1 -35 0 0 
16435 218 -12 -405 -12 12 1 -12 0 0 
16440 216 12 -393 12 12 1 12 0 0 
16445 214 38 -370 38 12 1 38 0 0 
16450 213 57 -355 57 12 1 57 0 0 
16455 211 75 -333 75 12 1 75 0 0 
16460 209 87 -305 87 12 1 87 0 0 
16465 207 105 -278 105 12 1 105 0 0 
16470 205 120 -248 120 12 1 120 0 0 
16475 205 132 -218 132 12 1 132 0 0 
16480 204 143 -183 143 12 1 143 0 0 
16485 204 155 -140 155 12 1 155 0 0 
16490 204 162 -93 162 12 1 162 0 0 
16495 204 173 -50 173 12 1 173 0 0 
16500 202 185 -3 185 12 1 185 0 0 
16505 202 200 15 200 12 1 200 0 0 
16510 204 215 63 215 12 1 215 0 0 
16515 204 225 123 225 12 1 225 0 0 
16520 204 233 185 233 12 1 233 0 0 
16525 204 248 265 248 12 1 248 0 0 
16530 205 260 328 260 12 1 260 0 0 
16535 207 270 395 270 12 1 270 0 0 
16540 209 275 463 275 12 1 275 0 0 
16545 213 278 548 278 12 1 278 0 0 
16550 214 275 593 275 12 1 275 0 0 
16555 218 270 600 270 13 1 270 0 0 
16560 220 267 600 267 13 1 267 0 0 
16565 223 267 600 267 13 1 267 0 0 
16570 227 275 603 275 13 1 275 0 0 
16575 231 293 600 293 13 1 293 0 0 
16580 233 320 603 320 13 1 320 0 0 
16585 238 365 603 365 13 1 365 0 0 
16590 240 405 600 405 13 1 405 0 0 
16595 242 450 603 450 13 1 450 0 0 
16600 245 495 600 495 13 1 495 0 0 
16605 249 540 600 540 13 1 540 0 0 
16610 253 570 603 570 13 1 570 0 0 
16615 254 597 600 597 13 1 597 0 0 
16620 258 612 603 612 13 1 612 0 0 
16625 262 623 600 623 13 1 623 0 0 
16630 263 620 603 620 13 1 620 0 0 
16635 267 615 600 615 13 1 615 0 0 
16640 269 608 600 608 13 1 608 0 0 
16645 274 600 600 600 13 1 600 0 0 
16650 276 593 600 593 13 1 593 0 0 
16655 280 593 600 593 13 1 593 0 0 
16660 283 597 603 597 13 1 597 0 0 
16665 285 600 600 600 13 1 600 0 0 
16670 289 605 603 605 13 1 605 0 0 
16675 292 612 600 612 13 1 612 0 0 
16680 294 623 600 623 13 1 623 0 0 
16685 298 630 600 630 13 1 630 0 0 
16690 301 642 600 642 13 1 642 0 0 
16695 306 653 600 653 13 1 653 0 0 
16700 308 660 603 660 13 1 660 0 0 
16705 312 672 600 672 13 1 672 0 0 
16710 315 683 600 683 13 1 683 0 0 
16715 317 690 603 690 13 1 690 0 0 
16720 321 698 600 698 13 1 698 0 0 
16725 324 702 600 702 13 1 702 0 0 
16730 326 705 600 705 13 1 705 0 0 
16735 330 705 603 705 13 1 705 0 0 
16740 333 710 600 710 13 1 710 0 0 
16745 335 705 600 705 13 1 705 0 0 
16750 339 705 603 705 13 1 705 0 0 
16755 342 702 600 702 13 1 702 0 0 
16760 344 702 600 702 13 1 702 0 0 
16765 348 702 600 702 13 1 702 0 0 
16770 351 702 600 702 13 1 702 0 0 
16775 355 710 600 710 13 1 710 0 0 
16780 357 710 600 710 13 1 710 0 0 
16785 361 713 600 713 13 1 713 0 0 
16790 364 720 603 720 13 1 720 0 0 
16795 368 725 600 725 13 1 725 0 0 
16800 370 728 603 728 13 1 728 0 0 
16805 373 732 600 732 13 1 732 0 0 
16810 377 732 600 732 13 1 732 0 0 
16815 379 735 600 735 13 1 735 0 0 
16820 382 735 603 735 13 1 735 0 0 
16825 386 735 600 735 13 1 735 0 0 
16830 388 732 603 732 13 1 732 0 0 
16835 391 735 600 735 13 1 735 0 0 
16840 395 732 603 732 13 1 732 0 0 
16845 397 732 600 732 13 1 732 0 0 
16850 400 732 603 732 13 1 732 0 0 
16855 404 732 603 732 13 1 732 0 0 
16860 406 732 600 732 13 1 732 0 0 
16865 409 732 600 732 13 1 732 0 0 
16870 413 732 603 732 13 1 732 0 0 
16875 415 735 600 735 13 1 735 0 0 
16880 419 735 600 735 13 1 735 0 0 
16885 422 735 603 735 13 1 735 0 0 
16890 424 735 600 735 13 1 735 0 0 
16895 428 732 600 732 13 1 732 0 0 
16900 431 732 600 732 13 1 732 0 0 
16905 435 728 600 728 13 1 728 0 0 
16910 437 728 603 728 13 1 728 0 0 
16915 440 725 600 725 13 1 725 0 0 
16920 442 725 603 725 13 1 725 0 0 
16925 446 725 603 725 13 1 725 0 0 
16930 449 720 600 720 13 1 720 0 0 
16935 453 720 603 720 13 1 720 0 0 
16940 455 720 600 720 13 1 720 0 0 
16945 458 720 600 720 13 1 720 0 0 
16950 462 717 603 717 13 1 717 0 0 
16955 466 717 600 717 13 1 717 0 0 
16960 468 713 600 713 13 1 713 0 0 
16965 471 710 600 710 13 1 710 0 0 
16970 473 710 600 710 13 1 710 0 0 
16975 477 705 600 705 13 1 705 0 0 
16980 480 705 603 705 13 1 705 0 0 
16985 484 702 600 702 13 1 702 0 0 
16990 486 702 600 702 13 1 702 0 0 
16995 489 702 603 702 13 1 702 0 0 
17000 491 702 600 702 13 1 702 0 0 
17005 495 698 600 698 13 1 698 0 0 
17010 498 698 600 698 13 1 698 0 0 
17015 502 698 600 698 13 1 698 0 0 
17020 504 695 603 695 13 1 695 0 0 
17025 507 690 600 690 13 1 690 0 0 
17030 509 690 600 690 13 1 690 0 0 
17035 513 690 600 690 13 1 690 0 0 
17040 516 687 600 687 13 1 687 0 0 
17045 520 683 600 683 13 1 683 0 0 
17050 524 683 600 683 13 1 683 0 0 
17055 526 680 600 680 13 1 680 0 0 
17060 527 680 603 680 13 1 680 0 0 
17065 532 675 600 675 13 1 675 0 0 
17070 536 675 600 675 13 1 675 0 0 
17075 539 672 603 672 13 1 672 0 0 
17080 541 672 600 672 13 1 672 0 0 
17085 545 668 600 668 13 1 668 0 0 
17090 548 668 600 668 13 1 668 0 0 
17095 550 665 600 665 13 1 665 0 0 
17100 554 665 603 665 13 1 665 0 0 
17105 557 660 600 660 13 1 660 0 0 
17110 561 657 603 657 13 1 657 0 0 
17115 563 657 600 657 13 1 657 0 0 
17120 566 653 603 653 13 1 653 0 0 
17125 570 653 603 653 13 1 653 0 0 
17130 574 650 600 650 13 1 650 0 0 
17135 576 650 600 650 13 1 650 0 0 
17140 579 645 603 645 13 1 645 0 0 
17145 581 645 600 645 13 1 645 0 0 
17150 585 645 600 645 13 1 645 0 0 
17155 588 642 600 642 13 1 642 0 0 
17160 590 642 600 642 13 1 642 0 0 
17165 594 638 603 638 13 1 638 0 0 
17170 597 635 600 635 13 1 635 0 0 
17175 599 630 600 630 13 1 630 0 0 
17180 603 630 600 630 13 1 630 0 0 
17185 606 627 603 627 13 1 627 0 0 
17190 608 623 600 623 13 1 623 0 0 
17195 612 620 600 620 13 1 620 0 0 
17200 615 620 603 620 13 1 620 0 0 
17205 619 615 600 615 13 1 615 0 0 
17210 621 612 603 612 13 1 612 0 0 
17215 624 612 600 612 13 1 612 0 0 
17220 626 608 603 608 13 1 608 0 0 
17225 630 605 600 605 13 1 605 0 0 
17230 634 605 603 605 13 1 605 0 0 
17235 635 600 603 600 13 1 600 0 0 
17240 639 597 600 597 13 1 597 0 0 
17245 643 593 600 593 13 1 593 0 0 
17250 646 585 600 585 13 1 585 0 0 
17255 650 585 603 585 13 1 585 0 0 
17260 652 582 603 582 13 1 582 0 0 
17265 655 578 603 578 13 1 578 0 0 
17270 659 575 600 575 13 1 575 0 0 
17275 661 570 600 570 13 1 570 0 0 
17280 663 570 600 570 13 1 570 0 0 
17285 666 567 603 567 13 1 567 0 0 
17290 670 563 600 563 13 1 563 0 0 
17295 673 560 600 560 13 1 560 0 0 
17300 677 560 600 560 13 1 560 0 0 
17305 679 552 600 552 13 1 552 0 0 
17310 683 548 600 548 13 1 548 0 0 
17315 686 545 600 545 13 1 545 0 0 
17320 688 545 603 545 13 1 545 0 0 
17325 692 540 600 540 13 1 540 0 0 
17330 693 537 600 537 13 1 537 0 0 
17335 697 533 600 533 13 1 533 0 0 
17340 701 530 603 530 13 1 530 0 0 
17345 704 525 600 525 13 1 525 0 0 
17350 706 522 603 522 13 1 522 0 0 
17355 710 518 603 518 13 1 518 0 0 
17360 712 510 600 510 13 1 510 0 0 
17365 715 507 603 507 13 1 507 0 0 
17370 719 500 603 500 13 1 500 0 0 
17375 721 495 600 495 13 1 495 0 0 
17380 724 492 603 492 13 1 492 0 0 
17385 728 485 600 485 13 1 485 0 0 
17390 730 480 603 480 13 1 480 0 0 
17395 733 477 603 477 13 1 477 0 0 
17400 735 470 600 470 13 1 470 0 0 
17405 739 465 603 465 13 1 465 0 0 
17410 742 462 600 462 13 1 462 0 0 
17415 744 458 603 458 13 1 458 0 0 
17420 748 450 600 450 13 1 450 0 0 
17425 752 443 600 443 13 1 443 0 0 
17430 754 440 603 440 13 1 440 0 0 
17435 758 428 600 428 13 1 428 0 0 
17440 762 425 603 425 13 1 425 0 0 
17445 765 413 600 413 13 1 413 0 0 
17450 767 405 603 405 13 1 405 0 0 
17455 771 398 600 398 13 1 398 0 0 
17460 774 390 600 390 13 1 390 0 0 
17465 776 387 600 387 13 1 387 0 0 
17470 780 380 600 380 13 1 380 0 0 
17475 783 372 593 372 13 1 372 0 0 
17480 785 368 580 368 13 1 368 0 0 
17485 789 360 568 360 13 1 360 0 0 
17490 791 353 563 353 13 1 353 0 0 
17495 794 350 550 350 13 1 350 0 0 
17500 798 345 545 345 13 1 345 0 0 
17505 801 338 533 338 13 1 338 0 0 
17510 801 335 525 335 13 1 335 0 0 
17515 805 335 520 335 13 1 335 0 0 
17520 809 330 508 330 13 1 330 0 0 
17525 810 327 498 327 13 1 327 0 0 
17530 812 323 488 323 13 1 323 0 0 
17535 816 320 480 320 13 1 320 0 0 
17540 818 308 470 308 13 1 308 0 0 
17545 820 300 460 300 13 1 300 0 0 
17550 823 293 450 293 13 1 293 0 0 
17555 825 282 445 282 13 1 282 0 0 
17560 827 275 435 275 13 1 275 0 0 
17565 829 263 420 263 13 1 263 0 0 
17570 830 255 418 255 13 1 255 0 0 
17575 834 248 408 248 13 1 248 0 0 
17580 836 240 398 240 13 1 240 0 0 
17585 838 233 383 233 13 1 233 0 0 
17590 839 233 378 233 13 1 233 0 0 
17595 841 230 368 230 13 1 230 0 0 
17600 843 222 363 222 13 1 222 0 0 
17605 845 218 355 218 13 1 218 0 0 
17610 847 210 350 210 13 1 210 0 0 
17615 849 207 343 207 13 1 207 0 0 
17620 850 203 330 203 13 1 203 0 0 
17625 852 195 318 195 13 1 195 0 0 
17630 854 188 305 188 13 1 188 0 0 
17635 854 180 298 180 13 1 180 0 0 
17640 856 177 290 177 13 1 177 0 0 
17645 858 165 278 165 13 1 165 0 0 
17650 859 162 273 162 13 1 162 0 0 
17655 859 155 263 155 13 1 155 0 0 
17660 861 150 258 150 13 1 150 0 0 
17665 863 143 245 143 13 1 143 0 0 
17670 865 140 233 140 13 1 140 0 0 
17675 865 132 223 132 13 1 132 0 0 
17680 867 128 210 128 13 1 128 0 0 
17685 867 117 198 117 13 1 117 0 0 
17690 869 110 193 110 13 1 110 0 0 
17695 870 105 180 105 13 1 105 0 0 
17700 870 95 170 95 13 1 95 0 0 
17705 870 87 170 87 13 1 87 0 0 
17710 872 80 160 80 13 1 80 0 0 
17715 872 68 148 68 13 1 68 0 0 
17720 874 57 145 57 13 1 57 0 0 
17725 874 42 133 42 13 1 42 0 0 
17730 874 30 128 30 13 1 30 0 0 
17735 876 15 118 15 13 1 15 0 0 
17740 876 0 108 0 13 1 0 0 0 
17745 876 -15 93 -15 13 1 -15 0 0 
17750 876 -35 75 -35 13 1 -35 0 0 
17755 878 -50 63 -50 13 1 -50 0 0 
17760 878 -60 40 -60 13 1 -60 0 0 
17765 878 -75 18 -75 13 1 -75 0 0 
17770 878 -87 0 -87 13 1 -87 0 0 
17775 878 -95 -5 -95 13 1 -95 0 0 
17780 878 -102 -30 -102 13 1 -102 0 0 
17785 878 -105 -58 -105 13 1 -105 0 0 
17790 878 -113 -93 -113 13 1 -113 0 0 
17795 876 -120 -128 -120 13 1 -120 0 0 
17800 876 -128 -158 -128 13 1 -128 0 0 
17805 876 -135 -195 -135 13 1 -135 0 0 
17810 874 -143 -240 -143 13 1 -143 0 0 
17815 872 -150 -285 -150 13 1 -150 0 0 
17820 872 -158 -328 -158 13 1 -158 0 0 
17825 870 -165 -375 -165 13 1 -165 0 0 
17830 869 -173 -435 -173 13 1 -173 0 0 
17835 867 -185 -488 -185 13 1 -185 0 0 
17840 863 -192 -538 -192 14 1 -192 0 0 
17845 859 -200 -565 -200 14 1 -200 0 0 
17850 858 -210 -578 -210 14 1 -210 0 0 
17855 856 -215 -588 -215 14 1 -215 0 0 
17860 852 -225 -590 -225 14 1 -225 0 0 
17865 849 -233 -593 -233 14 1 -233 0 0 
17870 845 -248 -600 -248 14 1 -248 0 0 
17875 843 -270 -600 -270 14 1 -270 0 0 
17880 839 -297 -600 -297 14 1 -297 0 0 
17885 838 -327 -600 -327 14 1 -327 0 0 
17890 834 -365 -598 -365 14 1 -365 0 0 
17895 830 -398 -600 -398 14 1 -398 0 0 
17900 827 -428 -598 -428 14 1 -428 0 0 
17905 825 -458 -598 -458 14 1 -458 0 0 
17910 821 -492 -600 -492 14 1 -492 0 0 
17915 818 -515 -600 -515 14 1 -515 0 0 
17920 816 -533 -600 -533 14 1 -533 0 0 
17925 812 -545 -598 -545 14 1 -545 0 0 
17930 809 -552 -600 -552 14 1 -552 0 0 
17935 807 -555 -598 -555 14 1 -555 0 0 
17940 803 -548 -600 -548 14 1 -548 0 0 
17945 801 -545 -600 -545 14 1 -545 0 0 
17950 798 -537 -600 -537 14 1 -537 0 0 
17955 794 -533 -600 -533 14 1 -533 0 0 
17960 791 -537 -600 -537 14 1 -537 0 0 
17965 789 -545 -600 -545 14 1 -545 0 0 
17970 785 -555 -598 -555 14 1 -555 0 0 
17975 781 -563 -600 -563 14 1 -563 0 0 
17980 778 -582 -600 -582 14 1 -582 0 0 
17985 776 -597 -600 -597 14 1 -597 0 0 
17990 774 -620 -598 -620 14 1 -620 0 0 
17995 771 -635 -600 -635 14 1 -635 0 0 
18000 765 -650 -600 -650 14 1 -650 0 0 
18005 763 -665 -600 -665 14 1 -665 0 0 
18010 760 -675 -598 -675 14 1 -675 0 0 
18015 758 -683 -600 -683 14 1 -683 0 0 
18020 754 -687 -600 -687 14 1 -687 0 0 
18025 750 -690 -600 -690 14 1 -690 0 0 
18030 748 -695 -600 -695 14 1 -695 0 0 
18035 744 -695 -600 -695 14 1 -695 0 0 
18040 741 -698 -600 -698 14 1 -698 0 0 
18045 739 -698 -598 -698 14 1 -698 0 0 
18050 735 -698 -598 -698 14 1 -698 0 0 
18055 731 -702 -600 -702 14 1 -702 0 0 
18060 730 -710 -598 -710 14 1 -710 0 0 
18065 726 -713 -600 -713 14 1 -713 0 0 
18070 722 -720 -598 -720 14 1 -720 0 0 
18075 721 -725 -600 -725 14 1 -725 0 0 
18080 717 -732 -600 -732 14 1 -732 0 0 
18085 713 -735 -600 -735 14 1 -735 0 0 
18090 712 -743 -598 -743 14 1 -743 0 0 
18095 708 -747 -600 -747 14 1 -747 0 0 
18100 706 -755 -600 -755 14 1 -755 0 0 
18105 702 -758 -600 -758 14 1 -758 0 0 
18110 699 -762 -600 -762 14 1 -762 0 0 
18115 697 -762 -600 -762 14 1 -762 0 0 
18120 693 -758 -600 -758 14 1 -758 0 0 
18125 690 -758 -600 -758 14 1 -758 0 0 
18130 688 -758 -600 -758 14 1 -758 0 0 
18135 684 -762 -600 -762 14 1 -762 0 0 
18140 681 -762 -600 -762 14 1 -762 0 0 
18145 679 -762 -600 -762 14 1 -762 0 0 
18150 675 -762 -600 -762 14 1 -762 0 0 
18155 672 -762 -598 -762 14 1 -762 0 0 
18160 670 -765 -600 -765 14 1 -765 0 0 
18165 666 -765 -600 -765 14 1 -765 0 0 
18170 663 -765 -600 -765 14 1 -765 0 0 
18175 661 -762 -598 -762 14 1 -762 0 0 
18180 657 -762 -600 -762 14 1 -762 0 0 
18185 655 -762 -598 -762 14 1 -762 0 0 
18190 652 -758 -600 -758 14 1 -758 0 0 
18195 648 -758 -600 -758 14 1 -758 0 0 
18200 646 -755 -598 -755 14 1 -755 0 0 
18205 643 -755 -600 -755 14 1 -755 0 0 
18210 639 -750 -600 -750 14 1 -750 0 0 
18215 635 -750 -600 -750 14 1 -750 0 0 
18220 632 -750 -598 -750 14 1 -750 0 0 
18225 632 -750 -600 -750 14 1 -750 0 0 
18230 626 -750 -600 -750 14 1 -750 0 0 
18235 623 -755 -598 -755 14 1 -755 0 0 
18240 621 -755 -600 -755 14 1 -755 0 0 
18245 619 -755 -600 -755 14 1 -755 0 0 
18250 615 -755 -600 -755 14 1 -755 0 0 
18255 612 -758 -600 -758 14 1 -758 0 0 
18260 608 -755 -600 -755 14 1 -755 0 0 
18265 606 -755 -600 -755 14 1 -755 0 0 
18270 603 -750 -600 -750 14 1 -750 0 0 
18275 599 -750 -598 -750 14 1 -750 0 0 
18280 595 -750 -600 -750 14 1 -750 0 0 
18285 594 -747 -598 -747 14 1 -747 0 0 
18290 590 -747 -600 -747 14 1 -747 0 0 
18295 588 -747 -598 -747 14 1 -747 0 0 
18300 585 -743 -600 -743 14 1 -743 0 0 
18305 581 -743 -600 -743 14 1 -743 0 0 
18310 577 -740 -600 -740 14 1 -740 0 0 
18315 576 -740 -598 -740 14 1 -740 0 0 
18320 574 -735 -600 -735 14 1 -735 0 0 
18325 570 -732 -600 -732 14 1 -732 0 0 
18330 566 -732 -598 -732 14 1 -732 0 0 
18335 565 -728 -600 -728 14 1 -728 0 0 
18340 561 -728 -600 -728 14 1 -728 0 0 
18345 559 -728 -600 -728 14 1 -728 0 0 
18350 556 -725 -600 -725 14 1 -725 0 0 
18355 552 -725 -600 -725 14 1 -725 0 0 
18360 548 -725 -600 -725 14 1 -725 0 0 
18365 547 -725 -600 -725 14 1 -725 0 0 
18370 543 -720 -600 -720 14 1 -720 0 0 
18375 539 -717 -598 -717 14 1 -717 0 0 
18380 537 -717 -600 -717 14 1 -717 0 0 
18385 534 -713 -600 -713 14 1 -713 0 0 
18390 530 -710 -600 -710 14 1 -710 0 0 
18395 527 -710 -600 -710 14 1 -710 0 0 
18400 524 -710 -600 -710 14 1 -710 0 0 
18405 522 -710 -600 -710 14 1 -710 0 0 
18410 516 -710 -598 -710 14 1 -710 0 0 
18415 515 -710 -598 -710 14 1 -710 0 0 
18420 511 -710 -600 -710 14 1 -710 0 0 
18425 509 -710 -600 -710 14 1 -710 0 0 
18430 506 -710 -600 -710 14 1 -710 0 0 
18435 504 -705 -600 -705 14 1 -705 0 0 
18440 500 -705 -598 -705 14 1 -705 0 0 
18445 497 -702 -598 -702 14 1 -702 0 0 
18450 493 -698 -598 -698 14 1 -698 0 0 
18455 491 -695 -600 -695 14 1 -695 0 0 
18460 487 -690 -600 -690 14 1 -690 0 0 
18465 486 -690 -600 -690 14 1 -690 0 0 
18470 482 -687 -600 -687 14 1 -687 0 0 
18475 478 -687 -598 -687 14 1 -687 0 0 
18480 475 -683 -600 -683 14 1 -683 0 0 
18485 473 -683 -600 -683 14 1 -683 0 0 
18490 469 -680 -600 -680 14 1 -680 0 0 
18495 468 -680 -600 -680 14 1 -680 0 0 
18500 464 -683 -598 -683 14 1 -683 0 0 
18505 460 -680 -600 -680 14 1 -680 0 0 
18510 458 -680 -600 -680 14 1 -680 0 0 
18515 455 -680 -600 -680 14 1 -680 0 0 
18520 453 -680 -600 -680 14 1 -680 0 0 
18525 449 -675 -600 -675 14 1 -675 0 0 
18530 446 -675 -598 -675 14 1 -675 0 0 
18535 442 -675 -598 -675 14 1 -675 0 0 
18540 440 -672 -600 -672 14 1 -672 0 0 
18545 437 -672 -600 -672 14 1 -672 0 0 
18550 433 -668 -600 -668 14 1 -668 0 0 
18555 431 -665 -600 -665 14 1 -665 0 0 
18560 428 -660 -598 -660 14 1 -660 0 0 
18565 424 -657 -598 -657 14 1 -657 0 0 
18570 420 -650 -600 -650 14 1 -650 0 0 
18575 419 -650 -598 -650 14 1 -650 0 0 
18580 415 -642 -600 -642 14 1 -642 0 0 
18585 413 -638 -600 -638 14 1 -638 0 0 
18590 409 -635 -598 -635 14 1 -635 0 0 
18595 406 -635 -600 -635 14 1 -635 0 0 
18600 404 -630 -598 -630 14 1 -630 0 0 
18605 400 -627 -600 -627 14 1 -627 0 0 
18610 397 -627 -600 -627 14 1 -627 0 0 
18615 395 -627 -600 -627 14 1 -627 0 0 
18620 391 -623 -600 -623 14 1 -623 0 0 
18625 390 -623 -600 -623 14 1 -623 0 0 
18630 384 -615 -600 -615 14 1 -615 0 0 
18635 382 -615 -600 -615 14 1 -615 0 0 
18640 380 -612 -600 -612 14 1 -612 0 0 
18645 377 -608 -598 -608 14 1 -608 0 0 
18650 373 -605 -600 -605 14 1 -605 0 0 
18655 370 -600 -600 -600 14 1 -600 0 0 
18660 368 -597 -598 -597 14 1 -597 0 0 
18665 366 -593 -600 -593 14 1 -593 0 0 
18670 361 -590 -598 -590 14 1 -590 0 0 
18675 359 -585 -598 -585 14 1 -585 0 0 
18680 357 -582 -598 -582 14 1 -582 0 0 
18685 353 -575 -600 -575 14 1 -575 0 0 
18690 350 -570 -598 -570 14 1 -570 0 0 
18695 348 -567 -600 -567 14 1 -567 0 0 
18700 344 -563 -600 -563 14 1 -563 0 0 
18705 341 -563 -598 -563 14 1 -563 0 0 
18710 339 -560 -600 -560 14 1 -560 0 0 
18715 335 -555 -600 -555 14 1 -555 0 0 
18720 331 -552 -600 -552 14 1 -552 0 0 
18725 330 -548 -598 -548 14 1 -548 0 0 
18730 326 -545 -600 -545 14 1 -545 0 0 
18735 324 -537 -598 -537 14 1 -537 0 0 
18740 321 -530 -598 -530 14 1 -530 0 0 
18745 317 -525 -598 -525 14 1 -525 0 0 
18750 315 -518 -598 -518 14 1 -518 0 0 
18755 312 -510 -600 -510 14 1 -510 0 0 
18760 308 -503 -600 -503 14 1 -503 0 0 
18765 306 -495 -600 -495 14 1 -495 0 0 
18770 301 -488 -600 -488 14 1 -488 0 0 
18775 298 -480 -600 -480 14 1 -480 0 0 
18780 296 -473 -598 -473 14 1 -473 0 0 
18785 292 -465 -600 -465 14 1 -465 0 0 
18790 289 -458 -600 -458 14 1 -458 0 0 
18795 287 -447 -598 -447 14 1 -447 0 0 
18800 285 -440 -600 -440 14 1 -440 0 0 
18805 282 -432 -600 -432 14 1 -432 0 0 
18810 278 -425 -600 -425 14 1 -425 0 0 
18815 274 -417 -598 -417 14 1 -417 0 0 
18820 271 -405 -600 -405 14 1 -405 0 0 
18825 269 -398 -593 -398 14 1 -398 0 0 
18830 265 -383 -580 -383 14 1 -383 0 0 
18835 262 -372 -575 -372 14 1 -372 0 0 
18840 260 -360 -563 -360 14 1 -360 0 0 
18845 258 -345 -560 -345 14 1 -345 0 0 
18850 254 -335 -545 -335 14 1 -335 0 0 
18855 251 -323 -540 -323 14 1 -323 0 0 
18860 249 -315 -528 -315 14 1 -315 0 0 
18865 247 -305 -523 -305 14 1 -305 0 0 
18870 243 -293 -510 -293 14 1 -293 0 0 
18875 240 -282 -500 -282 14 1 -282 0 0 
18880 240 -270 -498 -270 14 1 -270 0 0 
18885 236 -260 -488 -260 14 1 -260 0 0 
18890 234 -248 -473 -248 14 1 -248 0 0 
18895 233 -240 -470 -240 14 1 -240 0 0 
18900 231 -230 -460 -230 14 1 -230 0 0 
18905 229 -222 -455 -222 14 1 -222 0 0 
18910 225 -207 -445 -207 14 1 -207 0 0 
18915 223 -200 -430 -200 14 1 -200 0 0 
18920 222 -188 -423 -188 14 1 -188 0 0 
18925 220 -180 -415 -180 14 1 -180 0 0 
18930 216 -170 -408 -170 14 1 -170 0 0 
18935 214 -158 -395 -158 14 1 -158 0 0 
18940 213 -150 -390 -150 14 1 -150 0 0 
18945 211 -143 -375 -143 14 1 -143 0 0 
18950 209 -128 -370 -128 14 1 -128 0 0 
18955 207 -117 -363 -117 14 1 -117 0 0 
18960 207 -102 -355 -102 14 1 -102 0 0 
18965 205 -83 -340 -83 14 1 -83 0 0 
18970 202 -57 -330 -57 14 1 -57 0 0 
18975 202 -30 -315 -30 14 1 -30 0 0 
18980 200 0 -300 0 14 1 0 0 0 
18985 198 30 -278 30 14 1 30 0 0 
18990 198 68 -248 68 14 1 68 0 0 
18995 196 90 -220 90 14 1 90 0 0 
19000 194 113 -188 113 14 1 113 0 0 
19005 194 135 -155 135 14 1 135 0 0 
19010 193 155 -115 155 14 1 155 0 0 
19015 193 165 -75 165 14 1 165 0 0 
19020 193 173 -35 173 14 1 173 0 0 
19025 193 180 0 180 14 1 180 0 0 
19030 193 188 18 188 14 1 188 0 0 
19035 193 195 70 195 14 1 195 0 0 
19040 193 203 123 203 14 1 203 0 0 
19045 193 210 175 210 14 1 210 0 0 
19050 194 225 245 225 14 1 225 0 0 
19055 196 233 305 233 14 1 233 0 0 
19060 198 245 365 245 14 1 245 0 0 
19065 200 248 423 248 14 1 248 0 0 
19070 202 248 500 248 14 1 248 0 0 
19075 204 245 563 245 14 1 245 0 0 
19080 207 240 593 240 15 1 240 0 0 
19085 211 237 600 237 15 1 237 0 0 
19090 213 237 600 237 15 1 237 0 0 
19095 216 240 600 240 15 1 240 0 0 
19100 220 248 603 248 15 1 248 0 0 
19105 222 267 600 267 15 1 267 0 0 
19110 225 305 603 305 15 1 305 0 0 
19115 229 345 600 345 15 1 345 0 0 
19120 231 390 600 390 15 1 390 0 0 
19125 236 432 600 432 15 1 432 0 0 
19130 238 480 600 480 15 1 480 0 0 
19135 240 518 603 518 15 1 518 0 0 
19140 243 545 600 545 15 1 545 0 0 
19145 247 570 600 570 15 1 570 0 0 
19150 251 585 600 585 15 1 585 0 0 
19155 254 593 600 593 15 1 593 0 0 
19160 256 593 603 593 15 1 593 0 0 
19165 260 590 600 590 15 1 590 0 0 
19170 263 582 600 582 15 1 582 0 0 
19175 265 575 603 575 15 1 575 0 0 
19180 269 570 600 570 15 1 570 0 0 
19185 272 567 603 567 15 1 567 0 0 
19190 274 570 600 570 15 1 570 0 0 
19195 278 575 603 575 15 1 575 0 0 
19200 282 578 600 578 15 1 578 0 0 
19205 283 585 600 585 15 1 585 0 0 
19210 287 597 603 597 15 1 597 0 0 
19215 291 608 600 608 15 1 608 0 0 
19220 294 615 600 615 15 1 615 0 0 
19225 296 627 600 627 15 1 627 0 0 
19230 300 638 603 638 15 1 638 0 0 
19235 303 653 603 653 15 1 653 0 0 
19240 308 665 600 665 15 1 665 0 0 
19245 310 672 600 672 15 1 672 0 0 
19250 313 683 600 683 15 1 683 0 0 
19255 317 690 600 690 15 1 690 0 0 
19260 319 695 603 695 15 1 695 0 0 
19265 322 698 603 698 15 1 698 0 0 
19270 326 702 603 702 15 1 702 0 0 
19275 330 702 600 702 15 1 702 0 0 
19280 331 702 603 702 15 1 702 0 0 
19285 335 702 600 702 15 1 702 0 0 
19290 339 702 600 702 15 1 702 0 0 
19295 341 698 600 698 15 1 698 0 0 
19300 344 702 603 702 15 1 702 0 0 
19305 348 702 600 702 15 1 702 0 0 
19310 351 702 600 702 15 1 702 0 0 
19315 353 705 600 705 15 1 705 0 0 
19320 357 710 600 710 15 1 710 0 0 
19325 361 717 603 717 15 1 717 0 0 
19330 362 725 600 725 15 1 725 0 0 
19335 366 732 600 732 15 1 732 0 0 
19340 368 735 603 735 15 1 735 0 0 
19345 371 740 600 740 15 1 740 0 0 
19350 373 743 600 743 15 1 743 0 0 
19355 377 743 603 743 15 1 743 0 0 
19360 380 743 600 743 15 1 743 0 0 
19365 382 740 600 740 15 1 740 0 0 
19370 386 735 603 735 15 1 735 0 0 
19375 390 735 600 735 15 1 735 0 0 
19380 393 735 600 735 15 1 735 0 0 
19385 395 732 600 732 15 1 732 0 0 
19390 399 732 600 732 15 1 732 0 0 
19395 402 732 603 732 15 1 732 0 0 
19400 406 732 600 732 15 1 732 0 0 
19405 408 732 600 732 15 1 732 0 0 
19410 411 732 603 732 15 1 732 0 0 
19415 415 732 600 732 15 1 732 0 0 
19420 417 732 600 732 15 1 732 0 0 
19425 420 732 603 732 15 1 732 0 0 
19430 424 732 600 732 15 1 732 0 0 
19435 428 732 600 732 15 1 732 0 0 
19440 429 728 600 728 15 1 728 0 0 
19445 433 728 603 728 15 1 728 0 0 
19450 435 725 603 725 15 1 725 0 0 
19455 439 725 600 725 15 1 725 0 0 
19460 442 720 600 720 15 1 720 0 0 
19465 444 720 600 720 15 1 720 0 0 
19470 448 717 600 717 15 1 717 0 0 
19475 451 713 600 713 15 1 713 0 0 
19480 453 713 600 713 15 1 713 0 0 
19485 457 710 600 710 15 1 710 0 0 
19490 460 713 603 713 15 1 713 0 0 
19495 462 710 603 710 15 1 710 0 0 
19500 466 710 600 710 15 1 710 0 0 
19505 469 705 603 705 15 1 705 0 0 
19510 473 705 600 705 15 1 705 0 0 
19515 475 702 603 702 15 1 702 0 0 
19520 478 702 600 702 15 1 702 0 0 
19525 480 702 603 702 15 1 702 0 0 
19530 484 702 603 702 15 1 702 0 0 
19535 487 702 603 702 15 1 702 0 0 
19540 491 702 600 702 15 1 702 0 0 
19545 493 698 600 698 15 1 698 0 0 
19550 497 698 600 698 15 1 698 0 0 
19555 500 695 600 695 15 1 695 0 0 
19560 502 695 603 695 15 1 695 0 0 
19565 506 690 600 690 15 1 690 0 0 
19570 507 687 600 687 15 1 687 0 0 
19575 513 687 603 687 15 1 687 0 0 
19580 515 683 600 683 15 1 683 0 0 
19585 518 683 600 683 15 1 683 0 0 
19590 522 680 600 680 15 1 680 0 0 
19595 524 680 600 680 15 1 680 0 0 
19600 527 675 603 675 15 1 675 0 0 
19605 532 675 600 675 15 1 675 0 0 
19610 534 672 600 672 15 1 672 0 0 
19615 537 672 603 672 15 1 672 0 0 
19620 541 668 603 668 15 1 668 0 0 
19625 543 668 600 668 15 1 668 0 0 
19630 545 665 603 665 15 1 665 0 0 
19635 550 660 600 660 15 1 660 0 0 
19640 552 660 600 660 15 1 660 0 0 
19645 556 657 603 657 15 1 657 0 0 
19650 559 653 600 653 15 1 653 0 0 
19655 563 650 600 650 15 1 650 0 0 
19660 565 645 603 645 15 1 645 0 0 
19665 568 645 603 645 15 1 645 0 0 
19670 570 642 603 642 15 1 642 0 0 
19675 574 642 603 642 15 1 642 0 0 
19680 577 638 600 638 15 1 638 0 0 
19685 579 638 600 638 15 1 638 0 0 
19690 583 638 600 638 15 1 638 0 0 
19695 586 635 600 635 15 1 635 0 0 
19700 588 635 603 635 15 1 635 0 0 
19705 592 630 603 630 15 1 630 0 0 
19710 594 627 600 627 15 1 627 0 0 
19715 597 627 600 627 15 1 627 0 0 
19720 601 623 600 623 15 1 623 0 0 
19725 605 623 600 623 15 1 623 0 0 
19730 606 620 600 620 15 1 620 0 0 
19735 610 620 600 620 15 1 620 0 0 
19740 614 620 603 620 15 1 620 0 0 
19745 617 620 600 620 15 1 620 0 0 
19750 619 620 600 620 15 1 620 0 0 
19755 623 615 603 615 15 1 615 0 0 
19760 626 615 600 615 15 1 615 0 0 
19765 628 612 600 612 15 1 612 0 0 
19770 632 608 603 608 15 1 608 0 0 
19775 635 605 600 605 15 1 605 0 0 
19780 639 605 600 605 15 1 605 0 0 
19785 641 600 603 600 15 1 600 0 0 
19790 644 600 600 600 15 1 600 0 0 
19795 648 597 600 597 15 1 597 0 0 
19800 650 593 603 593 15 1 593 0 0 
19805 654 590 600 590 15 1 590 0 0 
19810 657 590 603 590 15 1 590 0 0 
19815 659 590 600 590 15 1 590 0 0 
19820 663 585 600 585 15 1 585 0 0 
19825 666 582 600 582 15 1 582 0 0 
19830 668 582 600 582 15 1 582 0 0 
19835 672 578 600 578 15 1 578 0 0 
19840 675 578 600 578 15 1 578 0 0 
19845 677 570 600 570 15 1 570 0 0 
19850 681 570 600 570 15 1 570 0 0 
19855 684 567 600 567 15 1 567 0 0 
19860 686 563 603 563 15 1 563 0 0 
19865 690 560 600 560 15 1 560 0 0 
19870 693 555 600 555 15 1 555 0 0 
19875 697 552 600 552 15 1 552 0 0 
19880 699 548 600 548 15 1 548 0 0 
19885 702 545 600 545 15 1 545 0 0 
19890 706 545 600 545 15 1 545 0 0 
19895 708 540 600 540 15 1 540 0 0 
19900 712 537 600 537 15 1 537 0 0 
19905 713 533 600 533 15 1 533 0 0 
19910 717 530 600 530 15 1 530 0 0 
19915 721 522 600 522 15 1 522 0 0 
19920 722 515 600 515 15 1 515 0 0 
19925 726 510 603 510 15 1 510 0 0 
19930 728 507 600 507 15 1 507 0 0 
19935 731 503 600 503 15 1 503 0 0 
19940 735 500 600 500 15 1 500 0 0 
19945 737 492 603 492 15 1 492 0 0 
19950 741 488 600 488 15 1 488 0 0 
19955 744 485 600 485 15 1 485 0 0 
19960 748 477 600 477 15 1 477 0 0 
19965 750 473 600 473 15 1 473 0 0 
19970 754 470 603 470 15 1 470 0 0 
19975 756 462 600 462 15 1 462 0 0 
19980 760 458 600 458 15 1 458 0 0 
19985 763 450 603 450 15 1 450 0 0 
19990 765 450 600 450 15 1 450 0 0 
19995 769 447 600 447 15 1 447 0 0 
20000 772 443 603 443 15 1 443 0 0 
20005 774 440 600 440 15 1 440 0 0 
20010 778 435 600 435 15 1 435 0 0 
20015 781 432 598 432 15 1 432 0 0 
20020 783 425 588 425 15 1 425 0 0 
20025 787 420 573 420 15 1 420 0 0 
20030 791 413 565 413 15 1 413 0 0 
20035 792 405 560 405 15 1 405 0 0 
20040 796 402 550 402 15 1 402 0 0 
20045 800 398 538 398 15 1 398 0 0 
20050 801 398 528 398 15 1 398 0 0 
20055 805 395 520 395 15 1 395 0 0 
20060 807 395 510 395 15 1 395 0 0 
20065 810 395 498 395 15 1 395 0 0 
20070 812 395 495 395 15 1 395 0 0 
20075 814 390 483 390 15 1 390 0 0 
20080 818 390 473 390 15 1 390 0 0 
20085 820 383 460 383 15 1 383 0 0 
20090 821 375 455 375 15 1 375 0 0 
20095 823 365 448 365 15 1 365 0 0 
20100 825 353 433 353 15 1 353 0 0 
20105 827 345 430 345 15 1 345 0 0 
20110 830 338 420 338 15 1 338 0 0 
20115 832 327 410 327 15 1 327 0 0 
20120 834 320 405 320 15 1 320 0 0 
20125 836 312 390 312 15 1 312 0 0 
20130 838 308 380 308 15 1 308 0 0 
20135 839 300 378 300 15 1 300 0 0 
20140 841 297 365 297 15 1 297 0 0 
20145 843 293 355 293 15 1 293 0 0 
20150 847 290 345 290 15 1 290 0 0 
20155 847 285 333 285 15 1 285 0 0 
20160 849 285 325 285 15 1 285 0 0 
20165 850 278 318 278 15 1 278 0 0 
20170 852 275 318 275 15 1 275 0 0 
20175 854 267 305 267 15 1 267 0 0 
20180 856 263 298 263 15 1 263 0 0 
20185 858 255 288 255 15 1 255 0 0 
20190 859 248 278 248 15 1 248 0 0 
20195 859 240 263 240 15 1 240 0 0 
20200 861 233 260 233 15 1 233 0 0 
20205 863 230 248 230 15 1 230 0 0 
20210 863 222 240 222 15 1 222 0 0 
20215 865 215 228 215 15 1 215 0 0 
20220 867 207 213 207 15 1 207 0 0 
20225 867 203 208 203 15 1 203 0 0 
20230 869 195 195 195 15 1 195 0 0 
20235 869 188 185 188 15 1 188 0 0 
20240 870 185 173 185 15 1 185 0 0 
20245 870 180 170 180 15 1 180 0 0 
20250 872 177 165 177 15 1 177 0 0 
20255 872 170 153 170 15 1 170 0 0 
20260 874 162 145 162 15 1 162 0 0 
20265 874 158 140 158 15 1 158 0 0 
20270 874 147 133 147 15 1 147 0 0 
20275 876 135 133 135 15 1 135 0 0 
20280 876 128 120 128 15 1 128 0 0 
20285 876 113 120 113 15 1 113 0 0 
20290 878 102 118 102 15 1 102 0 0 
20295 878 87 108 87 15 1 87 0 0 
20300 878 72 103 72 15 1 72 0 0 
20305 878 57 100 57 15 1 57 0 0 
20310 879 38 90 38 15 1 38 0 0 
20315 879 15 75 15 15 1 15 0 0 
20320 879 -5 65 -5 15 1 -5 0 0 
20325 879 -27 48 -27 15 1 -27 0 0 
20330 879 -45 25 -45 15 1 -45 0 0 
20335 879 -68 0 -68 15 1 -68 0 0 
20340 879 -83 -10 -83 15 1 -83 0 0 
20345 879 -98 -38 -98 15 1 -98 0 0 
20350 879 -117 -75 -117 15 1 -117 0 0 
20355 879 -132 -118 -132 15 1 -132 0 0 
20360 879 -150 -155 -150 15 1 -150 0 0 
20365 878 -165 -200 -165 15 1 -165 0 0 
20370 878 -180 -248 -180 15 1 -180 0 0 
20375 876 -195 -310 -195 15 1 -195 0 0 
20380 874 -207 -365 -207 15 1 -207 0 0 
20385 872 -218 -420 -218 15 1 -218 0 0 
20390 870 -225 -480 -225 15 1 -225 0 0 
20395 869 -237 -555 -237 15 1 -237 0 0 
20400 865 -245 -593 -245 15 1 -245 0 0 
20405 861 -255 -600 -255 16 1 -255 0 0 
20410 859 -263 -600 -263 16 1 -263 0 0 
20415 856 -275 -600 -275 16 1 -275 0 0 
20420 852 -285 -600 -285 16 1 -285 0 0 
20425 850 -305 -600 -305 16 1 -305 0 0 
20430 847 -323 -598 -323 16 1 -323 0 0 
20435 843 -360 -600 -360 16 1 -360 0 0 
20440 841 -395 -600 -395 16 1 -395 0 0 
20445 838 -428 -600 -428 16 1 -428 0 0 
20450 834 -462 -600 -462 16 1 -462 0 0 
20455 830 -507 -600 -507 16 1 -507 0 0 
20460 829 -537 -598 -537 16 1 -537 0 0 
20465 825 -563 -600 -563 16 1 -563 0 0 
20470 823 -578 -600 -578 16 1 -578 0 0 
20475 820 -593 -600 -593 16 1 -593 0 0 
20480 816 -593 -600 -593 16 1 -593 0 0 
20485 814 -593 -598 -593 16 1 -593 0 0 
20490 810 -585 -598 -585 16 1 -585 0 0 
20495 807 -575 -600 -575 16 1 -575 0 0 
20500 805 -570 -600 -570 16 1 -570 0 0 
20505 801 -567 -600 -567 16 1 -567 0 0 
20510 800 -570 -598 -570 16 1 -570 0 0 
20515 794 -578 -598 -578 16 1 -578 0 0 
20520 792 -590 -600 -590 16 1 -590 0 0 
20525 789 -605 -600 -605 16 1 -605 0 0 
20530 787 -620 -600 -620 16 1 -620 0 0 
20535 783 -635 -598 -635 16 1 -635 0 0 
20540 780 -645 -598 -645 16 1 -645 0 0 
20545 776 -660 -600 -660 16 1 -660 0 0 
20550 774 -668 -600 -668 16 1 -668 0 0 
20555 771 -680 -598 -680 16 1 -680 0 0 
20560 767 -683 -600 -683 16 1 -683 0 0 
20565 765 -683 -600 -683 16 1 -683 0 0 
20570 762 -687 -600 -687 16 1 -687 0 0 
20575 758 -687 -600 -687 16 1 -687 0 0 
20580 756 -687 -600 -687 16 1 -687 0 0 
20585 752 -687 -600 -687 16 1 -687 0 0 
20590 750 -690 -600 -690 16 1 -690 0 0 
20595 744 -698 -598 -698 16 1 -698 0 0 
20600 742 -702 -600 -702 16 1 -702 0 0 
20605 739 -710 -598 -710 16 1 -710 0 0 
20610 735 -717 -598 -717 16 1 -717 0 0 
20615 733 -725 -600 -725 16 1 -725 0 0 
20620 730 -725 -600 -725 16 1 -725 0 0 
20625 728 -732 -600 -732 16 1 -732 0 0 
20630 724 -735 -598 -735 16 1 -735 0 0 
20635 721 -740 -598 -740 16 1 -740 0 0 
20640 717 -743 -598 -743 16 1 -743 0 0 
20645 715 -743 -600 -743 16 1 -743 0 0 
20650 713 -747 -598 -747 16 1 -747 0 0 
20655 708 -747 -600 -747 16 1 -747 0 0 
20660 706 -747 -600 -747 16 1 -747 0 0 
20665 704 -747 -598 -747 16 1 -747 0 0 
20670 701 -750 -598 -750 16 1 -750 0 0 
20675 697 -750 -600 -750 16 1 -750 0 0 
20680 693 -750 -600 -750 16 1 -750 0 0 
20685 692 -755 -598 -755 16 1 -755 0 0 
20690 690 -755 -600 -755 16 1 -755 0 0 
20695 684 -758 -600 -758 16 1 -758 0 0 
20700 683 -758 -600 -758 16 1 -758 0 0 
20705 681 -762 -600 -762 16 1 -762 0 0 
20710 677 -762 -600 -762 16 1 -762 0 0 
20715 673 -765 -600 -765 16 1 -765 0 0 
20720 672 -765 -600 -765 16 1 -765 0 0 
20725 668 -770 -600 -770 16 1 -770 0 0 
20730 664 -770 -600 -770 16 1 -770 0 0 
20735 663 -773 -600 -773 16 1 -773 0 0 
20740 659 -773 -598 -773 16 1 -773 0 0 
20745 655 -777 -600 -777 16 1 -777 0 0 
20750 652 -777 -600 -777 16 1 -777 0 0 
20755 650 -780 -600 -780 16 1 -780 0 0 
20760 646 -785 -600 -785 16 1 -785 0 0 
20765 644 -785 -600 -785 16 1 -785 0 0 
20770 641 -785 -600 -785 16 1 -785 0 0 
20775 637 -785 -600 -785 16 1 -785 0 0 
20780 634 -788 -598 -788 16 1 -788 0 0 
20785 632 -788 -600 -788 16 1 -788 0 0 
20790 628 -788 -600 -788 16 1 -788 0 0 
20795 624 -788 -600 -788 16 1 -788 0 0 
20800 621 -788 -598 -788 16 1 -788 0 0 
20805 619 -788 -600 -788 16 1 -788 0 0 
20810 615 -788 -600 -788 16 1 -788 0 0 
20815 612 -788 -600 -788 16 1 -788 0 0 
20820 610 -788 -600 -788 16 1 -788 0 0 
20825 606 -788 -598 -788 16 1 -788 0 0 
20830 605 -788 -600 -788 16 1 -788 0 0 
20835 601 -785 -600 -785 16 1 -785 0 0 
20840 597 -785 -598 -785 16 1 -785 0 0 
20845 595 -788 -600 -788 16 1 -788 0 0 
20850 592 -785 -600 -785 16 1 -785 0 0 
20855 588 -788 -598 -788 16 1 -788 0 0 
20860 586 -788 -600 -788 16 1 -788 0 0 
20865 583 -785 -600 -785 16 1 -785 0 0 
20870 579 -785 -598 -785 16 1 -785 0 0 
20875 576 -785 -600 -785 16 1 -785 0 0 
20880 574 -785 -600 -785 16 1 -785 0 0 
20885 570 -785 -600 -785 16 1 -785 0 0 
20890 568 -785 -598 -785 16 1 -785 0 0 
20895 565 -780 -598 -780 16 1 -780 0 0 
20900 563 -785 -600 -785 16 1 -785 0 0 
20905 559 -785 -600 -785 16 1 -785 0 0 
20910 556 -785 -600 -785 16 1 -785 0 0 
20915 554 -785 -600 -785 16 1 -785 0 0 
20920 550 -785 -600 -785 16 1 -785 0 0 
20925 547 -788 -598 -788 16 1 -788 0 0 
20930 545 -785 -600 -785 16 1 -785 0 0 
20935 539 -785 -600 -785 16 1 -785 0 0 
20940 537 -780 -600 -780 16 1 -780 0 0 
20945 536 -777 -598 -777 16 1 -777 0 0 
20950 532 -773 -598 -773 16 1 -773 0 0 
20955 527 -770 -598 -770 16 1 -770 0 0 
20960 526 -765 -600 -765 16 1 -765 0 0 
20965 522 -762 -600 -762 16 1 -762 0 0 
20970 520 -758 -600 -758 16 1 -758 0 0 
20975 515 -758 -600 -758 16 1 -758 0 0 
20980 513 -755 -598 -755 16 1 -755 0 0 
20985 509 -755 -600 -755 16 1 -755 0 0 
20990 507 -750 -600 -750 16 1 -750 0 0 
20995 504 -747 -598 -747 16 1 -747 0 0 
21000 500 -743 -600 -743 16 1 -743 0 0 
21005 498 -740 -598 -740 16 1 -740 0 0 
21010 495 -735 -600 -735 16 1 -735 0 0 
21015 491 -728 -600 -728 16 1 -728 0 0 
21020 489 -725 -600 -725 16 1 -725 0 0 
21025 486 -720 -600 -720 16 1 -720 0 0 
21030 482 -713 -598 -713 16 1 -713 0 0 
21035 480 -710 -600 -710 16 1 -710 0 0 
21040 477 -702 -600 -702 16 1 -702 0 0 
21045 473 -698 -600 -698 16 1 -698 0 0 
21050 471 -695 -600 -695 16 1 -695 0 0 
21055 468 -690 -598 -690 16 1 -690 0 0 
21060 466 -683 -600 -683 16 1 -683 0 0 
21065 462 -680 -600 -680 16 1 -680 0 0 
21070 458 -675 -598 -675 16 1 -675 0 0 
21075 457 -672 -600 -672 16 1 -672 0 0 
21080 453 -665 -600 -665 16 1 -665 0 0 
21085 449 -660 -600 -660 16 1 -660 0 0 
21090 448 -657 -600 -657 16 1 -657 0 0 
21095 444 -653 -600 -653 16 1 -653 0 0 
21100 440 -645 -600 -645 16 1 -645 0 0 
21105 439 -642 -600 -642 16 1 -642 0 0 
21110 435 -638 -600 -638 16 1 -638 0 0 
21115 433 -635 -600 -635 16 1 -635 0 0 
21120 429 -627 -600 -627 16 1 -627 0 0 
21125 426 -620 -598 -620 16 1 -620 0 0 
21130 424 -620 -600 -620 16 1 -620 0 0 
21135 420 -612 -600 -612 16 1 -612 0 0 
21140 417 -608 -598 -608 16 1 -608 0 0 
21145 415 -605 -600 -605 16 1 -605 0 0 
21150 411 -600 -598 -600 16 1 -600 0 0 
21155 409 -597 -600 -597 16 1 -597 0 0 
21160 404 -590 -598 -590 16 1 -590 0 0 
21165 402 -590 -600 -590 16 1 -590 0 0 
21170 399 -585 -598 -585 16 1 -585 0 0 
21175 395 -585 -600 -585 16 1 -585 0 0 
21180 393 -582 -600 -582 16 1 -582 0 0 
21185 390 -578 -600 -578 16 1 -578 0 0 
21190 388 -575 -598 -575 16 1 -575 0 0 
21195 384 -575 -600 -575 16 1 -575 0 0 
21200 380 -570 -600 -570 16 1 -570 0 0 
21205 379 -567 -600 -567 16 1 -567 0 0 
21210 375 -567 -600 -567 16 1 -567 0 0 
21215 373 -567 -600 -567 16 1 -567 0 0 
21220 370 -567 -600 -567 16 1 -567 0 0 
21225 366 -567 -600 -567 16 1 -567 0 0 
21230 362 -567 -598 -567 16 1 -567 0 0 
21235 361 -563 -600 -563 16 1 -563 0 0 
21240 357 -563 -598 -563 16 1 -563 0 0 
21245 355 -563 -600 -563 16 1 -563 0 0 
21250 351 -560 -600 -560 16 1 -560 0 0 
21255 350 -560 -600 -560 16 1 -560 0 0 
21260 346 -555 -600 -555 16 1 -555 0 0 
21265 342 -555 -598 -555 16 1 -555 0 0 
21270 339 -555 -598 -555 16 1 -555 0 0 
21275 337 -555 -600 -555 16 1 -555 0 0 
21280 333 -552 -600 -552 16 1 -552 0 0 
21285 330 -548 -600 -548 16 1 -548 0 0 
21290 328 -545 -598 -545 16 1 -545 0 0 
21295 324 -537 -600 -537 16 1 -537 0 0 
21300 322 -530 -600 -530 16 1 -530 0 0 
21305 319 -525 -598 -525 16 1 -525 0 0 
21310 317 -522 -598 -522 16 1 -522 0 0 
21315 313 -518 -600 -518 16 1 -518 0 0 
21320 310 -510 -598 -510 16 1 -510 0 0 
21325 308 -507 -600 -507 16 1 -507 0 0 
21330 303 -507 -598 -507 16 1 -507 0 0 
21335 300 -500 -600 -500 16 1 -500 0 0 
21340 298 -495 -600 -495 16 1 -495 0 0 
21345 294 -492 -600 -492 16 1 -492 0 0 
21350 291 -488 -600 -488 16 1 -488 0 0 
21355 289 -480 -600 -480 16 1 -480 0 0 
21360 285 -477 -600 -477 16 1 -477 0 0 
21365 282 -470 -598 -470 16 1 -470 0 0 
21370 278 -462 -598 -462 16 1 -462 0 0 
21375 276 -455 -600 -455 16 1 -455 0 0 
21380 272 -443 -600 -443 16 1 -443 0 0 
21385 271 -435 -600 -435 16 1 -435 0 0 
21390 267 -425 -585 -425 16 1 -425 0 0 
21395 263 -417 -578 -417 16 1 -417 0 0 
21400 262 -410 -565 -410 16 1 -410 0 0 
21405 258 -402 -555 -402 16 1 -402 0 0 
21410 256 -395 -550 -395 16 1 -395 0 0 
21415 253 -390 -540 -390 16 1 -390 0 0 
21420 251 -387 -533 -387 16 1 -387 0 0 
21425 247 -383 -520 -383 16 1 -383 0 0 
21430 245 -383 -510 -383 16 1 -383 0 0 
21435 243 -380 -503 -380 16 1 -380 0 0 
21440 240 -372 -495 -372 16 1 -372 0 0 
21445 238 -365 -485 -365 16 1 -365 0 0 
21450 236 -360 -475 -360 16 1 -360 0 0 
21455 233 -353 -470 -353 16 1 -353 0 0 
21460 231 -342 -458 -342 16 1 -342 0 0 
21465 229 -330 -450 -330 16 1 -330 0 0 
21470 227 -320 -445 -320 16 1 -320 0 0 
21475 223 -308 -433 -308 16 1 -308 0 0 
21480 222 -293 -423 -293 16 1 -293 0 0 
21485 220 -278 -418 -278 16 1 -278 0 0 
21490 218 -263 -408 -263 16 1 -263 0 0 
21495 216 -252 -395 -252 16 1 -252 0 0 
21500 214 -240 -385 -240 16 1 -240 0 0 
21505 213 -225 -383 -225 16 1 -225 0 0 
21510 211 -218 -375 -218 16 1 -218 0 0 
21515 209 -203 -363 -203 16 1 -203 0 0 
21520 205 -192 -353 -192 16 1 -192 0 0 
21525 205 -180 -343 -180 16 1 -180 0 0 
21530 204 -170 -340 -170 16 1 -170 0 0 
21535 202 -162 -330 -162 16 1 -162 0 0 
21540 200 -155 -328 -155 16 1 -155 0 0 
21545 198 -143 -315 -143 16 1 -143 0 0 
21550 196 -135 -303 -135 16 1 -135 0 0 
21555 196 -132 -293 -132 16 1 -132 0 0 
21560 194 -120 -280 -120 16 1 -120 0 0 
21565 193 -113 -273 -113 16 1 -113 0 0 
21570 191 -105 -270 -105 16 1 -105 0 0 
21575 191 -98 -260 -98 16 1 -98 0 0 
21580 189 -90 -248 -90 16 1 -90 0 0 
21585 187 -80 -245 -80 16 1 -80 0 0 
21590 187 -65 -233 -65 16 1 -65 0 0 
21595 185 -45 -218 -45 16 1 -45 0 0 
21600 185 -15 -200 -15 16 1 -15 0 0 
21605 184 12 -183 12 16 1 12 0 0 
21610 184 42 -158 42 16 1 42 0 0 
21615 182 68 -133 68 16 1 68 0 0 
21620 182 98 -93 98 16 1 98 0 0 
21625 180 120 -58 120 16 1 120 0 0 
21630 182 143 -23 143 16 1 143 0 0 
21635 180 162 0 162 16 1 162 0 0 
21640 182 180 28 180 16 1 180 0 0 
21645 182 195 75 195 16 1 195 0 0 
21650 182 207 130 207 16 1 207 0 0 
21655 182 222 185 222 16 1 222 0 0 
21660 184 233 253 233 16 1 233 0 0 
21665 185 248 313 248 16 1 248 0 0 
21670 187 260 378 260 16 1 260 0 0 
21675 187 270 445 270 16 1 270 0 0 
21680 191 278 525 278 16 1 278 0 0 
21685 193 282 585 282 16 1 282 0 0 
21690 196 282 598 282 17 1 282 0 0 
21695 200 285 600 285 17 1 285 0 0 
21700 204 285 600 285 17 1 285 0 0 
21705 205 285 600 285 17 1 285 0 0 
21710 209 293 600 293 17 1 293 0 0 
21715 213 312 603 312 17 1 312 0 0 
21720 214 345 603 345 17 1 345 0 0 
21725 218 380 600 380 17 1 380 0 0 
21730 222 417 600 417 17 1 417 0 0 
21735 223 455 600 455 17 1 455 0 0 
21740 229 495 603 495 17 1 495 0 0 
21745 231 525 600 525 17 1 525 0 0 
21750 234 548 600 548 17 1 548 0 0 
21755 236 570 600 570 17 1 570 0 0 
21760 240 585 600 585 17 1 585 0 0 
21765 242 593 603 593 17 1 593 0 0 
21770 245 597 600 597 17 1 597 0 0 
21775 249 600 600 600 17 1 600 0 0 
21780 253 605 600 605 17 1 605 0 0 
21785 256 608 600 608 17 1 608 0 0 
21790 258 612 600 612 17 1 612 0 0 
21795 260 615 603 615 17 1 615 0 0 
21800 265 620 600 620 17 1 620 0 0 
21805 269 627 603 627 17 1 627 0 0 
21810 271 630 600 630 17 1 630 0 0 
21815 274 635 600 635 17 1 635 0 0 
21820 278 642 600 642 17 1 642 0 0 
21825 280 645 603 645 17 1 645 0 0 
21830 283 653 600 653 17 1 653 0 0 
21835 287 657 600 657 17 1 657 0 0 
21840 289 665 603 665 17 1 665 0 0 
21845 292 672 600 672 17 1 672 0 0 
21850 296 683 603 683 17 1 683 0 0 
21855 298 690 600 690 17 1 690 0 0 
21860 301 695 600 695 17 1 695 0 0 
21865 306 702 600 702 17 1 702 0 0 
21870 308 705 600 705 17 1 705 0 0 
21875 312 710 600 710 17 1 710 0 0 
21880 315 713 600 713 17 1 713 0 0 
21885 319 713 600 713 17 1 713 0 0 
21890 322 717 600 717 17 1 717 0 0 
21895 324 717 600 717 17 1 717 0 0 
21900 328 717 600 717 17 1 717 0 0 
21905 330 717 600 717 17 1 717 0 0 
21910 333 717 603 717 17 1 717 0 0 
21915 337 720 603 720 17 1 720 0 0 
21920 339 720 600 720 17 1 720 0 0 
21925 342 725 600 725 17 1 725 0 0 
21930 346 725 600 725 17 1 725 0 0 
21935 350 728 600 728 17 1 728 0 0 
21940 353 732 600 732 17 1 732 0 0 
21945 355 735 603 735 17 1 735 0 0 
21950 357 740 600 740 17 1 740 0 0 
21955 361 743 600 743 17 1 743 0 0 
21960 364 743 603 743 17 1 743 0 0 
21965 368 743 603 743 17 1 743 0 0 
21970 370 743 600 743 17 1 743 0 0 
21975 373 743 600 743 17 1 743 0 0 
21980 377 743 600 743 17 1 743 0 0 
21985 379 740 600 740 17 1 740 0 0 
21990 382 735 600 735 17 1 735 0 0 
21995 386 732 603 732 17 1 732 0 0 
22000 388 728 600 728 17 1 728 0 0 
22005 391 728 600 728 17 1 728 0 0 
22010 395 732 600 732 17 1 732 0 0 
22015 399 732 600 732 17 1 732 0 0 
22020 400 740 600 740 17 1 740 0 0 
22025 404 740 603 740 17 1 740 0 0 
22030 408 743 600 743 17 1 743 0 0 
22035 409 743 603 743 17 1 743 0 0 
22040 413 740 603 740 17 1 740 0 0 
22045 417 735 600 735 17 1 735 0 0 
22050 419 732 600 732 17 1 732 0 0 
22055 422 728 600 728 17 1 728 0 0 
22060 424 725 600 725 17 1 725 0 0 
22065 428 725 603 725 17 1 725 0 0 
22070 431 725 600 725 17 1 725 0 0 
22075 433 725 600 725 17 1 725 0 0 
22080 439 725 603 725 17 1 725 0 0 
22085 440 725 600 725 17 1 725 0 0 
22090 444 725 600 725 17 1 725 0 0 
22095 446 720 600 720 17 1 720 0 0 
22100 449 720 600 720 17 1 720 0 0 
22105 453 717 603 717 17 1 717 0 0 
22110 455 713 603 713 17 1 713 0 0 
22115 458 713 600 713 17 1 713 0 0 
22120 462 710 603 710 17 1 710 0 0 
22125 466 705 600 705 17 1 705 0 0 
22130 468 702 600 702 17 1 702 0 0 
22135 471 702 600 702 17 1 702 0 0 
22140 475 698 600 698 17 1 698 0 0 
22145 477 698 603 698 17 1 698 0 0 
22150 480 698 600 698 17 1 698 0 0 
22155 482 698 600 698 17 1 698 0 0 
22160 486 698 603 698 17 1 698 0 0 
22165 489 698 600 698 17 1 698 0 0 
22170 493 702 600 702 17 1 702 0 0 
22175 495 698 600 698 17 1 698 0 0 
22180 498 695 600 695 17 1 695 0 0 
22185 502 690 603 690 17 1 690 0 0 
22190 504 690 600 690 17 1 690 0 0 
22195 507 683 600 683 17 1 683 0 0 
22200 511 680 600 680 17 1 680 0 0 
22205 513 680 600 680 17 1 680 0 0 
22210 516 675 600 675 17 1 675 0 0 
22215 520 675 603 675 17 1 675 0 0 
22220 524 675 603 675 17 1 675 0 0 
22225 526 675 603 675 17 1 675 0 0 
22230 530 675 600 675 17 1 675 0 0 
22235 532 672 603 672 17 1 672 0 0 
22240 536 672 600 672 17 1 672 0 0 
22245 539 668 600 668 17 1 668 0 0 
22250 541 665 600 665 17 1 665 0 0 
22255 545 660 600 660 17 1 660 0 0 
22260 550 657 600 657 17 1 657 0 0 
22265 550 653 603 653 17 1 653 0 0 
22270 554 653 600 653 17 1 653 0 0 
22275 557 645 600 645 17 1 645 0 0 
22280 561 645 603 645 17 1 645 0 0 
22285 563 645 600 645 17 1 645 0 0 
22290 566 642 603 642 17 1 642 0 0 
22295 570 642 600 642 17 1 642 0 0 
22300 574 638 600 638 17 1 638 0 0 
22305 576 638 600 638 17 1 638 0 0 
22310 577 638 600 638 17 1 638 0 0 
22315 581 635 600 635 17 1 635 0 0 
22320 585 630 603 630 17 1 630 0 0 
22325 588 630 603 630 17 1 630 0 0 
22330 590 623 603 623 17 1 623 0 0 
22335 594 620 603 620 17 1 620 0 0 
22340 597 615 600 615 17 1 615 0 0 
22345 599 612 603 612 17 1 612 0 0 
22350 603 612 600 612 17 1 612 0 0 
22355 606 612 600 612 17 1 612 0 0 
22360 610 608 600 608 17 1 608 0 0 
22365 612 608 600 608 17 1 608 0 0 
22370 615 608 600 608 17 1 608 0 0 
22375 617 605 600 605 17 1 605 0 0 
22380 621 600 600 600 17 1 600 0 0 
22385 624 600 600 600 17 1 600 0 0 
22390 628 597 603 597 17 1 597 0 0 
22395 630 593 603 593 17 1 593 0 0 
22400 634 590 603 590 17 1 590 0 0 
22405 635 585 600 585 17 1 585 0 0 
22410 641 582 600 582 17 1 582 0 0 
22415 643 578 600 578 17 1 578 0 0 
22420 646 578 600 578 17 1 578 0 0 
22425 648 575 603 575 17 1 575 0 0 
22430 652 570 600 570 17 1 570 0 0 
22435 655 567 600 567 17 1 567 0 0 
22440 657 567 600 567 17 1 567 0 0 
22445 661 567 603 567 17 1 567 0 0 
22450 664 563 600 563 17 1 563 0 0 
22455 666 560 600 560 17 1 560 0 0 
22460 672 555 603 555 17 1 555 0 0 
22465 673 555 603 555 17 1 555 0 0 
22470 675 552 600 552 17 1 552 0 0 
22475 679 548 600 548 17 1 548 0 0 
22480 683 545 600 545 17 1 545 0 0 
22485 686 545 600 545 17 1 545 0 0 
22490 688 540 600 540 17 1 540 0 0 
22495 692 537 600 537 17 1 537 0 0 
22500 695 533 600 533 17 1 533 0 0 
22505 697 533 603 533 17 1 533 0 0 
22510 701 530 600 530 17 1 530 0 0 
22515 704 525 600 525 17 1 525 0 0 
22520 706 522 600 522 17 1 522 0 0 
22525 710 518 600 518 17 1 518 0 0 
22530 712 518 603 518 17 1 518 0 0 
22535 715 515 600 515 17 1 515 0 0 
22540 719 507 600 507 17 1 507 0 0 
22545 721 503 603 503 17 1 503 0 0 
22550 722 500 600 500 17 1 500 0 0 
22555 726 495 600 495 17 1 495 0 0 
22560 730 492 600 492 17 1 492 0 0 
22565 733 488 603 488 17 1 488 0 0 
22570 735 485 600 485 17 1 485 0 0 
22575 739 485 603 485 17 1 485 0 0 
22580 742 480 603 480 17 1 480 0 0 
22585 746 477 600 477 17 1 477 0 0 
22590 748 473 600 473 17 1 473 0 0 
22595 752 470 603 470 17 1 470 0 0 
22600 756 462 600 462 17 1 462 0 0 
22605 760 458 600 458 17 1 458 0 0 
22610 762 455 600 455 17 1 455 0 0 
22615 765 450 600 450 17 1 450 0 0 
22620 767 447 600 447 17 1 447 0 0 
22625 771 443 600 443 17 1 443 0 0 
22630 774 440 600 440 17 1 440 0 0 
22635 776 435 603 435 17 1 435 0 0 
22640 780 432 600 432 17 1 432 0 0 
22645 783 428 593 428 17 1 428 0 0 
22650 787 425 578 425 17 1 425 0 0 
22655 789 420 573 420 17 1 420 0 0 
22660 792 420 563 420 17 1 420 0 0 
22665 794 417 553 417 17 1 417 0 0 
22670 798 417 540 417 17 1 417 0 0 
22675 800 417 535 417 17 1 417 0 0 
22680 803 417 525 417 17 1 417 0 0 
22685 805 420 515 420 17 1 420 0 0 
22690 809 417 510 417 17 1 417 0 0 
22695 810 417 498 417 17 1 417 0 0 
22700 812 413 493 413 17 1 413 0 0 
22705 816 405 480 405 17 1 405 0 0 
22710 818 402 463 402 17 1 402 0 0 
22715 820 395 458 395 17 1 395 0 0 
22720 823 390 450 390 17 1 390 0 0 
22725 825 383 443 383 17 1 383 0 0 
22730 827 375 430 375 17 1 375 0 0 
22735 829 372 420 372 17 1 372 0 0 
22740 832 368 418 368 17 1 368 0 0 
22745 834 365 405 365 17 1 365 0 0 
22750 836 360 390 360 17 1 360 0 0 
22755 838 357 383 357 17 1 357 0 0 
22760 839 353 378 353 17 1 353 0 0 
22765 841 345 370 345 17 1 345 0 0 
22770 843 342 358 342 17 1 342 0 0 
22775 845 335 355 335 17 1 335 0 0 
22780 847 330 343 330 17 1 330 0 0 
22785 849 320 328 320 17 1 320 0 0 
22790 850 312 318 312 17 1 312 0 0 
22795 852 308 318 308 17 1 308 0 0 
22800 854 300 315 300 17 1 300 0 0 
22805 856 293 300 293 17 1 293 0 0 
22810 858 290 293 290 17 1 290 0 0 
22815 858 278 278 278 17 1 278 0 0 
22820 859 275 265 275 17 1 275 0 0 
22825 861 263 263 263 17 1 263 0 0 
22830 861 255 258 255 17 1 255 0 0 
22835 863 252 245 252 17 1 252 0 0 
22840 865 245 233 245 17 1 245 0 0 
22845 867 240 223 240 17 1 240 0 0 
22850 867 233 210 233 17 1 233 0 0 
22855 869 230 208 230 17 1 230 0 0 
22860 869 222 195 222 17 1 222 0 0 
22865 870 210 180 210 17 1 210 0 0 
22870 870 203 170 203 17 1 203 0 0 
22875 872 192 168 192 17 1 192 0 0 
22880 870 180 160 180 17 1 180 0 0 
22885 874 170 158 170 17 1 170 0 0 
22890 874 158 148 158 17 1 158 0 0 
22895 874 147 133 147 17 1 147 0 0 
22900 874 132 133 132 17 1 132 0 0 
22905 876 113 120 113 17 1 113 0 0 
22910 876 95 120 95 17 1 95 0 0 
22915 876 80 120 80 17 1 80 0 0 
22920 878 65 115 65 17 1 65 0 0 
22925 878 42 100 42 17 1 42 0 0 
22930 878 23 88 23 17 1 23 0 0 
22935 879 5 75 5 17 1 5 0 0 
22940 879 -15 63 -15 17 1 -15 0 0 
22945 879 -42 35 -42 17 1 -42 0 0 
22950 879 -65 5 -65 17 1 -65 0 0 
22955 879 -80 0 -80 17 1 -80 0 0 
22960 879 -98 -15 -98 17 1 -98 0 0 
22965 879 -125 -58 -125 17 1 -125 0 0 
22970 879 -143 -100 -143 17 1 -143 0 0 
22975 879 -165 -148 -165 17 1 -165 0 0 
22980 878 -185 -198 -185 17 1 -185 0 0 
22985 876 -210 -265 -210 17 1 -210 0 0 
22990 874 -225 -325 -225 17 1 -225 0 0 
22995 874 -240 -385 -240 17 1 -240 0 0 
23000 872 -255 -450 -255 17 1 -255 0 0 
23005 869 -270 -538 -270 17 1 -270 0 0 
23010 867 -278 -588 -278 17 1 -278 0 0 
23015 863 -293 -598 -293 18 1 -293 0 0 
23020 861 -300 -600 -300 18 1 -300 0 0 
23025 858 -312 -600 -312 18 1 -312 0 0 
23030 854 -320 -600 -320 18 1 -320 0 0 
23035 852 -335 -600 -335 18 1 -335 0 0 
23040 849 -357 -600 -357 18 1 -357 0 0 
23045 845 -390 -600 -390 18 1 -390 0 0 
23050 841 -420 -600 -420 18 1 -420 0 0 
23055 839 -458 -600 -458 18 1 -458 0 0 
23060 836 -500 -600 -500 18 1 -500 0 0 
23065 832 -545 -600 -545 18 1 -545 0 0 
23070 830 -578 -598 -578 18 1 -578 0 0 
23075 827 -608 -600 -608 18 1 -608 0 0 
23080 823 -635 -600 -635 18 1 -635 0 0 
23085 821 -653 -600 -653 18 1 -653 0 0 
23090 818 -660 -600 -660 18 1 -660 0 0 
23095 814 -665 -598 -665 18 1 -665 0 0 
23100 812 -657 -600 -657 18 1 -657 0 0 
23105 809 -650 -600 -650 18 1 -650 0 0 
23110 805 -642 -600 -642 18 1 -642 0 0 
23115 803 -630 -600 -630 18 1 -630 0 0 
23120 800 -627 -600 -627 18 1 -627 0 0 
23125 796 -630 -598 -630 18 1 -630 0 0 
23130 794 -638 -598 -638 18 1 -638 0 0 
23135 791 -650 -600 -650 18 1 -650 0 0 
23140 789 -660 -600 -660 18 1 -660 0 0 
23145 783 -680 -598 -680 18 1 -680 0 0 
23150 781 -695 -600 -695 18 1 -695 0 0 
23155 778 -705 -600 -705 18 1 -705 0 0 
23160 776 -717 -600 -717 18 1 -717 0 0 
23165 772 -725 -598 -725 18 1 -725 0 0 
23170 769 -732 -600 -732 18 1 -732 0 0 
23175 767 -732 -600 -732 18 1 -732 0 0 
23180 763 -735 -600 -735 18 1 -735 0 0 
23185 760 -735 -600 -735 18 1 -735 0 0 
23190 756 -740 -598 -740 18 1 -740 0 0 
23195 754 -735 -600 -735 18 1 -735 0 0 
23200 750 -740 -600 -740 18 1 -740 0 0 
23205 746 -740 -600 -740 18 1 -740 0 0 
23210 742 -743 -600 -743 18 1 -743 0 0 
23215 741 -747 -598 -747 18 1 -747 0 0 
23220 737 -750 -600 -750 18 1 -750 0 0 
23225 735 -755 -600 -755 18 1 -755 0 0 
23230 731 -758 -598 -758 18 1 -758 0 0 
23235 728 -762 -600 -762 18 1 -762 0 0 
23240 726 -765 -600 -765 18 1 -765 0 0 
23245 722 -770 -598 -770 18 1 -770 0 0 
23250 719 -770 -598 -770 18 1 -770 0 0 
23255 717 -773 -598 -773 18 1 -773 0 0 
23260 713 -773 -600 -773 18 1 -773 0 0 
23265 710 -777 -600 -777 18 1 -777 0 0 
23270 708 -780 -600 -780 18 1 -780 0 0 
23275 706 -785 -600 -785 18 1 -785 0 0 
23280 702 -788 -598 -788 18 1 -788 0 0 
23285 699 -792 -600 -792 18 1 -792 0 0 
23290 695 -795 -600 -795 18 1 -795 0 0 
23295 693 -800 -600 -800 18 1 -800 0 0 
23300 690 -803 -600 -803 18 1 -803 0 0 
23305 686 -807 -600 -807 18 1 -807 0 0 
23310 683 -810 -598 -810 18 1 -810 0 0 
23315 681 -815 -600 -815 18 1 -815 0 0 
23320 677 -818 -600 -818 18 1 -818 0 0 
23325 675 -822 -600 -822 18 1 -822 0 0 
23330 672 -822 -600 -822 18 1 -822 0 0 
23335 670 -825 -598 -825 18 1 -825 0 0 
23340 666 -830 -600 -830 18 1 -830 0 0 
23345 663 -830 -600 -830 18 1 -830 0 0 
23350 659 -833 -600 -833 18 1 -833 0 0 
23355 657 -833 -600 -833 18 1 -833 0 0 
23360 654 -833 -598 -833 18 1 -833 0 0 
23365 650 -837 -598 -837 18 1 -837 0 0 
23370 648 -837 -598 -837 18 1 -837 0 0 
23375 644 -840 -600 -840 18 1 -840 0 0 
23380 643 -840 -598 -840 18 1 -840 0 0 
23385 637 -845 -600 -845 18 1 -845 0 0 
23390 635 -848 -600 -848 18 1 -848 0 0 
23395 632 -855 -600 -855 18 1 -855 0 0 
23400 630 -855 -598 -855 18 1 -855 0 0 
23405 626 -860 -600 -860 18 1 -860 0 0 
23410 623 -863 -600 -863 18 1 -863 0 0 
23415 621 -867 -600 -867 18 1 -867 0 0 
23420 617 -870 -600 -870 18 1 -870 0 0 
23425 614 -875 -600 -875 18 1 -875 0 0 
23430 612 -875 -598 -875 18 1 -875 0 0 
23435 608 -878 -600 -878 18 1 -878 0 0 
23440 605 -878 -600 -878 18 1 -878 0 0 
23445 601 -882 -598 -882 18 1 -882 0 0 
23450 599 -885 -600 -885 18 1 -885 0 0 
23455 595 -885 -598 -885 18 1 -885 0 0 
23460 594 -885 -598 -885 18 1 -885 0 0 
23465 590 -890 -600 -890 18 1 -890 0 0 
23470 586 -890 -600 -890 18 1 -890 0 0 
23475 585 -890 -600 -890 18 1 -890 0 0 
23480 581 -893 -600 -893 18 1 -893 0 0 
23485 577 -893 -600 -893 18 1 -893 0 0 
23490 576 -893 -598 -893 18 1 -893 0 0 
23495 572 -890 -600 -890 18 1 -890 0 0 
23500 570 -890 -600 -890 18 1 -890 0 0 
23505 566 -890 -600 -890 18 1 -890 0 0 
23510 563 -890 -598 -890 18 1 -890 0 0 
23515 559 -890 -600 -890 18 1 -890 0 0 
23520 557 -893 -600 -893 18 1 -893 0 0 
23525 554 -893 -600 -893 18 1 -893 0 0 
23530 552 -893 -600 -893 18 1 -893 0 0 
23535 548 -893 -600 -893 18 1 -893 0 0 
23540 545 -893 -600 -893 18 1 -893 0 0 
23545 541 -893 -600 -893 18 1 -893 0 0 
23550 539 -890 -598 -890 18 1 -890 0 0 
23555 536 -885 -600 -885 18 1 -885 0 0 
23560 534 -885 -600 -885 18 1 -885 0 0 
23565 530 -878 -600 -878 18 1 -878 0 0 
23570 526 -875 -600 -875 18 1 -875 0 0 
23575 524 -870 -600 -870 18 1 -870 0 0 
23580 520 -867 -600 -867 18 1 -867 0 0 
23585 516 -863 -600 -863 18 1 -863 0 0 
23590 513 -860 -600 -860 18 1 -860 0 0 
23595 511 -855 -598 -855 18 1 -855 0 0 
23600 507 -852 -600 -852 18 1 -852 0 0 
23605 504 -845 -600 -845 18 1 -845 0 0 
23610 502 -837 -600 -837 18 1 -837 0 0 
23615 498 -833 -600 -833 18 1 -833 0 0 
23620 497 -825 -600 -825 18 1 -825 0 0 
23625 493 -818 -600 -818 18 1 -818 0 0 
23630 489 -810 -600 -810 18 1 -810 0 0 
23635 487 -807 -600 -807 18 1 -807 0 0 
23640 484 -803 -600 -803 18 1 -803 0 0 
23645 480 -800 -600 -800 18 1 -800 0 0 
23650 478 -795 -598 -795 18 1 -795 0 0 
23655 475 -792 -598 -792 18 1 -792 0 0 
23660 471 -788 -600 -788 18 1 -788 0 0 
23665 469 -785 -600 -785 18 1 -785 0 0 
23670 466 -777 -600 -777 18 1 -777 0 0 
23675 464 -777 -600 -777 18 1 -777 0 0 
23680 460 -770 -598 -770 18 1 -770 0 0 
23685 457 -765 -600 -765 18 1 -765 0 0 
23690 453 -762 -598 -762 18 1 -762 0 0 
23695 451 -762 -600 -762 18 1 -762 0 0 
23700 448 -758 -600 -758 18 1 -758 0 0 
23705 446 -758 -598 -758 18 1 -758 0 0 
23710 442 -755 -600 -755 18 1 -755 0 0 
23715 439 -755 -600 -755 18 1 -755 0 0 
23720 437 -755 -600 -755 18 1 -755 0 0 
23725 433 -747 -600 -747 18 1 -747 0 0 
23730 429 -743 -600 -743 18 1 -743 0 0 
23735 428 -740 -600 -740 18 1 -740 0 0 
23740 424 -732 -600 -732 18 1 -732 0 0 
23745 420 -725 -600 -725 18 1 -725 0 0 
23750 419 -720 -600 -720 18 1 -720 0 0 
23755 415 -713 -600 -713 18 1 -713 0 0 
23760 411 -710 -598 -710 18 1 -710 0 0 
23765 409 -702 -598 -702 18 1 -702 0 0 
23770 406 -695 -600 -695 18 1 -695 0 0 
23775 404 -690 -600 -690 18 1 -690 0 0 
23780 400 -687 -600 -687 18 1 -687 0 0 
23785 397 -683 -600 -683 18 1 -683 0 0 
23790 393 -683 -600 -683 18 1 -683 0 0 
23795 391 -680 -600 -680 18 1 -680 0 0 
23800 390 -675 -598 -675 18 1 -675 0 0 
23805 384 -668 -598 -668 18 1 -668 0 0 
23810 382 -665 -600 -665 18 1 -665 0 0 
23815 379 -660 -600 -660 18 1 -660 0 0 
23820 377 -653 -600 -653 18 1 -653 0 0 
23825 373 -650 -598 -650 18 1 -650 0 0 
23830 371 -642 -598 -642 18 1 -642 0 0 
23835 368 -638 -600 -638 18 1 -638 0 0 
23840 364 -635 -600 -635 18 1 -635 0 0 
23845 362 -630 -600 -630 18 1 -630 0 0 
23850 359 -627 -598 -627 18 1 -627 0 0 
23855 355 -623 -600 -623 18 1 -623 0 0 
23860 353 -623 -600 -623 18 1 -623 0 0 
23865 350 -620 -600 -620 18 1 -620 0 0 
23870 346 -612 -600 -612 18 1 -612 0 0 
23875 344 -608 -598 -608 18 1 -608 0 0 
23880 341 -600 -600 -600 18 1 -600 0 0 
23885 337 -593 -600 -593 18 1 -593 0 0 
23890 335 -585 -600 -585 18 1 -585 0 0 
23895 331 -578 -600 -578 18 1 -578 0 0 
23900 330 -570 -598 -570 18 1 -570 0 0 
23905 326 -563 -600 -563 18 1 -563 0 0 
23910 322 -563 -600 -563 18 1 -563 0 0 
23915 321 -555 -598 -555 18 1 -555 0 0 
23920 317 -552 -600 -552 18 1 -552 0 0 
23925 313 -548 -600 -548 18 1 -548 0 0 
23930 312 -545 -598 -545 18 1 -545 0 0 
23935 308 -537 -600 -537 18 1 -537 0 0 
23940 306 -530 -600 -530 18 1 -530 0 0 
23945 301 -522 -600 -522 18 1 -522 0 0 
23950 298 -510 -600 -510 18 1 -510 0 0 
23955 294 -500 -600 -500 18 1 -500 0 0 
23960 292 -488 -598 -488 18 1 -488 0 0 
23965 289 -473 -600 -473 18 1 -473 0 0 
23970 287 -462 -600 -462 18 1 -462 0 0 
23975 283 -450 -598 -450 18 1 -450 0 0 
23980 280 -440 -600 -440 18 1 -440 0 0 
23985 278 -425 -600 -425 18 1 -425 0 0 
23990 274 -417 -600 -417 18 1 -417 0 0 
23995 271 -402 -600 -402 18 1 -402 0 0 
24000 269 -398 -593 -398 18 1 -398 0 0 
24005 265 -390 -580 -390 18 1 -390 0 0 
24010 262 -380 -573 -380 18 1 -380 0 0 
24015 260 -375 -563 -375 18 1 -375 0 0 
24020 258 -368 -560 -368 18 1 -368 0 0 
24025 254 -365 -545 -365 18 1 -365 0 0 
24030 251 -357 -535 -357 18 1 -357 0 0 
24035 249 -353 -528 -353 18 1 -353 0 0 
24040 245 -342 -520 -342 18 1 -342 0 0 
24045 243 -335 -508 -335 18 1 -335 0 0 
24050 240 -323 -498 -323 18 1 -323 0 0 
24055 238 -312 -495 -312 18 1 -312 0 0 
24060 238 -300 -488 -300 18 1 -300 0 0 
24065 234 -282 -473 -282 18 1 -282 0 0 
24070 231 -263 -470 -263 18 1 -263 0 0 
24075 229 -248 -455 -248 18 1 -248 0 0 
24080 227 -233 -448 -233 18 1 -233 0 0 
24085 225 -210 -435 -210 18 1 -210 0 0 
24090 223 -192 -430 -192 18 1 -192 0 0 
24095 222 -173 -423 -173 18 1 -173 0 0 
24100 218 -155 -415 -155 18 1 -155 0 0 
24105 216 -132 -408 -132 18 1 -132 0 0 
24110 214 -113 -390 -113 18 1 -113 0 0 
24115 213 -90 -385 -90 18 1 -90 0 0 
24120 211 -75 -378 -75 18 1 -75 0 0 
24125 209 -50 -370 -50 18 1 -50 0 0 
24130 209 -30 -358 -30 18 1 -30 0 0 
24135 205 -15 -353 -15 18 1 -15 0 0 
24140 204 -5 -340 -5 18 1 -5 0 0 
24145 202 12 -333 12 18 1 12 0 0 
24150 202 20 -325 20 18 1 20 0 0 
24155 200 27 -313 27 18 1 27 0 0 
24160 198 35 -300 35 18 1 35 0 0 
24165 196 50 -280 50 18 1 50 0 0 
24170 194 60 -260 60 18 1 60 0 0 
24175 194 75 -228 75 18 1 75 0 0 
24180 193 90 -200 90 18 1 90 0 0 
24185 191 117 -155 117 18 1 117 0 0 
24190 191 140 -115 140 18 1 140 0 0 
24195 191 162 -70 162 18 1 162 0 0 
24200 191 185 -18 185 18 1 185 0 0 
24205 191 210 3 210 18 1 210 0 0 
24210 191 225 30 225 18 1 225 0 0 
24215 191 240 93 240 18 1 240 0 0 
24220 191 255 165 255 18 1 255 0 0 
24225 191 275 238 275 18 1 275 0 0 
24230 194 297 328 297 18 1 297 0 0 
24235 196 320 408 320 18 1 320 0 0 
24240 198 335 488 335 18 1 335 0 0 
24245 200 342 568 342 18 1 342 0 0 
24250 204 350 598 350 18 1 350 0 0 
24255 205 345 600 345 19 1 345 0 0 
24260 209 345 600 345 19 1 345 0 0 
24265 213 342 600 342 19 1 342 0 0 
24270 216 350 603 350 19 1 350 0 0 
24275 218 365 600 365 19 1 365 0 0 
24280 222 390 600 390 19 1 390 0 0 
24285 225 428 600 428 19 1 428 0 0 
24290 229 480 603 480 19 1 480 0 0 
24295 231 530 600 530 19 1 530 0 0 
24300 234 570 600 570 19 1 570 0 0 
24305 236 612 600 612 19 1 612 0 0 
24310 240 653 600 653 19 1 653 0 0 
24315 243 675 603 675 19 1 675 0 0 
24320 245 695 600 695 19 1 695 0 0 
24325 249 702 600 702 19 1 702 0 0 
24330 253 702 600 702 19 1 702 0 0 
24335 256 698 603 698 19 1 698 0 0 
24340 258 695 603 695 19 1 695 0 0 
24345 262 683 600 683 19 1 683 0 0 
24350 265 680 600 680 19 1 680 0 0 
24355 267 675 603 675 19 1 675 0 0 
24360 271 675 600 675 19 1 675 0 0 
24365 274 680 603 680 19 1 680 0 0 
24370 278 687 603 687 19 1 687 0 0 
24375 280 695 600 695 19 1 695 0 0 
24380 283 702 600 702 19 1 702 0 0 
24385 287 710 603 710 19 1 710 0 0 
24390 291 720 600 720 19 1 720 0 0 
24395 292 732 603 732 19 1 732 0 0 
24400 296 743 600 743 19 1 743 0 0 
24405 300 750 603 750 19 1 750 0 0 
24410 303 765 603 765 19 1 765 0 0 
24415 306 773 603 773 19 1 773 0 0 
24420 310 780 600 780 19 1 780 0 0 
24425 312 788 603 788 19 1 788 0 0 
24430 315 792 600 792 19 1 792 0 0 
24435 319 795 600 795 19 1 795 0 0 
24440 322 795 600 795 19 1 795 0 0 
24445 324 795 600 795 19 1 795 0 0 
24450 328 792 603 792 19 1 792 0 0 
24455 330 788 600 788 19 1 788 0 0 
24460 335 780 600 780 19 1 780 0 0 
24465 337 780 603 780 19 1 780 0 0 
24470 341 777 600 777 19 1 777 0 0 
24475 342 780 603 780 19 1 780 0 0 
24480 346 780 600 780 19 1 780 0 0 
24485 350 785 600 785 19 1 785 0 0 
24490 353 788 600 788 19 1 788 0 0 
24495 355 792 603 792 19 1 792 0 0 
24500 359 800 600 800 19 1 800 0 0 
24505 361 800 600 800 19 1 800 0 0 
24510 364 803 603 803 19 1 803 0 0 
24515 368 807 600 807 19 1 807 0 0 
24520 371 807 603 807 19 1 807 0 0 
24525 373 803 603 803 19 1 803 0 0 
24530 377 803 600 803 19 1 803 0 0 
24535 380 795 600 795 19 1 795 0 0 
24540 382 795 600 795 19 1 795 0 0 
24545 386 792 600 792 19 1 792 0 0 
24550 390 788 600 788 19 1 788 0 0 
24555 393 785 603 785 19 1 785 0 0 
24560 395 785 600 785 19 1 785 0 0 
24565 397 785 600 785 19 1 785 0 0 
24570 400 780 603 780 19 1 780 0 0 
24575 404 780 600 780 19 1 780 0 0 
24580 408 780 600 780 19 1 780 0 0 
24585 409 780 600 780 19 1 780 0 0 
24590 413 780 603 780 19 1 780 0 0 
24595 417 780 600 780 19 1 780 0 0 
24600 419 777 600 777 19 1 777 0 0 
24605 422 777 600 777 19 1 777 0 0 
24610 426 773 600 773 19 1 773 0 0 
24615 429 770 600 770 19 1 770 0 0 
24620 431 765 600 765 19 1 765 0 0 
24625 435 762 600 762 19 1 762 0 0 
24630 439 758 600 758 19 1 758 0 0 
24635 440 758 600 758 19 1 758 0 0 
24640 444 755 600 755 19 1 755 0 0 
24645 448 750 600 750 19 1 750 0 0 
24650 449 750 603 750 19 1 750 0 0 
24655 453 747 600 747 19 1 747 0 0 
24660 455 747 600 747 19 1 747 0 0 
24665 458 747 600 747 19 1 747 0 0 
24670 462 743 600 743 19 1 743 0 0 
24675 466 743 603 743 19 1 743 0 0 
24680 469 740 603 740 19 1 740 0 0 
24685 471 740 600 740 19 1 740 0 0 
24690 475 735 600 735 19 1 735 0 0 
24695 477 735 603 735 19 1 735 0 0 
24700 480 735 600 735 19 1 735 0 0 
24705 484 732 600 732 19 1 732 0 0 
24710 487 728 603 728 19 1 728 0 0 
24715 489 728 600 728 19 1 728 0 0 
24720 493 725 600 725 19 1 725 0 0 
24725 497 725 603 725 19 1 725 0 0 
24730 500 725 603 725 19 1 725 0 0 
24735 502 725 600 725 19 1 725 0 0 
24740 506 720 600 720 19 1 720 0 0 
24745 507 720 603 720 19 1 720 0 0 
24750 511 717 600 717 19 1 717 0 0 
24755 515 717 600 717 19 1 717 0 0 
24760 516 713 600 713 19 1 713 0 0 
24765 520 713 600 713 19 1 713 0 0 
24770 524 705 600 705 19 1 705 0 0 
24775 527 705 600 705 19 1 705 0 0 
24780 530 705 603 705 19 1 705 0 0 
24785 534 702 600 702 19 1 702 0 0 
24790 537 702 600 702 19 1 702 0 0 
24795 539 702 600 702 19 1 702 0 0 
24800 543 698 600 698 19 1 698 0 0 
24805 545 698 603 698 19 1 698 0 0 
24810 548 695 603 695 19 1 695 0 0 
24815 552 690 600 690 19 1 690 0 0 
24820 556 687 600 687 19 1 687 0 0 
24825 557 683 600 683 19 1 683 0 0 
24830 561 683 600 683 19 1 683 0 0 
24835 563 680 603 680 19 1 680 0 0 
24840 566 675 600 675 19 1 675 0 0 
24845 570 675 600 675 19 1 675 0 0 
24850 574 672 603 672 19 1 672 0 0 
24855 576 668 600 668 19 1 668 0 0 
24860 579 665 600 665 19 1 665 0 0 
24865 581 660 600 660 19 1 660 0 0 
24870 585 657 603 657 19 1 657 0 0 
24875 588 653 600 653 19 1 653 0 0 
24880 590 653 600 653 19 1 653 0 0 
24885 594 650 600 650 19 1 650 0 0 
24890 597 645 603 645 19 1 645 0 0 
24895 599 642 603 642 19 1 642 0 0 
24900 603 642 603 642 19 1 642 0 0 
24905 606 638 600 638 19 1 638 0 0 
24910 610 638 600 638 19 1 638 0 0 
24915 612 635 603 635 19 1 635 0 0 
24920 615 630 600 630 19 1 630 0 0 
24925 619 630 600 630 19 1 630 0 0 
24930 621 627 600 627 19 1 627 0 0 
24935 624 620 600 620 19 1 620 0 0 
24940 626 615 603 615 19 1 615 0 0 
24945 630 612 600 612 19 1 612 0 0 
24950 634 605 600 605 19 1 605 0 0 
24955 637 600 600 600 19 1 600 0 0 
24960 639 600 600 600 19 1 600 0 0 
24965 643 597 600 597 19 1 597 0 0 
24970 646 593 600 593 19 1 593 0 0 
24975 650 593 600 593 19 1 593 0 0 
24980 652 590 603 590 19 1 590 0 0 
24985 655 590 600 590 19 1 590 0 0 
24990 659 585 603 585 19 1 585 0 0 
24995 661 582 603 582 19 1 582 0 0 
25000 664 578 600 578 19 1 578 0 0 
25005 668 575 600 575 19 1 575 0 0 
25010 672 570 600 570 19 1 570 0 0 
25015 673 567 603 567 19 1 567 0 0 
25020 677 563 603 563 19 1 563 0 0 
25025 679 560 603 560 19 1 560 0 0 
25030 683 555 600 555 19 1 555 0 0 
25035 686 552 603 552 19 1 552 0 0 
25040 690 548 600 548 19 1 548 0 0 
25045 692 545 603 545 19 1 545 0 0 
25050 695 545 603 545 19 1 545 0 0 
25055 697 545 600 545 19 1 545 0 0 
25060 701 545 600 545 19 1 545 0 0 
25065 704 540 600 540 19 1 540 0 0 
25070 706 540 603 540 19 1 540 0 0 
25075 710 533 603 533 19 1 533 0 0 
25080 713 530 600 530 19 1 530 0 0 
25085 715 525 600 525 19 1 525 0 0 
25090 719 522 603 522 19 1 522 0 0 
25095 722 515 600 515 19 1 515 0 0 
25100 724 510 600 510 19 1 510 0 0 
25105 728 507 603 507 19 1 507 0 0 
25110 731 507 600 507 19 1 507 0 0 
25115 733 503 600 503 19 1 503 0 0 
25120 737 503 603 503 19 1 503 0 0 
25125 739 500 603 500 19 1 500 0 0 
25130 742 500 603 500 19 1 500 0 0 
25135 746 495 600 495 19 1 495 0 0 
25140 748 492 600 492 19 1 492 0 0 
25145 752 488 603 488 19 1 488 0 0 
25150 756 480 603 480 19 1 480 0 0 
25155 758 477 600 477 19 1 477 0 0 
25160 762 473 603 473 19 1 473 0 0 
25165 765 470 603 470 19 1 470 0 0 
25170 769 465 600 465 19 1 465 0 0 
25175 772 462 603 462 19 1 462 0 0 
25180 774 458 600 458 19 1 458 0 0 
25185 778 455 600 455 19 1 455 0 0 
25190 780 450 600 450 19 1 450 0 0 
25195 783 450 590 450 19 1 450 0 0 
25200 787 443 580 443 19 1 443 0 0 
25205 789 443 568 443 19 1 443 0 0 
25210 792 435 560 435 19 1 435 0 0 
25215 794 432 548 432 19 1 432 0 0 
25220 798 432 540 432 19 1 432 0 0 
25225 801 432 533 432 19 1 432 0 0 
25230 803 428 523 428 19 1 428 0 0 
25235 805 428 513 428 19 1 428 0 0 
25240 809 428 500 428 19 1 428 0 0 
25245 810 425 498 425 19 1 425 0 0 
25250 814 420 483 420 19 1 420 0 0 
25255 816 417 475 417 19 1 417 0 0 
25260 818 413 463 413 19 1 413 0 0 
25265 821 410 455 410 19 1 410 0 0 
25270 823 402 448 402 19 1 402 0 0 
25275 825 395 438 395 19 1 395 0 0 
25280 827 390 433 390 19 1 390 0 0 
25285 829 390 423 390 19 1 390 0 0 
25290 832 383 410 383 19 1 383 0 0 
25295 834 375 403 375 19 1 375 0 0 
25300 836 372 390 372 19 1 372 0 0 
25305 838 368 380 368 19 1 368 0 0 
25310 839 365 378 365 19 1 365 0 0 
25315 841 360 370 360 19 1 360 0 0 
25320 843 357 355 357 19 1 357 0 0 
25325 845 353 353 353 19 1 353 0 0 
25330 847 350 333 350 19 1 350 0 0 
25335 849 342 325 342 19 1 342 0 0 
25340 850 338 323 338 19 1 338 0 0 
25345 852 330 315 330 19 1 330 0 0 
25350 854 327 305 327 19 1 327 0 0 
25355 856 320 298 320 19 1 320 0 0 
25360 858 315 285 315 19 1 315 0 0 
25365 858 312 273 312 19 1 312 0 0 
25370 859 305 263 305 19 1 305 0 0 
25375 861 297 263 297 19 1 297 0 0 
25380 861 293 258 293 19 1 293 0 0 
25385 863 290 245 290 19 1 290 0 0 
25390 865 282 228 282 19 1 282 0 0 
25395 865 278 220 278 19 1 278 0 0 
25400 867 270 210 270 19 1 270 0 0 
25405 869 263 198 263 19 1 263 0 0 
25410 869 260 185 260 19 1 260 0 0 
25415 870 252 173 252 19 1 252 0 0 
25420 870 248 170 248 19 1 248 0 0 
25425 870 240 165 240 19 1 240 0 0 
25430 872 237 158 237 19 1 237 0 0 
25435 874 233 148 233 19 1 233 0 0 
25440 874 225 143 225 19 1 225 0 0 
25445 874 222 133 222 19 1 222 0 0 
25450 876 215 133 215 19 1 215 0 0 
25455 876 207 130 207 19 1 207 0 0 
25460 876 200 120 200 19 1 200 0 0 
25465 876 192 118 192 19 1 192 0 0 
25470 878 185 110 185 19 1 185 0 0 
25475 878 177 105 177 19 1 177 0 0 
25480 879 170 105 170 19 1 170 0 0 
25485 879 165 93 165 19 1 165 0 0 
25490 879 155 93 155 19 1 155 0 0 
25495 879 150 95 150 19 1 150 0 0 
25500 881 147 93 147 19 1 147 0 0 
25505 881 140 83 140 19 1 140 0 0 
25510 881 132 75 132 19 1 132 0 0 
25515 881 125 78 125 19 1 125 0 0 
25520 881 120 75 120 19 1 120 0 0 
25525 883 110 68 110 19 1 110 0 0 
25530 883 98 63 98 19 1 98 0 0 
25535 883 87 53 87 19 1 87 0 0 
25540 883 80 53 80 19 1 80 0 0 
25545 883 68 53 68 19 1 68 0 0 
25550 885 53 43 53 19 1 53 0 0 
25555 885 38 40 38 19 1 38 0 0 
25560 885 27 30 27 19 1 27 0 0 
25565 885 12 23 12 19 1 12 0 0 
25570 885 -8 5 -8 19 1 -8 0 0 
25575 885 -23 0 -23 19 1 -23 0 0 
25580 885 -38 -10 -38 19 1 -38 0 0 
25585 885 -57 -28 -57 19 1 -57 0 0 
25590 885 -72 -58 -72 19 1 -72 0 0 
25595 885 -87 -83 -87 19 1 -87 0 0 
25600 883 -102 -118 -102 19 1 -102 0 0 
25605 883 -117 -148 -117 19 1 -117 0 0 
25610 883 -135 -195 -135 19 1 -135 0 0 
25615 881 -150 -233 -150 19 1 -150 0 0 
25620 879 -162 -275 -162 19 1 -162 0 0 
25625 879 -173 -323 -173 19 1 -173 0 0 
25630 878 -185 -380 -185 19 1 -185 0 0 
25635 874 -195 -435 -195 19 1 -195 0 0 
25640 874 -207 -493 -207 19 1 -207 0 0 
25645 870 -218 -550 -218 20 1 -218 0 0 
25650 869 -230 -593 -230 20 1 -230 0 0 
25655 865 -240 -598 -240 20 1 -240 0 0 
25660 861 -252 -600 -252 20 1 -252 0 0 
25665 859 -263 -598 -263 20 1 -263 0 0 
25670 854 -278 -600 -278 20 1 -278 0 0 
25675 852 -300 -598 -300 20 1 -300 0 0 
25680 849 -327 -600 -327 20 1 -327 0 0 
25685 845 -365 -600 -365 20 1 -365 0 0 
25690 843 -405 -600 -405 20 1 -405 0 0 
25695 839 -447 -600 -447 20 1 -447 0 0 
25700 838 -488 -600 -488 20 1 -488 0 0 
25705 832 -525 -600 -525 20 1 -525 0 0 
25710 830 -567 -600 -567 20 1 -567 0 0 
25715 827 -593 -600 -593 20 1 -593 0 0 
25720 825 -612 -598 -612 20 1 -612 0 0 
25725 823 -627 -598 -627 20 1 -627 0 0 
25730 818 -635 -600 -635 20 1 -635 0 0 
25735 816 -630 -600 -630 20 1 -630 0 0 
25740 812 -627 -600 -627 20 1 -627 0 0 
25745 810 -620 -600 -620 20 1 -620 0 0 
25750 807 -615 -600 -615 20 1 -615 0 0 
25755 803 -612 -600 -612 20 1 -612 0 0 
25760 800 -615 -600 -615 20 1 -615 0 0 
25765 798 -623 -600 -623 20 1 -623 0 0 
25770 794 -638 -598 -638 20 1 -638 0 0 
25775 791 -653 -600 -653 20 1 -653 0 0 
25780 787 -668 -600 -668 20 1 -668 0 0 
25785 785 -683 -598 -683 20 1 -683 0 0 
25790 781 -702 -598 -702 20 1 -702 0 0 
25795 780 -717 -600 -717 20 1 -717 0 0 
25800 776 -725 -598 -725 20 1 -725 0 0 
25805 772 -735 -600 -735 20 1 -735 0 0 
25810 769 -747 -600 -747 20 1 -747 0 0 
25815 767 -750 -598 -750 20 1 -750 0 0 
25820 763 -755 -600 -755 20 1 -755 0 0 
25825 760 -758 -598 -758 20 1 -758 0 0 
25830 758 -765 -598 -765 20 1 -765 0 0 
25835 754 -770 -600 -770 20 1 -770 0 0 
25840 750 -773 -598 -773 20 1 -773 0 0 
25845 748 -780 -600 -780 20 1 -780 0 0 
25850 744 -788 -600 -788 20 1 -788 0 0 
25855 741 -795 -600 -795 20 1 -795 0 0 
25860 739 -803 -600 -803 20 1 -803 0 0 
25865 735 -810 -600 -810 20 1 -810 0 0 
25870 731 -818 -600 -818 20 1 -818 0 0 
25875 728 -833 -600 -833 20 1 -833 0 0 
25880 726 -837 -598 -837 20 1 -837 0 0 
25885 722 -845 -600 -845 20 1 -845 0 0 
25890 719 -852 -598 -852 20 1 -852 0 0 
25895 717 -855 -598 -855 20 1 -855 0 0 
25900 713 -860 -600 -860 20 1 -860 0 0 
25905 712 -863 -600 -863 20 1 -863 0 0 
25910 708 -867 -600 -867 20 1 -867 0 0 
25915 706 -867 -600 -867 20 1 -867 0 0 
25920 702 -870 -598 -870 20 1 -870 0 0 
25925 699 -875 -600 -875 20 1 -875 0 0 
25930 697 -875 -600 -875 20 1 -875 0 0 
25935 693 -878 -600 -878 20 1 -878 0 0 
25940 690 -882 -598 -882 20 1 -882 0 0 
25945 688 -885 -600 -885 20 1 -885 0 0 
25950 684 -890 -600 -890 20 1 -890 0 0 
25955 681 -897 -600 -897 20 1 -897 0 0 
25960 679 -900 -598 -900 20 1 -900 0 0 
25965 675 -905 -600 -905 20 1 -905 0 0 
25970 672 -908 -598 -908 20 1 -908 0 0 
25975 670 -912 -600 -912 20 1 -912 0 0 
25980 666 -915 -600 -915 20 1 -915 0 0 
25985 664 -920 -598 -920 20 1 -920 0 0 
25990 661 -920 -600 -920 20 1 -920 0 0 
25995 657 -923 -600 -923 20 1 -923 0 0 
26000 654 -923 -600 -923 20 1 -923 0 0 
26005 652 -923 -598 -923 20 1 -923 0 0 
26010 648 -927 -600 -927 20 1 -927 0 0 
26015 644 -930 -598 -930 20 1 -930 0 0 
26020 643 -935 -600 -935 20 1 -935 0 0 
26025 639 -938 -600 -938 20 1 -938 0 0 
26030 635 -938 -598 -938 20 1 -938 0 0 
26035 632 -942 -600 -942 20 1 -942 0 0 
26040 630 -945 -600 -945 20 1 -945 0 0 
26045 626 -950 -600 -950 20 1 -950 0 0 
26050 624 -950 -600 -950 20 1 -950 0 0 
26055 621 -950 -600 -950 20 1 -950 0 0 
26060 617 -950 -600 -950 20 1 -950 0 0 
26065 615 -945 -598 -945 20 1 -945 0 0 
26070 612 -945 -600 -945 20 1 -945 0 0 
26075 608 -945 -598 -945 20 1 -945 0 0 
26080 606 -942 -600 -942 20 1 -942 0 0 
26085 603 -942 -600 -942 20 1 -942 0 0 
26090 599 -938 -598 -938 20 1 -938 0 0 
26095 595 -938 -600 -938 20 1 -938 0 0 
26100 594 -935 -598 -935 20 1 -935 0 0 
26105 590 -935 -598 -935 20 1 -935 0 0 
26110 588 -935 -600 -935 20 1 -935 0 0 
26115 585 -930 -600 -930 20 1 -930 0 0 
26120 581 -927 -600 -927 20 1 -927 0 0 
26125 579 -927 -600 -927 20 1 -927 0 0 
26130 576 -927 -598 -927 20 1 -927 0 0 
26135 572 -927 -600 -927 20 1 -927 0 0 
26140 570 -923 -600 -923 20 1 -923 0 0 
26145 566 -923 -600 -923 20 1 -923 0 0 
26150 565 -920 -600 -920 20 1 -920 0 0 
26155 561 -920 -600 -920 20 1 -920 0 0 
26160 557 -915 -600 -915 20 1 -915 0 0 
26165 554 -912 -600 -912 20 1 -912 0 0 
26170 552 -908 -600 -908 20 1 -908 0 0 
26175 548 -905 -598 -905 20 1 -905 0 0 
26180 545 -900 -600 -900 20 1 -900 0 0 
26185 543 -897 -600 -897 20 1 -897 0 0 
26190 539 -893 -600 -893 20 1 -893 0 0 
26195 536 -890 -600 -890 20 1 -890 0 0 
26200 534 -885 -600 -885 20 1 -885 0 0 
26205 532 -878 -600 -878 20 1 -878 0 0 
26210 527 -875 -598 -875 20 1 -875 0 0 
26215 524 -863 -600 -863 20 1 -863 0 0 
26220 520 -860 -600 -860 20 1 -860 0 0 
26225 516 -852 -600 -852 20 1 -852 0 0 
26230 515 -845 -600 -845 20 1 -845 0 0 
26235 511 -840 -600 -840 20 1 -840 0 0 
26240 509 -837 -600 -837 20 1 -837 0 0 
26245 506 -833 -600 -833 20 1 -833 0 0 
26250 504 -825 -598 -825 20 1 -825 0 0 
26255 500 -822 -600 -822 20 1 -822 0 0 
26260 497 -818 -600 -818 20 1 -818 0 0 
26265 493 -810 -600 -810 20 1 -810 0 0 
26270 491 -807 -600 -807 20 1 -807 0 0 
26275 487 -800 -600 -800 20 1 -800 0 0 
26280 484 -792 -598 -792 20 1 -792 0 0 
26285 482 -785 -598 -785 20 1 -785 0 0 
26290 478 -780 -600 -780 20 1 -780 0 0 
26295 475 -773 -600 -773 20 1 -773 0 0 
26300 473 -765 -600 -765 20 1 -765 0 0 
26305 469 -762 -600 -762 20 1 -762 0 0 
26310 468 -755 -598 -755 20 1 -755 0 0 
26315 464 -750 -600 -750 20 1 -750 0 0 
26320 460 -747 -600 -747 20 1 -747 0 0 
26325 458 -743 -600 -743 20 1 -743 0 0 
26330 455 -743 -598 -743 20 1 -743 0 0 
26335 451 -735 -600 -735 20 1 -735 0 0 
26340 449 -735 -598 -735 20 1 -735 0 0 
26345 446 -735 -600 -735 20 1 -735 0 0 
26350 442 -732 -598 -732 20 1 -732 0 0 
26355 440 -732 -600 -732 20 1 -732 0 0 
26360 437 -728 -598 -728 20 1 -728 0 0 
26365 433 -725 -600 -725 20 1 -725 0 0 
26370 431 -725 -600 -725 20 1 -725 0 0 
26375 428 -717 -598 -717 20 1 -717 0 0 
26380 424 -713 -600 -713 20 1 -713 0 0 
26385 422 -705 -598 -705 20 1 -705 0 0 
26390 420 -698 -600 -698 20 1 -698 0 0 
26395 415 -695 -600 -695 20 1 -695 0 0 
26400 413 -690 -600 -690 20 1 -690 0 0 
26405 409 -687 -600 -687 20 1 -687 0 0 
26410 408 -687 -598 -687 20 1 -687 0 0 
26415 404 -687 -600 -687 20 1 -687 0 0 
26420 400 -687 -600 -687 20 1 -687 0 0 
26425 399 -687 -600 -687 20 1 -687 0 0 
26430 395 -687 -600 -687 20 1 -687 0 0 
26435 393 -690 -600 -690 20 1 -690 0 0 
26440 390 -690 -598 -690 20 1 -690 0 0 
26445 386 -687 -600 -687 20 1 -687 0 0 
26450 382 -687 -600 -687 20 1 -687 0 0 
26455 380 -687 -600 -687 20 1 -687 0 0 
26460 377 -683 -600 -683 20 1 -683 0 0 
26465 375 -683 -600 -683 20 1 -683 0 0 
26470 371 -675 -600 -675 20 1 -675 0 0 
26475 368 -675 -598 -675 20 1 -675 0 0 
26480 364 -675 -598 -675 20 1 -675 0 0 
26485 362 -672 -600 -672 20 1 -672 0 0 
26490 359 -668 -598 -668 20 1 -668 0 0 
26495 355 -665 -600 -665 20 1 -665 0 0 
26500 353 -665 -600 -665 20 1 -665 0 0 
26505 351 -657 -600 -657 20 1 -657 0 0 
26510 348 -653 -600 -653 20 1 -653 0 0 
26515 344 -645 -600 -645 20 1 -645 0 0 
26520 341 -642 -600 -642 20 1 -642 0 0 
26525 339 -638 -598 -638 20 1 -638 0 0 
26530 335 -630 -598 -630 20 1 -630 0 0 
26535 333 -627 -600 -627 20 1 -627 0 0 
26540 330 -623 -600 -623 20 1 -623 0 0 
26545 326 -620 -600 -620 20 1 -620 0 0 
26550 324 -615 -600 -615 20 1 -615 0 0 
26555 321 -612 -598 -612 20 1 -612 0 0 
26560 317 -608 -598 -608 20 1 -608 0 0 
26565 315 -605 -600 -605 20 1 -605 0 0 
26570 312 -597 -600 -597 20 1 -597 0 0 
26575 310 -593 -600 -593 20 1 -593 0 0 
26580 306 -585 -600 -585 20 1 -585 0 0 
26585 301 -578 -598 -578 20 1 -578 0 0 
26590 300 -575 -600 -575 20 1 -575 0 0 
26595 296 -567 -600 -567 20 1 -567 0 0 
26600 292 -563 -600 -563 20 1 -563 0 0 
26605 291 -560 -598 -560 20 1 -560 0 0 
26610 287 -555 -600 -555 20 1 -555 0 0 
26615 283 -548 -598 -548 20 1 -548 0 0 
26620 282 -545 -600 -545 20 1 -545 0 0 
26625 278 -540 -600 -540 20 1 -540 0 0 
26630 274 -537 -598 -537 20 1 -537 0 0 
26635 271 -533 -600 -533 20 1 -533 0 0 
26640 269 -530 -593 -530 20 1 -530 0 0 
26645 265 -522 -585 -522 20 1 -522 0 0 
26650 263 -515 -575 -515 20 1 -515 0 0 
26655 260 -510 -565 -510 20 1 -510 0 0 
26660 256 -507 -560 -507 20 1 -507 0 0 
26665 254 -500 -548 -500 20 1 -500 0 0 
26670 253 -500 -540 -500 20 1 -500 0 0 
26675 249 -495 -528 -495 20 1 -495 0 0 
26680 245 -492 -520 -492 20 1 -492 0 0 
26685 243 -492 -510 -492 20 1 -492 0 0 
26690 242 -485 -500 -485 20 1 -485 0 0 
26695 238 -477 -493 -477 20 1 -477 0 0 
26700 236 -470 -488 -470 20 1 -470 0 0 
26705 234 -462 -475 -462 20 1 -462 0 0 
26710 233 -455 -473 -455 20 1 -455 0 0 
26715 229 -443 -460 -443 20 1 -443 0 0 
26720 227 -432 -448 -432 20 1 -432 0 0 
26725 225 -420 -438 -420 20 1 -420 0 0 
26730 223 -413 -430 -413 20 1 -413 0 0 
26735 220 -402 -418 -402 20 1 -402 0 0 
26740 218 -398 -415 -398 20 1 -398 0 0 
26745 216 -390 -408 -390 20 1 -390 0 0 
26750 214 -383 -393 -383 20 1 -383 0 0 
26755 213 -380 -385 -380 20 1 -380 0 0 
26760 211 -380 -378 -380 20 1 -380 0 0 
26765 209 -375 -370 -375 20 1 -375 0 0 
26770 207 -375 -355 -375 20 1 -375 0 0 
26775 205 -372 -345 -372 20 1 -372 0 0 
26780 204 -368 -340 -368 20 1 -368 0 0 
26785 202 -360 -338 -360 20 1 -360 0 0 
26790 200 -353 -328 -353 20 1 -353 0 0 
26795 198 -342 -318 -342 20 1 -342 0 0 
26800 198 -330 -305 -330 20 1 -330 0 0 
26805 196 -320 -298 -320 20 1 -320 0 0 
26810 194 -308 -290 -308 20 1 -308 0 0 
26815 193 -290 -275 -290 20 1 -290 0 0 
26820 191 -278 -270 -278 20 1 -278 0 0 
26825 191 -267 -260 -267 20 1 -267 0 0 
26830 189 -255 -260 -255 20 1 -255 0 0 
26835 187 -240 -245 -240 20 1 -240 0 0 
26840 187 -233 -233 -233 20 1 -233 0 0 
26845 185 -225 -223 -225 20 1 -225 0 0 
26850 185 -215 -213 -215 20 1 -215 0 0 
26855 184 -200 -208 -200 20 1 -200 0 0 
26860 182 -188 -205 -188 20 1 -188 0 0 
26865 182 -177 -198 -177 20 1 -177 0 0 
26870 180 -170 -185 -170 20 1 -170 0 0 
26875 180 -155 -170 -155 20 1 -155 0 0 
26880 180 -140 -170 -140 20 1 -140 0 0 
26885 178 -125 -158 -125 20 1 -125 0 0 
26890 178 -110 -148 -110 20 1 -110 0 0 
26895 176 -87 -145 -87 20 1 -87 0 0 
26900 176 -65 -130 -65 20 1 -65 0 0 
26905 176 -38 -118 -38 20 1 -38 0 0 
26910 175 -8 -100 -8 20 1 -8 0 0 
26915 175 27 -75 27 20 1 27 0 0 
26920 175 57 -50 57 20 1 57 0 0 
26925 175 80 -15 80 20 1 80 0 0 
26930 175 110 0 110 20 1 110 0 0 
26935 175 135 23 135 20 1 135 0 0 
26940 175 162 65 162 20 1 162 0 0 
