19112115.003
File-type:2
Date of Test:21.11.2019
Time of Test:15:00
Name of Person:WALKER SARAH        
Joint-Side:0
Test-Mode:1
Joint:0
Plane:0
Zero:290
Motion-Start:15
Motion-End:90
Speed (Movement 1):60
Speed (Movement 2):60
Acceleration  (conc):5
Acceleration  (ecc):5
Decelerat.(conc):
Decelerat.(ecc):
Break:60
Start-Holdposition:
End-Holdposition:
Hold-Time:
No. of sets:1
No. of repetitions:10
Start-Trigg.:
Weight:63 
Height:170
Date of birth:          
Insured side:                      
Sex:    female
Therapist:                      
Gravitycomp.:0
Astacustest:0
Dyna-Tilt-Angle:0
Dyna-Rotation:350
Dyna-Height:70
Dyna-Swivelarm:33318
Seatback-Tilt-Angle:75
Seatback-Move:120
Seat-Tilt:1
Seat-Thigh-Pad:0
Adapter-Pullout-Lenght:105
Adapter-Pullout-Side:0
Footadapter-Rotation:30
Footadapter-Tilt:0
Footadapter-Move:0
Supporthandle-Lenght:20
Supporthandle-Move:520
Supporthandle-Side:0
Shoulder-Lenght:340
Shoulder-Side:10
Double-Pad:0


fdgsfdgsgfsfgsgfsfgssfgsf
UserID:0
MwareID:0


























EXPLANATION OF THE COLUMNS
1.column: time in milliseconds
2.column: relative position in 1/10 degree or millimeter
3.column: torque in 1/10 Nm or force in newton
4.column: speed in 1/10 degree/second or 1/10 millimeter/second
5.column: torque without gravitycalibration in 1/10 Nm
6.column: current repetition(about 1.2 degrees delayed)
7.column: current set
8.column: torque on dynamometer
9.column: force on right leg or deviation of force
10.column: force on left leg or deviation of position
 
MEASUREMENT STARTS AFTER LINE 100





5 157 -15 -0 -15 1 1 -15 0 0 
10 159 -15 -0 -15 1 1 -15 0 0 
15 157 -12 -0 -12 1 1 -12 0 0 
20 157 -12 -0 -12 1 1 -12 0 0 
25 157 -12 -0 -12 1 1 -12 0 0 
30 159 -15 -0 -15 1 1 -15 0 0 
35 157 -15 -0 -15 1 1 -15 0 0 
40 157 -15 -0 -15 1 1 -15 0 0 
45 157 -15 -0 -15 1 1 -15 0 0 
50 157 -15 -0 -15 1 1 -15 0 0 
55 159 -15 -0 -15 1 1 -15 0 0 
60 159 -15 -0 -15 1 1 -15 0 0 
65 157 -20 -0 -20 1 1 -20 0 0 
70 157 -20 -0 -20 1 1 -20 0 0 
75 157 -20 -0 -20 1 1 -20 0 0 
80 157 -20 -0 -20 1 1 -20 0 0 
85 159 -20 -0 -20 1 1 -20 0 0 
90 159 -20 -0 -20 1 1 -20 0 0 
95 159 -15 -0 -15 1 1 -15 0 0 
100 159 -15 -0 -15 1 1 -15 0 0 
105 159 -15 -0 -15 1 1 -15 0 0 
110 157 -20 -0 -20 1 1 -20 0 0 
115 157 -20 -0 -20 1 1 -20 0 0 
120 157 -15 -0 -15 1 1 -15 0 0 
125 157 -20 -0 -20 1 1 -20 0 0 
130 157 -15 -0 -15 1 1 -15 0 0 
135 159 -15 -0 -15 1 1 -15 0 0 
140 159 -15 -3 -15 1 1 -15 0 0 
145 157 -20 -0 -20 1 1 -20 0 0 
150 159 -15 -0 -15 1 1 -15 0 0 
155 159 -20 -3 -20 1 1 -20 0 0 
160 157 -15 -5 -15 1 1 -15 0 0 
165 159 -20 -5 -20 1 1 -20 0 0 
170 157 -20 -3 -20 1 1 -20 0 0 
175 157 -20 -5 -20 1 1 -20 0 0 
180 159 -20 -3 -20 1 1 -20 0 0 
185 159 -20 -5 -20 1 1 -20 0 0 
190 157 -20 -5 -20 1 1 -20 0 0 
195 157 -20 -5 -20 1 1 -20 0 0 
200 157 -20 -3 -20 1 1 -20 0 0 
205 157 -20 -3 -20 1 1 -20 0 0 
210 157 -20 -3 -20 1 1 -20 0 0 
215 159 -20 -3 -20 1 1 -20 0 0 
220 159 -20 -3 -20 1 1 -20 0 0 
225 157 -20 -5 -20 1 1 -20 0 0 
230 157 -20 -3 -20 1 1 -20 0 0 
235 159 -20 -5 -20 1 1 -20 0 0 
240 157 -20 -3 -20 1 1 -20 0 0 
245 157 -20 -3 -20 1 1 -20 0 0 
250 157 -20 -3 -20 1 1 -20 0 0 
255 157 -20 -3 -20 1 1 -20 0 0 
260 159 -15 -3 -15 1 1 -15 0 0 
265 157 -15 -3 -15 1 1 -15 0 0 
270 159 -15 -5 -15 1 1 -15 0 0 
275 157 -15 -3 -15 1 1 -15 0 0 
280 157 -15 -3 -15 1 1 -15 0 0 
285 157 -15 -3 -15 1 1 -15 0 0 
290 159 -15 -3 -15 1 1 -15 0 0 
295 157 -15 -3 -15 1 1 -15 0 0 
300 157 -15 -3 -15 1 1 -15 0 0 
305 157 -15 -3 -15 1 1 -15 0 0 
310 159 -12 -3 -12 1 1 -12 0 0 
315 157 -15 -3 -15 1 1 -15 0 0 
320 157 -15 -3 -15 1 1 -15 0 0 
325 157 -12 -3 -12 1 1 -12 0 0 
330 159 -12 -3 -12 1 1 -12 0 0 
335 159 -12 -3 -12 1 1 -12 0 0 
340 157 -12 -3 -12 1 1 -12 0 0 
345 157 -12 -0 -12 1 1 -12 0 0 
350 159 -12 -3 -12 1 1 -12 0 0 
355 159 -12 -0 -12 1 1 -12 0 0 
360 159 -12 -0 -12 1 1 -12 0 0 
365 159 -12 -0 -12 1 1 -12 0 0 
370 159 -12 -0 -12 1 1 -12 0 0 
375 157 -12 -0 -12 1 1 -12 0 0 
380 159 -12 -0 -12 1 1 -12 0 0 
385 159 -12 -0 -12 1 1 -12 0 0 
390 159 -12 -0 -12 1 1 -12 0 0 
395 159 -12 -0 -12 1 1 -12 0 0 
400 159 -12 -0 -12 1 1 -12 0 0 
405 159 -12 -0 -12 1 1 -12 0 0 
410 159 -12 -0 -12 1 1 -12 0 0 
415 159 -12 3 -12 1 1 -12 0 0 
420 159 -12 -0 -12 1 1 -12 0 0 
425 159 -12 -0 -12 1 1 -12 0 0 
430 159 -12 -0 -12 1 1 -12 0 0 
435 159 -12 -0 -12 1 1 -12 0 0 
440 159 -12 -0 -12 1 1 -12 0 0 
445 159 -12 -0 -12 1 1 -12 0 0 
450 159 -12 3 -12 1 1 -12 0 0 
455 159 -12 -0 -12 1 1 -12 0 0 
460 159 -12 -0 -12 1 1 -12 0 0 
465 159 -12 -0 -12 1 1 -12 0 0 
470 159 -12 3 -12 1 1 -12 0 0 
475 159 -12 3 -12 1 1 -12 0 0 
480 159 -12 -0 -12 1 1 -12 0 0 
485 159 -12 -0 -12 1 1 -12 0 0 
490 159 -8 -0 -8 1 1 -8 0 0 
495 159 -12 -0 -12 1 1 -12 0 0 
500 159 -12 -0 -12 1 1 -12 0 0 
505 159 -12 -0 -12 1 1 -12 0 0 
510 159 -12 -0 -12 1 1 -12 0 0 
515 159 -12 -0 -12 1 1 -12 0 0 
520 160 -12 -0 -12 1 1 -12 0 0 
525 160 -12 -0 -12 1 1 -12 0 0 
530 160 -12 3 -12 1 1 -12 0 0 
535 160 -12 -0 -12 1 1 -12 0 0 
540 160 -12 -0 -12 1 1 -12 0 0 
545 160 -12 3 -12 1 1 -12 0 0 
550 160 -15 3 -15 1 1 -15 0 0 
555 160 -15 3 -15 1 1 -15 0 0 
560 160 -15 -0 -15 1 1 -15 0 0 
565 160 -12 -0 -12 1 1 -12 0 0 
570 160 -12 -0 -12 1 1 -12 0 0 
575 160 -12 3 -12 1 1 -12 0 0 
580 160 -12 -0 -12 1 1 -12 0 0 
585 160 -12 -0 -12 1 1 -12 0 0 
590 160 -12 -0 -12 1 1 -12 0 0 
595 159 -12 -0 -12 1 1 -12 0 0 
600 160 -12 -0 -12 1 1 -12 0 0 
605 160 -12 -0 -12 1 1 -12 0 0 
610 160 -12 -0 -12 1 1 -12 0 0 
615 160 -12 3 -12 1 1 -12 0 0 
620 160 -12 -0 -12 1 1 -12 0 0 
625 160 -12 -0 -12 1 1 -12 0 0 
630 160 -12 -0 -12 1 1 -12 0 0 
635 160 -12 -0 -12 1 1 -12 0 0 
640 160 -15 -0 -15 1 1 -15 0 0 
645 160 -12 -0 -12 1 1 -12 0 0 
650 160 -15 -0 -15 1 1 -15 0 0 
655 160 -15 -0 -15 1 1 -15 0 0 
660 162 -15 -0 -15 1 1 -15 0 0 
665 160 -15 -0 -15 1 1 -15 0 0 
670 162 -20 -0 -20 1 1 -20 0 0 
675 162 -15 -0 -15 1 1 -15 0 0 
680 160 -15 -0 -15 1 1 -15 0 0 
685 160 -15 -0 -15 1 1 -15 0 0 
690 162 -15 -0 -15 1 1 -15 0 0 
695 162 -12 -0 -12 1 1 -12 0 0 
700 160 -12 -0 -12 1 1 -12 0 0 
705 160 -12 -0 -12 1 1 -12 0 0 
710 160 -12 -0 -12 1 1 -12 0 0 
715 160 -12 -0 -12 1 1 -12 0 0 
720 162 -12 -0 -12 1 1 -12 0 0 
725 162 -12 -0 -12 1 1 -12 0 0 
730 162 -12 -0 -12 1 1 -12 0 0 
735 162 -12 -0 -12 1 1 -12 0 0 
740 162 -12 3 -12 1 1 -12 0 0 
745 162 -12 3 -12 1 1 -12 0 0 
750 162 -12 -0 -12 1 1 -12 0 0 
755 162 -12 -0 -12 1 1 -12 0 0 
760 162 -12 -0 -12 1 1 -12 0 0 
765 162 -8 -0 -8 1 1 -8 0 0 
770 162 -12 -0 -12 1 1 -12 0 0 
775 162 -12 -0 -12 1 1 -12 0 0 
780 162 -12 -0 -12 1 1 -12 0 0 
785 162 -12 -0 -12 1 1 -12 0 0 
790 162 -12 -0 -12 1 1 -12 0 0 
795 162 -12 -0 -12 1 1 -12 0 0 
800 162 -12 -0 -12 1 1 -12 0 0 
805 162 -12 -0 -12 1 1 -12 0 0 
810 162 -12 -0 -12 1 1 -12 0 0 
815 162 -12 -0 -12 1 1 -12 0 0 
820 162 -12 -0 -12 1 1 -12 0 0 
825 162 -12 -0 -12 1 1 -12 0 0 
830 162 -12 -0 -12 1 1 -12 0 0 
835 162 -12 -0 -12 1 1 -12 0 0 
840 162 -12 -0 -12 1 1 -12 0 0 
845 162 -12 -0 -12 1 1 -12 0 0 
850 162 -12 -0 -12 1 1 -12 0 0 
855 162 -12 -0 -12 1 1 -12 0 0 
860 162 -15 -0 -15 1 1 -15 0 0 
865 162 -12 -0 -12 1 1 -12 0 0 
870 162 -12 -0 -12 1 1 -12 0 0 
875 162 -15 -0 -15 1 1 -15 0 0 
880 162 -12 -0 -12 1 1 -12 0 0 
885 162 -12 -0 -12 1 1 -12 0 0 
890 162 -15 -0 -15 1 1 -15 0 0 
895 162 -15 -0 -15 1 1 -15 0 0 
900 162 -12 -0 -12 1 1 -12 0 0 
905 162 -12 -0 -12 1 1 -12 0 0 
910 162 -12 -0 -12 1 1 -12 0 0 
915 162 -12 -0 -12 1 1 -12 0 0 
920 162 -12 -3 -12 1 1 -12 0 0 
925 162 -12 -3 -12 1 1 -12 0 0 
930 162 -12 -3 -12 1 1 -12 0 0 
935 162 -12 -0 -12 1 1 -12 0 0 
940 162 -12 -3 -12 1 1 -12 0 0 
945 162 -12 -3 -12 1 1 -12 0 0 
950 162 -12 -3 -12 1 1 -12 0 0 
955 162 -12 -3 -12 1 1 -12 0 0 
960 162 -12 -3 -12 1 1 -12 0 0 
965 162 -12 -3 -12 1 1 -12 0 0 
970 162 -12 -3 -12 1 1 -12 0 0 
975 162 -8 -3 -8 1 1 -8 0 0 
980 162 -8 -3 -8 1 1 -8 0 0 
985 162 -8 -0 -8 1 1 -8 0 0 
990 162 -8 -0 -8 1 1 -8 0 0 
995 162 -8 -0 -8 1 1 -8 0 0 
1000 162 -8 -0 -8 1 1 -8 0 0 
1005 160 -5 -0 -5 1 1 -5 0 0 
1010 162 -8 -0 -8 1 1 -8 0 0 
1015 162 -5 -0 -5 1 1 -5 0 0 
1020 162 -5 -0 -5 1 1 -5 0 0 
1025 162 -5 -0 -5 1 1 -5 0 0 
1030 162 -5 -0 -5 1 1 -5 0 0 
1035 162 -8 -0 -8 1 1 -8 0 0 
1040 162 -8 -0 -8 1 1 -8 0 0 
1045 162 -8 -0 -8 1 1 -8 0 0 
1050 162 -8 -0 -8 1 1 -8 0 0 
1055 162 -8 -0 -8 1 1 -8 0 0 
1060 162 -8 -0 -8 1 1 -8 0 0 
1065 162 -8 -0 -8 1 1 -8 0 0 
1070 162 -8 -0 -8 1 1 -8 0 0 
1075 162 -8 -0 -8 1 1 -8 0 0 
1080 162 -8 -0 -8 1 1 -8 0 0 
1085 162 -8 -0 -8 1 1 -8 0 0 
1090 162 -8 -0 -8 1 1 -8 0 0 
1095 162 -8 -0 -8 1 1 -8 0 0 
1100 162 -8 -0 -8 1 1 -8 0 0 
1105 162 -8 -0 -8 1 1 -8 0 0 
1110 164 -5 -0 -5 1 1 -5 0 0 
1115 162 -8 -0 -8 1 1 -8 0 0 
1120 164 -5 -0 -5 1 1 -5 0 0 
1125 162 -5 -0 -5 1 1 -5 0 0 
1130 162 -5 3 -5 1 1 -5 0 0 
1135 162 -5 -0 -5 1 1 -5 0 0 
1140 162 -5 3 -5 1 1 -5 0 0 
1145 162 -5 -0 -5 1 1 -5 0 0 
1150 164 -5 -0 -5 1 1 -5 0 0 
1155 164 -5 -0 -5 1 1 -5 0 0 
1160 162 -5 -0 -5 1 1 -5 0 0 
1165 164 -5 3 -5 1 1 -5 0 0 
1170 162 -5 -0 -5 1 1 -5 0 0 
1175 164 -5 -0 -5 1 1 -5 0 0 
1180 164 -5 -0 -5 1 1 -5 0 0 
1185 164 -8 -0 -8 1 1 -8 0 0 
1190 164 -8 -0 -8 1 1 -8 0 0 
1195 164 -8 -0 -8 1 1 -8 0 0 
1200 164 -8 3 -8 1 1 -8 0 0 
1205 162 -8 -0 -8 1 1 -8 0 0 
1210 164 -12 -0 -12 1 1 -12 0 0 
1215 162 -8 -0 -8 1 1 -8 0 0 
1220 162 -8 -0 -8 1 1 -8 0 0 
1225 164 -12 -0 -12 1 1 -12 0 0 
1230 164 -12 -0 -12 1 1 -12 0 0 
1235 164 -8 -0 -8 1 1 -8 0 0 
1240 164 -8 -0 -8 1 1 -8 0 0 
1245 164 -8 -0 -8 1 1 -8 0 0 
1250 162 -12 -0 -12 1 1 -12 0 0 
1255 164 -8 -0 -8 1 1 -8 0 0 
1260 164 -12 -0 -12 1 1 -12 0 0 
1265 164 -12 -0 -12 1 1 -12 0 0 
1270 164 -12 -0 -12 1 1 -12 0 0 
1275 164 -12 -0 -12 1 1 -12 0 0 
1280 164 -12 -0 -12 1 1 -12 0 0 
1285 164 -12 -0 -12 1 1 -12 0 0 
1290 164 -12 -0 -12 1 1 -12 0 0 
1295 164 -12 -0 -12 1 1 -12 0 0 
1300 164 -12 -0 -12 1 1 -12 0 0 
1305 164 -12 -0 -12 1 1 -12 0 0 
1310 164 -8 -0 -8 1 1 -8 0 0 
1315 164 -12 3 -12 1 1 -12 0 0 
1320 164 -12 3 -12 1 1 -12 0 0 
1325 164 -12 3 -12 1 1 -12 0 0 
1330 164 -12 3 -12 1 1 -12 0 0 
1335 164 -12 -0 -12 1 1 -12 0 0 
1340 164 -12 -0 -12 1 1 -12 0 0 
1345 164 -12 -0 -12 1 1 -12 0 0 
1350 164 -8 -0 -8 1 1 -8 0 0 
1355 164 -12 -0 -12 1 1 -12 0 0 
1360 164 -8 -0 -8 1 1 -8 0 0 
1365 164 -12 -0 -12 1 1 -12 0 0 
1370 164 -12 -0 -12 1 1 -12 0 0 
1375 164 -12 -0 -12 1 1 -12 0 0 
1380 164 -12 -0 -12 1 1 -12 0 0 
1385 164 -12 -0 -12 1 1 -12 0 0 
1390 164 -12 -0 -12 1 1 -12 0 0 
1395 164 -12 -0 -12 1 1 -12 0 0 
1400 164 -12 -0 -12 1 1 -12 0 0 
1405 164 -12 -0 -12 1 1 -12 0 0 
1410 164 -12 -0 -12 1 1 -12 0 0 
1415 164 -12 3 -12 1 1 -12 0 0 
1420 164 -12 -0 -12 1 1 -12 0 0 
1425 164 -12 -0 -12 1 1 -12 0 0 
1430 164 -12 -0 -12 1 1 -12 0 0 
1435 164 -12 -0 -12 1 1 -12 0 0 
1440 166 -12 -0 -12 1 1 -12 0 0 
1445 164 -12 -0 -12 1 1 -12 0 0 
1450 164 -12 -0 -12 1 1 -12 0 0 
1455 164 -12 -0 -12 1 1 -12 0 0 
1460 164 -12 -0 -12 1 1 -12 0 0 
1465 164 -12 -0 -12 1 1 -12 0 0 
1470 164 -12 -0 -12 1 1 -12 0 0 
1475 164 -12 3 -12 1 1 -12 0 0 
1480 164 -12 -0 -12 1 1 -12 0 0 
1485 164 -12 -0 -12 1 1 -12 0 0 
1490 164 -12 -0 -12 1 1 -12 0 0 
1495 164 -12 3 -12 1 1 -12 0 0 
1500 164 -12 -0 -12 1 1 -12 0 0 
1505 164 -12 -0 -12 1 1 -12 0 0 
1510 164 -12 -0 -12 1 1 -12 0 0 
1515 164 -12 -0 -12 1 1 -12 0 0 
1520 166 -12 -0 -12 1 1 -12 0 0 
1525 164 -12 -0 -12 1 1 -12 0 0 
1530 164 -12 -0 -12 1 1 -12 0 0 
1535 166 -8 -0 -8 1 1 -8 0 0 
1540 164 -8 -0 -8 1 1 -8 0 0 
1545 164 -8 -0 -8 1 1 -8 0 0 
1550 164 -12 -0 -12 1 1 -12 0 0 
1555 166 -8 -0 -8 1 1 -8 0 0 
1560 166 -12 -0 -12 1 1 -12 0 0 
1565 164 -8 -0 -8 1 1 -8 0 0 
1570 164 -8 -0 -8 1 1 -8 0 0 
1575 166 -8 -0 -8 1 1 -8 0 0 
1580 166 -8 -0 -8 1 1 -8 0 0 
1585 166 -8 -0 -8 1 1 -8 0 0 
1590 164 -8 -0 -8 1 1 -8 0 0 
1595 164 -8 -0 -8 1 1 -8 0 0 
1600 164 -8 -0 -8 1 1 -8 0 0 
1605 164 -8 -0 -8 1 1 -8 0 0 
1610 164 -12 -0 -12 1 1 -12 0 0 
1615 164 -8 -0 -8 1 1 -8 0 0 
1620 164 -12 -0 -12 1 1 -12 0 0 
1625 164 -12 -0 -12 1 1 -12 0 0 
1630 166 -8 -0 -8 1 1 -8 0 0 
1635 166 -8 -0 -8 1 1 -8 0 0 
1640 164 -8 -0 -8 1 1 -8 0 0 
1645 166 -8 -0 -8 1 1 -8 0 0 
1650 166 -12 -0 -12 1 1 -12 0 0 
1655 164 -8 -0 -8 1 1 -8 0 0 
1660 164 -12 -0 -12 1 1 -12 0 0 
1665 166 -8 3 -8 1 1 -8 0 0 
1670 164 -8 -0 -8 1 1 -8 0 0 
1675 166 -8 -0 -8 1 1 -8 0 0 
1680 166 -12 -0 -12 1 1 -12 0 0 
1685 166 -12 -0 -12 1 1 -12 0 0 
1690 166 -12 -0 -12 1 1 -12 0 0 
1695 166 -12 -0 -12 1 1 -12 0 0 
1700 164 -12 3 -12 1 1 -12 0 0 
1705 166 -12 -0 -12 1 1 -12 0 0 
1710 166 -12 -0 -12 1 1 -12 0 0 
1715 166 -12 -0 -12 1 1 -12 0 0 
1720 166 -12 3 -12 1 1 -12 0 0 
1725 166 -12 -0 -12 1 1 -12 0 0 
1730 166 -12 -0 -12 1 1 -12 0 0 
1735 166 -12 -0 -12 1 1 -12 0 0 
1740 166 -12 -0 -12 1 1 -12 0 0 
1745 166 -12 -0 -12 1 1 -12 0 0 
1750 166 -12 -0 -12 1 1 -12 0 0 
1755 166 -12 -0 -12 1 1 -12 0 0 
1760 166 -12 -0 -12 1 1 -12 0 0 
1765 164 -12 -0 -12 1 1 -12 0 0 
1770 166 -12 -0 -12 1 1 -12 0 0 
1775 166 -12 -0 -12 1 1 -12 0 0 
1780 166 -15 -0 -15 1 1 -15 0 0 
1785 166 -12 -0 -12 1 1 -12 0 0 
1790 166 -12 -0 -12 1 1 -12 0 0 
1795 164 -12 -0 -12 1 1 -12 0 0 
1800 166 -12 -0 -12 1 1 -12 0 0 
1805 166 -12 -0 -12 1 1 -12 0 0 
1810 166 -12 3 -12 1 1 -12 0 0 
1815 166 -12 -0 -12 1 1 -12 0 0 
1820 164 -12 -0 -12 1 1 -12 0 0 
1825 166 -12 -0 -12 1 1 -12 0 0 
1830 166 -12 -0 -12 1 1 -12 0 0 
1835 166 -12 -0 -12 1 1 -12 0 0 
1840 166 -12 -0 -12 1 1 -12 0 0 
1845 166 -12 -0 -12 1 1 -12 0 0 
1850 166 -12 -0 -12 1 1 -12 0 0 
1855 166 -12 -0 -12 1 1 -12 0 0 
1860 166 -12 -0 -12 1 1 -12 0 0 
1865 164 -12 3 -12 1 1 -12 0 0 
1870 166 -12 -0 -12 1 1 -12 0 0 
1875 164 -12 -0 -12 1 1 -12 0 0 
1880 166 -12 -0 -12 1 1 -12 0 0 
1885 166 -12 -0 -12 1 1 -12 0 0 
1890 166 -12 -0 -12 1 1 -12 0 0 
1895 166 -12 -0 -12 1 1 -12 0 0 
1900 166 -12 -0 -12 1 1 -12 0 0 
1905 166 -12 -0 -12 1 1 -12 0 0 
1910 166 -12 -0 -12 1 1 -12 0 0 
1915 166 -12 -0 -12 1 1 -12 0 0 
1920 166 -12 -0 -12 1 1 -12 0 0 
1925 166 -12 -0 -12 1 1 -12 0 0 
1930 166 -12 -0 -12 1 1 -12 0 0 
1935 166 -12 -0 -12 1 1 -12 0 0 
1940 166 -12 -0 -12 1 1 -12 0 0 
1945 166 -12 -0 -12 1 1 -12 0 0 
1950 166 -8 -0 -8 1 1 -8 0 0 
1955 166 -8 -0 -8 1 1 -8 0 0 
1960 166 -8 -0 -8 1 1 -8 0 0 
1965 166 -8 -0 -8 1 1 -8 0 0 
1970 166 -8 -0 -8 1 1 -8 0 0 
1975 166 -8 -0 -8 1 1 -8 0 0 
1980 166 -8 -0 -8 1 1 -8 0 0 
1985 166 -8 -0 -8 1 1 -8 0 0 
1990 166 -8 -0 -8 1 1 -8 0 0 
1995 166 -8 -0 -8 1 1 -8 0 0 
2000 166 -8 3 -8 1 1 -8 0 0 
2005 166 -8 -0 -8 1 1 -8 0 0 
2010 166 -8 3 -8 1 1 -8 0 0 
2015 166 -8 3 -8 1 1 -8 0 0 
2020 166 -5 3 -5 1 1 -5 0 0 
2025 166 -5 -0 -5 1 1 -5 0 0 
2030 166 -5 3 -5 1 1 -5 0 0 
2035 166 -5 -0 -5 1 1 -5 0 0 
2040 166 -5 3 -5 1 1 -5 0 0 
2045 166 -5 3 -5 1 1 -5 0 0 
2050 166 -5 -0 -5 1 1 -5 0 0 
2055 166 -5 3 -5 1 1 -5 0 0 
2060 166 -5 3 -5 1 1 -5 0 0 
2065 166 -0 3 -0 1 1 -0 0 0 
2070 166 -0 3 -0 1 1 -0 0 0 
2075 166 -0 3 -0 1 1 -0 0 0 
2080 166 -0 3 -0 1 1 -0 0 0 
2085 166 5 5 5 1 1 5 0 0 
2090 166 -0 5 -0 1 1 -0 0 0 
2095 166 -0 5 -0 1 1 -0 0 0 
2100 166 -0 5 -0 1 1 -0 0 0 
2105 166 -0 5 -0 1 1 -0 0 0 
2110 166 5 5 5 1 1 5 0 0 
2115 166 5 5 5 1 1 5 0 0 
2120 166 5 10 5 1 1 5 0 0 
2125 166 5 5 5 1 1 5 0 0 
2130 166 5 10 5 1 1 5 0 0 
2135 166 5 10 5 1 1 5 0 0 
2140 166 -0 10 -0 1 1 -0 0 0 
2145 166 5 10 5 1 1 5 0 0 
2150 166 5 10 5 1 1 5 0 0 
2155 166 5 10 5 1 1 5 0 0 
2160 166 8 13 8 1 1 8 0 0 
2165 166 8 13 8 1 1 8 0 0 
2170 166 8 15 8 1 1 8 0 0 
2175 166 12 15 12 1 1 12 0 0 
2180 166 8 18 8 1 1 8 0 0 
2185 168 12 18 12 1 1 12 0 0 
2190 168 12 25 12 1 1 12 0 0 
2195 168 12 28 12 1 1 12 0 0 
2200 168 15 30 15 1 1 15 0 0 
2205 168 15 35 15 1 1 15 0 0 
2210 168 15 38 15 1 1 15 0 0 
2215 168 20 40 20 1 1 20 0 0 
2220 168 20 43 20 1 1 20 0 0 
2225 168 20 50 20 1 1 20 0 0 
2230 168 20 55 20 1 1 20 0 0 
2235 169 23 58 23 1 1 23 0 0 
2240 169 23 65 23 1 1 23 0 0 
2245 169 23 70 23 1 1 23 0 0 
2250 169 23 75 23 1 1 23 0 0 
2255 169 23 80 23 1 1 23 0 0 
2260 169 27 88 27 1 1 27 0 0 
2265 169 27 95 27 1 1 27 0 0 
2270 171 27 103 27 1 1 27 0 0 
2275 173 30 110 30 1 1 30 0 0 
2280 173 30 120 30 1 1 30 0 0 
2285 173 30 130 30 1 1 30 0 0 
2290 173 35 140 35 1 1 35 0 0 
2295 175 35 148 35 1 1 35 0 0 
2300 175 35 155 35 1 1 35 0 0 
2305 177 35 168 35 1 1 35 0 0 
2310 177 38 180 38 1 1 38 0 0 
2315 178 35 188 35 1 1 35 0 0 
2320 178 35 200 35 1 1 35 0 0 
2325 178 38 213 38 1 1 38 0 0 
2330 180 38 225 38 1 1 38 0 0 
2335 182 42 238 42 1 1 42 0 0 
2340 182 42 253 42 1 1 42 0 0 
2345 184 45 273 45 1 1 45 0 0 
2350 184 50 288 50 1 1 50 0 0 
2355 188 50 300 50 1 1 50 0 0 
2360 188 50 315 50 1 1 50 0 0 
2365 189 50 338 50 1 1 50 0 0 
2370 191 50 353 50 1 1 50 0 0 
2375 193 53 368 53 1 1 53 0 0 
2380 195 53 383 53 1 1 53 0 0 
2385 198 53 405 53 1 1 53 0 0 
2390 198 53 428 53 1 1 53 0 0 
2395 202 53 443 53 1 1 53 0 0 
2400 204 53 460 53 1 1 53 0 0 
2405 206 53 483 53 1 1 53 0 0 
2410 207 53 503 53 1 1 53 0 0 
2415 211 53 520 53 1 1 53 0 0 
2420 213 53 540 53 1 1 53 0 0 
2425 215 53 565 53 1 1 53 0 0 
2430 218 53 588 53 1 1 53 0 0 
2435 220 50 598 50 1 1 50 0 0 
2440 224 53 600 53 1 1 53 0 0 
2445 227 53 600 53 1 1 53 0 0 
2450 231 53 600 53 1 1 53 0 0 
2455 233 57 600 57 1 1 57 0 0 
2460 237 60 600 60 1 1 60 0 0 
2465 240 65 598 65 1 1 65 0 0 
2470 242 72 600 72 1 1 72 0 0 
2475 246 80 600 80 1 1 80 0 0 
2480 249 83 600 83 1 1 83 0 0 
2485 251 90 600 90 1 1 90 0 0 
2490 255 98 600 98 1 1 98 0 0 
2495 256 105 600 105 1 1 105 0 0 
2500 260 113 598 113 1 1 113 0 0 
2505 264 117 598 117 1 1 117 0 0 
2510 266 120 598 120 1 1 120 0 0 
2515 269 125 598 125 1 1 125 0 0 
2520 273 125 600 125 1 1 125 0 0 
2525 276 125 598 125 1 1 125 0 0 
2530 280 125 598 125 1 1 125 0 0 
2535 282 125 598 125 1 1 125 0 0 
2540 285 125 600 125 1 1 125 0 0 
2545 287 125 600 125 1 1 125 0 0 
2550 291 128 600 128 1 1 128 0 0 
2555 295 128 600 128 1 1 128 0 0 
2560 298 128 600 128 1 1 128 0 0 
2565 300 128 600 128 1 1 128 0 0 
2570 304 128 598 128 1 1 128 0 0 
2575 305 128 600 128 1 1 128 0 0 
2580 309 125 598 125 1 1 125 0 0 
2585 313 125 600 125 1 1 125 0 0 
2590 316 125 598 125 1 1 125 0 0 
2595 318 125 600 125 1 1 125 0 0 
2600 322 125 600 125 1 1 125 0 0 
2605 325 125 598 125 1 1 125 0 0 
2610 327 128 600 128 1 1 128 0 0 
2615 331 128 600 128 1 1 128 0 0 
2620 334 132 598 132 1 1 132 0 0 
2625 337 132 600 132 1 1 132 0 0 
2630 341 135 598 135 1 1 135 0 0 
2635 345 135 600 135 1 1 135 0 0 
2640 346 140 598 140 1 1 140 0 0 
2645 350 140 600 140 1 1 140 0 0 
2650 352 140 600 140 1 1 140 0 0 
2655 355 143 598 143 1 1 143 0 0 
2660 357 143 598 143 1 1 143 0 0 
2665 361 147 598 147 1 1 147 0 0 
2670 364 147 600 147 1 1 147 0 0 
2675 368 150 600 150 1 1 150 0 0 
2680 370 155 598 155 1 1 155 0 0 
2685 374 155 600 155 1 1 155 0 0 
2690 377 158 600 158 1 1 158 0 0 
2695 379 162 598 162 1 1 162 0 0 
2700 381 165 598 165 1 1 165 0 0 
2705 384 165 600 165 1 1 165 0 0 
2710 388 173 600 173 1 1 173 0 0 
2715 392 173 600 173 1 1 173 0 0 
2720 393 177 600 177 1 1 177 0 0 
2725 397 177 600 177 1 1 177 0 0 
2730 401 180 600 180 1 1 180 0 0 
2735 403 180 598 180 1 1 180 0 0 
2740 406 180 598 180 1 1 180 0 0 
2745 408 180 600 180 1 1 180 0 0 
2750 412 185 600 185 1 1 185 0 0 
2755 415 185 600 185 1 1 185 0 0 
2760 417 185 598 185 1 1 185 0 0 
2765 421 185 600 185 1 1 185 0 0 
2770 424 185 600 185 1 1 185 0 0 
2775 426 185 600 185 1 1 185 0 0 
2780 430 185 600 185 1 1 185 0 0 
2785 433 188 598 188 1 1 188 0 0 
2790 435 188 600 188 1 1 188 0 0 
2795 439 192 600 192 1 1 192 0 0 
2800 442 195 600 195 1 1 195 0 0 
2805 444 200 600 200 1 1 200 0 0 
2810 448 200 598 200 1 1 200 0 0 
2815 450 203 600 203 1 1 203 0 0 
2820 453 203 600 203 1 1 203 0 0 
2825 457 203 600 203 1 1 203 0 0 
2830 461 203 598 203 1 1 203 0 0 
2835 462 203 600 203 1 1 203 0 0 
2840 464 203 600 203 1 1 203 0 0 
2845 470 203 598 203 1 1 203 0 0 
2850 471 207 600 207 1 1 207 0 0 
2855 475 210 600 210 1 1 210 0 0 
2860 479 210 600 210 1 1 210 0 0 
2865 481 210 598 210 1 1 210 0 0 
2870 484 210 600 210 1 1 210 0 0 
2875 488 215 600 215 1 1 215 0 0 
2880 490 210 600 210 1 1 210 0 0 
2885 493 210 600 210 1 1 210 0 0 
2890 497 210 598 210 1 1 210 0 0 
2895 500 210 600 210 1 1 210 0 0 
2900 502 210 600 210 1 1 210 0 0 
2905 506 210 600 210 1 1 210 0 0 
2910 508 210 598 210 1 1 210 0 0 
2915 511 210 600 210 1 1 210 0 0 
2920 515 210 600 210 1 1 210 0 0 
2925 517 210 600 210 1 1 210 0 0 
2930 520 210 600 210 1 1 210 0 0 
2935 522 210 598 210 1 1 210 0 0 
2940 526 207 600 207 1 1 207 0 0 
2945 530 207 598 207 1 1 207 0 0 
2950 533 207 600 207 1 1 207 0 0 
2955 537 207 600 207 1 1 207 0 0 
2960 539 207 600 207 1 1 207 0 0 
2965 540 203 600 203 1 1 203 0 0 
2970 544 203 600 203 1 1 203 0 0 
2975 548 203 600 203 1 1 203 0 0 
2980 551 200 600 200 1 1 200 0 0 
2985 553 203 600 203 1 1 203 0 0 
2990 558 203 600 203 1 1 203 0 0 
2995 561 203 600 203 1 1 203 0 0 
3000 563 203 598 203 1 1 203 0 0 
3005 565 203 600 203 1 1 203 0 0 
3010 569 203 600 203 1 1 203 0 0 
3015 572 203 600 203 1 1 203 0 0 
3020 576 203 598 203 1 1 203 0 0 
3025 578 203 600 203 1 1 203 0 0 
3030 581 207 600 207 1 1 207 0 0 
3035 585 207 600 207 1 1 207 0 0 
3040 587 207 600 207 1 1 207 0 0 
3045 590 207 600 207 1 1 207 0 0 
3050 594 207 600 207 1 1 207 0 0 
3055 596 207 600 207 1 1 207 0 0 
3060 599 210 598 210 1 1 210 0 0 
3065 603 210 600 210 1 1 210 0 0 
3070 607 210 600 210 1 1 210 0 0 
3075 608 210 600 210 1 1 210 0 0 
3080 610 210 598 210 1 1 210 0 0 
3085 614 210 600 210 1 1 210 0 0 
3090 618 210 598 210 1 1 210 0 0 
3095 619 215 600 215 1 1 215 0 0 
3100 623 210 600 210 1 1 210 0 0 
3105 627 210 598 210 1 1 210 0 0 
3110 628 210 600 210 1 1 210 0 0 
3115 632 210 600 210 1 1 210 0 0 
3120 636 210 600 210 1 1 210 0 0 
3125 639 210 600 210 1 1 210 0 0 
3130 641 210 600 210 1 1 210 0 0 
3135 643 215 600 215 1 1 215 0 0 
3140 647 215 598 215 1 1 215 0 0 
3145 650 215 600 215 1 1 215 0 0 
3150 654 215 600 215 1 1 215 0 0 
3155 656 215 598 215 1 1 215 0 0 
3160 659 215 600 215 1 1 215 0 0 
3165 661 218 600 218 1 1 218 0 0 
3170 667 215 598 215 1 1 215 0 0 
3175 668 218 600 218 1 1 218 0 0 
3180 670 218 600 218 1 1 218 0 0 
3185 674 218 600 218 1 1 218 0 0 
3190 677 218 600 218 1 1 218 0 0 
3195 679 218 598 218 1 1 218 0 0 
3200 683 222 600 222 1 1 222 0 0 
3205 686 222 600 222 1 1 222 0 0 
3210 688 222 598 222 1 1 222 0 0 
3215 692 225 598 225 1 1 225 0 0 
3220 696 225 600 225 1 1 225 0 0 
3225 697 225 600 225 1 1 225 0 0 
3230 701 225 598 225 1 1 225 0 0 
3235 705 225 600 225 1 1 225 0 0 
3240 706 225 600 225 1 1 225 0 0 
3245 710 225 600 225 1 1 225 0 0 
3250 714 225 598 225 1 1 225 0 0 
3255 715 222 598 222 1 1 222 0 0 
3260 719 225 600 225 1 1 225 0 0 
3265 723 225 600 225 1 1 225 0 0 
3270 725 222 600 222 1 1 222 0 0 
3275 728 222 600 222 1 1 222 0 0 
3280 732 222 600 222 1 1 222 0 0 
3285 734 222 600 222 1 1 222 0 0 
3290 737 218 598 218 1 1 218 0 0 
3295 741 218 600 218 1 1 218 0 0 
3300 743 218 600 218 1 1 218 0 0 
3305 746 218 598 218 1 1 218 0 0 
3310 750 218 600 218 1 1 218 0 0 
3315 752 218 598 218 1 1 218 0 0 
3320 755 218 600 218 1 1 218 0 0 
3325 759 215 598 215 1 1 215 0 0 
3330 761 215 600 215 1 1 215 0 0 
3335 764 215 600 215 1 1 215 0 0 
3340 766 215 600 215 1 1 215 0 0 
3345 770 215 598 215 1 1 215 0 0 
3350 774 210 600 210 1 1 210 0 0 
3355 775 210 600 210 1 1 210 0 0 
3360 780 210 600 210 1 1 210 0 0 
3365 782 207 593 207 1 1 207 0 0 
3370 787 203 578 203 1 1 203 0 0 
3375 789 200 568 200 1 1 200 0 0 
3380 793 200 563 200 1 1 200 0 0 
3385 793 200 550 200 1 1 200 0 0 
3390 796 203 545 203 1 1 203 0 0 
3395 800 207 538 207 1 1 207 0 0 
3400 802 210 525 210 1 1 210 0 0 
3405 805 215 520 215 1 1 215 0 0 
3410 807 218 508 218 1 1 218 0 0 
3415 809 218 498 218 1 1 218 0 0 
3420 813 215 493 215 1 1 215 0 0 
3425 814 215 480 215 1 1 215 0 0 
3430 818 210 473 210 1 1 210 0 0 
3435 820 210 463 210 1 1 210 0 0 
3440 822 210 448 210 1 1 210 0 0 
3445 823 215 445 215 1 1 215 0 0 
3450 827 218 433 218 1 1 218 0 0 
3455 829 218 423 218 1 1 218 0 0 
3460 831 218 418 218 1 1 218 0 0 
3465 833 218 405 218 1 1 218 0 0 
3470 834 215 398 215 1 1 215 0 0 
3475 838 215 390 215 1 1 215 0 0 
3480 838 210 380 210 1 1 210 0 0 
3485 840 215 375 215 1 1 215 0 0 
3490 843 210 368 210 1 1 210 0 0 
3495 845 210 353 210 1 1 210 0 0 
3500 845 207 343 207 1 1 207 0 0 
3505 847 207 333 207 1 1 207 0 0 
3510 849 207 323 207 1 1 207 0 0 
3515 851 207 313 207 1 1 207 0 0 
3520 853 207 300 207 1 1 207 0 0 
3525 854 207 298 207 1 1 207 0 0 
3530 856 210 288 210 1 1 210 0 0 
3535 858 207 278 207 1 1 207 0 0 
3540 858 210 270 210 1 1 210 0 0 
3545 860 207 260 207 1 1 207 0 0 
3550 862 203 245 203 1 1 203 0 0 
3555 863 203 233 203 1 1 203 0 0 
3560 863 200 233 200 1 1 200 0 0 
3565 865 200 228 200 1 1 200 0 0 
3570 865 200 213 200 1 1 200 0 0 
3575 867 195 210 195 1 1 195 0 0 
3580 869 200 195 200 1 1 200 0 0 
3585 869 195 188 195 1 1 195 0 0 
3590 871 195 173 195 1 1 195 0 0 
3595 871 192 160 192 1 1 192 0 0 
3600 872 188 155 188 1 1 188 0 0 
3605 872 188 148 188 1 1 188 0 0 
3610 874 188 145 188 1 1 188 0 0 
3615 874 188 135 188 1 1 188 0 0 
3620 874 188 133 188 1 1 188 0 0 
3625 874 185 128 185 1 1 185 0 0 
3630 876 185 120 185 1 1 185 0 0 
3635 876 180 120 180 1 1 180 0 0 
3640 876 177 120 177 1 1 177 0 0 
3645 878 173 118 173 1 1 173 0 0 
3650 878 170 105 170 1 1 170 0 0 
3655 878 165 103 165 1 1 165 0 0 
3660 880 162 100 162 1 1 162 0 0 
3665 880 158 83 158 1 1 158 0 0 
3670 880 158 83 158 1 1 158 0 0 
3675 880 155 83 155 1 1 155 0 0 
3680 880 155 80 155 1 1 155 0 0 
3685 882 150 75 150 1 1 150 0 0 
3690 882 150 63 150 1 1 150 0 0 
3695 882 150 55 150 1 1 150 0 0 
3700 882 147 58 147 1 1 147 0 0 
3705 883 143 55 143 1 1 143 0 0 
3710 883 140 55 140 1 1 140 0 0 
3715 883 143 53 143 1 1 143 0 0 
3720 883 140 53 140 1 1 140 0 0 
3725 883 135 53 135 1 1 135 0 0 
3730 883 132 53 132 1 1 132 0 0 
3735 883 128 48 128 1 1 128 0 0 
3740 883 125 50 125 1 1 125 0 0 
3745 883 120 48 120 1 1 120 0 0 
3750 885 113 50 113 1 1 113 0 0 
3755 885 110 48 110 1 1 110 0 0 
3760 883 102 43 102 1 1 102 0 0 
3765 885 98 43 98 1 1 98 0 0 
3770 885 87 40 87 1 1 87 0 0 
3775 885 80 43 80 1 1 80 0 0 
3780 885 72 43 72 1 1 72 0 0 
3785 887 68 38 68 1 1 68 0 0 
3790 885 57 38 57 1 1 57 0 0 
3795 887 50 35 50 1 1 50 0 0 
3800 887 45 35 45 1 1 45 0 0 
3805 887 42 35 42 1 1 42 0 0 
3810 887 35 35 35 1 1 35 0 0 
3815 887 35 35 35 1 1 35 0 0 
3820 887 30 30 30 1 1 30 0 0 
3825 887 27 30 27 1 1 27 0 0 
3830 887 23 25 23 1 1 23 0 0 
3835 887 15 18 15 1 1 15 0 0 
3840 887 -0 10 -0 1 1 -0 0 0 
3845 887 -12 -0 -12 1 1 -12 0 0 
3850 887 -35 -10 -35 1 1 -35 0 0 
3855 887 -50 -23 -50 1 1 -50 0 0 
3860 887 -60 -38 -60 1 1 -60 0 0 
3865 887 -72 -53 -72 1 1 -72 0 0 
3870 887 -80 -68 -80 1 1 -80 0 0 
3875 887 -80 -83 -80 1 1 -80 0 0 
3880 885 -83 -103 -83 1 1 -83 0 0 
3885 885 -87 -120 -87 1 1 -87 0 0 
3890 883 -87 -145 -87 1 1 -87 0 0 
3895 883 -90 -168 -90 1 1 -90 0 0 
3900 883 -95 -193 -95 1 1 -95 0 0 
3905 882 -102 -218 -102 1 1 -102 0 0 
3910 880 -110 -250 -110 1 1 -110 0 0 
3915 880 -117 -285 -117 1 1 -117 0 0 
3920 878 -125 -313 -125 1 1 -125 0 0 
3925 876 -132 -350 -132 1 1 -132 0 0 
3930 874 -140 -390 -140 1 1 -140 0 0 
3935 872 -143 -430 -143 2 1 -143 0 0 
3940 871 -150 -468 -150 2 1 -150 0 0 
3945 867 -155 -510 -155 2 1 -155 0 0 
3950 865 -158 -560 -158 2 1 -158 0 0 
3955 863 -162 -593 -162 2 1 -162 0 0 
3960 860 -165 -598 -165 2 1 -165 0 0 
3965 856 -165 -600 -165 2 1 -165 0 0 
3970 853 -170 -600 -170 2 1 -170 0 0 
3975 851 -173 -600 -173 2 1 -173 0 0 
3980 847 -180 -600 -180 2 1 -180 0 0 
3985 843 -195 -603 -195 2 1 -195 0 0 
3990 840 -215 -600 -215 2 1 -215 0 0 
3995 836 -233 -600 -233 2 1 -233 0 0 
4000 834 -252 -600 -252 2 1 -252 0 0 
4005 831 -275 -603 -275 2 1 -275 0 0 
4010 827 -293 -603 -293 2 1 -293 0 0 
4015 825 -312 -600 -312 2 1 -312 0 0 
4020 822 -327 -603 -327 2 1 -327 0 0 
4025 818 -338 -603 -338 2 1 -338 0 0 
4030 816 -350 -600 -350 2 1 -350 0 0 
4035 813 -357 -600 -357 2 1 -357 0 0 
4040 809 -365 -600 -365 2 1 -365 0 0 
4045 807 -372 -603 -372 2 1 -372 0 0 
4050 802 -383 -600 -383 2 1 -383 0 0 
4055 800 -390 -600 -390 2 1 -390 0 0 
4060 796 -405 -600 -405 2 1 -405 0 0 
4065 794 -420 -603 -420 2 1 -420 0 0 
4070 791 -440 -603 -440 2 1 -440 0 0 
4075 789 -455 -600 -455 2 1 -455 0 0 
4080 785 -470 -600 -470 2 1 -470 0 0 
4085 782 -480 -600 -480 2 1 -480 0 0 
4090 777 -495 -600 -495 2 1 -495 0 0 
4095 775 -503 -600 -503 2 1 -503 0 0 
4100 772 -507 -600 -507 2 1 -507 0 0 
4105 770 -510 -600 -510 2 1 -510 0 0 
4110 766 -515 -600 -515 2 1 -515 0 0 
4115 763 -522 -603 -522 2 1 -522 0 0 
4120 759 -525 -600 -525 2 1 -525 0 0 
4125 757 -530 -600 -530 2 1 -530 0 0 
4130 754 -537 -603 -537 2 1 -537 0 0 
4135 752 -545 -600 -545 2 1 -545 0 0 
4140 748 -548 -600 -548 2 1 -548 0 0 
4145 745 -552 -600 -552 2 1 -552 0 0 
4150 741 -560 -603 -560 2 1 -560 0 0 
4155 737 -567 -600 -567 2 1 -567 0 0 
4160 735 -570 -600 -570 2 1 -570 0 0 
4165 732 -575 -600 -575 2 1 -575 0 0 
4170 728 -582 -600 -582 2 1 -582 0 0 
4175 726 -585 -600 -585 2 1 -585 0 0 
4180 723 -590 -600 -590 2 1 -590 0 0 
4185 719 -597 -600 -597 2 1 -597 0 0 
4190 715 -600 -603 -600 2 1 -600 0 0 
4195 714 -608 -600 -608 2 1 -608 0 0 
4200 710 -615 -600 -615 2 1 -615 0 0 
4205 708 -627 -600 -627 2 1 -627 0 0 
4210 705 -635 -600 -635 2 1 -635 0 0 
4215 701 -642 -600 -642 2 1 -642 0 0 
4220 697 -645 -600 -645 2 1 -645 0 0 
4225 696 -653 -603 -653 2 1 -653 0 0 
4230 692 -660 -600 -660 2 1 -660 0 0 
4235 688 -668 -600 -668 2 1 -668 0 0 
4240 685 -672 -600 -672 2 1 -672 0 0 
4245 683 -675 -600 -675 2 1 -675 0 0 
4250 679 -683 -600 -683 2 1 -683 0 0 
4255 676 -690 -603 -690 2 1 -690 0 0 
4260 674 -695 -600 -695 2 1 -695 0 0 
4265 670 -702 -600 -702 2 1 -702 0 0 
4270 668 -705 -600 -705 2 1 -705 0 0 
4275 665 -710 -600 -710 2 1 -710 0 0 
4280 661 -713 -600 -713 2 1 -713 0 0 
4285 659 -720 -600 -720 2 1 -720 0 0 
4290 656 -725 -600 -725 2 1 -725 0 0 
4295 652 -728 -600 -728 2 1 -728 0 0 
4300 648 -732 -603 -732 2 1 -732 0 0 
4305 647 -732 -603 -732 2 1 -732 0 0 
4310 643 -735 -600 -735 2 1 -735 0 0 
4315 639 -740 -600 -740 2 1 -740 0 0 
4320 638 -740 -600 -740 2 1 -740 0 0 
4325 634 -743 -600 -743 2 1 -743 0 0 
4330 630 -747 -603 -747 2 1 -747 0 0 
4335 627 -750 -600 -750 2 1 -750 0 0 
4340 625 -750 -600 -750 2 1 -750 0 0 
4345 621 -750 -600 -750 2 1 -750 0 0 
4350 618 -755 -603 -755 2 1 -755 0 0 
4355 616 -755 -600 -755 2 1 -755 0 0 
4360 612 -755 -600 -755 2 1 -755 0 0 
4365 610 -758 -600 -758 2 1 -758 0 0 
4370 607 -758 -600 -758 2 1 -758 0 0 
4375 603 -758 -600 -758 2 1 -758 0 0 
4380 599 -762 -600 -762 2 1 -762 0 0 
4385 598 -762 -600 -762 2 1 -762 0 0 
4390 594 -765 -600 -765 2 1 -765 0 0 
4395 590 -765 -603 -765 2 1 -765 0 0 
4400 589 -770 -603 -770 2 1 -770 0 0 
4405 585 -770 -600 -770 2 1 -770 0 0 
4410 581 -770 -600 -770 2 1 -770 0 0 
4415 578 -770 -600 -770 2 1 -770 0 0 
4420 576 -773 -600 -773 2 1 -773 0 0 
4425 572 -773 -600 -773 2 1 -773 0 0 
4430 569 -773 -603 -773 2 1 -773 0 0 
4435 567 -777 -600 -777 2 1 -777 0 0 
4440 563 -777 -600 -777 2 1 -777 0 0 
4445 560 -777 -603 -777 2 1 -777 0 0 
4450 558 -777 -603 -777 2 1 -777 0 0 
4455 553 -777 -600 -777 2 1 -777 0 0 
4460 549 -773 -600 -773 2 1 -773 0 0 
4465 548 -773 -600 -773 2 1 -773 0 0 
4470 544 -770 -603 -770 2 1 -770 0 0 
4475 540 -770 -600 -770 2 1 -770 0 0 
4480 539 -765 -600 -765 2 1 -765 0 0 
4485 535 -765 -600 -765 2 1 -765 0 0 
4490 531 -762 -603 -762 2 1 -762 0 0 
4495 530 -758 -600 -758 2 1 -758 0 0 
4500 526 -758 -603 -758 2 1 -758 0 0 
4505 524 -755 -600 -755 2 1 -755 0 0 
4510 520 -750 -600 -750 2 1 -750 0 0 
4515 517 -747 -600 -747 2 1 -747 0 0 
4520 513 -747 -600 -747 2 1 -747 0 0 
4525 511 -743 -600 -743 2 1 -743 0 0 
4530 508 -743 -600 -743 2 1 -743 0 0 
4535 504 -735 -600 -735 2 1 -735 0 0 
4540 502 -732 -600 -732 2 1 -732 0 0 
4545 499 -728 -600 -728 2 1 -728 0 0 
4550 495 -720 -600 -720 2 1 -720 0 0 
4555 491 -717 -603 -717 2 1 -717 0 0 
4560 490 -713 -600 -713 2 1 -713 0 0 
4565 486 -710 -603 -710 2 1 -710 0 0 
4570 482 -705 -600 -705 2 1 -705 0 0 
4575 479 -702 -600 -702 2 1 -702 0 0 
4580 477 -698 -600 -698 2 1 -698 0 0 
4585 475 -695 -600 -695 2 1 -695 0 0 
4590 471 -690 -600 -690 2 1 -690 0 0 
4595 468 -683 -603 -683 2 1 -683 0 0 
4600 464 -680 -600 -680 2 1 -680 0 0 
4605 462 -672 -600 -672 2 1 -672 0 0 
4610 459 -668 -603 -668 2 1 -668 0 0 
4615 455 -665 -600 -665 2 1 -665 0 0 
4620 452 -657 -600 -657 2 1 -657 0 0 
4625 450 -653 -603 -653 2 1 -653 0 0 
4630 446 -650 -603 -650 2 1 -650 0 0 
4635 444 -645 -600 -645 2 1 -645 0 0 
4640 441 -642 -603 -642 2 1 -642 0 0 
4645 437 -638 -603 -638 2 1 -638 0 0 
4650 433 -638 -600 -638 2 1 -638 0 0 
4655 432 -630 -600 -630 2 1 -630 0 0 
4660 428 -627 -600 -627 2 1 -627 0 0 
4665 424 -623 -600 -623 2 1 -623 0 0 
4670 423 -615 -600 -615 2 1 -615 0 0 
4675 419 -612 -603 -612 2 1 -612 0 0 
4680 415 -605 -600 -605 2 1 -605 0 0 
4685 413 -600 -600 -600 2 1 -600 0 0 
4690 410 -593 -603 -593 2 1 -593 0 0 
4695 406 -585 -600 -585 2 1 -585 0 0 
4700 404 -578 -600 -578 2 1 -578 0 0 
4705 403 -570 -600 -570 2 1 -570 0 0 
4710 399 -563 -600 -563 2 1 -563 0 0 
4715 395 -555 -603 -555 2 1 -555 0 0 
4720 393 -548 -603 -548 2 1 -548 0 0 
4725 390 -545 -603 -545 2 1 -545 0 0 
4730 386 -537 -600 -537 2 1 -537 0 0 
4735 383 -530 -600 -530 2 1 -530 0 0 
4740 381 -525 -603 -525 2 1 -525 0 0 
4745 377 -518 -600 -518 2 1 -518 0 0 
4750 375 -510 -600 -510 2 1 -510 0 0 
4755 372 -503 -600 -503 2 1 -503 0 0 
4760 368 -495 -600 -495 2 1 -495 0 0 
4765 364 -485 -600 -485 2 1 -485 0 0 
4770 363 -477 -600 -477 2 1 -477 0 0 
4775 359 -465 -603 -465 2 1 -465 0 0 
4780 357 -458 -600 -458 2 1 -458 0 0 
4785 354 -450 -600 -450 2 1 -450 0 0 
4790 350 -447 -603 -447 2 1 -447 0 0 
4795 348 -440 -600 -440 2 1 -440 0 0 
4800 345 -435 -603 -435 2 1 -435 0 0 
4805 341 -428 -600 -428 2 1 -428 0 0 
4810 339 -428 -600 -428 2 1 -428 0 0 
4815 334 -420 -603 -420 2 1 -420 0 0 
4820 331 -417 -600 -417 2 1 -417 0 0 
4825 329 -413 -600 -413 2 1 -413 0 0 
4830 325 -410 -603 -410 2 1 -410 0 0 
4835 322 -410 -600 -410 2 1 -410 0 0 
4840 318 -405 -600 -405 2 1 -405 0 0 
4845 316 -405 -603 -405 2 1 -405 0 0 
4850 313 -405 -600 -405 2 1 -405 0 0 
4855 309 -402 -600 -402 2 1 -402 0 0 
4860 307 -402 -600 -402 2 1 -402 0 0 
4865 304 -402 -603 -402 2 1 -402 0 0 
4870 302 -402 -600 -402 2 1 -402 0 0 
4875 298 -398 -603 -398 2 1 -398 0 0 
4880 295 -395 -600 -395 2 1 -395 0 0 
4885 291 -395 -603 -395 2 1 -395 0 0 
4890 289 -390 -600 -390 2 1 -390 0 0 
4895 285 -390 -600 -390 2 1 -390 0 0 
4900 282 -387 -600 -387 2 1 -387 0 0 
4905 278 -383 -603 -383 2 1 -383 0 0 
4910 276 -380 -600 -380 2 1 -380 0 0 
4915 273 -380 -603 -380 2 1 -380 0 0 
4920 269 -375 -600 -375 2 1 -375 0 0 
4925 267 -372 -588 -372 2 1 -372 0 0 
4930 264 -368 -578 -368 2 1 -368 0 0 
4935 260 -368 -568 -368 2 1 -368 0 0 
4940 256 -365 -560 -365 2 1 -365 0 0 
4945 255 -360 -550 -360 2 1 -360 0 0 
4950 253 -360 -540 -360 2 1 -360 0 0 
4955 249 -365 -533 -365 2 1 -365 0 0 
4960 247 -365 -520 -365 2 1 -365 0 0 
4965 246 -368 -520 -368 2 1 -368 0 0 
4970 242 -368 -510 -368 2 1 -368 0 0 
4975 240 -365 -495 -365 2 1 -365 0 0 
4980 237 -365 -485 -365 2 1 -365 0 0 
4985 233 -360 -480 -360 2 1 -360 0 0 
4990 231 -360 -470 -360 2 1 -360 0 0 
4995 229 -357 -458 -357 2 1 -357 0 0 
5000 226 -357 -448 -357 2 1 -357 0 0 
5005 224 -353 -445 -353 2 1 -353 0 0 
5010 222 -353 -435 -353 2 1 -353 0 0 
5015 220 -353 -418 -353 2 1 -353 0 0 
5020 218 -350 -408 -350 2 1 -350 0 0 
5025 217 -345 -405 -345 2 1 -345 0 0 
5030 215 -345 -393 -345 2 1 -345 0 0 
5035 211 -342 -383 -342 2 1 -342 0 0 
5040 211 -342 -375 -342 2 1 -342 0 0 
5045 207 -338 -365 -338 2 1 -338 0 0 
5050 206 -335 -355 -335 2 1 -335 0 0 
5055 206 -330 -350 -330 2 1 -330 0 0 
5060 204 -327 -340 -327 2 1 -327 0 0 
5065 202 -323 -338 -323 2 1 -323 0 0 
5070 200 -323 -323 -323 2 1 -323 0 0 
5075 198 -320 -315 -320 2 1 -320 0 0 
5080 197 -315 -303 -315 2 1 -315 0 0 
5085 195 -312 -300 -312 2 1 -312 0 0 
5090 193 -312 -290 -312 2 1 -312 0 0 
5095 191 -308 -278 -308 2 1 -308 0 0 
5100 191 -308 -265 -308 2 1 -308 0 0 
5105 189 -305 -260 -305 2 1 -305 0 0 
5110 188 -305 -248 -305 2 1 -305 0 0 
5115 186 -300 -240 -300 2 1 -300 0 0 
5120 186 -305 -235 -305 2 1 -305 0 0 
5125 184 -300 -225 -300 2 1 -300 0 0 
5130 184 -300 -220 -300 2 1 -300 0 0 
5135 182 -293 -200 -293 2 1 -293 0 0 
5140 180 -293 -188 -293 2 1 -293 0 0 
5145 180 -285 -183 -285 2 1 -285 0 0 
5150 178 -282 -170 -282 2 1 -282 0 0 
5155 178 -278 -158 -278 2 1 -278 0 0 
5160 177 -275 -148 -275 2 1 -275 0 0 
5165 177 -275 -145 -275 2 1 -275 0 0 
5170 177 -270 -143 -270 2 1 -270 0 0 
5175 175 -270 -143 -270 2 1 -270 0 0 
5180 175 -267 -135 -267 2 1 -267 0 0 
5185 175 -260 -128 -260 2 1 -260 0 0 
5190 175 -255 -123 -255 2 1 -255 0 0 
5195 173 -245 -115 -245 2 1 -245 0 0 
5200 173 -237 -110 -237 2 1 -237 0 0 
5205 171 -230 -108 -230 2 1 -230 0 0 
5210 171 -222 -95 -222 2 1 -222 0 0 
5215 171 -215 -93 -215 2 1 -215 0 0 
5220 171 -207 -93 -207 2 1 -207 0 0 
5225 169 -200 -90 -200 2 1 -200 0 0 
5230 169 -195 -78 -195 2 1 -195 0 0 
5235 169 -188 -75 -188 2 1 -188 0 0 
5240 168 -185 -75 -185 2 1 -185 0 0 
5245 169 -177 -75 -177 2 1 -177 0 0 
5250 168 -173 -68 -173 2 1 -173 0 0 
5255 168 -162 -58 -162 2 1 -162 0 0 
5260 168 -155 -63 -155 2 1 -155 0 0 
5265 166 -147 -58 -147 2 1 -147 0 0 
5270 168 -140 -53 -140 2 1 -140 0 0 
5275 166 -128 -53 -128 2 1 -128 0 0 
5280 166 -120 -53 -120 2 1 -120 0 0 
5285 166 -113 -50 -113 2 1 -113 0 0 
5290 166 -105 -50 -105 2 1 -105 0 0 
5295 166 -95 -50 -95 2 1 -95 0 0 
5300 166 -83 -50 -83 2 1 -83 0 0 
5305 164 -80 -48 -80 2 1 -80 0 0 
5310 166 -72 -43 -72 2 1 -72 0 0 
5315 164 -60 -43 -60 2 1 -60 0 0 
5320 164 -50 -43 -50 2 1 -50 0 0 
5325 164 -38 -43 -38 2 1 -38 0 0 
5330 164 -30 -40 -30 2 1 -30 0 0 
5335 164 -23 -38 -23 2 1 -23 0 0 
5340 164 -15 -28 -15 2 1 -15 0 0 
5345 164 -8 -18 -8 2 1 -8 0 0 
5350 162 8 -10 8 2 1 8 0 0 
5355 164 23 -0 23 2 1 23 0 0 
5360 164 38 10 38 2 1 38 0 0 
5365 164 50 25 50 2 1 50 0 0 
5370 164 60 43 60 2 1 60 0 0 
5375 164 68 65 68 2 1 68 0 0 
5380 164 75 83 75 2 1 75 0 0 
5385 164 83 110 83 2 1 83 0 0 
5390 166 90 140 90 2 1 90 0 0 
5395 166 102 170 102 2 1 102 0 0 
5400 166 110 198 110 2 1 110 0 0 
5405 168 117 228 117 2 1 117 0 0 
5410 168 125 263 125 2 1 125 0 0 
5415 169 132 303 132 2 1 132 0 0 
5420 171 135 338 135 2 1 135 0 0 
5425 173 140 370 140 2 1 140 0 0 
5430 175 143 408 143 2 1 143 0 0 
5435 177 143 448 143 3 1 143 0 0 
5440 180 140 485 140 3 1 140 0 0 
5445 182 140 525 140 3 1 140 0 0 
5450 184 135 565 135 3 1 135 0 0 
5455 188 135 593 135 3 1 135 0 0 
5460 191 135 600 135 3 1 135 0 0 
5465 193 143 600 143 3 1 143 0 0 
5470 197 147 600 147 3 1 147 0 0 
5475 200 150 600 150 3 1 150 0 0 
5480 202 162 598 162 3 1 162 0 0 
5485 206 177 600 177 3 1 177 0 0 
5490 207 192 600 192 3 1 192 0 0 
5495 211 215 600 215 3 1 215 0 0 
5500 213 233 598 233 3 1 233 0 0 
5505 217 245 598 245 3 1 245 0 0 
5510 218 263 600 263 3 1 263 0 0 
5515 224 278 600 278 3 1 278 0 0 
5520 226 290 600 290 3 1 290 0 0 
5525 229 297 600 297 3 1 297 0 0 
5530 231 305 600 305 3 1 305 0 0 
5535 235 305 600 305 3 1 305 0 0 
5540 238 308 600 308 3 1 308 0 0 
5545 242 312 600 312 3 1 312 0 0 
5550 244 312 600 312 3 1 312 0 0 
5555 247 320 600 320 3 1 320 0 0 
5560 251 320 600 320 3 1 320 0 0 
5565 253 323 600 323 3 1 323 0 0 
5570 256 327 600 327 3 1 327 0 0 
5575 258 327 600 327 3 1 327 0 0 
5580 262 327 600 327 3 1 327 0 0 
5585 266 327 600 327 3 1 327 0 0 
5590 269 323 600 323 3 1 323 0 0 
5595 273 323 600 323 3 1 323 0 0 
5600 275 323 600 323 3 1 323 0 0 
5605 278 323 600 323 3 1 323 0 0 
5610 280 327 598 327 3 1 327 0 0 
5615 284 330 598 330 3 1 330 0 0 
5620 287 335 600 335 3 1 335 0 0 
5625 291 335 600 335 3 1 335 0 0 
5630 293 338 600 338 3 1 338 0 0 
5635 296 342 600 342 3 1 342 0 0 
5640 300 342 600 342 3 1 342 0 0 
5645 302 342 600 342 3 1 342 0 0 
5650 305 345 600 345 3 1 345 0 0 
5655 309 345 600 345 3 1 345 0 0 
5660 311 350 600 350 3 1 350 0 0 
5665 314 353 600 353 3 1 353 0 0 
5670 316 353 600 353 3 1 353 0 0 
5675 322 357 600 357 3 1 357 0 0 
5680 324 357 598 357 3 1 357 0 0 
5685 325 357 600 357 3 1 357 0 0 
5690 329 357 598 357 3 1 357 0 0 
5695 334 357 600 357 3 1 357 0 0 
5700 335 360 600 360 3 1 360 0 0 
5705 339 360 598 360 3 1 360 0 0 
5710 343 365 600 365 3 1 365 0 0 
5715 345 365 600 365 3 1 365 0 0 
5720 348 368 598 368 3 1 368 0 0 
5725 352 372 598 372 3 1 372 0 0 
5730 354 375 600 375 3 1 375 0 0 
5735 357 380 600 380 3 1 380 0 0 
5740 361 383 600 383 3 1 383 0 0 
5745 364 383 598 383 3 1 383 0 0 
5750 366 387 598 387 3 1 387 0 0 
5755 370 390 600 390 3 1 390 0 0 
5760 374 390 600 390 3 1 390 0 0 
5765 375 395 600 395 3 1 395 0 0 
5770 377 398 600 398 3 1 398 0 0 
5775 381 398 600 398 3 1 398 0 0 
5780 384 398 600 398 3 1 398 0 0 
5785 386 402 598 402 3 1 402 0 0 
5790 390 402 600 402 3 1 402 0 0 
5795 393 402 600 402 3 1 402 0 0 
5800 397 402 600 402 3 1 402 0 0 
5805 399 402 600 402 3 1 402 0 0 
5810 403 402 600 402 3 1 402 0 0 
5815 406 405 600 405 3 1 405 0 0 
5820 408 405 600 405 3 1 405 0 0 
5825 412 405 600 405 3 1 405 0 0 
5830 413 405 600 405 3 1 405 0 0 
5835 417 405 598 405 3 1 405 0 0 
5840 421 410 600 410 3 1 410 0 0 
5845 423 410 600 410 3 1 410 0 0 
5850 424 410 598 410 3 1 410 0 0 
5855 430 410 600 410 3 1 410 0 0 
5860 432 413 600 413 3 1 413 0 0 
5865 435 413 600 413 3 1 413 0 0 
5870 437 413 600 413 3 1 413 0 0 
5875 441 417 600 417 3 1 417 0 0 
5880 444 417 600 417 3 1 417 0 0 
5885 446 420 600 420 3 1 420 0 0 
5890 450 417 600 417 3 1 417 0 0 
5895 453 420 598 420 3 1 420 0 0 
5900 457 420 600 420 3 1 420 0 0 
5905 459 425 600 425 3 1 425 0 0 
5910 462 425 600 425 3 1 425 0 0 
5915 464 425 600 425 3 1 425 0 0 
5920 468 425 598 425 3 1 425 0 0 
5925 471 425 598 425 3 1 425 0 0 
5930 473 428 598 428 3 1 428 0 0 
5935 477 428 598 428 3 1 428 0 0 
5940 481 432 598 432 3 1 432 0 0 
5945 482 432 600 432 3 1 432 0 0 
5950 486 432 598 432 3 1 432 0 0 
5955 490 435 600 435 3 1 435 0 0 
5960 491 435 600 435 3 1 435 0 0 
5965 495 440 600 440 3 1 440 0 0 
5970 499 440 598 440 3 1 440 0 0 
5975 502 443 600 443 3 1 443 0 0 
5980 504 443 598 443 3 1 443 0 0 
5985 508 443 600 443 3 1 443 0 0 
5990 510 447 600 447 3 1 447 0 0 
5995 515 450 600 450 3 1 450 0 0 
6000 517 450 600 450 3 1 450 0 0 
6005 519 455 600 455 3 1 455 0 0 
6010 522 455 600 455 3 1 455 0 0 
6015 526 458 600 458 3 1 458 0 0 
6020 528 458 600 458 3 1 458 0 0 
6025 531 458 598 458 3 1 458 0 0 
6030 535 462 600 462 3 1 462 0 0 
6035 539 458 600 458 3 1 458 0 0 
6040 540 462 600 462 3 1 462 0 0 
6045 544 462 600 462 3 1 462 0 0 
6050 546 462 598 462 3 1 462 0 0 
6055 549 458 600 458 3 1 458 0 0 
6060 553 462 598 462 3 1 462 0 0 
6065 555 462 600 462 3 1 462 0 0 
6070 560 462 600 462 3 1 462 0 0 
6075 563 465 598 465 3 1 465 0 0 
6080 567 462 600 462 3 1 462 0 0 
6085 569 465 600 465 3 1 465 0 0 
6090 572 462 598 462 3 1 462 0 0 
6095 576 465 600 465 3 1 465 0 0 
6100 578 465 600 465 3 1 465 0 0 
6105 581 465 600 465 3 1 465 0 0 
6110 583 470 598 470 3 1 470 0 0 
6115 587 470 600 470 3 1 470 0 0 
6120 590 470 598 470 3 1 470 0 0 
6125 592 470 600 470 3 1 470 0 0 
6130 596 470 598 470 3 1 470 0 0 
6135 598 470 598 470 3 1 470 0 0 
6140 601 470 600 470 3 1 470 0 0 
6145 605 473 600 473 3 1 473 0 0 
6150 607 473 598 473 3 1 473 0 0 
6155 610 473 600 473 3 1 473 0 0 
6160 612 473 600 473 3 1 473 0 0 
6165 616 477 600 477 3 1 477 0 0 
6170 619 477 598 477 3 1 477 0 0 
6175 623 477 600 477 3 1 477 0 0 
6180 627 477 600 477 3 1 477 0 0 
6185 628 477 600 477 3 1 477 0 0 
6190 632 477 600 477 3 1 477 0 0 
6195 634 477 598 477 3 1 477 0 0 
6200 638 477 598 477 3 1 477 0 0 
6205 641 480 598 480 3 1 480 0 0 
6210 643 480 598 480 3 1 480 0 0 
6215 647 480 600 480 3 1 480 0 0 
6220 650 480 600 480 3 1 480 0 0 
6225 652 480 600 480 3 1 480 0 0 
6230 656 480 600 480 3 1 480 0 0 
6235 659 480 598 480 3 1 480 0 0 
6240 661 485 598 485 3 1 485 0 0 
6245 665 485 600 485 3 1 485 0 0 
6250 668 480 600 480 3 1 480 0 0 
6255 670 480 598 480 3 1 480 0 0 
6260 674 480 600 480 3 1 480 0 0 
6265 676 480 598 480 3 1 480 0 0 
6270 679 480 600 480 3 1 480 0 0 
6275 683 480 600 480 3 1 480 0 0 
6280 685 480 600 480 3 1 480 0 0 
6285 688 480 600 480 3 1 480 0 0 
6290 690 480 598 480 3 1 480 0 0 
6295 694 480 600 480 3 1 480 0 0 
6300 697 480 600 480 3 1 480 0 0 
6305 701 480 600 480 3 1 480 0 0 
6310 703 477 600 477 3 1 477 0 0 
6315 706 477 600 477 3 1 477 0 0 
6320 708 473 598 473 3 1 473 0 0 
6325 712 477 600 477 3 1 477 0 0 
6330 715 477 600 477 3 1 477 0 0 
6335 717 473 598 473 3 1 473 0 0 
6340 721 470 600 470 3 1 470 0 0 
6345 725 470 600 470 3 1 470 0 0 
6350 726 470 600 470 3 1 470 0 0 
6355 730 470 598 470 3 1 470 0 0 
6360 734 465 598 465 3 1 465 0 0 
6365 735 462 600 462 3 1 462 0 0 
6370 739 462 600 462 3 1 462 0 0 
6375 743 462 600 462 3 1 462 0 0 
6380 746 458 600 458 3 1 458 0 0 
6385 748 458 600 458 3 1 458 0 0 
6390 752 455 600 455 3 1 455 0 0 
6395 754 455 598 455 3 1 455 0 0 
6400 757 450 600 450 3 1 450 0 0 
6405 761 450 600 450 3 1 450 0 0 
6410 763 450 600 450 3 1 450 0 0 
6415 766 447 600 447 3 1 447 0 0 
6420 770 447 600 447 3 1 447 0 0 
6425 772 443 598 443 3 1 443 0 0 
6430 775 443 600 443 3 1 443 0 0 
6435 777 440 598 440 3 1 440 0 0 
6440 782 435 593 435 3 1 435 0 0 
6445 785 432 580 432 3 1 432 0 0 
6450 787 428 573 428 3 1 428 0 0 
6455 791 425 565 425 3 1 425 0 0 
6460 794 420 553 420 3 1 420 0 0 
6465 796 420 550 420 3 1 420 0 0 
6470 798 420 538 420 3 1 420 0 0 
6475 802 420 528 420 3 1 420 0 0 
6480 804 425 520 425 3 1 425 0 0 
6485 807 425 515 425 3 1 425 0 0 
6490 809 420 500 420 3 1 420 0 0 
6495 811 420 495 420 3 1 420 0 0 
6500 814 413 483 413 3 1 413 0 0 
6505 816 410 473 410 3 1 410 0 0 
6510 818 405 463 405 3 1 405 0 0 
6515 822 405 458 405 3 1 405 0 0 
6520 823 402 445 402 3 1 402 0 0 
6525 825 402 438 402 3 1 402 0 0 
6530 829 395 430 395 3 1 395 0 0 
6535 829 390 420 390 3 1 390 0 0 
6540 833 383 410 383 3 1 383 0 0 
6545 834 380 403 380 3 1 380 0 0 
6550 836 372 395 372 3 1 372 0 0 
6555 838 368 385 368 3 1 368 0 0 
6560 840 360 370 360 3 1 360 0 0 
6565 842 353 370 353 3 1 353 0 0 
6570 843 342 358 342 3 1 342 0 0 
6575 845 330 350 330 3 1 330 0 0 
6580 847 323 333 323 3 1 323 0 0 
6585 849 312 325 312 3 1 312 0 0 
6590 851 305 323 305 3 1 305 0 0 
6595 853 300 313 300 3 1 300 0 0 
6600 854 297 300 297 3 1 297 0 0 
6605 856 293 293 293 3 1 293 0 0 
6610 856 285 280 285 3 1 285 0 0 
6615 858 278 270 278 3 1 278 0 0 
6620 860 270 265 270 3 1 270 0 0 
6625 862 263 253 263 3 1 263 0 0 
6630 862 252 240 252 3 1 252 0 0 
6635 863 240 235 240 3 1 240 0 0 
6640 863 237 233 237 3 1 237 0 0 
6645 865 225 223 225 3 1 225 0 0 
6650 867 222 213 222 3 1 222 0 0 
6655 867 215 205 215 3 1 215 0 0 
6660 869 203 193 203 3 1 203 0 0 
6665 869 195 183 195 3 1 195 0 0 
6670 871 188 175 188 3 1 188 0 0 
6675 871 180 160 180 3 1 180 0 0 
6680 871 170 158 170 3 1 170 0 0 
6685 872 162 148 162 3 1 162 0 0 
6690 874 155 145 155 3 1 155 0 0 
6695 874 147 143 147 3 1 147 0 0 
6700 874 135 133 135 3 1 135 0 0 
6705 874 128 133 128 3 1 128 0 0 
6710 876 117 123 117 3 1 117 0 0 
6715 876 110 120 110 3 1 110 0 0 
6720 878 102 118 102 3 1 102 0 0 
6725 878 90 118 90 3 1 90 0 0 
6730 878 87 105 87 3 1 87 0 0 
6735 878 80 105 80 3 1 80 0 0 
6740 878 72 100 72 3 1 72 0 0 
6745 880 68 95 68 3 1 68 0 0 
6750 880 57 83 57 3 1 57 0 0 
6755 880 50 80 50 3 1 50 0 0 
6760 880 42 78 42 3 1 42 0 0 
6765 882 35 70 35 3 1 35 0 0 
6770 880 30 63 30 3 1 30 0 0 
6775 882 23 50 23 3 1 23 0 0 
6780 882 5 38 5 3 1 5 0 0 
6785 882 -12 23 -12 3 1 -12 0 0 
6790 882 -30 10 -30 3 1 -30 0 0 
6795 882 -53 -0 -53 3 1 -53 0 0 
6800 882 -68 -13 -68 3 1 -68 0 0 
6805 882 -80 -38 -80 3 1 -80 0 0 
6810 882 -95 -68 -95 3 1 -95 0 0 
6815 882 -105 -93 -105 3 1 -105 0 0 
6820 880 -128 -128 -128 3 1 -128 0 0 
6825 880 -140 -158 -140 3 1 -140 0 0 
6830 878 -150 -193 -150 3 1 -150 0 0 
6835 878 -155 -228 -155 3 1 -155 0 0 
6840 878 -162 -275 -162 3 1 -162 0 0 
6845 876 -165 -313 -165 3 1 -165 0 0 
6850 874 -173 -355 -173 3 1 -173 0 0 
6855 872 -177 -398 -177 3 1 -177 0 0 
6860 871 -180 -450 -180 3 1 -180 0 0 
6865 867 -188 -503 -188 4 1 -188 0 0 
6870 865 -192 -555 -192 4 1 -192 0 0 
6875 862 -195 -593 -195 4 1 -195 0 0 
6880 858 -207 -600 -207 4 1 -207 0 0 
6885 856 -207 -603 -207 4 1 -207 0 0 
6890 853 -215 -600 -215 4 1 -215 0 0 
6895 849 -218 -600 -218 4 1 -218 0 0 
6900 845 -233 -600 -233 4 1 -233 0 0 
6905 843 -245 -600 -245 4 1 -245 0 0 
6910 840 -267 -600 -267 4 1 -267 0 0 
6915 836 -293 -600 -293 4 1 -293 0 0 
6920 834 -323 -600 -323 4 1 -323 0 0 
6925 831 -350 -603 -350 4 1 -350 0 0 
6930 827 -372 -600 -372 4 1 -372 0 0 
6935 823 -390 -603 -390 4 1 -390 0 0 
6940 822 -405 -600 -405 4 1 -405 0 0 
6945 818 -420 -600 -420 4 1 -420 0 0 
6950 814 -432 -600 -432 4 1 -432 0 0 
6955 813 -443 -600 -443 4 1 -443 0 0 
6960 807 -455 -603 -455 4 1 -455 0 0 
6965 805 -470 -600 -470 4 1 -470 0 0 
6970 804 -485 -600 -485 4 1 -485 0 0 
6975 800 -503 -600 -503 4 1 -503 0 0 
6980 796 -522 -603 -522 4 1 -522 0 0 
6985 794 -540 -600 -540 4 1 -540 0 0 
6990 791 -548 -600 -548 4 1 -548 0 0 
6995 787 -563 -600 -563 4 1 -563 0 0 
7000 784 -578 -603 -578 4 1 -578 0 0 
7005 780 -590 -603 -590 4 1 -590 0 0 
7010 777 -597 -600 -597 4 1 -597 0 0 
7015 775 -605 -600 -605 4 1 -605 0 0 
7020 772 -608 -600 -608 4 1 -608 0 0 
7025 768 -615 -600 -615 4 1 -615 0 0 
7030 764 -623 -600 -623 4 1 -623 0 0 
7035 763 -630 -600 -630 4 1 -630 0 0 
7040 759 -638 -603 -638 4 1 -638 0 0 
7045 755 -650 -600 -650 4 1 -650 0 0 
7050 754 -665 -603 -665 4 1 -665 0 0 
7055 750 -672 -600 -672 4 1 -672 0 0 
7060 746 -690 -603 -690 4 1 -690 0 0 
7065 745 -702 -600 -702 4 1 -702 0 0 
7070 741 -713 -600 -713 4 1 -713 0 0 
7075 737 -725 -600 -725 4 1 -725 0 0 
7080 734 -735 -600 -735 4 1 -735 0 0 
7085 732 -747 -600 -747 4 1 -747 0 0 
7090 728 -758 -603 -758 4 1 -758 0 0 
7095 725 -770 -600 -770 4 1 -770 0 0 
7100 721 -785 -603 -785 4 1 -785 0 0 
7105 719 -795 -600 -795 4 1 -795 0 0 
7110 715 -807 -603 -807 4 1 -807 0 0 
7115 712 -815 -600 -815 4 1 -815 0 0 
7120 710 -830 -600 -830 4 1 -830 0 0 
7125 706 -837 -603 -837 4 1 -837 0 0 
7130 703 -848 -600 -848 4 1 -848 0 0 
7135 701 -855 -603 -855 4 1 -855 0 0 
7140 697 -860 -603 -860 4 1 -860 0 0 
7145 694 -863 -600 -863 4 1 -863 0 0 
7150 692 -870 -600 -870 4 1 -870 0 0 
7155 688 -878 -603 -878 4 1 -878 0 0 
7160 685 -882 -600 -882 4 1 -882 0 0 
7165 681 -885 -600 -885 4 1 -885 0 0 
7170 677 -893 -600 -893 4 1 -893 0 0 
7175 676 -897 -600 -897 4 1 -897 0 0 
7180 672 -905 -600 -905 4 1 -905 0 0 
7185 668 -908 -600 -908 4 1 -908 0 0 
7190 667 -912 -600 -912 4 1 -912 0 0 
7195 663 -920 -603 -920 4 1 -920 0 0 
7200 659 -927 -600 -927 4 1 -927 0 0 
7205 657 -935 -600 -935 4 1 -935 0 0 
7210 654 -942 -600 -942 4 1 -942 0 0 
7215 652 -950 -600 -950 4 1 -950 0 0 
7220 648 -960 -603 -960 4 1 -960 0 0 
7225 645 -968 -600 -968 4 1 -968 0 0 
7230 641 -975 -600 -975 4 1 -975 0 0 
7235 639 -983 -600 -983 4 1 -983 0 0 
7240 636 -990 -600 -990 4 1 -990 0 0 
7245 632 -998 -600 -998 4 1 -998 0 0 
7250 630 -1002 -603 -1002 4 1 -1002 0 0 
7255 627 -1005 -603 -1005 4 1 -1005 0 0 
7260 623 -1013 -600 -1013 4 1 -1013 0 0 
7265 619 -1013 -600 -1013 4 1 -1013 0 0 
7270 618 -1013 -600 -1013 4 1 -1013 0 0 
7275 614 -1017 -603 -1017 4 1 -1017 0 0 
7280 612 -1017 -600 -1017 4 1 -1017 0 0 
7285 608 -1017 -600 -1017 4 1 -1017 0 0 
7290 605 -1020 -600 -1020 4 1 -1020 0 0 
7295 601 -1020 -603 -1020 4 1 -1020 0 0 
7300 598 -1020 -600 -1020 4 1 -1020 0 0 
7305 596 -1020 -600 -1020 4 1 -1020 0 0 
7310 592 -1025 -600 -1025 4 1 -1025 0 0 
7315 590 -1020 -600 -1020 4 1 -1020 0 0 
7320 587 -1025 -603 -1025 4 1 -1025 0 0 
7325 583 -1025 -600 -1025 4 1 -1025 0 0 
7330 581 -1025 -603 -1025 4 1 -1025 0 0 
7335 578 -1025 -600 -1025 4 1 -1025 0 0 
7340 574 -1025 -600 -1025 4 1 -1025 0 0 
7345 570 -1028 -600 -1028 4 1 -1028 0 0 
7350 569 -1028 -600 -1028 4 1 -1028 0 0 
7355 565 -1028 -603 -1028 4 1 -1028 0 0 
7360 561 -1028 -600 -1028 4 1 -1028 0 0 
7365 560 -1028 -600 -1028 4 1 -1028 0 0 
7370 555 -1028 -603 -1028 4 1 -1028 0 0 
7375 553 -1025 -603 -1025 4 1 -1025 0 0 
7380 549 -1025 -603 -1025 4 1 -1025 0 0 
7385 546 -1020 -600 -1020 4 1 -1020 0 0 
7390 544 -1017 -600 -1017 4 1 -1017 0 0 
7395 540 -1017 -600 -1017 4 1 -1017 0 0 
7400 537 -1013 -600 -1013 4 1 -1013 0 0 
7405 533 -1010 -600 -1010 4 1 -1010 0 0 
7410 531 -1010 -600 -1010 4 1 -1010 0 0 
7415 528 -1005 -600 -1005 4 1 -1005 0 0 
7420 524 -1002 -600 -1002 4 1 -1002 0 0 
7425 520 -998 -600 -998 4 1 -998 0 0 
7430 519 -995 -600 -995 4 1 -995 0 0 
7435 517 -995 -600 -995 4 1 -995 0 0 
7440 513 -990 -600 -990 4 1 -990 0 0 
7445 510 -987 -603 -987 4 1 -987 0 0 
7450 506 -983 -600 -983 4 1 -983 0 0 
7455 502 -975 -600 -975 4 1 -975 0 0 
7460 500 -968 -600 -968 4 1 -968 0 0 
7465 497 -965 -600 -965 4 1 -965 0 0 
7470 493 -957 -600 -957 4 1 -957 0 0 
7475 491 -950 -600 -950 4 1 -950 0 0 
7480 488 -945 -600 -945 4 1 -945 0 0 
7485 484 -942 -600 -942 4 1 -942 0 0 
7490 482 -938 -600 -938 4 1 -938 0 0 
7495 479 -930 -600 -930 4 1 -930 0 0 
7500 475 -927 -600 -927 4 1 -927 0 0 
7505 471 -923 -600 -923 4 1 -923 0 0 
7510 470 -915 -600 -915 4 1 -915 0 0 
7515 466 -912 -600 -912 4 1 -912 0 0 
7520 462 -908 -600 -908 4 1 -908 0 0 
7525 461 -900 -600 -900 4 1 -900 0 0 
7530 457 -897 -603 -897 4 1 -897 0 0 
7535 453 -890 -603 -890 4 1 -890 0 0 
7540 450 -885 -600 -885 4 1 -885 0 0 
7545 448 -882 -600 -882 4 1 -882 0 0 
7550 444 -878 -600 -878 4 1 -878 0 0 
7555 442 -870 -600 -870 4 1 -870 0 0 
7560 439 -867 -603 -867 4 1 -867 0 0 
7565 435 -863 -600 -863 4 1 -863 0 0 
7570 433 -860 -600 -860 4 1 -860 0 0 
7575 430 -855 -600 -855 4 1 -855 0 0 
7580 426 -848 -603 -848 4 1 -848 0 0 
7585 424 -840 -600 -840 4 1 -840 0 0 
7590 421 -837 -600 -837 4 1 -837 0 0 
7595 417 -830 -603 -830 4 1 -830 0 0 
7600 415 -822 -600 -822 4 1 -822 0 0 
7605 412 -815 -600 -815 4 1 -815 0 0 
7610 408 -807 -603 -807 4 1 -807 0 0 
7615 406 -795 -603 -795 4 1 -795 0 0 
7620 403 -785 -600 -785 4 1 -785 0 0 
7625 401 -777 -603 -777 4 1 -777 0 0 
7630 397 -765 -600 -765 4 1 -765 0 0 
7635 395 -758 -600 -758 4 1 -758 0 0 
7640 392 -747 -600 -747 4 1 -747 0 0 
7645 388 -740 -600 -740 4 1 -740 0 0 
7650 384 -732 -600 -732 4 1 -732 0 0 
7655 383 -725 -600 -725 4 1 -725 0 0 
7660 379 -717 -600 -717 4 1 -717 0 0 
7665 375 -710 -600 -710 4 1 -710 0 0 
7670 374 -705 -603 -705 4 1 -705 0 0 
7675 370 -702 -600 -702 4 1 -702 0 0 
7680 366 -690 -600 -690 4 1 -690 0 0 
7685 364 -687 -600 -687 4 1 -687 0 0 
7690 361 -680 -600 -680 4 1 -680 0 0 
7695 357 -672 -603 -672 4 1 -672 0 0 
7700 354 -665 -603 -665 4 1 -665 0 0 
7705 352 -660 -600 -660 4 1 -660 0 0 
7710 350 -653 -600 -653 4 1 -653 0 0 
7715 346 -645 -603 -645 4 1 -645 0 0 
7720 343 -638 -600 -638 4 1 -638 0 0 
7725 341 -630 -603 -630 4 1 -630 0 0 
7730 337 -623 -600 -623 4 1 -623 0 0 
7735 334 -615 -600 -615 4 1 -615 0 0 
7740 329 -608 -600 -608 4 1 -608 0 0 
7745 327 -600 -600 -600 4 1 -600 0 0 
7750 324 -597 -600 -597 4 1 -597 0 0 
7755 322 -593 -600 -593 4 1 -593 0 0 
7760 318 -590 -600 -590 4 1 -590 0 0 
7765 314 -582 -603 -582 4 1 -582 0 0 
7770 313 -582 -600 -582 4 1 -582 0 0 
7775 309 -575 -603 -575 4 1 -575 0 0 
7780 305 -575 -600 -575 4 1 -575 0 0 
7785 302 -570 -600 -570 4 1 -570 0 0 
7790 300 -567 -600 -567 4 1 -567 0 0 
7795 296 -563 -600 -563 4 1 -563 0 0 
7800 293 -563 -603 -563 4 1 -563 0 0 
7805 291 -560 -600 -560 4 1 -560 0 0 
7810 287 -555 -600 -555 4 1 -555 0 0 
7815 284 -552 -600 -552 4 1 -552 0 0 
7820 282 -548 -603 -548 4 1 -548 0 0 
7825 278 -545 -600 -545 4 1 -545 0 0 
7830 275 -545 -600 -545 4 1 -545 0 0 
7835 273 -540 -603 -540 4 1 -540 0 0 
7840 269 -537 -598 -537 4 1 -537 0 0 
7845 266 -533 -580 -533 4 1 -533 0 0 
7850 264 -525 -573 -525 4 1 -525 0 0 
7855 260 -522 -565 -522 4 1 -522 0 0 
7860 258 -518 -555 -518 4 1 -518 0 0 
7865 255 -515 -545 -515 4 1 -515 0 0 
7870 251 -518 -540 -518 4 1 -518 0 0 
7875 249 -518 -533 -518 4 1 -518 0 0 
7880 246 -518 -520 -518 4 1 -518 0 0 
7885 244 -515 -508 -515 4 1 -515 0 0 
7890 242 -515 -500 -515 4 1 -515 0 0 
7895 238 -507 -488 -507 4 1 -507 0 0 
7900 237 -503 -483 -503 4 1 -503 0 0 
7905 233 -495 -473 -495 4 1 -495 0 0 
7910 231 -492 -458 -492 4 1 -492 0 0 
7915 229 -485 -455 -485 4 1 -485 0 0 
7920 227 -480 -445 -480 4 1 -480 0 0 
7925 226 -473 -438 -473 4 1 -473 0 0 
7930 222 -465 -423 -465 4 1 -465 0 0 
7935 220 -458 -418 -458 4 1 -458 0 0 
7940 218 -450 -405 -450 4 1 -450 0 0 
7945 217 -440 -403 -440 4 1 -440 0 0 
7950 213 -432 -395 -432 4 1 -432 0 0 
7955 211 -425 -383 -425 4 1 -425 0 0 
7960 211 -417 -378 -417 4 1 -417 0 0 
7965 207 -410 -370 -410 4 1 -410 0 0 
7970 207 -398 -353 -398 4 1 -398 0 0 
7975 206 -390 -350 -390 4 1 -390 0 0 
7980 204 -383 -345 -383 4 1 -383 0 0 
7985 202 -375 -328 -375 4 1 -375 0 0 
7990 200 -365 -318 -365 4 1 -365 0 0 
7995 198 -360 -313 -360 4 1 -360 0 0 
8000 197 -350 -305 -350 4 1 -350 0 0 
8005 195 -338 -300 -338 4 1 -338 0 0 
8010 195 -330 -288 -330 4 1 -330 0 0 
8015 191 -323 -280 -323 4 1 -323 0 0 
8020 191 -312 -273 -312 4 1 -312 0 0 
8025 189 -305 -260 -305 4 1 -305 0 0 
8030 188 -297 -240 -297 4 1 -297 0 0 
8035 188 -290 -240 -290 4 1 -290 0 0 
8040 186 -282 -233 -282 4 1 -282 0 0 
8045 186 -275 -225 -275 4 1 -275 0 0 
8050 184 -267 -223 -267 4 1 -267 0 0 
8055 182 -260 -210 -260 4 1 -260 0 0 
8060 182 -248 -198 -248 4 1 -248 0 0 
8065 180 -237 -183 -237 4 1 -237 0 0 
8070 180 -230 -170 -230 4 1 -230 0 0 
8075 178 -218 -160 -218 4 1 -218 0 0 
8080 178 -207 -158 -207 4 1 -207 0 0 
8085 177 -192 -140 -192 4 1 -192 0 0 
8090 177 -180 -140 -180 4 1 -180 0 0 
8095 175 -173 -140 -173 4 1 -173 0 0 
8100 175 -165 -130 -165 4 1 -165 0 0 
8105 175 -155 -128 -155 4 1 -155 0 0 
8110 173 -150 -128 -150 4 1 -150 0 0 
8115 173 -140 -120 -140 4 1 -140 0 0 
8120 173 -132 -110 -132 4 1 -132 0 0 
8125 173 -120 -105 -120 4 1 -120 0 0 
8130 171 -110 -105 -110 4 1 -110 0 0 
8135 171 -102 -93 -102 4 1 -102 0 0 
8140 171 -90 -93 -90 4 1 -90 0 0 
8145 171 -80 -93 -80 4 1 -80 0 0 
8150 169 -75 -88 -75 4 1 -75 0 0 
8155 169 -68 -78 -68 4 1 -68 0 0 
8160 169 -57 -75 -57 4 1 -57 0 0 
8165 168 -50 -75 -50 4 1 -50 0 0 
8170 168 -45 -75 -45 4 1 -45 0 0 
8175 168 -35 -68 -35 4 1 -35 0 0 
8180 168 -27 -53 -27 4 1 -27 0 0 
8185 168 -15 -40 -15 4 1 -15 0 0 
8190 168 -5 -28 -5 4 1 -5 0 0 
8195 166 15 -13 15 4 1 15 0 0 
8200 166 35 -0 35 4 1 35 0 0 
8205 168 57 10 57 4 1 57 0 0 
8210 168 72 28 72 4 1 72 0 0 
8215 168 80 50 80 4 1 80 0 0 
8220 168 87 75 87 4 1 87 0 0 
8225 169 98 110 98 4 1 98 0 0 
8230 168 113 143 113 4 1 113 0 0 
8235 169 120 170 120 4 1 120 0 0 
8240 171 132 205 132 4 1 132 0 0 
8245 171 143 240 143 4 1 143 0 0 
8250 171 147 280 147 4 1 147 0 0 
8255 173 150 315 150 4 1 150 0 0 
8260 175 150 353 150 4 1 150 0 0 
8265 177 150 403 150 4 1 150 0 0 
8270 178 155 443 155 4 1 155 0 0 
8275 180 155 485 155 5 1 155 0 0 
8280 184 158 533 158 5 1 158 0 0 
8285 186 162 578 162 5 1 162 0 0 
8290 189 165 593 165 5 1 165 0 0 
8295 193 165 600 165 5 1 165 0 0 
8300 195 170 598 170 5 1 170 0 0 
8305 198 173 600 173 5 1 173 0 0 
8310 202 173 600 173 5 1 173 0 0 
8315 204 185 600 185 5 1 185 0 0 
8320 207 192 600 192 5 1 192 0 0 
8325 211 210 598 210 5 1 210 0 0 
8330 213 225 598 225 5 1 225 0 0 
8335 217 240 600 240 5 1 240 0 0 
8340 218 255 600 255 5 1 255 0 0 
8345 222 270 598 270 5 1 270 0 0 
8350 226 282 598 282 5 1 282 0 0 
8355 227 290 600 290 5 1 290 0 0 
8360 231 297 600 297 5 1 297 0 0 
8365 235 305 600 305 5 1 305 0 0 
8370 237 308 600 308 5 1 308 0 0 
8375 240 312 600 312 5 1 312 0 0 
8380 244 320 600 320 5 1 320 0 0 
8385 246 330 600 330 5 1 330 0 0 
8390 249 338 600 338 5 1 338 0 0 
8395 253 345 600 345 5 1 345 0 0 
8400 255 353 598 353 5 1 353 0 0 
8405 258 357 600 357 5 1 357 0 0 
8410 262 365 598 365 5 1 365 0 0 
8415 264 365 598 365 5 1 365 0 0 
8420 267 368 600 368 5 1 368 0 0 
8425 271 365 600 365 5 1 365 0 0 
8430 275 365 600 365 5 1 365 0 0 
8435 276 365 600 365 5 1 365 0 0 
8440 280 365 600 365 5 1 365 0 0 
8445 284 368 598 368 5 1 368 0 0 
8450 285 368 600 368 5 1 368 0 0 
8455 289 372 600 372 5 1 372 0 0 
8460 293 375 600 375 5 1 375 0 0 
8465 295 375 600 375 5 1 375 0 0 
8470 298 375 600 375 5 1 375 0 0 
8475 302 372 600 372 5 1 372 0 0 
8480 304 375 600 375 5 1 375 0 0 
8485 307 372 600 372 5 1 372 0 0 
8490 311 372 600 372 5 1 372 0 0 
8495 313 375 598 375 5 1 375 0 0 
8500 316 375 600 375 5 1 375 0 0 
8505 320 380 600 380 5 1 380 0 0 
8510 324 383 600 383 5 1 383 0 0 
8515 325 383 598 383 5 1 383 0 0 
8520 327 387 598 387 5 1 387 0 0 
8525 331 395 600 395 5 1 395 0 0 
8530 335 395 600 395 5 1 395 0 0 
8535 337 402 598 402 5 1 402 0 0 
8540 341 402 598 402 5 1 402 0 0 
8545 345 410 598 410 5 1 410 0 0 
8550 348 413 600 413 5 1 413 0 0 
8555 350 420 600 420 5 1 420 0 0 
8560 354 425 598 425 5 1 425 0 0 
8565 357 432 600 432 5 1 432 0 0 
8570 359 435 600 435 5 1 435 0 0 
8575 363 443 598 443 5 1 443 0 0 
8580 364 447 598 447 5 1 447 0 0 
8585 368 455 600 455 5 1 455 0 0 
8590 372 458 598 458 5 1 458 0 0 
8595 375 462 600 462 5 1 462 0 0 
8600 377 470 598 470 5 1 470 0 0 
8605 381 473 600 473 5 1 473 0 0 
8610 383 477 600 477 5 1 477 0 0 
8615 386 485 598 485 5 1 485 0 0 
8620 390 485 600 485 5 1 485 0 0 
8625 393 488 600 488 5 1 488 0 0 
8630 395 492 600 492 5 1 492 0 0 
8635 399 495 598 495 5 1 495 0 0 
8640 401 495 600 495 5 1 495 0 0 
8645 404 500 600 500 5 1 500 0 0 
8650 408 503 600 503 5 1 503 0 0 
8655 412 503 600 503 5 1 503 0 0 
8660 413 507 600 507 5 1 507 0 0 
8665 417 510 600 510 5 1 510 0 0 
8670 419 510 598 510 5 1 510 0 0 
8675 421 515 598 515 5 1 515 0 0 
8680 424 518 600 518 5 1 518 0 0 
8685 428 522 600 522 5 1 522 0 0 
8690 432 530 600 530 5 1 530 0 0 
8695 433 533 600 533 5 1 533 0 0 
8700 437 537 600 537 5 1 537 0 0 
8705 441 540 600 540 5 1 540 0 0 
8710 444 548 600 548 5 1 548 0 0 
8715 446 548 600 548 5 1 548 0 0 
8720 450 552 598 552 5 1 552 0 0 
8725 453 555 600 555 5 1 555 0 0 
8730 455 555 600 555 5 1 555 0 0 
8735 459 555 600 555 5 1 555 0 0 
8740 461 555 600 555 5 1 555 0 0 
8745 464 555 600 555 5 1 555 0 0 
8750 466 555 600 555 5 1 555 0 0 
8755 471 555 600 555 5 1 555 0 0 
8760 473 555 598 555 5 1 555 0 0 
8765 477 555 598 555 5 1 555 0 0 
8770 479 555 600 555 5 1 555 0 0 
8775 482 555 600 555 5 1 555 0 0 
8780 486 555 600 555 5 1 555 0 0 
8785 488 555 598 555 5 1 555 0 0 
8790 491 555 600 555 5 1 555 0 0 
8795 495 555 600 555 5 1 555 0 0 
8800 497 555 600 555 5 1 555 0 0 
8805 500 555 600 555 5 1 555 0 0 
8810 504 555 598 555 5 1 555 0 0 
8815 508 555 598 555 5 1 555 0 0 
8820 510 555 600 555 5 1 555 0 0 
8825 513 560 600 560 5 1 560 0 0 
8830 517 560 600 560 5 1 560 0 0 
8835 519 560 600 560 5 1 560 0 0 
8840 522 563 598 563 5 1 563 0 0 
8845 526 560 600 560 5 1 560 0 0 
8850 530 560 600 560 5 1 560 0 0 
8855 531 560 598 560 5 1 560 0 0 
8860 535 560 600 560 5 1 560 0 0 
8865 537 555 598 555 5 1 555 0 0 
8870 540 555 600 555 5 1 555 0 0 
8875 544 555 600 555 5 1 555 0 0 
8880 546 552 600 552 5 1 552 0 0 
8885 549 552 600 552 5 1 552 0 0 
8890 551 548 600 548 5 1 548 0 0 
8895 555 548 598 548 5 1 548 0 0 
8900 560 548 598 548 5 1 548 0 0 
8905 561 548 598 548 5 1 548 0 0 
8910 565 548 598 548 5 1 548 0 0 
8915 569 545 598 545 5 1 545 0 0 
8920 570 545 600 545 5 1 545 0 0 
8925 574 545 600 545 5 1 545 0 0 
8930 576 548 600 548 5 1 548 0 0 
8935 579 545 600 545 5 1 545 0 0 
8940 583 545 598 545 5 1 545 0 0 
8945 587 545 598 545 5 1 545 0 0 
8950 589 545 598 545 5 1 545 0 0 
8955 592 540 598 540 5 1 540 0 0 
8960 594 540 600 540 5 1 540 0 0 
8965 598 540 600 540 5 1 540 0 0 
8970 601 540 600 540 5 1 540 0 0 
8975 603 540 600 540 5 1 540 0 0 
8980 607 540 598 540 5 1 540 0 0 
8985 610 540 600 540 5 1 540 0 0 
8990 612 537 600 537 5 1 537 0 0 
8995 616 537 600 537 5 1 537 0 0 
9000 619 537 600 537 5 1 537 0 0 
9005 621 533 600 533 5 1 533 0 0 
9010 625 533 600 533 5 1 533 0 0 
9015 628 533 600 533 5 1 533 0 0 
9020 630 533 600 533 5 1 533 0 0 
9025 634 533 600 533 5 1 533 0 0 
9030 636 530 600 530 5 1 530 0 0 
9035 639 530 600 530 5 1 530 0 0 
9040 643 530 600 530 5 1 530 0 0 
9045 647 530 598 530 5 1 530 0 0 
9050 648 525 600 525 5 1 525 0 0 
9055 652 525 600 525 5 1 525 0 0 
9060 656 525 600 525 5 1 525 0 0 
9065 659 525 598 525 5 1 525 0 0 
9070 661 525 598 525 5 1 525 0 0 
9075 665 522 600 522 5 1 522 0 0 
9080 667 522 600 522 5 1 522 0 0 
9085 670 518 600 518 5 1 518 0 0 
9090 674 515 600 515 5 1 515 0 0 
9095 676 515 600 515 5 1 515 0 0 
9100 677 515 600 515 5 1 515 0 0 
9105 681 515 600 515 5 1 515 0 0 
9110 685 510 600 510 5 1 510 0 0 
9115 686 510 600 510 5 1 510 0 0 
9120 690 510 598 510 5 1 510 0 0 
9125 694 507 598 507 5 1 507 0 0 
9130 697 507 598 507 5 1 507 0 0 
9135 699 503 600 503 5 1 503 0 0 
9140 703 503 600 503 5 1 503 0 0 
9145 706 500 600 500 5 1 500 0 0 
9150 708 495 600 495 5 1 495 0 0 
9155 712 495 600 495 5 1 495 0 0 
9160 714 492 600 492 5 1 492 0 0 
9165 717 488 600 488 5 1 488 0 0 
9170 721 488 598 488 5 1 488 0 0 
9175 723 485 600 485 5 1 485 0 0 
9180 726 485 600 485 5 1 485 0 0 
9185 730 480 600 480 5 1 480 0 0 
9190 732 477 598 477 5 1 477 0 0 
9195 735 473 600 473 5 1 473 0 0 
9200 739 473 598 473 5 1 473 0 0 
9205 743 470 600 470 5 1 470 0 0 
9210 745 465 598 465 5 1 465 0 0 
9215 748 462 600 462 5 1 462 0 0 
9220 750 458 600 458 5 1 458 0 0 
9225 754 455 598 455 5 1 455 0 0 
9230 757 455 600 455 5 1 455 0 0 
9235 759 450 600 450 5 1 450 0 0 
9240 763 447 600 447 5 1 447 0 0 
9245 766 443 600 443 5 1 443 0 0 
9250 768 440 600 440 5 1 440 0 0 
9255 772 440 598 440 5 1 440 0 0 
9260 774 432 598 432 5 1 432 0 0 
9265 777 428 600 428 5 1 428 0 0 
9270 780 425 600 425 5 1 425 0 0 
9275 784 420 593 420 5 1 420 0 0 
9280 787 417 588 417 5 1 417 0 0 
9285 789 410 575 410 5 1 410 0 0 
9290 793 402 565 402 5 1 402 0 0 
9295 796 402 555 402 5 1 402 0 0 
9300 798 398 545 398 5 1 398 0 0 
9305 800 398 528 398 5 1 398 0 0 
9310 804 395 520 395 5 1 395 0 0 
9315 805 395 510 395 5 1 395 0 0 
9320 807 390 500 390 5 1 390 0 0 
9325 811 387 493 387 5 1 387 0 0 
9330 813 383 483 383 5 1 383 0 0 
9335 816 375 475 375 5 1 375 0 0 
9340 818 368 468 368 5 1 368 0 0 
9345 822 357 455 357 5 1 357 0 0 
9350 822 350 445 350 5 1 350 0 0 
9355 825 338 445 338 5 1 338 0 0 
9360 827 330 430 330 5 1 330 0 0 
9365 829 320 418 320 5 1 320 0 0 
9370 831 308 408 308 5 1 308 0 0 
9375 834 300 398 300 5 1 300 0 0 
9380 834 293 395 293 5 1 293 0 0 
9385 838 282 385 282 5 1 282 0 0 
9390 840 275 378 275 5 1 275 0 0 
9395 842 270 370 270 5 1 270 0 0 
9400 843 263 355 263 5 1 263 0 0 
9405 845 260 353 260 5 1 260 0 0 
9410 847 252 343 252 5 1 252 0 0 
9415 849 248 328 248 5 1 248 0 0 
9420 849 240 318 240 5 1 240 0 0 
9425 851 237 310 237 5 1 237 0 0 
9430 853 233 300 233 5 1 233 0 0 
9435 854 225 298 225 5 1 225 0 0 
9440 856 218 293 218 5 1 218 0 0 
9445 858 210 278 210 5 1 210 0 0 
9450 858 203 265 203 5 1 203 0 0 
9455 862 195 253 195 5 1 195 0 0 
9460 862 188 250 188 5 1 188 0 0 
9465 862 185 240 185 5 1 185 0 0 
9470 863 177 235 177 5 1 177 0 0 
9475 865 173 228 173 5 1 173 0 0 
9480 865 170 223 170 5 1 170 0 0 
9485 867 165 210 165 5 1 165 0 0 
9490 869 162 195 162 5 1 162 0 0 
9495 869 155 188 155 5 1 155 0 0 
9500 871 150 180 150 5 1 150 0 0 
9505 871 143 168 143 5 1 143 0 0 
9510 872 140 158 140 5 1 140 0 0 
9515 872 135 148 135 5 1 135 0 0 
9520 872 132 145 132 5 1 132 0 0 
9525 874 125 143 125 5 1 125 0 0 
9530 874 117 133 117 5 1 117 0 0 
9535 874 110 130 110 5 1 110 0 0 
9540 876 105 130 105 5 1 105 0 0 
9545 876 95 123 95 5 1 95 0 0 
9550 876 87 120 87 5 1 87 0 0 
9555 878 80 118 80 5 1 80 0 0 
9560 878 72 115 72 5 1 72 0 0 
9565 878 65 103 65 5 1 65 0 0 
9570 878 53 100 53 5 1 53 0 0 
9575 880 45 95 45 5 1 45 0 0 
9580 880 38 83 38 5 1 38 0 0 
9585 880 35 80 35 5 1 35 0 0 
9590 880 27 78 27 5 1 27 0 0 
9595 880 20 75 20 5 1 20 0 0 
9600 882 12 63 12 5 1 12 0 0 
9605 882 -5 53 -5 5 1 -5 0 0 
9610 882 -27 38 -27 5 1 -27 0 0 
9615 882 -42 23 -42 5 1 -42 0 0 
9620 882 -60 10 -60 5 1 -60 0 0 
9625 882 -72 -0 -72 5 1 -72 0 0 
9630 882 -80 -15 -80 5 1 -80 0 0 
9635 882 -87 -38 -87 5 1 -87 0 0 
9640 882 -90 -58 -90 5 1 -90 0 0 
9645 882 -98 -88 -98 5 1 -98 0 0 
9650 880 -113 -128 -113 5 1 -113 0 0 
9655 880 -128 -158 -128 5 1 -128 0 0 
9660 878 -143 -198 -143 5 1 -143 0 0 
9665 878 -158 -235 -158 5 1 -158 0 0 
9670 876 -173 -288 -173 5 1 -173 0 0 
9675 874 -185 -330 -185 5 1 -185 0 0 
9680 872 -192 -375 -192 5 1 -192 0 0 
9685 872 -200 -423 -200 5 1 -200 0 0 
9690 869 -207 -483 -207 5 1 -207 0 0 
9695 867 -210 -538 -210 6 1 -210 0 0 
9700 863 -215 -585 -215 6 1 -215 0 0 
9705 862 -218 -598 -218 6 1 -218 0 0 
9710 858 -222 -600 -222 6 1 -222 0 0 
9715 854 -230 -600 -230 6 1 -230 0 0 
9720 851 -233 -600 -233 6 1 -233 0 0 
9725 849 -245 -600 -245 6 1 -245 0 0 
9730 845 -263 -600 -263 6 1 -263 0 0 
9735 842 -290 -600 -290 6 1 -290 0 0 
9740 838 -315 -600 -315 6 1 -315 0 0 
9745 836 -342 -600 -342 6 1 -342 0 0 
9750 833 -375 -600 -375 6 1 -375 0 0 
9755 829 -398 -600 -398 6 1 -398 0 0 
9760 827 -420 -603 -420 6 1 -420 0 0 
9765 823 -440 -600 -440 6 1 -440 0 0 
9770 820 -455 -600 -455 6 1 -455 0 0 
9775 818 -470 -603 -470 6 1 -470 0 0 
9780 814 -485 -600 -485 6 1 -485 0 0 
9785 811 -495 -603 -495 6 1 -495 0 0 
9790 807 -510 -600 -510 6 1 -510 0 0 
9795 804 -525 -600 -525 6 1 -525 0 0 
9800 802 -540 -603 -540 6 1 -540 0 0 
9805 798 -548 -603 -548 6 1 -548 0 0 
9810 796 -563 -600 -563 6 1 -563 0 0 
9815 793 -575 -600 -575 6 1 -575 0 0 
9820 789 -578 -603 -578 6 1 -578 0 0 
9825 787 -582 -600 -582 6 1 -582 0 0 
9830 784 -585 -600 -585 6 1 -585 0 0 
9835 780 -585 -600 -585 6 1 -585 0 0 
9840 777 -590 -600 -590 6 1 -590 0 0 
9845 774 -590 -600 -590 6 1 -590 0 0 
9850 770 -593 -600 -593 6 1 -593 0 0 
9855 766 -597 -603 -597 6 1 -597 0 0 
9860 764 -605 -600 -605 6 1 -605 0 0 
9865 761 -608 -603 -608 6 1 -608 0 0 
9870 757 -620 -600 -620 6 1 -620 0 0 
9875 755 -627 -600 -627 6 1 -627 0 0 
9880 752 -638 -603 -638 6 1 -638 0 0 
9885 750 -645 -600 -645 6 1 -645 0 0 
9890 745 -657 -600 -657 6 1 -657 0 0 
9895 743 -668 -600 -668 6 1 -668 0 0 
9900 741 -672 -600 -672 6 1 -672 0 0 
9905 737 -683 -600 -683 6 1 -683 0 0 
9910 734 -695 -600 -695 6 1 -695 0 0 
9915 730 -702 -603 -702 6 1 -702 0 0 
9920 726 -705 -600 -705 6 1 -705 0 0 
9925 725 -717 -603 -717 6 1 -717 0 0 
9930 721 -725 -600 -725 6 1 -725 0 0 
9935 717 -732 -600 -732 6 1 -732 0 0 
9940 715 -740 -600 -740 6 1 -740 0 0 
9945 712 -747 -603 -747 6 1 -747 0 0 
9950 708 -755 -600 -755 6 1 -755 0 0 
9955 705 -762 -600 -762 6 1 -762 0 0 
9960 703 -770 -603 -770 6 1 -770 0 0 
9965 699 -777 -600 -777 6 1 -777 0 0 
9970 696 -785 -600 -785 6 1 -785 0 0 
9975 694 -792 -600 -792 6 1 -792 0 0 
9980 690 -800 -603 -800 6 1 -800 0 0 
9985 686 -807 -600 -807 6 1 -807 0 0 
9990 683 -815 -603 -815 6 1 -815 0 0 
9995 681 -822 -600 -822 6 1 -822 0 0 
10000 677 -830 -600 -830 6 1 -830 0 0 
10005 674 -837 -600 -837 6 1 -837 0 0 
10010 672 -840 -600 -840 6 1 -840 0 0 
10015 668 -848 -600 -848 6 1 -848 0 0 
10020 667 -848 -600 -848 6 1 -848 0 0 
10025 663 -852 -600 -852 6 1 -852 0 0 
10030 659 -855 -600 -855 6 1 -855 0 0 
10035 656 -860 -603 -860 6 1 -860 0 0 
10040 652 -863 -600 -863 6 1 -863 0 0 
10045 650 -867 -600 -867 6 1 -867 0 0 
10050 647 -870 -600 -870 6 1 -870 0 0 
10055 643 -875 -600 -875 6 1 -875 0 0 
10060 641 -878 -600 -878 6 1 -878 0 0 
10065 638 -882 -600 -882 6 1 -882 0 0 
10070 634 -890 -600 -890 6 1 -890 0 0 
10075 632 -893 -600 -893 6 1 -893 0 0 
10080 628 -897 -603 -897 6 1 -897 0 0 
10085 627 -900 -600 -900 6 1 -900 0 0 
10090 623 -905 -603 -905 6 1 -905 0 0 
10095 619 -908 -600 -908 6 1 -908 0 0 
10100 618 -912 -600 -912 6 1 -912 0 0 
10105 614 -915 -600 -915 6 1 -915 0 0 
10110 610 -920 -600 -920 6 1 -920 0 0 
10115 607 -920 -600 -920 6 1 -920 0 0 
10120 605 -923 -603 -923 6 1 -923 0 0 
10125 601 -923 -603 -923 6 1 -923 0 0 
10130 598 -923 -600 -923 6 1 -923 0 0 
10135 594 -927 -603 -927 6 1 -927 0 0 
10140 592 -927 -600 -927 6 1 -927 0 0 
10145 589 -927 -600 -927 6 1 -927 0 0 
10150 585 -927 -603 -927 6 1 -927 0 0 
10155 583 -930 -600 -930 6 1 -930 0 0 
10160 579 -930 -603 -930 6 1 -930 0 0 
10165 578 -930 -600 -930 6 1 -930 0 0 
10170 572 -930 -603 -930 6 1 -930 0 0 
10175 570 -935 -603 -935 6 1 -935 0 0 
10180 567 -935 -603 -935 6 1 -935 0 0 
10185 565 -935 -600 -935 6 1 -935 0 0 
10190 561 -935 -603 -935 6 1 -935 0 0 
10195 558 -935 -600 -935 6 1 -935 0 0 
10200 555 -935 -600 -935 6 1 -935 0 0 
10205 551 -930 -603 -930 6 1 -930 0 0 
10210 548 -927 -600 -927 6 1 -927 0 0 
10215 546 -923 -600 -923 6 1 -923 0 0 
10220 542 -923 -600 -923 6 1 -923 0 0 
10225 540 -920 -600 -920 6 1 -920 0 0 
10230 537 -915 -600 -915 6 1 -915 0 0 
10235 533 -912 -600 -912 6 1 -912 0 0 
10240 531 -908 -603 -908 6 1 -908 0 0 
10245 528 -908 -600 -908 6 1 -908 0 0 
10250 524 -905 -600 -905 6 1 -905 0 0 
10255 520 -900 -603 -900 6 1 -900 0 0 
10260 519 -900 -600 -900 6 1 -900 0 0 
10265 515 -897 -600 -897 6 1 -897 0 0 
10270 511 -893 -603 -893 6 1 -893 0 0 
10275 508 -890 -600 -890 6 1 -890 0 0 
10280 506 -885 -600 -885 6 1 -885 0 0 
10285 502 -885 -600 -885 6 1 -885 0 0 
10290 499 -882 -600 -882 6 1 -882 0 0 
10295 497 -878 -603 -878 6 1 -878 0 0 
10300 493 -875 -600 -875 6 1 -875 0 0 
10305 490 -875 -600 -875 6 1 -875 0 0 
10310 486 -870 -600 -870 6 1 -870 0 0 
10315 484 -870 -600 -870 6 1 -870 0 0 
10320 481 -867 -600 -867 6 1 -867 0 0 
10325 479 -863 -600 -863 6 1 -863 0 0 
10330 475 -860 -600 -860 6 1 -860 0 0 
10335 471 -855 -600 -855 6 1 -855 0 0 
10340 468 -855 -600 -855 6 1 -855 0 0 
10345 466 -848 -600 -848 6 1 -848 0 0 
10350 462 -845 -600 -845 6 1 -845 0 0 
10355 459 -840 -603 -840 6 1 -840 0 0 
10360 455 -833 -603 -833 6 1 -833 0 0 
10365 453 -830 -603 -830 6 1 -830 0 0 
10370 450 -822 -603 -822 6 1 -822 0 0 
10375 446 -815 -600 -815 6 1 -815 0 0 
10380 444 -810 -600 -810 6 1 -810 0 0 
10385 441 -803 -603 -803 6 1 -803 0 0 
10390 437 -800 -600 -800 6 1 -800 0 0 
10395 435 -795 -600 -795 6 1 -795 0 0 
10400 432 -788 -603 -788 6 1 -788 0 0 
10405 428 -785 -600 -785 6 1 -785 0 0 
10410 426 -780 -603 -780 6 1 -780 0 0 
10415 423 -777 -600 -777 6 1 -777 0 0 
10420 419 -777 -603 -777 6 1 -777 0 0 
10425 417 -773 -600 -773 6 1 -773 0 0 
10430 413 -770 -600 -770 6 1 -770 0 0 
10435 410 -765 -600 -765 6 1 -765 0 0 
10440 408 -762 -600 -762 6 1 -762 0 0 
10445 406 -762 -600 -762 6 1 -762 0 0 
10450 401 -755 -600 -755 6 1 -755 0 0 
10455 399 -755 -600 -755 6 1 -755 0 0 
10460 395 -750 -603 -750 6 1 -750 0 0 
10465 393 -747 -603 -747 6 1 -747 0 0 
10470 390 -747 -600 -747 6 1 -747 0 0 
10475 388 -743 -600 -743 6 1 -743 0 0 
10480 384 -743 -600 -743 6 1 -743 0 0 
10485 381 -740 -603 -740 6 1 -740 0 0 
10490 377 -735 -600 -735 6 1 -735 0 0 
10495 375 -732 -600 -732 6 1 -732 0 0 
10500 372 -728 -600 -728 6 1 -728 0 0 
10505 368 -725 -603 -725 6 1 -725 0 0 
10510 364 -717 -600 -717 6 1 -717 0 0 
10515 363 -713 -600 -713 6 1 -713 0 0 
10520 359 -710 -600 -710 6 1 -710 0 0 
10525 357 -702 -600 -702 6 1 -702 0 0 
10530 354 -698 -603 -698 6 1 -698 0 0 
10535 352 -690 -600 -690 6 1 -690 0 0 
10540 348 -687 -603 -687 6 1 -687 0 0 
10545 345 -675 -600 -675 6 1 -675 0 0 
10550 341 -665 -600 -665 6 1 -665 0 0 
10555 337 -653 -600 -653 6 1 -653 0 0 
10560 335 -645 -600 -645 6 1 -645 0 0 
10565 331 -635 -600 -635 6 1 -635 0 0 
10570 329 -623 -600 -623 6 1 -623 0 0 
10575 325 -615 -600 -615 6 1 -615 0 0 
10580 324 -605 -600 -605 6 1 -605 0 0 
10585 320 -597 -600 -597 6 1 -597 0 0 
10590 316 -582 -600 -582 6 1 -582 0 0 
10595 313 -575 -603 -575 6 1 -575 0 0 
10600 311 -567 -600 -567 6 1 -567 0 0 
10605 307 -555 -600 -555 6 1 -555 0 0 
10610 304 -545 -600 -545 6 1 -545 0 0 
10615 302 -537 -600 -537 6 1 -537 0 0 
10620 298 -530 -600 -530 6 1 -530 0 0 
10625 296 -518 -600 -518 6 1 -518 0 0 
10630 293 -507 -603 -507 6 1 -507 0 0 
10635 289 -495 -600 -495 6 1 -495 0 0 
10640 285 -485 -603 -485 6 1 -485 0 0 
10645 284 -473 -600 -473 6 1 -473 0 0 
10650 280 -462 -600 -462 6 1 -462 0 0 
10655 276 -450 -600 -450 6 1 -450 0 0 
10660 275 -443 -600 -443 6 1 -443 0 0 
10665 271 -432 -600 -432 6 1 -432 0 0 
10670 267 -420 -590 -420 6 1 -420 0 0 
10675 266 -410 -580 -410 6 1 -410 0 0 
10680 262 -398 -568 -398 6 1 -398 0 0 
10685 260 -390 -565 -390 6 1 -390 0 0 
10690 256 -383 -550 -383 6 1 -383 0 0 
10695 253 -375 -548 -375 6 1 -375 0 0 
10700 251 -368 -533 -368 6 1 -368 0 0 
10705 247 -360 -528 -360 6 1 -360 0 0 
10710 246 -353 -520 -353 6 1 -353 0 0 
10715 244 -345 -513 -345 6 1 -345 0 0 
10720 240 -342 -500 -342 6 1 -342 0 0 
10725 238 -330 -488 -330 6 1 -330 0 0 
10730 235 -323 -483 -323 6 1 -323 0 0 
10735 233 -315 -473 -315 6 1 -315 0 0 
10740 231 -305 -460 -305 6 1 -305 0 0 
10745 227 -297 -450 -297 6 1 -297 0 0 
10750 226 -285 -445 -285 6 1 -285 0 0 
10755 224 -275 -445 -275 6 1 -275 0 0 
10760 222 -263 -433 -263 6 1 -263 0 0 
10765 220 -252 -415 -252 6 1 -252 0 0 
10770 217 -245 -408 -245 6 1 -245 0 0 
10775 215 -233 -403 -233 6 1 -233 0 0 
10780 213 -222 -393 -222 6 1 -222 0 0 
10785 211 -210 -383 -210 6 1 -210 0 0 
10790 209 -195 -370 -195 6 1 -195 0 0 
10795 207 -185 -365 -185 6 1 -185 0 0 
10800 207 -173 -355 -173 6 1 -173 0 0 
10805 206 -162 -350 -162 6 1 -162 0 0 
10810 204 -150 -340 -150 6 1 -150 0 0 
10815 202 -140 -330 -140 6 1 -140 0 0 
10820 200 -132 -325 -132 6 1 -132 0 0 
10825 198 -120 -313 -120 6 1 -120 0 0 
10830 197 -110 -303 -110 6 1 -110 0 0 
10835 195 -102 -300 -102 6 1 -102 0 0 
10840 195 -90 -293 -90 6 1 -90 0 0 
10845 191 -83 -278 -83 6 1 -83 0 0 
10850 189 -80 -265 -80 6 1 -80 0 0 
10855 189 -75 -258 -75 6 1 -75 0 0 
10860 188 -68 -245 -68 6 1 -68 0 0 
10865 188 -65 -245 -65 6 1 -65 0 0 
10870 186 -57 -235 -57 6 1 -57 0 0 
10875 184 -53 -225 -53 6 1 -53 0 0 
10880 184 -45 -220 -45 6 1 -45 0 0 
10885 182 -38 -208 -38 6 1 -38 0 0 
10890 180 -27 -193 -27 6 1 -27 0 0 
10895 180 -12 -180 -12 6 1 -12 0 0 
10900 180 5 -165 5 6 1 5 0 0 
10905 178 23 -155 23 6 1 23 0 0 
10910 178 38 -143 38 6 1 38 0 0 
10915 177 45 -130 45 6 1 45 0 0 
10920 177 53 -118 53 6 1 53 0 0 
10925 175 57 -105 57 6 1 57 0 0 
10930 175 57 -88 57 6 1 57 0 0 
10935 175 65 -68 65 6 1 65 0 0 
10940 175 68 -50 68 6 1 68 0 0 
10945 175 75 -30 75 6 1 75 0 0 
10950 173 83 -0 83 6 1 83 0 0 
10955 173 90 3 90 6 1 90 0 0 
10960 175 98 25 98 6 1 98 0 0 
10965 175 105 53 105 6 1 105 0 0 
10970 175 113 88 113 6 1 113 0 0 
10975 175 117 118 117 6 1 117 0 0 
10980 175 125 148 125 6 1 125 0 0 
10985 177 128 183 128 6 1 128 0 0 
10990 177 132 218 132 6 1 132 0 0 
10995 178 135 253 135 6 1 135 0 0 
11000 180 135 290 135 6 1 135 0 0 
11005 180 135 323 135 6 1 135 0 0 
11010 182 135 358 135 6 1 135 0 0 
11015 184 132 398 132 6 1 132 0 0 
11020 186 128 438 128 6 1 128 0 0 
11025 188 128 475 128 7 1 128 0 0 
11030 191 125 515 125 7 1 125 0 0 
11035 195 125 565 125 7 1 125 0 0 
11040 197 125 593 125 7 1 125 0 0 
11045 200 128 600 128 7 1 128 0 0 
11050 202 132 600 132 7 1 132 0 0 
11055 206 132 600 132 7 1 132 0 0 
11060 209 135 600 135 7 1 135 0 0 
11065 211 143 598 143 7 1 143 0 0 
11070 215 150 600 150 7 1 150 0 0 
11075 217 165 600 165 7 1 165 0 0 
11080 220 185 600 185 7 1 185 0 0 
11085 224 207 600 207 7 1 207 0 0 
11090 226 230 600 230 7 1 230 0 0 
11095 229 255 600 255 7 1 255 0 0 
11100 233 270 600 270 7 1 270 0 0 
11105 235 285 600 285 7 1 285 0 0 
11110 238 297 600 297 7 1 297 0 0 
11115 242 300 600 300 7 1 300 0 0 
11120 246 300 600 300 7 1 300 0 0 
11125 247 300 600 300 7 1 300 0 0 
11130 251 300 600 300 7 1 300 0 0 
11135 255 305 600 305 7 1 305 0 0 
11140 256 308 600 308 7 1 308 0 0 
11145 260 315 600 315 7 1 315 0 0 
11150 262 323 600 323 7 1 323 0 0 
11155 266 330 600 330 7 1 330 0 0 
11160 269 335 600 335 7 1 335 0 0 
11165 271 338 600 338 7 1 338 0 0 
11170 275 338 600 338 7 1 338 0 0 
11175 278 338 598 338 7 1 338 0 0 
11180 280 335 598 335 7 1 335 0 0 
11185 284 330 598 330 7 1 330 0 0 
11190 287 330 600 330 7 1 330 0 0 
11195 291 330 600 330 7 1 330 0 0 
11200 293 330 598 330 7 1 330 0 0 
11205 296 335 600 335 7 1 335 0 0 
11210 298 338 600 338 7 1 338 0 0 
11215 304 342 600 342 7 1 342 0 0 
11220 305 345 600 345 7 1 345 0 0 
11225 309 342 600 342 7 1 342 0 0 
11230 311 345 598 345 7 1 345 0 0 
11235 314 345 600 345 7 1 345 0 0 
11240 318 345 600 345 7 1 345 0 0 
11245 320 345 600 345 7 1 345 0 0 
11250 324 350 600 350 7 1 350 0 0 
11255 327 350 598 350 7 1 350 0 0 
11260 329 353 600 353 7 1 353 0 0 
11265 334 353 600 353 7 1 353 0 0 
11270 335 360 600 360 7 1 360 0 0 
11275 339 368 600 368 7 1 368 0 0 
11280 343 372 598 372 7 1 372 0 0 
11285 346 380 600 380 7 1 380 0 0 
11290 348 383 600 383 7 1 383 0 0 
11295 352 390 600 390 7 1 390 0 0 
11300 355 398 600 398 7 1 398 0 0 
11305 357 402 600 402 7 1 402 0 0 
11310 359 405 598 405 7 1 405 0 0 
11315 364 413 598 413 7 1 413 0 0 
11320 366 417 600 417 7 1 417 0 0 
11325 370 420 600 420 7 1 420 0 0 
11330 374 425 600 425 7 1 425 0 0 
11335 375 428 600 428 7 1 428 0 0 
11340 379 428 600 428 7 1 428 0 0 
11345 381 432 600 432 7 1 432 0 0 
11350 384 432 598 432 7 1 432 0 0 
11355 388 428 600 428 7 1 428 0 0 
11360 390 428 600 428 7 1 428 0 0 
11365 393 425 600 425 7 1 425 0 0 
11370 397 425 598 425 7 1 425 0 0 
11375 399 420 600 420 7 1 420 0 0 
11380 403 417 600 417 7 1 417 0 0 
11385 406 417 600 417 7 1 417 0 0 
11390 408 413 598 413 7 1 413 0 0 
11395 412 413 600 413 7 1 413 0 0 
11400 413 413 600 413 7 1 413 0 0 
11405 417 413 600 413 7 1 413 0 0 
11410 421 417 598 417 7 1 417 0 0 
11415 423 417 600 417 7 1 417 0 0 
11420 426 420 600 420 7 1 420 0 0 
11425 430 420 600 420 7 1 420 0 0 
11430 432 425 600 425 7 1 425 0 0 
11435 435 428 598 428 7 1 428 0 0 
11440 439 432 600 432 7 1 432 0 0 
11445 441 432 600 432 7 1 432 0 0 
11450 444 435 600 435 7 1 435 0 0 
11455 448 440 600 440 7 1 440 0 0 
11460 450 440 600 440 7 1 440 0 0 
11465 453 443 598 443 7 1 443 0 0 
11470 455 443 598 443 7 1 443 0 0 
11475 459 447 600 447 7 1 447 0 0 
11480 462 447 600 447 7 1 447 0 0 
11485 464 447 600 447 7 1 447 0 0 
11490 468 450 600 450 7 1 450 0 0 
11495 471 450 600 450 7 1 450 0 0 
11500 475 450 600 450 7 1 450 0 0 
11505 477 450 600 450 7 1 450 0 0 
11510 481 450 600 450 7 1 450 0 0 
11515 484 450 600 450 7 1 450 0 0 
11520 486 455 598 455 7 1 455 0 0 
11525 490 455 600 455 7 1 455 0 0 
11530 491 455 600 455 7 1 455 0 0 
11535 497 458 598 458 7 1 458 0 0 
11540 499 458 600 458 7 1 458 0 0 
11545 502 462 600 462 7 1 462 0 0 
11550 506 462 600 462 7 1 462 0 0 
11555 508 465 598 465 7 1 465 0 0 
11560 511 470 598 470 7 1 470 0 0 
11565 513 470 600 470 7 1 470 0 0 
11570 517 473 600 473 7 1 473 0 0 
11575 519 477 600 477 7 1 477 0 0 
11580 522 477 598 477 7 1 477 0 0 
11585 526 477 600 477 7 1 477 0 0 
11590 530 480 598 480 7 1 480 0 0 
11595 531 480 598 480 7 1 480 0 0 
11600 535 480 598 480 7 1 480 0 0 
11605 537 480 598 480 7 1 480 0 0 
11610 540 480 600 480 7 1 480 0 0 
11615 544 480 600 480 7 1 480 0 0 
11620 548 480 600 480 7 1 480 0 0 
11625 551 480 600 480 7 1 480 0 0 
11630 553 480 600 480 7 1 480 0 0 
11635 558 480 598 480 7 1 480 0 0 
11640 560 480 600 480 7 1 480 0 0 
11645 563 477 600 477 7 1 477 0 0 
11650 567 477 598 477 7 1 477 0 0 
11655 569 477 600 477 7 1 477 0 0 
11660 572 473 600 473 7 1 473 0 0 
11665 574 477 600 477 7 1 477 0 0 
11670 578 477 600 477 7 1 477 0 0 
11675 581 473 598 473 7 1 473 0 0 
11680 583 473 600 473 7 1 473 0 0 
11685 587 473 600 473 7 1 473 0 0 
11690 590 473 600 473 7 1 473 0 0 
11695 592 473 600 473 7 1 473 0 0 
11700 596 473 600 473 7 1 473 0 0 
11705 599 473 598 473 7 1 473 0 0 
11710 601 473 600 473 7 1 473 0 0 
11715 605 473 598 473 7 1 473 0 0 
11720 608 473 600 473 7 1 473 0 0 
11725 610 473 600 473 7 1 473 0 0 
11730 614 473 598 473 7 1 473 0 0 
11735 618 473 600 473 7 1 473 0 0 
11740 619 473 600 473 7 1 473 0 0 
11745 623 473 600 473 7 1 473 0 0 
11750 627 473 600 473 7 1 473 0 0 
11755 628 473 598 473 7 1 473 0 0 
11760 632 473 600 473 7 1 473 0 0 
11765 634 473 600 473 7 1 473 0 0 
11770 638 473 598 473 7 1 473 0 0 
11775 641 473 600 473 7 1 473 0 0 
11780 645 473 598 473 7 1 473 0 0 
11785 647 473 600 473 7 1 473 0 0 
11790 648 473 600 473 7 1 473 0 0 
11795 652 470 600 470 7 1 470 0 0 
11800 656 465 600 465 7 1 465 0 0 
11805 659 465 600 465 7 1 465 0 0 
11810 661 462 600 462 7 1 462 0 0 
11815 665 458 600 458 7 1 458 0 0 
11820 668 458 600 458 7 1 458 0 0 
11825 670 455 600 455 7 1 455 0 0 
11830 674 455 600 455 7 1 455 0 0 
11835 677 450 600 450 7 1 450 0 0 
11840 679 450 600 450 7 1 450 0 0 
11845 683 447 600 447 7 1 447 0 0 
11850 686 447 600 447 7 1 447 0 0 
11855 688 447 600 447 7 1 447 0 0 
11860 692 443 600 443 7 1 443 0 0 
11865 694 443 600 443 7 1 443 0 0 
11870 697 440 600 440 7 1 440 0 0 
11875 701 440 600 440 7 1 440 0 0 
11880 705 435 600 435 7 1 435 0 0 
11885 706 435 598 435 7 1 435 0 0 
11890 708 432 600 432 7 1 432 0 0 
11895 712 432 598 432 7 1 432 0 0 
11900 715 428 600 428 7 1 428 0 0 
11905 719 428 600 428 7 1 428 0 0 
11910 721 425 600 425 7 1 425 0 0 
11915 725 420 600 420 7 1 420 0 0 
11920 728 413 600 413 7 1 413 0 0 
11925 730 410 600 410 7 1 410 0 0 
11930 734 405 598 405 7 1 405 0 0 
11935 737 402 598 402 7 1 402 0 0 
11940 739 398 600 398 7 1 398 0 0 
11945 743 395 600 395 7 1 395 0 0 
11950 745 390 600 390 7 1 390 0 0 
11955 748 387 598 387 7 1 387 0 0 
11960 752 383 598 383 7 1 383 0 0 
11965 755 380 598 380 7 1 380 0 0 
11970 757 372 600 372 7 1 372 0 0 
11975 761 368 600 368 7 1 368 0 0 
11980 763 368 598 368 7 1 368 0 0 
11985 766 365 600 365 7 1 365 0 0 
11990 770 365 600 365 7 1 365 0 0 
11995 772 360 598 360 7 1 360 0 0 
12000 775 357 600 357 7 1 357 0 0 
12005 777 350 600 350 7 1 350 0 0 
12010 782 345 593 345 7 1 345 0 0 
12015 785 342 578 342 7 1 342 0 0 
12020 789 335 573 335 7 1 335 0 0 
12025 791 330 563 330 7 1 330 0 0 
12030 793 323 550 323 7 1 323 0 0 
12035 796 320 540 320 7 1 320 0 0 
12040 798 320 538 320 7 1 320 0 0 
12045 800 320 528 320 7 1 320 0 0 
12050 804 315 515 315 7 1 315 0 0 
12055 807 312 510 312 7 1 312 0 0 
12060 809 308 498 308 7 1 308 0 0 
12065 811 300 493 300 7 1 300 0 0 
12070 814 293 480 293 7 1 293 0 0 
12075 816 290 473 290 7 1 290 0 0 
12080 818 282 463 282 7 1 282 0 0 
12085 822 278 455 278 7 1 278 0 0 
12090 823 275 445 275 7 1 275 0 0 
12095 825 267 438 267 7 1 267 0 0 
12100 827 260 428 260 7 1 260 0 0 
12105 829 255 415 255 7 1 255 0 0 
12110 833 248 408 248 7 1 248 0 0 
12115 834 240 395 240 7 1 240 0 0 
12120 836 240 393 240 7 1 240 0 0 
12125 836 233 385 233 7 1 233 0 0 
12130 840 230 375 230 7 1 230 0 0 
12135 842 225 358 225 7 1 225 0 0 
12140 843 218 355 218 7 1 218 0 0 
12145 845 215 345 215 7 1 215 0 0 
12150 847 210 338 210 7 1 210 0 0 
12155 849 207 325 207 7 1 207 0 0 
12160 849 203 323 203 7 1 203 0 0 
12165 851 200 310 200 7 1 200 0 0 
12170 853 195 300 195 7 1 195 0 0 
12175 854 192 298 192 7 1 192 0 0 
12180 856 188 293 188 7 1 188 0 0 
12185 858 185 278 185 7 1 185 0 0 
12190 860 180 265 180 7 1 180 0 0 
12195 862 177 253 177 7 1 177 0 0 
12200 862 173 238 173 7 1 173 0 0 
12205 863 170 233 170 7 1 170 0 0 
12210 863 170 233 170 7 1 170 0 0 
12215 865 165 223 165 7 1 165 0 0 
12220 865 162 213 162 7 1 162 0 0 
12225 867 162 210 162 7 1 162 0 0 
12230 869 158 198 158 7 1 158 0 0 
12235 869 155 183 155 7 1 155 0 0 
12240 871 150 180 150 7 1 150 0 0 
12245 871 147 170 147 7 1 147 0 0 
12250 871 143 158 143 7 1 143 0 0 
12255 872 140 148 140 7 1 140 0 0 
12260 872 140 145 140 7 1 140 0 0 
12265 874 140 133 140 7 1 140 0 0 
12270 874 135 133 135 7 1 135 0 0 
12275 874 132 133 132 7 1 132 0 0 
12280 876 132 120 132 7 1 132 0 0 
12285 876 128 118 128 7 1 128 0 0 
12290 878 125 118 125 7 1 125 0 0 
12295 878 120 105 120 7 1 120 0 0 
12300 878 117 103 117 7 1 117 0 0 
12305 878 110 103 110 7 1 110 0 0 
12310 880 105 95 105 7 1 105 0 0 
12315 880 98 88 98 7 1 98 0 0 
12320 880 95 83 95 7 1 95 0 0 
12325 880 87 83 87 7 1 87 0 0 
12330 882 80 80 80 7 1 80 0 0 
12335 882 80 75 80 7 1 80 0 0 
12340 882 72 58 72 7 1 72 0 0 
12345 882 68 58 68 7 1 68 0 0 
12350 882 60 58 60 7 1 60 0 0 
12355 882 53 55 53 7 1 53 0 0 
12360 882 50 55 50 7 1 50 0 0 
12365 883 42 53 42 7 1 42 0 0 
12370 883 38 53 38 7 1 38 0 0 
12375 883 35 53 35 7 1 35 0 0 
12380 883 27 50 27 7 1 27 0 0 
12385 883 23 43 23 7 1 23 0 0 
12390 883 12 35 12 7 1 12 0 0 
12395 883 -8 15 -8 7 1 -8 0 0 
12400 883 -23 3 -23 7 1 -23 0 0 
12405 883 -42 -0 -42 7 1 -42 0 0 
12410 883 -60 -13 -60 7 1 -60 0 0 
12415 883 -72 -35 -72 7 1 -72 0 0 
12420 883 -80 -53 -80 7 1 -80 0 0 
12425 883 -87 -75 -87 7 1 -87 0 0 
12430 882 -95 -95 -95 7 1 -95 0 0 
12435 882 -102 -130 -102 7 1 -102 0 0 
12440 882 -113 -160 -113 7 1 -113 0 0 
12445 882 -125 -195 -125 7 1 -125 0 0 
12450 880 -140 -228 -140 7 1 -140 0 0 
12455 878 -155 -280 -155 7 1 -155 0 0 
12460 876 -165 -325 -165 7 1 -165 0 0 
12465 874 -177 -370 -177 7 1 -177 0 0 
12470 874 -188 -420 -188 7 1 -188 0 0 
12475 871 -203 -483 -203 8 1 -203 0 0 
12480 869 -215 -535 -215 8 1 -215 0 0 
12485 865 -222 -585 -222 8 1 -222 0 0 
12490 863 -230 -598 -230 8 1 -230 0 0 
12495 860 -233 -600 -233 8 1 -233 0 0 
12500 856 -240 -600 -240 8 1 -240 0 0 
12505 853 -245 -600 -245 8 1 -245 0 0 
12510 851 -260 -603 -260 8 1 -260 0 0 
12515 847 -282 -600 -282 8 1 -282 0 0 
12520 843 -308 -600 -308 8 1 -308 0 0 
12525 842 -338 -603 -338 8 1 -338 0 0 
12530 838 -368 -600 -368 8 1 -368 0 0 
12535 834 -402 -603 -402 8 1 -402 0 0 
12540 831 -428 -600 -428 8 1 -428 0 0 
12545 829 -455 -603 -455 8 1 -455 0 0 
12550 825 -473 -603 -473 8 1 -473 0 0 
12555 822 -492 -600 -492 8 1 -492 0 0 
12560 818 -503 -600 -503 8 1 -503 0 0 
12565 816 -510 -600 -510 8 1 -510 0 0 
12570 813 -522 -600 -522 8 1 -522 0 0 
12575 809 -533 -603 -533 8 1 -533 0 0 
12580 805 -545 -600 -545 8 1 -545 0 0 
12585 804 -560 -600 -560 8 1 -560 0 0 
12590 800 -578 -600 -578 8 1 -578 0 0 
12595 796 -597 -603 -597 8 1 -597 0 0 
12600 794 -615 -603 -615 8 1 -615 0 0 
12605 791 -627 -600 -627 8 1 -627 0 0 
12610 789 -638 -600 -638 8 1 -638 0 0 
12615 785 -650 -600 -650 8 1 -650 0 0 
12620 782 -653 -600 -653 8 1 -653 0 0 
12625 780 -657 -600 -657 8 1 -657 0 0 
12630 775 -657 -600 -657 8 1 -657 0 0 
12635 772 -657 -600 -657 8 1 -657 0 0 
12640 768 -660 -600 -660 8 1 -660 0 0 
12645 766 -665 -600 -665 8 1 -665 0 0 
12650 763 -668 -600 -668 8 1 -668 0 0 
12655 761 -672 -600 -672 8 1 -672 0 0 
12660 757 -680 -600 -680 8 1 -680 0 0 
12665 754 -687 -603 -687 8 1 -687 0 0 
12670 750 -695 -600 -695 8 1 -695 0 0 
12675 748 -702 -600 -702 8 1 -702 0 0 
12680 745 -705 -600 -705 8 1 -705 0 0 
12685 741 -710 -600 -710 8 1 -710 0 0 
12690 739 -717 -603 -717 8 1 -717 0 0 
12695 735 -725 -600 -725 8 1 -725 0 0 
12700 732 -732 -600 -732 8 1 -732 0 0 
12705 728 -740 -600 -740 8 1 -740 0 0 
12710 726 -750 -600 -750 8 1 -750 0 0 
12715 723 -758 -600 -758 8 1 -758 0 0 
12720 719 -770 -600 -770 8 1 -770 0 0 
12725 717 -780 -603 -780 8 1 -780 0 0 
12730 714 -788 -603 -788 8 1 -788 0 0 
12735 712 -795 -600 -795 8 1 -795 0 0 
12740 706 -803 -603 -803 8 1 -803 0 0 
12745 705 -810 -600 -810 8 1 -810 0 0 
12750 701 -815 -600 -815 8 1 -815 0 0 
12755 697 -815 -600 -815 8 1 -815 0 0 
12760 694 -818 -600 -818 8 1 -818 0 0 
12765 690 -822 -603 -822 8 1 -822 0 0 
12770 688 -822 -603 -822 8 1 -822 0 0 
12775 686 -822 -600 -822 8 1 -822 0 0 
12780 683 -822 -603 -822 8 1 -822 0 0 
12785 679 -822 -603 -822 8 1 -822 0 0 
12790 677 -825 -600 -825 8 1 -825 0 0 
12795 674 -825 -600 -825 8 1 -825 0 0 
12800 670 -825 -600 -825 8 1 -825 0 0 
12805 668 -830 -600 -830 8 1 -830 0 0 
12810 665 -833 -600 -833 8 1 -833 0 0 
12815 661 -833 -603 -833 8 1 -833 0 0 
12820 657 -837 -600 -837 8 1 -837 0 0 
12825 656 -840 -600 -840 8 1 -840 0 0 
12830 652 -840 -603 -840 8 1 -840 0 0 
12835 648 -840 -603 -840 8 1 -840 0 0 
12840 645 -845 -603 -845 8 1 -845 0 0 
12845 643 -845 -603 -845 8 1 -845 0 0 
12850 641 -848 -600 -848 8 1 -848 0 0 
12855 638 -852 -600 -852 8 1 -852 0 0 
12860 634 -852 -600 -852 8 1 -852 0 0 
12865 630 -852 -603 -852 8 1 -852 0 0 
12870 628 -855 -600 -855 8 1 -855 0 0 
12875 625 -852 -603 -852 8 1 -852 0 0 
12880 621 -852 -600 -852 8 1 -852 0 0 
12885 619 -852 -600 -852 8 1 -852 0 0 
12890 616 -855 -600 -855 8 1 -855 0 0 
12895 612 -855 -600 -855 8 1 -855 0 0 
12900 610 -855 -600 -855 8 1 -855 0 0 
12905 607 -855 -603 -855 8 1 -855 0 0 
12910 603 -855 -600 -855 8 1 -855 0 0 
12915 601 -855 -603 -855 8 1 -855 0 0 
12920 598 -860 -600 -860 8 1 -860 0 0 
12925 594 -863 -600 -863 8 1 -863 0 0 
12930 592 -863 -603 -863 8 1 -863 0 0 
12935 589 -867 -600 -867 8 1 -867 0 0 
12940 585 -867 -600 -867 8 1 -867 0 0 
12945 581 -870 -600 -870 8 1 -870 0 0 
12950 579 -875 -600 -875 8 1 -875 0 0 
12955 576 -875 -600 -875 8 1 -875 0 0 
12960 572 -878 -603 -878 8 1 -878 0 0 
12965 569 -882 -600 -882 8 1 -882 0 0 
12970 567 -885 -600 -885 8 1 -885 0 0 
12975 563 -885 -600 -885 8 1 -885 0 0 
12980 561 -890 -600 -890 8 1 -890 0 0 
12985 558 -890 -600 -890 8 1 -890 0 0 
12990 555 -890 -600 -890 8 1 -890 0 0 
12995 551 -890 -603 -890 8 1 -890 0 0 
13000 548 -890 -603 -890 8 1 -890 0 0 
13005 544 -893 -603 -893 8 1 -893 0 0 
13010 542 -890 -603 -890 8 1 -890 0 0 
13015 539 -890 -600 -890 8 1 -890 0 0 
13020 535 -885 -600 -885 8 1 -885 0 0 
13025 533 -885 -603 -885 8 1 -885 0 0 
13030 530 -882 -600 -882 8 1 -882 0 0 
13035 526 -878 -600 -878 8 1 -878 0 0 
13040 522 -875 -600 -875 8 1 -875 0 0 
13045 520 -875 -600 -875 8 1 -875 0 0 
13050 517 -870 -600 -870 8 1 -870 0 0 
13055 513 -870 -603 -870 8 1 -870 0 0 
13060 511 -867 -600 -867 8 1 -867 0 0 
13065 508 -863 -603 -863 8 1 -863 0 0 
13070 506 -860 -600 -860 8 1 -860 0 0 
13075 502 -855 -600 -855 8 1 -855 0 0 
13080 499 -855 -603 -855 8 1 -855 0 0 
13085 495 -852 -600 -852 8 1 -852 0 0 
13090 493 -845 -603 -845 8 1 -845 0 0 
13095 490 -840 -600 -840 8 1 -840 0 0 
13100 486 -833 -600 -833 8 1 -833 0 0 
13105 484 -825 -600 -825 8 1 -825 0 0 
13110 481 -822 -603 -822 8 1 -822 0 0 
13115 477 -818 -600 -818 8 1 -818 0 0 
13120 473 -810 -603 -810 8 1 -810 0 0 
13125 471 -807 -603 -807 8 1 -807 0 0 
13130 468 -800 -603 -800 8 1 -800 0 0 
13135 464 -795 -600 -795 8 1 -795 0 0 
13140 461 -785 -603 -785 8 1 -785 0 0 
13145 459 -777 -600 -777 8 1 -777 0 0 
13150 455 -770 -600 -770 8 1 -770 0 0 
13155 453 -758 -603 -758 8 1 -758 0 0 
13160 450 -750 -600 -750 8 1 -750 0 0 
13165 446 -747 -600 -747 8 1 -747 0 0 
13170 442 -743 -600 -743 8 1 -743 0 0 
13175 441 -735 -603 -735 8 1 -735 0 0 
13180 437 -728 -600 -728 8 1 -728 0 0 
13185 435 -720 -600 -720 8 1 -720 0 0 
13190 432 -713 -600 -713 8 1 -713 0 0 
13195 428 -705 -603 -705 8 1 -705 0 0 
13200 426 -702 -600 -702 8 1 -702 0 0 
13205 423 -690 -600 -690 8 1 -690 0 0 
13210 419 -687 -603 -687 8 1 -687 0 0 
13215 417 -680 -600 -680 8 1 -680 0 0 
13220 413 -672 -600 -672 8 1 -672 0 0 
13225 412 -665 -603 -665 8 1 -665 0 0 
13230 408 -657 -600 -657 8 1 -657 0 0 
13235 404 -645 -603 -645 8 1 -645 0 0 
13240 401 -635 -600 -635 8 1 -635 0 0 
13245 399 -627 -603 -627 8 1 -627 0 0 
13250 395 -615 -600 -615 8 1 -615 0 0 
13255 393 -608 -600 -608 8 1 -608 0 0 
13260 388 -597 -600 -597 8 1 -597 0 0 
13265 386 -590 -600 -590 8 1 -590 0 0 
13270 384 -582 -600 -582 8 1 -582 0 0 
13275 381 -575 -603 -575 8 1 -575 0 0 
13280 377 -567 -600 -567 8 1 -567 0 0 
13285 375 -560 -600 -560 8 1 -560 0 0 
13290 372 -552 -600 -552 8 1 -552 0 0 
13295 370 -548 -600 -548 8 1 -548 0 0 
13300 366 -545 -600 -545 8 1 -545 0 0 
13305 363 -540 -600 -540 8 1 -540 0 0 
13310 359 -537 -603 -537 8 1 -537 0 0 
13315 357 -533 -600 -533 8 1 -533 0 0 
13320 354 -530 -600 -530 8 1 -530 0 0 
13325 350 -522 -600 -522 8 1 -522 0 0 
13330 348 -515 -600 -515 8 1 -515 0 0 
13335 345 -510 -600 -510 8 1 -510 0 0 
13340 341 -500 -600 -500 8 1 -500 0 0 
13345 337 -492 -603 -492 8 1 -492 0 0 
13350 335 -485 -600 -485 8 1 -485 0 0 
13355 331 -480 -600 -480 8 1 -480 0 0 
13360 327 -470 -603 -470 8 1 -470 0 0 
13365 325 -462 -600 -462 8 1 -462 0 0 
13370 324 -455 -600 -455 8 1 -455 0 0 
13375 320 -447 -600 -447 8 1 -447 0 0 
13380 316 -435 -600 -435 8 1 -435 0 0 
13385 314 -428 -600 -428 8 1 -428 0 0 
13390 311 -420 -600 -420 8 1 -420 0 0 
13395 307 -413 -600 -413 8 1 -413 0 0 
13400 304 -405 -600 -405 8 1 -405 0 0 
13405 302 -398 -603 -398 8 1 -398 0 0 
13410 298 -390 -603 -390 8 1 -390 0 0 
13415 295 -387 -600 -387 8 1 -387 0 0 
13420 293 -380 -603 -380 8 1 -380 0 0 
13425 289 -372 -600 -372 8 1 -372 0 0 
13430 285 -365 -600 -365 8 1 -365 0 0 
13435 282 -353 -600 -353 8 1 -353 0 0 
13440 280 -342 -603 -342 8 1 -342 0 0 
13445 276 -335 -600 -335 8 1 -335 0 0 
13450 275 -323 -603 -323 8 1 -323 0 0 
13455 271 -312 -603 -312 8 1 -312 0 0 
13460 267 -300 -588 -300 8 1 -300 0 0 
13465 264 -285 -585 -285 8 1 -285 0 0 
13470 262 -278 -573 -278 8 1 -278 0 0 
13475 258 -263 -560 -263 8 1 -263 0 0 
13480 255 -252 -553 -252 8 1 -252 0 0 
13485 253 -240 -540 -240 8 1 -240 0 0 
13490 251 -233 -535 -233 8 1 -233 0 0 
13495 249 -230 -528 -230 8 1 -230 0 0 
13500 246 -225 -520 -225 8 1 -225 0 0 
13505 242 -218 -510 -218 8 1 -218 0 0 
13510 240 -215 -498 -215 8 1 -215 0 0 
13515 238 -207 -493 -207 8 1 -207 0 0 
13520 235 -200 -480 -200 8 1 -200 0 0 
13525 233 -192 -473 -192 8 1 -192 0 0 
13530 231 -188 -460 -188 8 1 -188 0 0 
13535 227 -180 -448 -180 8 1 -180 0 0 
13540 226 -170 -445 -170 8 1 -170 0 0 
13545 224 -162 -438 -162 8 1 -162 0 0 
13550 220 -155 -428 -155 8 1 -155 0 0 
13555 220 -147 -415 -147 8 1 -147 0 0 
13560 217 -140 -408 -140 8 1 -140 0 0 
13565 215 -135 -403 -135 8 1 -135 0 0 
13570 213 -128 -383 -128 8 1 -128 0 0 
13575 211 -120 -383 -120 8 1 -120 0 0 
13580 209 -113 -370 -113 8 1 -113 0 0 
13585 207 -110 -363 -110 8 1 -110 0 0 
13590 206 -102 -353 -102 8 1 -102 0 0 
13595 204 -90 -350 -90 8 1 -90 0 0 
13600 202 -80 -340 -80 8 1 -80 0 0 
13605 200 -68 -325 -68 8 1 -68 0 0 
13610 200 -57 -318 -57 8 1 -57 0 0 
13615 198 -50 -305 -50 8 1 -50 0 0 
13620 197 -35 -300 -35 8 1 -35 0 0 
13625 195 -27 -290 -27 8 1 -27 0 0 
13630 193 -12 -275 -12 8 1 -12 0 0 
13635 193 5 -263 5 8 1 5 0 0 
13640 191 30 -248 30 8 1 30 0 0 
13645 189 50 -228 50 8 1 50 0 0 
13650 189 65 -213 65 8 1 65 0 0 
13655 188 75 -195 75 8 1 75 0 0 
13660 186 83 -168 83 8 1 83 0 0 
13665 186 90 -143 90 8 1 90 0 0 
13670 184 98 -115 98 8 1 98 0 0 
13675 184 110 -83 110 8 1 110 0 0 
13680 184 120 -50 120 8 1 120 0 0 
13685 184 125 -18 125 8 1 125 0 0 
13690 184 132 -0 132 8 1 132 0 0 
13695 184 135 10 135 8 1 135 0 0 
13700 184 140 50 140 8 1 140 0 0 
13705 184 140 88 140 8 1 140 0 0 
13710 184 147 128 147 8 1 147 0 0 
13715 186 150 168 150 8 1 150 0 0 
13720 186 158 220 158 8 1 158 0 0 
13725 188 162 260 162 8 1 162 0 0 
13730 188 162 305 162 8 1 162 0 0 
13735 189 165 353 165 8 1 165 0 0 
13740 191 165 405 165 8 1 165 0 0 
13745 195 165 448 165 8 1 165 0 0 
13750 197 162 498 162 8 1 162 0 0 
13755 198 158 545 158 8 1 158 0 0 
13760 202 155 590 155 9 1 155 0 0 
13765 204 150 598 150 9 1 150 0 0 
13770 207 147 600 147 9 1 147 0 0 
13775 209 147 600 147 9 1 147 0 0 
13780 213 150 600 150 9 1 150 0 0 
13785 217 162 598 162 9 1 162 0 0 
13790 218 177 600 177 9 1 177 0 0 
13795 222 195 600 195 9 1 195 0 0 
13800 224 222 600 222 9 1 222 0 0 
13805 227 240 600 240 9 1 240 0 0 
13810 231 255 600 255 9 1 255 0 0 
13815 233 270 600 270 9 1 270 0 0 
13820 237 285 598 285 9 1 285 0 0 
13825 240 297 600 297 9 1 297 0 0 
13830 244 305 600 305 9 1 305 0 0 
13835 246 312 600 312 9 1 312 0 0 
13840 251 315 600 315 9 1 315 0 0 
13845 251 323 598 323 9 1 323 0 0 
13850 255 330 600 330 9 1 330 0 0 
13855 258 335 600 335 9 1 335 0 0 
13860 262 345 600 345 9 1 345 0 0 
13865 264 350 600 350 9 1 350 0 0 
13870 267 357 600 357 9 1 357 0 0 
13875 271 360 600 360 9 1 360 0 0 
13880 275 365 600 365 9 1 365 0 0 
13885 276 360 600 360 9 1 360 0 0 
13890 280 360 600 360 9 1 360 0 0 
13895 282 353 598 353 9 1 353 0 0 
13900 285 350 600 350 9 1 350 0 0 
13905 289 345 598 345 9 1 345 0 0 
13910 293 342 600 342 9 1 342 0 0 
13915 295 342 600 342 9 1 342 0 0 
13920 298 345 598 345 9 1 345 0 0 
13925 302 345 598 345 9 1 345 0 0 
13930 304 345 600 345 9 1 345 0 0 
13935 307 345 598 345 9 1 345 0 0 
13940 309 345 600 345 9 1 345 0 0 
13945 313 342 600 342 9 1 342 0 0 
13950 316 342 598 342 9 1 342 0 0 
13955 318 342 598 342 9 1 342 0 0 
13960 324 342 600 342 9 1 342 0 0 
13965 325 342 600 342 9 1 342 0 0 
13970 327 345 598 345 9 1 345 0 0 
13975 331 345 598 345 9 1 345 0 0 
13980 334 350 598 350 9 1 350 0 0 
13985 337 353 600 353 9 1 353 0 0 
13990 341 357 598 357 9 1 357 0 0 
13995 345 360 600 360 9 1 360 0 0 
14000 346 365 600 365 9 1 365 0 0 
14005 350 368 600 368 9 1 368 0 0 
14010 354 375 600 375 9 1 375 0 0 
14015 355 380 600 380 9 1 380 0 0 
14020 359 383 600 383 9 1 383 0 0 
14025 363 390 600 390 9 1 390 0 0 
14030 364 395 600 395 9 1 395 0 0 
14035 368 398 598 398 9 1 398 0 0 
14040 372 398 600 398 9 1 398 0 0 
14045 374 402 600 402 9 1 402 0 0 
14050 377 402 598 402 9 1 402 0 0 
14055 381 402 600 402 9 1 402 0 0 
14060 383 402 598 402 9 1 402 0 0 
14065 386 402 600 402 9 1 402 0 0 
14070 388 402 598 402 9 1 402 0 0 
14075 392 402 598 402 9 1 402 0 0 
14080 395 402 598 402 9 1 402 0 0 
14085 397 402 600 402 9 1 402 0 0 
14090 401 402 600 402 9 1 402 0 0 
14095 404 402 600 402 9 1 402 0 0 
14100 406 398 600 398 9 1 398 0 0 
14105 410 398 600 398 9 1 398 0 0 
14110 412 398 598 398 9 1 398 0 0 
14115 415 398 600 398 9 1 398 0 0 
14120 419 398 600 398 9 1 398 0 0 
14125 421 398 600 398 9 1 398 0 0 
14130 424 398 600 398 9 1 398 0 0 
14135 426 402 600 402 9 1 402 0 0 
14140 430 402 598 402 9 1 402 0 0 
14145 433 402 600 402 9 1 402 0 0 
14150 437 405 598 405 9 1 405 0 0 
14155 439 405 600 405 9 1 405 0 0 
14160 442 405 600 405 9 1 405 0 0 
14165 446 410 598 410 9 1 410 0 0 
14170 448 410 600 410 9 1 410 0 0 
14175 452 413 600 413 9 1 413 0 0 
14180 455 413 598 413 9 1 413 0 0 
14185 457 413 600 413 9 1 413 0 0 
14190 461 417 600 417 9 1 417 0 0 
14195 462 417 598 417 9 1 417 0 0 
14200 466 417 600 417 9 1 417 0 0 
14205 470 417 600 417 9 1 417 0 0 
14210 471 417 600 417 9 1 417 0 0 
14215 475 417 600 417 9 1 417 0 0 
14220 479 417 600 417 9 1 417 0 0 
14225 482 417 598 417 9 1 417 0 0 
14230 484 417 600 417 9 1 417 0 0 
14235 488 417 600 417 9 1 417 0 0 
14240 491 413 600 413 9 1 413 0 0 
14245 493 413 600 413 9 1 413 0 0 
14250 497 413 600 413 9 1 413 0 0 
14255 499 413 600 413 9 1 413 0 0 
14260 502 413 600 413 9 1 413 0 0 
14265 506 413 600 413 9 1 413 0 0 
14270 508 413 600 413 9 1 413 0 0 
14275 511 417 600 417 9 1 417 0 0 
14280 515 417 600 417 9 1 417 0 0 
14285 517 417 600 417 9 1 417 0 0 
14290 520 420 600 420 9 1 420 0 0 
14295 524 420 600 420 9 1 420 0 0 
14300 528 425 600 425 9 1 425 0 0 
14305 531 425 600 425 9 1 425 0 0 
14310 533 428 600 428 9 1 428 0 0 
14315 537 428 600 428 9 1 428 0 0 
14320 539 432 600 432 9 1 432 0 0 
14325 542 432 598 432 9 1 432 0 0 
14330 546 432 600 432 9 1 432 0 0 
14335 548 432 600 432 9 1 432 0 0 
14340 551 432 600 432 9 1 432 0 0 
14345 555 435 600 435 9 1 435 0 0 
14350 558 435 598 435 9 1 435 0 0 
14355 561 432 598 432 9 1 432 0 0 
14360 563 435 600 435 9 1 435 0 0 
14365 569 435 600 435 9 1 435 0 0 
14370 570 435 600 435 9 1 435 0 0 
14375 572 435 600 435 9 1 435 0 0 
14380 576 440 600 440 9 1 440 0 0 
14385 579 440 598 440 9 1 440 0 0 
14390 583 435 600 435 9 1 435 0 0 
14395 585 440 600 440 9 1 440 0 0 
14400 589 435 600 435 9 1 435 0 0 
14405 590 435 600 435 9 1 435 0 0 
14410 594 440 598 440 9 1 440 0 0 
14415 598 440 600 440 9 1 440 0 0 
14420 599 440 600 440 9 1 440 0 0 
14425 603 440 600 440 9 1 440 0 0 
14430 607 443 600 443 9 1 443 0 0 
14435 608 443 600 443 9 1 443 0 0 
14440 612 447 598 447 9 1 447 0 0 
14445 614 447 600 447 9 1 447 0 0 
14450 618 447 600 447 9 1 447 0 0 
14455 621 447 598 447 9 1 447 0 0 
14460 625 447 600 447 9 1 447 0 0 
14465 628 450 600 450 9 1 450 0 0 
14470 630 447 600 447 9 1 447 0 0 
14475 632 450 600 450 9 1 450 0 0 
14480 636 450 600 450 9 1 450 0 0 
14485 639 450 600 450 9 1 450 0 0 
14490 641 455 600 455 9 1 455 0 0 
14495 645 455 600 455 9 1 455 0 0 
14500 648 455 600 455 9 1 455 0 0 
14505 650 455 600 455 9 1 455 0 0 
14510 654 455 600 455 9 1 455 0 0 
14515 656 455 598 455 9 1 455 0 0 
14520 661 455 598 455 9 1 455 0 0 
14525 663 450 598 450 9 1 450 0 0 
14530 667 450 600 450 9 1 450 0 0 
14535 668 447 600 447 9 1 447 0 0 
14540 672 443 600 443 9 1 443 0 0 
14545 676 443 600 443 9 1 443 0 0 
14550 677 443 600 443 9 1 443 0 0 
14555 681 443 600 443 9 1 443 0 0 
14560 683 440 600 440 9 1 440 0 0 
14565 686 440 598 440 9 1 440 0 0 
14570 690 440 600 440 9 1 440 0 0 
14575 692 435 598 435 9 1 435 0 0 
14580 696 435 600 435 9 1 435 0 0 
14585 699 435 600 435 9 1 435 0 0 
14590 701 432 600 432 9 1 432 0 0 
14595 705 432 600 432 9 1 432 0 0 
14600 708 428 598 428 9 1 428 0 0 
14605 712 428 600 428 9 1 428 0 0 
14610 714 425 600 425 9 1 425 0 0 
14615 717 425 600 425 9 1 425 0 0 
14620 719 420 600 420 9 1 420 0 0 
14625 723 420 600 420 9 1 420 0 0 
14630 726 417 600 417 9 1 417 0 0 
14635 728 417 600 417 9 1 417 0 0 
14640 732 410 600 410 9 1 410 0 0 
14645 735 410 600 410 9 1 410 0 0 
14650 739 405 598 405 9 1 405 0 0 
14655 741 402 598 402 9 1 402 0 0 
14660 743 398 600 398 9 1 398 0 0 
14665 746 395 598 395 9 1 395 0 0 
14670 750 387 598 387 9 1 387 0 0 
14675 754 383 600 383 9 1 383 0 0 
14680 755 375 600 375 9 1 375 0 0 
14685 759 368 598 368 9 1 368 0 0 
14690 763 365 600 365 9 1 365 0 0 
14695 764 357 600 357 9 1 357 0 0 
14700 768 353 600 353 9 1 353 0 0 
14705 770 345 600 345 9 1 345 0 0 
14710 774 338 600 338 9 1 338 0 0 
14715 775 335 600 335 9 1 335 0 0 
14720 780 330 600 330 9 1 330 0 0 
14725 784 323 593 323 9 1 323 0 0 
14730 787 320 575 320 9 1 320 0 0 
14735 789 312 568 312 9 1 312 0 0 
14740 791 305 560 305 9 1 305 0 0 
14745 794 300 553 300 9 1 300 0 0 
14750 796 297 548 297 9 1 297 0 0 
14755 800 297 538 297 9 1 297 0 0 
14760 802 297 525 297 9 1 297 0 0 
14765 805 297 520 297 9 1 297 0 0 
14770 807 293 508 293 9 1 293 0 0 
14775 811 290 498 290 9 1 290 0 0 
14780 813 285 485 285 9 1 285 0 0 
14785 814 278 480 278 9 1 278 0 0 
14790 818 275 473 275 9 1 275 0 0 
14795 820 270 460 270 9 1 270 0 0 
14800 822 267 450 267 9 1 267 0 0 
14805 825 260 445 260 9 1 260 0 0 
14810 827 255 435 255 9 1 255 0 0 
14815 829 248 430 248 9 1 248 0 0 
14820 831 245 415 245 9 1 245 0 0 
14825 833 240 405 240 9 1 240 0 0 
14830 834 233 398 233 9 1 233 0 0 
14835 836 225 393 225 9 1 225 0 0 
14840 838 222 380 222 9 1 222 0 0 
14845 842 215 370 215 9 1 215 0 0 
14850 842 207 370 207 9 1 207 0 0 
14855 845 203 358 203 9 1 203 0 0 
14860 845 195 343 195 9 1 195 0 0 
14865 849 192 333 192 9 1 192 0 0 
14870 849 185 323 185 9 1 185 0 0 
14875 851 180 313 180 9 1 180 0 0 
14880 853 177 300 177 9 1 177 0 0 
14885 854 173 298 173 9 1 173 0 0 
14890 856 170 293 170 9 1 170 0 0 
14895 858 165 278 165 9 1 165 0 0 
14900 858 165 270 165 9 1 165 0 0 
14905 860 162 260 162 9 1 162 0 0 
14910 862 158 248 158 9 1 158 0 0 
14915 862 155 238 155 9 1 155 0 0 
14920 863 150 235 150 9 1 150 0 0 
14925 865 147 228 147 9 1 147 0 0 
14930 867 143 220 143 9 1 143 0 0 
14935 867 140 210 140 9 1 140 0 0 
14940 869 135 198 135 9 1 135 0 0 
14945 869 132 185 132 9 1 132 0 0 
14950 871 128 175 128 9 1 128 0 0 
14955 871 125 165 125 9 1 125 0 0 
14960 871 120 158 120 9 1 120 0 0 
14965 872 120 145 120 9 1 120 0 0 
14970 872 117 145 117 9 1 117 0 0 
14975 874 113 135 113 9 1 113 0 0 
14980 874 113 133 113 9 1 113 0 0 
14985 874 110 133 110 9 1 110 0 0 
14990 876 105 130 105 9 1 105 0 0 
14995 876 102 120 102 9 1 102 0 0 
15000 876 98 120 98 9 1 98 0 0 
15005 878 95 118 95 9 1 95 0 0 
15010 878 90 105 90 9 1 90 0 0 
15015 880 87 105 87 9 1 87 0 0 
15020 878 83 103 83 9 1 83 0 0 
15025 880 83 95 83 9 1 83 0 0 
15030 880 80 83 80 9 1 80 0 0 
15035 880 80 83 80 9 1 80 0 0 
15040 882 80 78 80 9 1 80 0 0 
15045 882 80 75 80 9 1 80 0 0 
15050 882 80 68 80 9 1 80 0 0 
15055 882 75 58 75 9 1 75 0 0 
15060 882 75 58 75 9 1 75 0 0 
15065 882 75 58 75 9 1 75 0 0 
15070 883 72 53 72 9 1 72 0 0 
15075 882 68 53 68 9 1 68 0 0 
15080 883 65 55 65 9 1 65 0 0 
15085 883 60 53 60 9 1 60 0 0 
15090 883 57 53 57 9 1 57 0 0 
15095 883 53 53 53 9 1 53 0 0 
15100 883 50 53 50 9 1 50 0 0 
15105 883 45 53 45 9 1 45 0 0 
15110 883 42 48 42 9 1 42 0 0 
15115 885 35 48 35 9 1 35 0 0 
15120 885 35 43 35 9 1 35 0 0 
15125 885 30 43 30 9 1 30 0 0 
15130 885 30 43 30 9 1 30 0 0 
15135 885 27 40 27 9 1 27 0 0 
15140 885 23 38 23 9 1 23 0 0 
15145 885 12 30 12 9 1 12 0 0 
15150 885 5 25 5 9 1 5 0 0 
15155 887 -8 15 -8 9 1 -8 0 0 
15160 885 -20 10 -20 9 1 -20 0 0 
15165 885 -35 -0 -35 9 1 -35 0 0 
15170 885 -42 -3 -42 9 1 -42 0 0 
15175 885 -50 -10 -50 9 1 -50 0 0 
15180 885 -50 -15 -50 9 1 -50 0 0 
15185 885 -53 -28 -53 9 1 -53 0 0 
15190 885 -53 -38 -53 9 1 -53 0 0 
15195 885 -53 -48 -53 9 1 -53 0 0 
15200 885 -53 -58 -53 9 1 -53 0 0 
15205 883 -53 -75 -53 9 1 -53 0 0 
15210 885 -57 -88 -57 9 1 -57 0 0 
15215 883 -60 -103 -60 9 1 -60 0 0 
15220 883 -65 -120 -65 9 1 -65 0 0 
15225 883 -72 -143 -72 9 1 -72 0 0 
15230 882 -80 -158 -80 9 1 -80 0 0 
15235 882 -80 -180 -80 9 1 -80 0 0 
15240 880 -83 -200 -83 9 1 -83 0 0 
15245 878 -90 -228 -90 9 1 -90 0 0 
15250 878 -95 -258 -95 9 1 -95 0 0 
15255 876 -98 -288 -98 9 1 -98 0 0 
15260 876 -105 -315 -105 9 1 -105 0 0 
15265 872 -117 -353 -117 9 1 -117 0 0 
15270 872 -125 -383 -125 9 1 -125 0 0 
15275 869 -132 -418 -132 10 1 -132 0 0 
15280 869 -132 -448 -132 10 1 -132 0 0 
15285 865 -135 -498 -135 10 1 -135 0 0 
15290 862 -140 -533 -140 10 1 -140 0 0 
15295 860 -140 -573 -140 10 1 -140 0 0 
15300 856 -143 -593 -143 10 1 -143 0 0 
15305 854 -143 -600 -143 10 1 -143 0 0 
15310 851 -147 -600 -147 10 1 -147 0 0 
15315 847 -150 -603 -150 10 1 -150 0 0 
15320 845 -158 -600 -158 10 1 -158 0 0 
15325 842 -173 -600 -173 10 1 -173 0 0 
15330 838 -188 -600 -188 10 1 -188 0 0 
15335 834 -207 -603 -207 10 1 -207 0 0 
15340 833 -225 -600 -225 10 1 -225 0 0 
15345 829 -245 -600 -245 10 1 -245 0 0 
15350 825 -263 -600 -263 10 1 -263 0 0 
15355 822 -282 -600 -282 10 1 -282 0 0 
15360 820 -297 -600 -297 10 1 -297 0 0 
15365 816 -308 -603 -308 10 1 -308 0 0 
15370 813 -315 -600 -315 10 1 -315 0 0 
15375 811 -323 -600 -323 10 1 -323 0 0 
15380 807 -327 -600 -327 10 1 -327 0 0 
15385 804 -330 -603 -330 10 1 -330 0 0 
15390 800 -338 -600 -338 10 1 -338 0 0 
15395 798 -342 -603 -342 10 1 -342 0 0 
15400 794 -353 -600 -353 10 1 -353 0 0 
15405 791 -365 -600 -365 10 1 -365 0 0 
15410 789 -375 -600 -375 10 1 -375 0 0 
15415 787 -387 -603 -387 10 1 -387 0 0 
15420 784 -398 -600 -398 10 1 -398 0 0 
15425 780 -410 -600 -410 10 1 -410 0 0 
15430 775 -420 -600 -420 10 1 -420 0 0 
15435 772 -428 -600 -428 10 1 -428 0 0 
15440 770 -435 -600 -435 10 1 -435 0 0 
15445 766 -443 -603 -443 10 1 -443 0 0 
15450 763 -447 -603 -447 10 1 -447 0 0 
15455 761 -450 -600 -450 10 1 -450 0 0 
15460 757 -458 -600 -458 10 1 -458 0 0 
15465 754 -462 -603 -462 10 1 -462 0 0 
15470 752 -470 -600 -470 10 1 -470 0 0 
15475 750 -473 -603 -473 10 1 -473 0 0 
15480 745 -480 -600 -480 10 1 -480 0 0 
15485 743 -488 -600 -488 10 1 -488 0 0 
15490 739 -492 -603 -492 10 1 -492 0 0 
15495 735 -500 -600 -500 10 1 -500 0 0 
15500 734 -507 -600 -507 10 1 -507 0 0 
15505 730 -515 -600 -515 10 1 -515 0 0 
15510 726 -518 -603 -518 10 1 -518 0 0 
15515 723 -525 -600 -525 10 1 -525 0 0 
15520 721 -530 -603 -530 10 1 -530 0 0 
15525 717 -537 -603 -537 10 1 -537 0 0 
15530 714 -545 -600 -545 10 1 -545 0 0 
15535 710 -552 -600 -552 10 1 -552 0 0 
15540 708 -555 -600 -555 10 1 -555 0 0 
15545 705 -563 -600 -563 10 1 -563 0 0 
15550 701 -570 -600 -570 10 1 -570 0 0 
15555 699 -578 -600 -578 10 1 -578 0 0 
15560 696 -585 -600 -585 10 1 -585 0 0 
15565 692 -597 -600 -597 10 1 -597 0 0 
15570 690 -605 -600 -605 10 1 -605 0 0 
15575 686 -612 -600 -612 10 1 -612 0 0 
15580 683 -620 -603 -620 10 1 -620 0 0 
15585 679 -630 -600 -630 10 1 -630 0 0 
15590 677 -635 -603 -635 10 1 -635 0 0 
15595 674 -638 -600 -638 10 1 -638 0 0 
15600 672 -645 -600 -645 10 1 -645 0 0 
15605 668 -650 -600 -650 10 1 -650 0 0 
15610 665 -657 -600 -657 10 1 -657 0 0 
15615 663 -660 -600 -660 10 1 -660 0 0 
15620 659 -665 -603 -665 10 1 -665 0 0 
15625 656 -668 -600 -668 10 1 -668 0 0 
15630 652 -668 -600 -668 10 1 -668 0 0 
15635 650 -672 -600 -672 10 1 -672 0 0 
15640 647 -675 -600 -675 10 1 -675 0 0 
15645 643 -680 -600 -680 10 1 -680 0 0 
15650 641 -683 -600 -683 10 1 -683 0 0 
15655 638 -687 -600 -687 10 1 -687 0 0 
15660 634 -687 -600 -687 10 1 -687 0 0 
15665 630 -695 -600 -695 10 1 -695 0 0 
15670 628 -698 -603 -698 10 1 -698 0 0 
15675 625 -702 -600 -702 10 1 -702 0 0 
15680 623 -702 -603 -702 10 1 -702 0 0 
15685 619 -705 -603 -705 10 1 -705 0 0 
15690 616 -710 -600 -710 10 1 -710 0 0 
15695 614 -713 -600 -713 10 1 -713 0 0 
15700 610 -717 -600 -717 10 1 -717 0 0 
15705 607 -720 -600 -720 10 1 -720 0 0 
15710 603 -725 -600 -725 10 1 -725 0 0 
15715 601 -728 -600 -728 10 1 -728 0 0 
15720 598 -732 -603 -732 10 1 -732 0 0 
15725 594 -735 -603 -735 10 1 -735 0 0 
15730 592 -735 -600 -735 10 1 -735 0 0 
15735 589 -740 -600 -740 10 1 -740 0 0 
15740 585 -743 -600 -743 10 1 -743 0 0 
15745 581 -743 -603 -743 10 1 -743 0 0 
15750 579 -743 -600 -743 10 1 -743 0 0 
15755 576 -747 -603 -747 10 1 -747 0 0 
15760 574 -747 -600 -747 10 1 -747 0 0 
15765 570 -750 -603 -750 10 1 -750 0 0 
15770 567 -750 -600 -750 10 1 -750 0 0 
15775 565 -755 -600 -755 10 1 -755 0 0 
15780 561 -755 -603 -755 10 1 -755 0 0 
15785 558 -755 -600 -755 10 1 -755 0 0 
15790 555 -758 -600 -758 10 1 -758 0 0 
15795 551 -758 -600 -758 10 1 -758 0 0 
15800 548 -762 -600 -762 10 1 -762 0 0 
15805 546 -762 -600 -762 10 1 -762 0 0 
15810 542 -765 -600 -765 10 1 -765 0 0 
15815 539 -770 -600 -770 10 1 -770 0 0 
15820 537 -773 -600 -773 10 1 -773 0 0 
15825 533 -773 -600 -773 10 1 -773 0 0 
15830 530 -777 -603 -777 10 1 -777 0 0 
15835 526 -777 -600 -777 10 1 -777 0 0 
15840 524 -780 -600 -780 10 1 -780 0 0 
15845 520 -780 -600 -780 10 1 -780 0 0 
15850 517 -785 -600 -785 10 1 -785 0 0 
15855 515 -788 -600 -788 10 1 -788 0 0 
15860 511 -788 -600 -788 10 1 -788 0 0 
15865 510 -792 -600 -792 10 1 -792 0 0 
15870 506 -792 -600 -792 10 1 -792 0 0 
15875 502 -792 -600 -792 10 1 -792 0 0 
15880 499 -792 -600 -792 10 1 -792 0 0 
15885 495 -795 -600 -795 10 1 -795 0 0 
15890 493 -795 -600 -795 10 1 -795 0 0 
15895 490 -795 -600 -795 10 1 -795 0 0 
15900 486 -795 -600 -795 10 1 -795 0 0 
15905 484 -800 -600 -800 10 1 -800 0 0 
15910 481 -800 -603 -800 10 1 -800 0 0 
15915 477 -800 -603 -800 10 1 -800 0 0 
15920 475 -800 -600 -800 10 1 -800 0 0 
15925 471 -800 -600 -800 10 1 -800 0 0 
15930 466 -800 -600 -800 10 1 -800 0 0 
15935 464 -795 -600 -795 10 1 -795 0 0 
15940 462 -795 -603 -795 10 1 -795 0 0 
15945 459 -792 -603 -792 10 1 -792 0 0 
15950 455 -788 -600 -788 10 1 -788 0 0 
15955 452 -788 -600 -788 10 1 -788 0 0 
15960 450 -785 -600 -785 10 1 -785 0 0 
15965 446 -785 -600 -785 10 1 -785 0 0 
15970 444 -785 -600 -785 10 1 -785 0 0 
15975 441 -780 -600 -780 10 1 -780 0 0 
15980 437 -780 -600 -780 10 1 -780 0 0 
15985 433 -777 -600 -777 10 1 -777 0 0 
15990 432 -773 -600 -773 10 1 -773 0 0 
15995 428 -770 -600 -770 10 1 -770 0 0 
16000 424 -770 -600 -770 10 1 -770 0 0 
16005 423 -762 -600 -762 10 1 -762 0 0 
16010 419 -758 -603 -758 10 1 -758 0 0 
16015 417 -755 -600 -755 10 1 -755 0 0 
16020 413 -750 -603 -750 10 1 -750 0 0 
16025 410 -747 -600 -747 10 1 -747 0 0 
16030 406 -743 -603 -743 10 1 -743 0 0 
16035 404 -735 -600 -735 10 1 -735 0 0 
16040 401 -732 -600 -732 10 1 -732 0 0 
16045 399 -725 -600 -725 10 1 -725 0 0 
16050 395 -720 -600 -720 10 1 -720 0 0 
16055 392 -713 -600 -713 10 1 -713 0 0 
16060 390 -710 -600 -710 10 1 -710 0 0 
16065 386 -702 -600 -702 10 1 -702 0 0 
16070 384 -702 -600 -702 10 1 -702 0 0 
16075 381 -695 -600 -695 10 1 -695 0 0 
16080 377 -690 -600 -690 10 1 -690 0 0 
16085 375 -683 -600 -683 10 1 -683 0 0 
16090 370 -680 -600 -680 10 1 -680 0 0 
16095 368 -675 -600 -675 10 1 -675 0 0 
16100 364 -668 -600 -668 10 1 -668 0 0 
16105 363 -660 -600 -660 10 1 -660 0 0 
16110 359 -650 -600 -650 10 1 -650 0 0 
16115 355 -642 -600 -642 10 1 -642 0 0 
16120 354 -635 -600 -635 10 1 -635 0 0 
16125 350 -630 -603 -630 10 1 -630 0 0 
16130 346 -620 -600 -620 10 1 -620 0 0 
16135 345 -612 -603 -612 10 1 -612 0 0 
16140 341 -600 -600 -600 10 1 -600 0 0 
16145 337 -593 -600 -593 10 1 -593 0 0 
16150 334 -585 -603 -585 10 1 -585 0 0 
16155 331 -578 -600 -578 10 1 -578 0 0 
16160 327 -570 -600 -570 10 1 -570 0 0 
16165 325 -560 -600 -560 10 1 -560 0 0 
16170 322 -552 -600 -552 10 1 -552 0 0 
16175 318 -545 -600 -545 10 1 -545 0 0 
16180 316 -540 -603 -540 10 1 -540 0 0 
16185 313 -530 -603 -530 10 1 -530 0 0 
16190 309 -515 -600 -515 10 1 -515 0 0 
16195 307 -503 -600 -503 10 1 -503 0 0 
16200 304 -492 -600 -492 10 1 -492 0 0 
16205 300 -480 -600 -480 10 1 -480 0 0 
16210 298 -470 -600 -470 10 1 -470 0 0 
16215 295 -458 -603 -458 10 1 -458 0 0 
16220 291 -450 -600 -450 10 1 -450 0 0 
16225 289 -440 -603 -440 10 1 -440 0 0 
16230 285 -432 -600 -432 10 1 -432 0 0 
16235 282 -420 -603 -420 10 1 -420 0 0 
16240 278 -413 -600 -413 10 1 -413 0 0 
16245 276 -402 -603 -402 10 1 -402 0 0 
16250 273 -395 -600 -395 10 1 -395 0 0 
16255 271 -387 -600 -387 10 1 -387 0 0 
16260 267 -375 -588 -375 10 1 -375 0 0 
16265 264 -368 -585 -368 10 1 -368 0 0 
16270 260 -357 -568 -357 10 1 -357 0 0 
16275 258 -350 -555 -350 10 1 -350 0 0 
16280 256 -338 -553 -338 10 1 -338 0 0 
16285 253 -335 -545 -335 10 1 -335 0 0 
16290 251 -327 -535 -327 10 1 -327 0 0 
16295 247 -323 -520 -323 10 1 -323 0 0 
16300 246 -320 -520 -320 10 1 -320 0 0 
16305 242 -315 -513 -315 10 1 -315 0 0 
16310 238 -308 -498 -308 10 1 -308 0 0 
16315 237 -305 -488 -305 10 1 -305 0 0 
16320 235 -297 -475 -297 10 1 -297 0 0 
16325 233 -293 -470 -293 10 1 -293 0 0 
16330 229 -285 -460 -285 10 1 -285 0 0 
16335 227 -278 -448 -278 10 1 -278 0 0 
16340 226 -275 -445 -275 10 1 -275 0 0 
16345 224 -267 -443 -267 10 1 -267 0 0 
16350 220 -260 -423 -260 10 1 -260 0 0 
16355 218 -252 -415 -252 10 1 -252 0 0 
16360 217 -245 -405 -245 10 1 -245 0 0 
16365 215 -237 -398 -237 10 1 -237 0 0 
16370 213 -233 -383 -233 10 1 -233 0 0 
16375 211 -222 -378 -222 10 1 -222 0 0 
16380 209 -215 -370 -215 10 1 -215 0 0 
16385 207 -203 -363 -203 10 1 -203 0 0 
16390 206 -188 -350 -188 10 1 -188 0 0 
16395 204 -173 -345 -173 10 1 -173 0 0 
16400 202 -162 -340 -162 10 1 -162 0 0 
16405 200 -147 -330 -147 10 1 -147 0 0 
16410 198 -135 -318 -135 10 1 -135 0 0 
16415 198 -120 -305 -120 10 1 -120 0 0 
16420 197 -105 -303 -105 10 1 -105 0 0 
16425 195 -95 -300 -95 10 1 -95 0 0 
16430 193 -83 -280 -83 10 1 -83 0 0 
16435 191 -75 -273 -75 10 1 -75 0 0 
16440 189 -68 -263 -68 10 1 -68 0 0 
16445 189 -57 -258 -57 10 1 -57 0 0 
16450 188 -50 -240 -50 10 1 -50 0 0 
16455 188 -42 -238 -42 10 1 -42 0 0 
16460 186 -35 -225 -35 10 1 -35 0 0 
16465 184 -27 -218 -27 10 1 -27 0 0 
16470 184 -12 -200 -12 10 1 -12 0 0 
16475 182 12 -185 12 10 1 12 0 0 
16480 180 30 -173 30 10 1 30 0 0 
16485 180 45 -160 45 10 1 45 0 0 
16490 180 57 -148 57 10 1 57 0 0 
16495 178 65 -133 65 10 1 65 0 0 
16500 178 68 -118 68 10 1 68 0 0 
16505 178 72 -103 72 10 1 72 0 0 
16510 177 75 -80 75 10 1 75 0 0 
16515 177 80 -63 80 10 1 80 0 0 
16520 177 87 -40 87 10 1 87 0 0 
16525 177 90 -18 90 10 1 90 0 0 
16530 177 98 -0 98 10 1 98 0 0 
16535 177 102 3 102 10 1 102 0 0 
16540 177 105 25 105 10 1 105 0 0 
16545 177 110 55 110 10 1 110 0 0 
16550 177 117 90 117 10 1 117 0 0 
16555 177 125 123 125 10 1 125 0 0 
16560 178 132 155 132 10 1 132 0 0 
16565 178 135 188 135 10 1 135 0 0 
16570 180 140 228 140 10 1 140 0 0 
16575 180 140 265 140 10 1 140 0 0 
16580 182 140 303 140 10 1 140 0 0 
16585 184 140 340 140 10 1 140 0 0 
16590 186 140 383 140 10 1 140 0 0 
16595 188 140 420 140 10 1 140 0 0 
16600 189 135 460 135 10 1 135 0 0 
16605 191 135 500 135 11 1 135 0 0 
16610 195 132 553 132 11 1 132 0 0 
16615 197 132 588 132 11 1 132 0 0 
16620 200 132 598 132 11 1 132 0 0 
16625 202 132 600 132 11 1 132 0 0 
16630 206 135 598 135 11 1 135 0 0 
16635 209 135 600 135 11 1 135 0 0 
16640 211 143 600 143 11 1 143 0 0 
16645 215 150 600 150 11 1 150 0 0 
16650 217 170 600 170 11 1 170 0 0 
16655 220 188 600 188 11 1 188 0 0 
16660 224 210 600 210 11 1 210 0 0 
16665 226 230 598 230 11 1 230 0 0 
16670 229 248 600 248 11 1 248 0 0 
16675 233 260 600 260 11 1 260 0 0 
16680 235 270 600 270 11 1 270 0 0 
16685 238 278 598 278 11 1 278 0 0 
16690 242 285 598 285 11 1 285 0 0 
16695 246 290 600 290 11 1 290 0 0 
16700 247 290 600 290 11 1 290 0 0 
16705 251 293 600 293 11 1 293 0 0 
16710 253 297 598 297 11 1 297 0 0 
16715 256 300 600 300 11 1 300 0 0 
16720 260 308 600 308 11 1 308 0 0 
16725 262 312 600 312 11 1 312 0 0 
16730 266 320 598 320 11 1 320 0 0 
16735 269 323 600 323 11 1 323 0 0 
16740 273 323 600 323 11 1 323 0 0 
16745 275 323 598 323 11 1 323 0 0 
16750 278 320 600 320 11 1 320 0 0 
16755 282 315 600 315 11 1 315 0 0 
16760 284 312 600 312 11 1 312 0 0 
16765 287 312 598 312 11 1 312 0 0 
16770 291 308 600 308 11 1 308 0 0 
16775 293 312 600 312 11 1 312 0 0 
16780 296 312 600 312 11 1 312 0 0 
16785 300 315 600 315 11 1 315 0 0 
16790 304 320 600 320 11 1 320 0 0 
16795 305 320 600 320 11 1 320 0 0 
16800 309 323 600 323 11 1 323 0 0 
16805 311 323 600 323 11 1 323 0 0 
16810 316 327 598 327 11 1 327 0 0 
16815 316 327 600 327 11 1 327 0 0 
16820 320 327 600 327 11 1 327 0 0 
16825 324 330 598 330 11 1 330 0 0 
16830 327 335 600 335 11 1 335 0 0 
16835 329 335 600 335 11 1 335 0 0 
16840 334 338 600 338 11 1 338 0 0 
16845 335 342 600 342 11 1 342 0 0 
16850 339 345 600 345 11 1 345 0 0 
16855 343 350 598 350 11 1 350 0 0 
16860 346 353 598 353 11 1 353 0 0 
16865 348 353 600 353 11 1 353 0 0 
16870 352 360 600 360 11 1 360 0 0 
16875 355 360 600 360 11 1 360 0 0 
16880 357 365 600 365 11 1 365 0 0 
16885 361 368 600 368 11 1 368 0 0 
16890 364 372 598 372 11 1 372 0 0 
16895 366 372 600 372 11 1 372 0 0 
16900 370 375 600 375 11 1 375 0 0 
16905 374 375 598 375 11 1 375 0 0 
16910 375 380 600 380 11 1 380 0 0 
16915 379 380 600 380 11 1 380 0 0 
16920 381 375 600 375 11 1 375 0 0 
16925 384 380 598 380 11 1 380 0 0 
16930 388 380 600 380 11 1 380 0 0 
16935 390 380 598 380 11 1 380 0 0 
16940 393 380 598 380 11 1 380 0 0 
16945 397 380 600 380 11 1 380 0 0 
16950 401 380 600 380 11 1 380 0 0 
16955 403 380 600 380 11 1 380 0 0 
16960 406 380 600 380 11 1 380 0 0 
16965 408 380 600 380 11 1 380 0 0 
16970 412 380 598 380 11 1 380 0 0 
16975 413 380 600 380 11 1 380 0 0 
16980 417 380 598 380 11 1 380 0 0 
16985 421 380 600 380 11 1 380 0 0 
16990 424 383 598 383 11 1 383 0 0 
16995 426 383 600 383 11 1 383 0 0 
17000 430 387 600 387 11 1 387 0 0 
17005 432 390 600 390 11 1 390 0 0 
17010 435 390 598 390 11 1 390 0 0 
17015 439 395 600 395 11 1 395 0 0 
17020 441 395 600 395 11 1 395 0 0 
17025 444 398 600 398 11 1 398 0 0 
17030 448 398 598 398 11 1 398 0 0 
17035 450 402 600 402 11 1 402 0 0 
17040 453 402 600 402 11 1 402 0 0 
17045 455 402 600 402 11 1 402 0 0 
17050 459 405 600 405 11 1 405 0 0 
17055 462 405 598 405 11 1 405 0 0 
17060 464 405 600 405 11 1 405 0 0 
17065 468 405 598 405 11 1 405 0 0 
17070 471 405 600 405 11 1 405 0 0 
17075 475 410 600 410 11 1 410 0 0 
17080 477 410 600 410 11 1 410 0 0 
17085 481 413 600 413 11 1 413 0 0 
17090 484 413 600 413 11 1 413 0 0 
17095 486 417 600 417 11 1 417 0 0 
17100 490 417 600 417 11 1 417 0 0 
17105 493 417 600 417 11 1 417 0 0 
17110 495 420 600 420 11 1 420 0 0 
17115 499 417 600 417 11 1 417 0 0 
17120 502 420 598 420 11 1 420 0 0 
17125 504 420 600 420 11 1 420 0 0 
17130 508 425 600 425 11 1 425 0 0 
17135 511 425 600 425 11 1 425 0 0 
17140 513 425 600 425 11 1 425 0 0 
17145 517 428 600 428 11 1 428 0 0 
17150 520 428 600 428 11 1 428 0 0 
17155 522 428 600 428 11 1 428 0 0 
17160 526 428 600 428 11 1 428 0 0 
17165 530 432 598 432 11 1 432 0 0 
17170 531 432 600 432 11 1 432 0 0 
17175 535 432 598 432 11 1 432 0 0 
17180 539 432 600 432 11 1 432 0 0 
17185 540 432 600 432 11 1 432 0 0 
17190 544 428 600 428 11 1 428 0 0 
17195 548 432 600 432 11 1 432 0 0 
17200 549 432 598 432 11 1 432 0 0 
17205 553 432 600 432 11 1 432 0 0 
17210 558 435 600 435 11 1 435 0 0 
17215 560 435 600 435 11 1 435 0 0 
17220 563 435 600 435 11 1 435 0 0 
17225 565 435 600 435 11 1 435 0 0 
17230 569 440 598 440 11 1 440 0 0 
17235 572 440 600 440 11 1 440 0 0 
17240 574 440 598 440 11 1 440 0 0 
17245 578 443 598 443 11 1 443 0 0 
17250 581 443 600 443 11 1 443 0 0 
17255 585 443 598 443 11 1 443 0 0 
17260 587 447 600 447 11 1 447 0 0 
17265 590 447 598 447 11 1 447 0 0 
17270 592 447 600 447 11 1 447 0 0 
17275 596 447 600 447 11 1 447 0 0 
17280 599 447 600 447 11 1 447 0 0 
17285 601 447 598 447 11 1 447 0 0 
17290 605 447 600 447 11 1 447 0 0 
17295 608 447 600 447 11 1 447 0 0 
17300 610 447 600 447 11 1 447 0 0 
17305 614 450 598 450 11 1 450 0 0 
17310 618 450 598 450 11 1 450 0 0 
17315 621 450 600 450 11 1 450 0 0 
17320 623 450 600 450 11 1 450 0 0 
17325 625 450 600 450 11 1 450 0 0 
17330 628 450 600 450 11 1 450 0 0 
17335 632 450 600 450 11 1 450 0 0 
17340 634 450 600 450 11 1 450 0 0 
17345 638 447 598 447 11 1 447 0 0 
17350 641 447 598 447 11 1 447 0 0 
17355 643 450 600 450 11 1 450 0 0 
17360 647 450 598 450 11 1 450 0 0 
17365 650 450 600 450 11 1 450 0 0 
17370 652 450 600 450 11 1 450 0 0 
17375 656 450 600 450 11 1 450 0 0 
17380 659 450 600 450 11 1 450 0 0 
17385 663 447 598 447 11 1 447 0 0 
17390 665 443 598 443 11 1 443 0 0 
17395 668 440 600 440 11 1 440 0 0 
17400 670 435 600 435 11 1 435 0 0 
17405 674 432 600 432 11 1 432 0 0 
17410 677 428 598 428 11 1 428 0 0 
17415 679 425 600 425 11 1 425 0 0 
17420 683 420 600 420 11 1 420 0 0 
17425 685 420 600 420 11 1 420 0 0 
17430 688 413 600 413 11 1 413 0 0 
17435 692 413 600 413 11 1 413 0 0 
17440 694 410 600 410 11 1 410 0 0 
17445 697 405 600 405 11 1 405 0 0 
17450 701 402 600 402 11 1 402 0 0 
17455 705 402 600 402 11 1 402 0 0 
17460 706 398 600 398 11 1 398 0 0 
17465 710 390 600 390 11 1 390 0 0 
17470 712 387 600 387 11 1 387 0 0 
17475 715 383 600 383 11 1 383 0 0 
17480 719 380 600 380 11 1 380 0 0 
17485 721 372 600 372 11 1 372 0 0 
17490 725 368 598 368 11 1 368 0 0 
17495 728 360 600 360 11 1 360 0 0 
17500 730 357 598 357 11 1 357 0 0 
17505 734 353 600 353 11 1 353 0 0 
17510 735 350 600 350 11 1 350 0 0 
17515 739 342 598 342 11 1 342 0 0 
17520 743 338 600 338 11 1 338 0 0 
17525 745 330 598 330 11 1 330 0 0 
17530 748 323 600 323 11 1 323 0 0 
17535 752 315 600 315 11 1 315 0 0 
17540 755 308 600 308 11 1 308 0 0 
17545 757 305 600 305 11 1 305 0 0 
17550 759 297 598 297 11 1 297 0 0 
17555 763 290 600 290 11 1 290 0 0 
17560 766 282 600 282 11 1 282 0 0 
17565 770 278 598 278 11 1 278 0 0 
17570 772 270 600 270 11 1 270 0 0 
17575 775 263 598 263 11 1 263 0 0 
17580 777 260 600 260 11 1 260 0 0 
17585 782 252 600 252 11 1 252 0 0 
17590 785 245 580 245 11 1 245 0 0 
17595 787 240 575 240 11 1 240 0 0 
17600 791 233 563 233 11 1 233 0 0 
17605 793 225 553 225 11 1 225 0 0 
17610 794 222 550 222 11 1 222 0 0 
17615 798 222 538 222 11 1 222 0 0 
17620 802 222 525 222 11 1 222 0 0 
17625 804 218 520 218 11 1 218 0 0 
17630 807 215 513 215 11 1 215 0 0 
17635 809 210 500 210 11 1 210 0 0 
17640 811 210 493 210 11 1 210 0 0 
17645 814 207 483 207 11 1 207 0 0 
17650 816 200 480 200 11 1 200 0 0 
17655 818 195 463 195 11 1 195 0 0 
17660 820 192 458 192 11 1 192 0 0 
17665 823 188 448 188 11 1 188 0 0 
17670 825 185 438 185 11 1 185 0 0 
17675 827 180 423 180 11 1 180 0 0 
17680 829 173 420 173 11 1 173 0 0 
17685 831 170 410 170 11 1 170 0 0 
17690 833 165 403 165 11 1 165 0 0 
17695 836 162 393 162 11 1 162 0 0 
17700 838 158 390 158 11 1 158 0 0 
17705 840 155 370 155 11 1 155 0 0 
17710 842 147 370 147 11 1 147 0 0 
17715 843 143 355 143 11 1 143 0 0 
17720 845 135 355 135 11 1 135 0 0 
17725 847 128 340 128 11 1 128 0 0 
17730 849 125 323 125 11 1 125 0 0 
17735 851 117 323 117 11 1 117 0 0 
17740 853 113 313 113 11 1 113 0 0 
17745 854 105 298 105 11 1 105 0 0 
17750 854 102 298 102 11 1 102 0 0 
17755 856 95 288 95 11 1 95 0 0 
17760 858 90 273 90 11 1 90 0 0 
17765 860 87 270 87 11 1 87 0 0 
17770 862 83 258 83 11 1 83 0 0 
17775 862 80 240 80 11 1 80 0 0 
17780 863 75 235 75 11 1 75 0 0 
17785 865 75 228 75 11 1 75 0 0 
17790 865 72 228 72 11 1 72 0 0 
17795 867 68 218 68 11 1 68 0 0 
17800 867 65 200 65 11 1 65 0 0 
17805 869 60 193 60 11 1 60 0 0 
17810 869 57 180 57 11 1 57 0 0 
17815 871 53 175 53 11 1 53 0 0 
17820 871 50 168 50 11 1 50 0 0 
17825 871 45 158 45 11 1 45 0 0 
17830 872 42 148 42 11 1 42 0 0 
17835 872 42 145 42 11 1 42 0 0 
17840 874 38 135 38 11 1 38 0 0 
17845 876 35 133 35 11 1 35 0 0 
17850 874 35 133 35 11 1 35 0 0 
17855 876 27 118 27 11 1 27 0 0 
17860 876 20 110 20 11 1 20 0 0 
17865 878 12 105 12 11 1 12 0 0 
17870 876 -0 100 -0 11 1 -0 0 0 
17875 878 -15 90 -15 11 1 -15 0 0 
17880 878 -30 83 -30 11 1 -30 0 0 
17885 880 -42 75 -42 11 1 -42 0 0 
17890 880 -50 65 -50 11 1 -50 0 0 
17895 880 -53 53 -53 11 1 -53 0 0 
17900 880 -57 40 -57 11 1 -57 0 0 
17905 880 -60 28 -60 11 1 -60 0 0 
17910 880 -60 13 -60 11 1 -60 0 0 
17915 880 -65 -0 -65 11 1 -65 0 0 
17920 880 -68 -5 -68 11 1 -68 0 0 
17925 880 -72 -25 -72 11 1 -72 0 0 
17930 880 -80 -48 -80 11 1 -80 0 0 
17935 880 -83 -75 -83 11 1 -83 0 0 
17940 880 -90 -100 -90 11 1 -90 0 0 
17945 878 -102 -130 -102 11 1 -102 0 0 
17950 878 -113 -160 -113 11 1 -113 0 0 
17955 876 -128 -200 -128 11 1 -128 0 0 
17960 876 -140 -235 -140 11 1 -140 0 0 
17965 876 -147 -273 -147 11 1 -147 0 0 
17970 874 -155 -305 -155 11 1 -155 0 0 
17975 872 -158 -355 -158 11 1 -158 0 0 
17980 869 -162 -395 -162 11 1 -162 0 0 
17985 867 -162 -438 -162 11 1 -162 0 0 
17990 865 -165 -483 -165 12 1 -165 0 0 
17995 863 -170 -538 -170 12 1 -170 0 0 
18000 860 -173 -573 -173 12 1 -173 0 0 
18005 858 -177 -585 -177 12 1 -177 0 0 
18010 854 -180 -588 -180 12 1 -180 0 0 
18015 851 -192 -593 -192 12 1 -192 0 0 
18020 847 -203 -598 -203 12 1 -203 0 0 
18025 845 -215 -600 -215 12 1 -215 0 0 
18030 842 -233 -600 -233 12 1 -233 0 0 
18035 838 -252 -600 -252 12 1 -252 0 0 
18040 834 -275 -603 -275 12 1 -275 0 0 
18045 833 -300 -600 -300 12 1 -300 0 0 
18050 829 -323 -603 -323 12 1 -323 0 0 
18055 825 -345 -600 -345 12 1 -345 0 0 
18060 823 -360 -600 -360 12 1 -360 0 0 
18065 820 -375 -600 -375 12 1 -375 0 0 
18070 816 -387 -600 -387 12 1 -387 0 0 
18075 814 -395 -600 -395 12 1 -395 0 0 
18080 811 -398 -603 -398 12 1 -398 0 0 
18085 807 -405 -600 -405 12 1 -405 0 0 
18090 804 -413 -600 -413 12 1 -413 0 0 
18095 802 -425 -603 -425 12 1 -425 0 0 
18100 798 -432 -600 -432 12 1 -432 0 0 
18105 794 -443 -600 -443 12 1 -443 0 0 
18110 793 -458 -600 -458 12 1 -458 0 0 
18115 789 -473 -600 -473 12 1 -473 0 0 
18120 785 -488 -600 -488 12 1 -488 0 0 
18125 784 -500 -600 -500 12 1 -500 0 0 
18130 780 -510 -603 -510 12 1 -510 0 0 
18135 775 -522 -600 -522 12 1 -522 0 0 
18140 774 -530 -600 -530 12 1 -530 0 0 
18145 770 -533 -600 -533 12 1 -533 0 0 
18150 768 -540 -600 -540 12 1 -540 0 0 
18155 764 -545 -603 -545 12 1 -545 0 0 
18160 761 -545 -600 -545 12 1 -545 0 0 
18165 757 -548 -603 -548 12 1 -548 0 0 
18170 755 -555 -600 -555 12 1 -555 0 0 
18175 752 -560 -603 -560 12 1 -560 0 0 
18180 748 -567 -600 -567 12 1 -567 0 0 
18185 746 -575 -600 -575 12 1 -575 0 0 
18190 743 -582 -603 -582 12 1 -582 0 0 
18195 739 -593 -603 -593 12 1 -593 0 0 
18200 735 -600 -600 -600 12 1 -600 0 0 
18205 734 -608 -600 -608 12 1 -608 0 0 
18210 730 -620 -600 -620 12 1 -620 0 0 
18215 726 -627 -600 -627 12 1 -627 0 0 
18220 725 -638 -603 -638 12 1 -638 0 0 
18225 721 -645 -600 -645 12 1 -645 0 0 
18230 717 -653 -603 -653 12 1 -653 0 0 
18235 714 -668 -600 -668 12 1 -668 0 0 
18240 712 -680 -600 -680 12 1 -680 0 0 
18245 708 -690 -600 -690 12 1 -690 0 0 
18250 705 -702 -600 -702 12 1 -702 0 0 
18255 703 -710 -600 -710 12 1 -710 0 0 
18260 699 -720 -603 -720 12 1 -720 0 0 
18265 696 -735 -600 -735 12 1 -735 0 0 
18270 692 -743 -600 -743 12 1 -743 0 0 
18275 688 -758 -600 -758 12 1 -758 0 0 
18280 686 -770 -600 -770 12 1 -770 0 0 
18285 683 -777 -600 -777 12 1 -777 0 0 
18290 681 -788 -600 -788 12 1 -788 0 0 
18295 677 -800 -600 -800 12 1 -800 0 0 
18300 674 -807 -603 -807 12 1 -807 0 0 
18305 672 -810 -600 -810 12 1 -810 0 0 
18310 668 -818 -600 -818 12 1 -818 0 0 
18315 665 -825 -600 -825 12 1 -825 0 0 
18320 663 -830 -600 -830 12 1 -830 0 0 
18325 659 -830 -600 -830 12 1 -830 0 0 
18330 656 -833 -600 -833 12 1 -833 0 0 
18335 654 -840 -600 -840 12 1 -840 0 0 
18340 650 -845 -600 -845 12 1 -845 0 0 
18345 647 -848 -603 -848 12 1 -848 0 0 
18350 645 -848 -603 -848 12 1 -848 0 0 
18355 641 -852 -600 -852 12 1 -852 0 0 
18360 638 -855 -600 -855 12 1 -855 0 0 
18365 634 -855 -600 -855 12 1 -855 0 0 
18370 632 -863 -600 -863 12 1 -863 0 0 
18375 628 -867 -603 -867 12 1 -867 0 0 
18380 625 -870 -600 -870 12 1 -870 0 0 
18385 623 -875 -600 -875 12 1 -875 0 0 
18390 619 -882 -603 -882 12 1 -882 0 0 
18395 616 -885 -600 -885 12 1 -885 0 0 
18400 612 -890 -603 -890 12 1 -890 0 0 
18405 610 -893 -600 -893 12 1 -893 0 0 
18410 607 -897 -603 -897 12 1 -897 0 0 
18415 603 -900 -600 -900 12 1 -900 0 0 
18420 601 -905 -603 -905 12 1 -905 0 0 
18425 598 -905 -600 -905 12 1 -905 0 0 
18430 594 -908 -600 -908 12 1 -908 0 0 
18435 592 -912 -600 -912 12 1 -912 0 0 
18440 589 -912 -600 -912 12 1 -912 0 0 
18445 585 -915 -603 -915 12 1 -915 0 0 
18450 583 -915 -600 -915 12 1 -915 0 0 
18455 579 -915 -603 -915 12 1 -915 0 0 
18460 576 -915 -600 -915 12 1 -915 0 0 
18465 574 -915 -600 -915 12 1 -915 0 0 
18470 570 -920 -603 -920 12 1 -920 0 0 
18475 567 -920 -600 -920 12 1 -920 0 0 
18480 565 -923 -600 -923 12 1 -923 0 0 
18485 561 -923 -600 -923 12 1 -923 0 0 
18490 558 -927 -600 -927 12 1 -927 0 0 
18495 555 -927 -600 -927 12 1 -927 0 0 
18500 551 -930 -600 -930 12 1 -930 0 0 
18505 548 -930 -600 -930 12 1 -930 0 0 
18510 546 -935 -603 -935 12 1 -935 0 0 
18515 540 -935 -600 -935 12 1 -935 0 0 
18520 539 -935 -600 -935 12 1 -935 0 0 
18525 537 -938 -600 -938 12 1 -938 0 0 
18530 533 -935 -600 -935 12 1 -935 0 0 
18535 530 -935 -600 -935 12 1 -935 0 0 
18540 526 -935 -603 -935 12 1 -935 0 0 
18545 522 -935 -603 -935 12 1 -935 0 0 
18550 520 -935 -603 -935 12 1 -935 0 0 
18555 517 -935 -603 -935 12 1 -935 0 0 
18560 513 -935 -603 -935 12 1 -935 0 0 
18565 511 -938 -600 -938 12 1 -938 0 0 
18570 510 -935 -600 -935 12 1 -935 0 0 
18575 506 -935 -603 -935 12 1 -935 0 0 
18580 502 -935 -603 -935 12 1 -935 0 0 
18585 499 -935 -600 -935 12 1 -935 0 0 
18590 495 -930 -600 -930 12 1 -930 0 0 
18595 491 -930 -600 -930 12 1 -930 0 0 
18600 490 -927 -600 -927 12 1 -927 0 0 
18605 486 -927 -600 -927 12 1 -927 0 0 
18610 484 -923 -600 -923 12 1 -923 0 0 
18615 481 -920 -600 -920 12 1 -920 0 0 
18620 477 -920 -600 -920 12 1 -920 0 0 
18625 475 -915 -600 -915 12 1 -915 0 0 
18630 471 -912 -600 -912 12 1 -912 0 0 
18635 468 -905 -600 -905 12 1 -905 0 0 
18640 464 -897 -600 -897 12 1 -897 0 0 
18645 462 -890 -600 -890 12 1 -890 0 0 
18650 459 -885 -600 -885 12 1 -885 0 0 
18655 455 -878 -600 -878 12 1 -878 0 0 
18660 453 -870 -600 -870 12 1 -870 0 0 
18665 450 -863 -600 -863 12 1 -863 0 0 
18670 446 -860 -600 -860 12 1 -860 0 0 
18675 444 -852 -600 -852 12 1 -852 0 0 
18680 441 -845 -600 -845 12 1 -845 0 0 
18685 437 -837 -600 -837 12 1 -837 0 0 
18690 435 -830 -600 -830 12 1 -830 0 0 
18695 430 -818 -603 -818 12 1 -818 0 0 
18700 428 -807 -603 -807 12 1 -807 0 0 
18705 424 -803 -600 -803 12 1 -803 0 0 
18710 423 -795 -600 -795 12 1 -795 0 0 
18715 419 -792 -600 -792 12 1 -792 0 0 
18720 417 -788 -600 -788 12 1 -788 0 0 
18725 413 -785 -600 -785 12 1 -785 0 0 
18730 410 -780 -600 -780 12 1 -780 0 0 
18735 408 -773 -600 -773 12 1 -773 0 0 
18740 404 -770 -600 -770 12 1 -770 0 0 
18745 403 -762 -603 -762 12 1 -762 0 0 
18750 399 -750 -600 -750 12 1 -750 0 0 
18755 395 -743 -600 -743 12 1 -743 0 0 
18760 393 -735 -600 -735 12 1 -735 0 0 
18765 390 -728 -603 -728 12 1 -728 0 0 
18770 386 -720 -600 -720 12 1 -720 0 0 
18775 384 -713 -600 -713 12 1 -713 0 0 
18780 381 -705 -600 -705 12 1 -705 0 0 
18785 379 -702 -600 -702 12 1 -702 0 0 
18790 375 -698 -600 -698 12 1 -698 0 0 
18795 372 -690 -600 -690 12 1 -690 0 0 
18800 368 -683 -600 -683 12 1 -683 0 0 
18805 366 -680 -603 -680 12 1 -680 0 0 
18810 363 -672 -600 -672 12 1 -672 0 0 
18815 359 -665 -603 -665 12 1 -665 0 0 
18820 355 -660 -600 -660 12 1 -660 0 0 
18825 354 -653 -600 -653 12 1 -653 0 0 
18830 352 -650 -600 -650 12 1 -650 0 0 
18835 348 -638 -600 -638 12 1 -638 0 0 
18840 345 -635 -603 -635 12 1 -635 0 0 
18845 341 -630 -600 -630 12 1 -630 0 0 
18850 339 -623 -600 -623 12 1 -623 0 0 
18855 335 -615 -603 -615 12 1 -615 0 0 
18860 331 -608 -603 -608 12 1 -608 0 0 
18865 329 -605 -600 -605 12 1 -605 0 0 
18870 325 -597 -603 -597 12 1 -597 0 0 
18875 322 -590 -600 -590 12 1 -590 0 0 
18880 320 -578 -603 -578 12 1 -578 0 0 
18885 316 -575 -603 -575 12 1 -575 0 0 
18890 313 -567 -603 -567 12 1 -567 0 0 
18895 311 -555 -603 -555 12 1 -555 0 0 
18900 307 -548 -603 -548 12 1 -548 0 0 
18905 304 -545 -600 -545 12 1 -545 0 0 
18910 302 -537 -600 -537 12 1 -537 0 0 
18915 298 -525 -600 -525 12 1 -525 0 0 
18920 295 -518 -600 -518 12 1 -518 0 0 
18925 293 -515 -600 -515 12 1 -515 0 0 
18930 289 -503 -600 -503 12 1 -503 0 0 
18935 285 -495 -603 -495 12 1 -495 0 0 
18940 282 -488 -603 -488 12 1 -488 0 0 
18945 280 -480 -600 -480 12 1 -480 0 0 
18950 276 -473 -600 -473 12 1 -473 0 0 
18955 275 -462 -600 -462 12 1 -462 0 0 
18960 271 -450 -600 -450 12 1 -450 0 0 
18965 267 -443 -593 -443 12 1 -443 0 0 
18970 264 -432 -585 -432 12 1 -432 0 0 
18975 260 -417 -573 -417 12 1 -417 0 0 
18980 258 -405 -565 -405 12 1 -405 0 0 
18985 256 -390 -555 -390 12 1 -390 0 0 
18990 255 -383 -550 -383 12 1 -383 0 0 
18995 249 -372 -533 -372 12 1 -372 0 0 
19000 247 -360 -525 -360 12 1 -360 0 0 
19005 246 -353 -523 -353 12 1 -353 0 0 
19010 244 -345 -510 -345 12 1 -345 0 0 
19015 240 -335 -500 -335 12 1 -335 0 0 
19020 238 -330 -493 -330 12 1 -330 0 0 
19025 235 -323 -483 -323 12 1 -323 0 0 
19030 233 -320 -473 -320 12 1 -320 0 0 
19035 229 -312 -463 -312 12 1 -312 0 0 
19040 227 -305 -450 -305 12 1 -305 0 0 
19045 226 -300 -445 -300 12 1 -300 0 0 
19050 224 -290 -435 -290 12 1 -290 0 0 
19055 220 -282 -428 -282 12 1 -282 0 0 
19060 218 -270 -418 -270 12 1 -270 0 0 
19065 217 -263 -408 -263 12 1 -263 0 0 
19070 215 -252 -403 -252 12 1 -252 0 0 
19075 213 -237 -385 -237 12 1 -237 0 0 
19080 211 -230 -383 -230 12 1 -230 0 0 
19085 209 -215 -375 -215 12 1 -215 0 0 
19090 207 -200 -368 -200 12 1 -200 0 0 
19095 206 -185 -355 -185 12 1 -185 0 0 
19100 204 -165 -350 -165 12 1 -165 0 0 
19105 202 -150 -340 -150 12 1 -150 0 0 
19110 202 -135 -330 -135 12 1 -135 0 0 
19115 200 -120 -328 -120 12 1 -120 0 0 
19120 198 -105 -315 -105 12 1 -105 0 0 
19125 197 -95 -303 -95 12 1 -95 0 0 
19130 195 -80 -298 -80 12 1 -80 0 0 
19135 193 -72 -288 -72 12 1 -72 0 0 
19140 191 -57 -278 -57 12 1 -57 0 0 
19145 189 -50 -265 -50 12 1 -50 0 0 
19150 189 -42 -258 -42 12 1 -42 0 0 
19155 188 -30 -240 -30 12 1 -30 0 0 
19160 186 -20 -228 -20 12 1 -20 0 0 
19165 186 -0 -220 -0 12 1 -0 0 0 
19170 184 20 -208 20 12 1 20 0 0 
19175 184 35 -195 35 12 1 35 0 0 
19180 182 53 -180 53 12 1 53 0 0 
19185 182 60 -160 60 12 1 60 0 0 
19190 180 68 -145 68 12 1 68 0 0 
19195 180 75 -123 75 12 1 75 0 0 
19200 180 83 -93 83 12 1 83 0 0 
19205 178 90 -70 90 12 1 90 0 0 
19210 178 102 -43 102 12 1 102 0 0 
19215 178 110 -15 110 12 1 110 0 0 
19220 178 117 -0 117 12 1 117 0 0 
19225 178 125 13 125 12 1 125 0 0 
19230 178 132 48 132 12 1 132 0 0 
19235 178 135 83 135 12 1 135 0 0 
19240 178 143 133 143 12 1 143 0 0 
19245 180 150 173 150 12 1 150 0 0 
19250 180 162 220 162 12 1 162 0 0 
19255 180 170 265 170 12 1 170 0 0 
19260 184 177 323 177 12 1 177 0 0 
19265 186 185 370 185 12 1 185 0 0 
19270 188 185 418 185 12 1 185 0 0 
19275 189 188 468 188 12 1 188 0 0 
19280 191 185 528 185 12 1 185 0 0 
19285 195 185 578 185 13 1 185 0 0 
19290 197 185 598 185 13 1 185 0 0 
19295 198 180 600 180 13 1 180 0 0 
19300 204 180 600 180 13 1 180 0 0 
19305 206 185 600 185 13 1 185 0 0 
19310 207 188 598 188 13 1 188 0 0 
19315 211 195 600 195 13 1 195 0 0 
19320 215 218 600 218 13 1 218 0 0 
19325 218 237 600 237 13 1 237 0 0 
19330 220 255 598 255 13 1 255 0 0 
19335 224 278 600 278 13 1 278 0 0 
19340 227 305 598 305 13 1 305 0 0 
19345 229 327 598 327 13 1 327 0 0 
19350 233 345 600 345 13 1 345 0 0 
19355 235 360 600 360 13 1 360 0 0 
19360 238 380 598 380 13 1 380 0 0 
19365 242 390 600 390 13 1 390 0 0 
19370 244 402 598 402 13 1 402 0 0 
19375 249 405 600 405 13 1 405 0 0 
19380 251 420 598 420 13 1 420 0 0 
19385 255 428 600 428 13 1 428 0 0 
19390 258 435 600 435 13 1 435 0 0 
19395 260 443 600 443 13 1 443 0 0 
19400 264 447 600 447 13 1 447 0 0 
19405 266 447 600 447 13 1 447 0 0 
19410 269 443 600 443 13 1 443 0 0 
19415 273 440 598 440 13 1 440 0 0 
19420 276 432 600 432 13 1 432 0 0 
19425 278 428 600 428 13 1 428 0 0 
19430 282 428 600 428 13 1 428 0 0 
19435 284 425 598 425 13 1 425 0 0 
19440 287 425 600 425 13 1 425 0 0 
19445 291 428 600 428 13 1 428 0 0 
19450 293 432 600 432 13 1 432 0 0 
19455 296 432 600 432 13 1 432 0 0 
19460 300 435 598 435 13 1 435 0 0 
19465 304 440 600 440 13 1 440 0 0 
19470 305 443 598 443 13 1 443 0 0 
19475 309 443 600 443 13 1 443 0 0 
19480 313 450 600 450 13 1 450 0 0 
19485 314 455 598 455 13 1 455 0 0 
19490 318 458 600 458 13 1 458 0 0 
19495 320 462 600 462 13 1 462 0 0 
19500 324 470 598 470 13 1 470 0 0 
19505 327 473 600 473 13 1 473 0 0 
19510 331 480 598 480 13 1 480 0 0 
19515 334 485 600 485 13 1 485 0 0 
19520 337 492 598 492 13 1 492 0 0 
19525 341 495 600 495 13 1 495 0 0 
19530 343 503 598 503 13 1 503 0 0 
19535 346 507 600 507 13 1 507 0 0 
19540 350 510 598 510 13 1 510 0 0 
19545 352 515 600 515 13 1 515 0 0 
19550 355 518 600 518 13 1 518 0 0 
19555 357 522 600 522 13 1 522 0 0 
19560 361 525 600 525 13 1 525 0 0 
19565 364 530 600 530 13 1 530 0 0 
19570 366 533 600 533 13 1 533 0 0 
19575 370 537 600 537 13 1 537 0 0 
19580 374 540 600 540 13 1 540 0 0 
19585 377 540 600 540 13 1 540 0 0 
19590 379 545 600 545 13 1 545 0 0 
19595 383 545 598 545 13 1 545 0 0 
19600 386 548 600 548 13 1 548 0 0 
19605 388 552 600 552 13 1 552 0 0 
19610 392 555 598 555 13 1 555 0 0 
19615 395 560 600 560 13 1 560 0 0 
19620 397 563 598 563 13 1 563 0 0 
19625 401 563 598 563 13 1 563 0 0 
19630 403 563 600 563 13 1 563 0 0 
19635 406 563 598 563 13 1 563 0 0 
19640 410 567 600 567 13 1 567 0 0 
19645 412 567 600 567 13 1 567 0 0 
19650 415 570 600 570 13 1 570 0 0 
19655 417 570 598 570 13 1 570 0 0 
19660 421 570 600 570 13 1 570 0 0 
19665 424 570 598 570 13 1 570 0 0 
19670 426 575 600 575 13 1 575 0 0 
19675 430 575 598 575 13 1 575 0 0 
19680 433 578 600 578 13 1 578 0 0 
19685 437 582 600 582 13 1 582 0 0 
19690 439 582 600 582 13 1 582 0 0 
19695 442 585 600 585 13 1 585 0 0 
19700 444 585 598 585 13 1 585 0 0 
19705 448 585 600 585 13 1 585 0 0 
19710 450 585 600 585 13 1 585 0 0 
19715 453 585 600 585 13 1 585 0 0 
19720 457 585 600 585 13 1 585 0 0 
19725 461 585 600 585 13 1 585 0 0 
19730 462 585 600 585 13 1 585 0 0 
19735 464 585 598 585 13 1 585 0 0 
19740 470 582 598 582 13 1 582 0 0 
19745 471 578 600 578 13 1 578 0 0 
19750 475 578 600 578 13 1 578 0 0 
19755 479 578 600 578 13 1 578 0 0 
19760 482 578 598 578 13 1 578 0 0 
19765 484 578 600 578 13 1 578 0 0 
19770 486 578 600 578 13 1 578 0 0 
19775 490 578 600 578 13 1 578 0 0 
19780 493 578 600 578 13 1 578 0 0 
19785 497 578 600 578 13 1 578 0 0 
19790 499 582 600 582 13 1 582 0 0 
19795 502 578 598 578 13 1 578 0 0 
19800 506 582 600 582 13 1 582 0 0 
19805 510 582 600 582 13 1 582 0 0 
19810 511 582 600 582 13 1 582 0 0 
19815 515 582 600 582 13 1 582 0 0 
19820 519 582 600 582 13 1 582 0 0 
19825 520 582 600 582 13 1 582 0 0 
19830 524 582 600 582 13 1 582 0 0 
19835 526 578 600 578 13 1 578 0 0 
19840 530 575 598 575 13 1 575 0 0 
19845 533 570 600 570 13 1 570 0 0 
19850 535 567 600 567 13 1 567 0 0 
19855 539 567 600 567 13 1 567 0 0 
19860 542 563 598 563 13 1 563 0 0 
19865 544 563 598 563 13 1 563 0 0 
19870 548 563 598 563 13 1 563 0 0 
19875 551 560 600 560 13 1 560 0 0 
19880 555 560 600 560 13 1 560 0 0 
19885 558 560 600 560 13 1 560 0 0 
19890 561 560 600 560 13 1 560 0 0 
19895 563 560 600 560 13 1 560 0 0 
19900 567 560 600 560 13 1 560 0 0 
19905 569 555 600 555 13 1 555 0 0 
19910 572 560 598 560 13 1 560 0 0 
19915 576 555 598 555 13 1 555 0 0 
19920 578 552 600 552 13 1 552 0 0 
19925 581 552 598 552 13 1 552 0 0 
19930 583 552 600 552 13 1 552 0 0 
19935 587 552 600 552 13 1 552 0 0 
19940 590 548 600 548 13 1 548 0 0 
19945 594 548 600 548 13 1 548 0 0 
19950 596 545 600 545 13 1 545 0 0 
19955 599 540 600 540 13 1 540 0 0 
19960 603 540 598 540 13 1 540 0 0 
19965 605 540 600 540 13 1 540 0 0 
19970 608 537 600 537 13 1 537 0 0 
19975 610 537 598 537 13 1 537 0 0 
19980 616 533 598 533 13 1 533 0 0 
19985 618 537 600 537 13 1 537 0 0 
19990 621 533 598 533 13 1 533 0 0 
19995 623 530 598 530 13 1 530 0 0 
20000 627 530 600 530 13 1 530 0 0 
20005 628 525 600 525 13 1 525 0 0 
20010 632 525 600 525 13 1 525 0 0 
20015 636 522 598 522 13 1 522 0 0 
20020 639 522 600 522 13 1 522 0 0 
20025 641 522 600 522 13 1 522 0 0 
20030 645 522 598 522 13 1 522 0 0 
20035 647 518 600 518 13 1 518 0 0 
20040 650 518 598 518 13 1 518 0 0 
20045 654 518 600 518 13 1 518 0 0 
20050 656 518 600 518 13 1 518 0 0 
20055 659 515 598 515 13 1 515 0 0 
20060 663 510 600 510 13 1 510 0 0 
20065 665 507 600 507 13 1 507 0 0 
20070 668 507 600 507 13 1 507 0 0 
20075 670 503 598 503 13 1 503 0 0 
20080 674 500 600 500 13 1 500 0 0 
20085 677 495 598 495 13 1 495 0 0 
20090 679 495 598 495 13 1 495 0 0 
20095 683 492 600 492 13 1 492 0 0 
20100 686 488 600 488 13 1 488 0 0 
20105 688 485 600 485 13 1 485 0 0 
20110 692 485 600 485 13 1 485 0 0 
20115 696 480 600 480 13 1 480 0 0 
20120 697 477 598 477 13 1 477 0 0 
20125 701 473 600 473 13 1 473 0 0 
20130 705 470 600 470 13 1 470 0 0 
20135 706 465 600 465 13 1 465 0 0 
20140 710 465 600 465 13 1 465 0 0 
20145 714 462 600 462 13 1 462 0 0 
20150 715 458 600 458 13 1 458 0 0 
20155 719 455 600 455 13 1 455 0 0 
20160 723 450 600 450 13 1 450 0 0 
20165 725 447 600 447 13 1 447 0 0 
20170 728 443 600 443 13 1 443 0 0 
20175 730 440 600 440 13 1 440 0 0 
20180 734 432 598 432 13 1 432 0 0 
20185 737 428 598 428 13 1 428 0 0 
20190 741 425 598 425 13 1 425 0 0 
20195 743 417 600 417 13 1 417 0 0 
20200 746 413 600 413 13 1 413 0 0 
20205 750 405 600 405 13 1 405 0 0 
20210 752 402 600 402 13 1 402 0 0 
20215 755 395 600 395 13 1 395 0 0 
20220 757 383 600 383 13 1 383 0 0 
20225 761 380 600 380 13 1 380 0 0 
20230 764 372 600 372 13 1 372 0 0 
20235 766 365 600 365 13 1 365 0 0 
20240 770 357 598 357 13 1 357 0 0 
20245 774 353 600 353 13 1 353 0 0 
20250 775 350 600 350 13 1 350 0 0 
20255 780 342 600 342 13 1 342 0 0 
20260 782 338 593 338 13 1 338 0 0 
20265 785 330 580 330 13 1 330 0 0 
20270 789 327 575 327 13 1 327 0 0 
20275 791 320 563 320 13 1 320 0 0 
20280 794 315 553 315 13 1 315 0 0 
20285 796 312 550 312 13 1 312 0 0 
20290 798 308 540 308 13 1 308 0 0 
20295 800 305 528 305 13 1 305 0 0 
20300 805 305 520 305 13 1 305 0 0 
20305 807 297 513 297 13 1 297 0 0 
20310 809 293 500 293 13 1 293 0 0 
20315 811 285 493 285 13 1 285 0 0 
20320 814 275 483 275 13 1 275 0 0 
20325 816 270 473 270 13 1 270 0 0 
20330 818 263 463 263 13 1 263 0 0 
20335 822 255 455 255 13 1 255 0 0 
20340 823 248 448 248 13 1 248 0 0 
20345 825 240 435 240 13 1 240 0 0 
20350 827 240 430 240 13 1 240 0 0 
20355 829 233 420 233 13 1 233 0 0 
20360 833 222 410 222 13 1 222 0 0 
20365 834 218 398 218 13 1 218 0 0 
20370 836 210 393 210 13 1 210 0 0 
20375 838 203 383 203 13 1 203 0 0 
20380 840 195 375 195 13 1 195 0 0 
20385 842 188 370 188 13 1 188 0 0 
20390 843 185 363 185 13 1 185 0 0 
20395 845 177 353 177 13 1 177 0 0 
20400 847 170 338 170 13 1 170 0 0 
20405 849 162 328 162 13 1 162 0 0 
20410 849 158 313 158 13 1 158 0 0 
20415 853 150 310 150 13 1 150 0 0 
20420 854 147 298 147 13 1 147 0 0 
20425 854 140 293 140 13 1 140 0 0 
20430 856 135 280 135 13 1 135 0 0 
20435 858 128 273 128 13 1 128 0 0 
20440 860 125 270 125 13 1 125 0 0 
20445 860 120 258 120 13 1 120 0 0 
20450 862 113 240 113 13 1 113 0 0 
20455 863 110 228 110 13 1 110 0 0 
20460 863 102 228 102 13 1 102 0 0 
20465 865 95 225 95 13 1 95 0 0 
20470 867 90 220 90 13 1 90 0 0 
20475 867 83 205 83 13 1 83 0 0 
20480 869 80 195 80 13 1 80 0 0 
20485 869 75 183 75 13 1 75 0 0 
20490 871 68 175 68 13 1 68 0 0 
20495 871 65 165 65 13 1 65 0 0 
20500 872 60 148 60 13 1 60 0 0 
20505 872 57 145 57 13 1 57 0 0 
20510 872 53 145 53 13 1 53 0 0 
20515 874 50 133 50 13 1 50 0 0 
20520 874 38 130 38 13 1 38 0 0 
20525 874 30 123 30 13 1 30 0 0 
20530 874 20 115 20 13 1 20 0 0 
20535 876 -0 105 -0 13 1 -0 0 0 
20540 876 -20 90 -20 13 1 -20 0 0 
20545 878 -38 78 -38 13 1 -38 0 0 
20550 878 -53 65 -53 13 1 -53 0 0 
20555 878 -68 50 -68 13 1 -68 0 0 
20560 878 -80 28 -80 13 1 -80 0 0 
20565 878 -83 10 -83 13 1 -83 0 0 
20570 878 -87 -0 -87 13 1 -87 0 0 
20575 878 -95 -13 -95 13 1 -95 0 0 
20580 878 -98 -43 -98 13 1 -98 0 0 
20585 878 -105 -70 -105 13 1 -105 0 0 
20590 878 -110 -100 -110 13 1 -110 0 0 
20595 878 -120 -130 -120 13 1 -120 0 0 
20600 876 -132 -168 -132 13 1 -132 0 0 
20605 876 -140 -200 -140 13 1 -140 0 0 
20610 874 -147 -235 -147 13 1 -147 0 0 
20615 872 -155 -275 -155 13 1 -155 0 0 
20620 871 -158 -323 -158 13 1 -158 0 0 
20625 869 -165 -368 -165 13 1 -165 0 0 
20630 867 -165 -410 -165 13 1 -165 0 0 
20635 865 -173 -458 -173 13 1 -173 0 0 
20640 863 -177 -520 -177 14 1 -177 0 0 
20645 862 -185 -575 -185 14 1 -185 0 0 
20650 858 -192 -598 -192 14 1 -192 0 0 
20655 854 -203 -600 -203 14 1 -203 0 0 
20660 851 -218 -600 -218 14 1 -218 0 0 
20665 849 -225 -600 -225 14 1 -225 0 0 
20670 845 -237 -603 -237 14 1 -237 0 0 
20675 842 -252 -600 -252 14 1 -252 0 0 
20680 838 -278 -603 -278 14 1 -278 0 0 
20685 834 -300 -603 -300 14 1 -300 0 0 
20690 833 -330 -603 -330 14 1 -330 0 0 
20695 829 -360 -603 -360 14 1 -360 0 0 
20700 827 -390 -600 -390 14 1 -390 0 0 
20705 823 -417 -600 -417 14 1 -417 0 0 
20710 820 -435 -603 -435 14 1 -435 0 0 
20715 816 -455 -600 -455 14 1 -455 0 0 
20720 814 -473 -600 -473 14 1 -473 0 0 
20725 811 -488 -600 -488 14 1 -488 0 0 
20730 807 -500 -600 -500 14 1 -500 0 0 
20735 804 -510 -600 -510 14 1 -510 0 0 
20740 802 -525 -600 -525 14 1 -525 0 0 
20745 798 -545 -600 -545 14 1 -545 0 0 
20750 796 -555 -600 -555 14 1 -555 0 0 
20755 793 -570 -600 -570 14 1 -570 0 0 
20760 789 -585 -600 -585 14 1 -585 0 0 
20765 785 -608 -600 -608 14 1 -608 0 0 
20770 784 -615 -600 -615 14 1 -615 0 0 
20775 780 -630 -600 -630 14 1 -630 0 0 
20780 775 -638 -603 -638 14 1 -638 0 0 
20785 774 -642 -603 -642 14 1 -642 0 0 
20790 770 -642 -600 -642 14 1 -642 0 0 
20795 768 -645 -603 -645 14 1 -645 0 0 
20800 764 -645 -603 -645 14 1 -645 0 0 
20805 761 -650 -600 -650 14 1 -650 0 0 
20810 757 -653 -600 -653 14 1 -653 0 0 
20815 755 -657 -600 -657 14 1 -657 0 0 
20820 752 -660 -603 -660 14 1 -660 0 0 
20825 748 -672 -600 -672 14 1 -672 0 0 
20830 746 -680 -603 -680 14 1 -680 0 0 
20835 743 -690 -600 -690 14 1 -690 0 0 
20840 739 -698 -600 -698 14 1 -698 0 0 
20845 735 -702 -600 -702 14 1 -702 0 0 
20850 734 -710 -603 -710 14 1 -710 0 0 
20855 730 -713 -600 -713 14 1 -713 0 0 
20860 728 -720 -600 -720 14 1 -720 0 0 
20865 723 -732 -600 -732 14 1 -732 0 0 
20870 721 -740 -600 -740 14 1 -740 0 0 
20875 717 -747 -600 -747 14 1 -747 0 0 
20880 715 -758 -600 -758 14 1 -758 0 0 
20885 712 -770 -603 -770 14 1 -770 0 0 
20890 708 -780 -600 -780 14 1 -780 0 0 
20895 705 -792 -600 -792 14 1 -792 0 0 
20900 703 -803 -600 -803 14 1 -803 0 0 
20905 699 -818 -600 -818 14 1 -818 0 0 
20910 696 -830 -600 -830 14 1 -830 0 0 
20915 692 -840 -600 -840 14 1 -840 0 0 
20920 690 -848 -600 -848 14 1 -848 0 0 
20925 686 -855 -600 -855 14 1 -855 0 0 
20930 683 -860 -600 -860 14 1 -860 0 0 
20935 679 -863 -603 -863 14 1 -863 0 0 
20940 677 -867 -600 -867 14 1 -867 0 0 
20945 674 -875 -603 -875 14 1 -875 0 0 
20950 672 -878 -600 -878 14 1 -878 0 0 
20955 668 -882 -600 -882 14 1 -882 0 0 
20960 667 -885 -603 -885 14 1 -885 0 0 
20965 663 -890 -603 -890 14 1 -890 0 0 
20970 659 -897 -603 -897 14 1 -897 0 0 
20975 656 -900 -603 -900 14 1 -900 0 0 
20980 654 -900 -600 -900 14 1 -900 0 0 
20985 650 -905 -603 -905 14 1 -905 0 0 
20990 647 -908 -603 -908 14 1 -908 0 0 
20995 645 -908 -600 -908 14 1 -908 0 0 
21000 641 -908 -600 -908 14 1 -908 0 0 
21005 638 -912 -600 -912 14 1 -912 0 0 
21010 634 -915 -603 -915 14 1 -915 0 0 
21015 632 -920 -600 -920 14 1 -920 0 0 
21020 628 -923 -600 -923 14 1 -923 0 0 
21025 625 -930 -600 -930 14 1 -930 0 0 
21030 623 -935 -600 -935 14 1 -935 0 0 
21035 619 -938 -603 -938 14 1 -938 0 0 
21040 616 -938 -603 -938 14 1 -938 0 0 
21045 612 -942 -600 -942 14 1 -942 0 0 
21050 610 -942 -603 -942 14 1 -942 0 0 
21055 607 -942 -600 -942 14 1 -942 0 0 
21060 603 -945 -600 -945 14 1 -945 0 0 
21065 601 -945 -600 -945 14 1 -945 0 0 
21070 598 -950 -600 -950 14 1 -950 0 0 
21075 594 -950 -600 -950 14 1 -950 0 0 
21080 592 -945 -600 -945 14 1 -945 0 0 
21085 589 -945 -603 -945 14 1 -945 0 0 
21090 585 -945 -600 -945 14 1 -945 0 0 
21095 583 -945 -600 -945 14 1 -945 0 0 
21100 579 -942 -600 -942 14 1 -942 0 0 
21105 576 -942 -600 -942 14 1 -942 0 0 
21110 574 -938 -600 -938 14 1 -938 0 0 
21115 570 -938 -600 -938 14 1 -938 0 0 
21120 567 -938 -603 -938 14 1 -938 0 0 
21125 565 -938 -600 -938 14 1 -938 0 0 
21130 561 -938 -600 -938 14 1 -938 0 0 
21135 558 -935 -603 -935 14 1 -935 0 0 
21140 555 -935 -600 -935 14 1 -935 0 0 
21145 551 -930 -600 -930 14 1 -930 0 0 
21150 548 -927 -600 -927 14 1 -927 0 0 
21155 546 -923 -603 -923 14 1 -923 0 0 
21160 542 -920 -600 -920 14 1 -920 0 0 
21165 539 -915 -600 -915 14 1 -915 0 0 
21170 537 -912 -600 -912 14 1 -912 0 0 
21175 533 -908 -600 -908 14 1 -908 0 0 
21180 530 -905 -603 -905 14 1 -905 0 0 
21185 526 -900 -600 -900 14 1 -900 0 0 
21190 524 -897 -600 -897 14 1 -897 0 0 
21195 520 -893 -603 -893 14 1 -893 0 0 
21200 519 -893 -600 -893 14 1 -893 0 0 
21205 515 -890 -600 -890 14 1 -890 0 0 
21210 511 -885 -600 -885 14 1 -885 0 0 
21215 510 -885 -600 -885 14 1 -885 0 0 
21220 506 -882 -600 -882 14 1 -882 0 0 
21225 502 -882 -603 -882 14 1 -882 0 0 
21230 499 -878 -600 -878 14 1 -878 0 0 
21235 497 -878 -603 -878 14 1 -878 0 0 
21240 493 -870 -603 -870 14 1 -870 0 0 
21245 490 -870 -600 -870 14 1 -870 0 0 
21250 488 -867 -603 -867 14 1 -867 0 0 
21255 484 -863 -600 -863 14 1 -863 0 0 
21260 481 -863 -600 -863 14 1 -863 0 0 
21265 479 -855 -600 -855 14 1 -855 0 0 
21270 475 -855 -600 -855 14 1 -855 0 0 
21275 471 -855 -600 -855 14 1 -855 0 0 
21280 470 -852 -603 -852 14 1 -852 0 0 
21285 464 -848 -600 -848 14 1 -848 0 0 
21290 462 -845 -603 -845 14 1 -845 0 0 
21295 459 -840 -600 -840 14 1 -840 0 0 
21300 457 -837 -603 -837 14 1 -837 0 0 
21305 453 -833 -600 -833 14 1 -833 0 0 
21310 450 -833 -603 -833 14 1 -833 0 0 
21315 446 -830 -600 -830 14 1 -830 0 0 
21320 444 -830 -600 -830 14 1 -830 0 0 
21325 441 -825 -600 -825 14 1 -825 0 0 
21330 439 -822 -600 -822 14 1 -822 0 0 
21335 435 -822 -600 -822 14 1 -822 0 0 
21340 432 -822 -600 -822 14 1 -822 0 0 
21345 428 -822 -603 -822 14 1 -822 0 0 
21350 426 -818 -600 -818 14 1 -818 0 0 
21355 423 -818 -600 -818 14 1 -818 0 0 
21360 421 -822 -600 -822 14 1 -822 0 0 
21365 415 -818 -600 -818 14 1 -818 0 0 
21370 413 -818 -600 -818 14 1 -818 0 0 
21375 412 -818 -603 -818 14 1 -818 0 0 
21380 408 -815 -600 -815 14 1 -815 0 0 
21385 404 -810 -600 -810 14 1 -810 0 0 
21390 403 -807 -600 -807 14 1 -807 0 0 
21395 399 -803 -600 -803 14 1 -803 0 0 
21400 395 -800 -600 -800 14 1 -800 0 0 
21405 393 -795 -600 -795 14 1 -795 0 0 
21410 390 -792 -600 -792 14 1 -792 0 0 
21415 388 -785 -600 -785 14 1 -785 0 0 
21420 384 -780 -600 -780 14 1 -780 0 0 
21425 381 -773 -603 -773 14 1 -773 0 0 
21430 377 -765 -603 -765 14 1 -765 0 0 
21435 375 -755 -600 -755 14 1 -755 0 0 
21440 372 -747 -600 -747 14 1 -747 0 0 
21445 368 -732 -603 -732 14 1 -732 0 0 
21450 366 -720 -603 -720 14 1 -720 0 0 
21455 363 -713 -600 -713 14 1 -713 0 0 
21460 361 -702 -600 -702 14 1 -702 0 0 
21465 357 -687 -600 -687 14 1 -687 0 0 
21470 354 -675 -603 -675 14 1 -675 0 0 
21475 350 -665 -600 -665 14 1 -665 0 0 
21480 348 -650 -600 -650 14 1 -650 0 0 
21485 345 -635 -600 -635 14 1 -635 0 0 
21490 341 -623 -603 -623 14 1 -623 0 0 
21495 339 -608 -600 -608 14 1 -608 0 0 
21500 335 -597 -600 -597 14 1 -597 0 0 
21505 331 -582 -600 -582 14 1 -582 0 0 
21510 329 -570 -600 -570 14 1 -570 0 0 
21515 327 -563 -603 -563 14 1 -563 0 0 
21520 324 -552 -600 -552 14 1 -552 0 0 
21525 320 -540 -603 -540 14 1 -540 0 0 
21530 318 -530 -600 -530 14 1 -530 0 0 
21535 314 -518 -600 -518 14 1 -518 0 0 
21540 311 -503 -600 -503 14 1 -503 0 0 
21545 307 -492 -600 -492 14 1 -492 0 0 
21550 304 -477 -600 -477 14 1 -477 0 0 
21555 302 -470 -600 -470 14 1 -470 0 0 
21560 298 -458 -603 -458 14 1 -458 0 0 
21565 295 -447 -600 -447 14 1 -447 0 0 
21570 293 -435 -603 -435 14 1 -435 0 0 
21575 289 -425 -600 -425 14 1 -425 0 0 
21580 287 -410 -603 -410 14 1 -410 0 0 
21585 284 -398 -600 -398 14 1 -398 0 0 
21590 280 -387 -600 -387 14 1 -387 0 0 
21595 278 -380 -600 -380 14 1 -380 0 0 
21600 275 -368 -600 -368 14 1 -368 0 0 
21605 271 -357 -600 -357 14 1 -357 0 0 
21610 269 -345 -593 -345 14 1 -345 0 0 
21615 266 -338 -585 -338 14 1 -338 0 0 
21620 262 -330 -578 -330 14 1 -330 0 0 
21625 260 -323 -565 -323 14 1 -323 0 0 
21630 256 -315 -550 -315 14 1 -315 0 0 
21635 253 -308 -550 -308 14 1 -308 0 0 
21640 251 -300 -535 -300 14 1 -300 0 0 
21645 249 -297 -525 -297 14 1 -297 0 0 
21650 246 -290 -520 -290 14 1 -290 0 0 
21655 244 -285 -513 -285 14 1 -285 0 0 
21660 240 -278 -503 -278 14 1 -278 0 0 
21665 238 -270 -488 -270 14 1 -270 0 0 
21670 235 -263 -485 -263 14 1 -263 0 0 
21675 233 -255 -473 -255 14 1 -255 0 0 
21680 231 -248 -468 -248 14 1 -248 0 0 
21685 227 -240 -455 -240 14 1 -240 0 0 
21690 227 -233 -445 -233 14 1 -233 0 0 
21695 224 -230 -445 -230 14 1 -230 0 0 
21700 222 -222 -443 -222 14 1 -222 0 0 
21705 220 -210 -428 -210 14 1 -210 0 0 
21710 217 -203 -420 -203 14 1 -203 0 0 
21715 215 -192 -410 -192 14 1 -192 0 0 
21720 213 -180 -403 -180 14 1 -180 0 0 
21725 211 -165 -390 -165 14 1 -165 0 0 
21730 209 -155 -383 -155 14 1 -155 0 0 
21735 207 -140 -375 -140 14 1 -140 0 0 
21740 206 -125 -370 -125 14 1 -125 0 0 
21745 204 -105 -358 -105 14 1 -105 0 0 
21750 202 -90 -345 -90 14 1 -90 0 0 
21755 200 -80 -333 -80 14 1 -80 0 0 
21760 198 -72 -325 -72 14 1 -72 0 0 
21765 197 -65 -310 -65 14 1 -65 0 0 
21770 197 -53 -300 -53 14 1 -53 0 0 
21775 195 -45 -290 -45 14 1 -45 0 0 
21780 193 -38 -278 -38 14 1 -38 0 0 
21785 191 -20 -270 -20 14 1 -20 0 0 
21790 191 -5 -258 -5 14 1 -5 0 0 
21795 189 12 -248 12 14 1 12 0 0 
21800 189 23 -238 23 14 1 23 0 0 
21805 186 38 -225 38 14 1 38 0 0 
21810 186 42 -218 42 14 1 42 0 0 
21815 184 50 -205 50 14 1 50 0 0 
21820 184 53 -193 53 14 1 53 0 0 
21825 182 60 -173 60 14 1 60 0 0 
21830 182 65 -158 65 14 1 65 0 0 
21835 180 72 -143 72 14 1 72 0 0 
21840 180 80 -123 80 14 1 80 0 0 
21845 180 83 -95 83 14 1 83 0 0 
21850 180 90 -75 90 14 1 90 0 0 
21855 178 98 -48 98 14 1 98 0 0 
21860 178 105 -18 105 14 1 105 0 0 
21865 178 113 -0 113 14 1 113 0 0 
21870 178 117 15 117 14 1 117 0 0 
21875 178 120 43 120 14 1 120 0 0 
21880 178 128 75 128 14 1 128 0 0 
21885 178 132 118 132 14 1 132 0 0 
21890 180 135 153 135 14 1 135 0 0 
21895 180 140 188 140 14 1 140 0 0 
21900 182 143 225 143 14 1 143 0 0 
21905 182 147 275 147 14 1 147 0 0 
21910 184 150 318 150 14 1 150 0 0 
21915 186 155 365 155 14 1 155 0 0 
21920 188 158 410 158 14 1 158 0 0 
21925 189 162 470 162 14 1 162 0 0 
21930 191 170 523 170 14 1 170 0 0 
21935 195 173 578 173 15 1 173 0 0 
21940 197 180 593 180 15 1 180 0 0 
21945 200 188 600 188 15 1 188 0 0 
21950 204 195 600 195 15 1 195 0 0 
21955 206 203 600 203 15 1 203 0 0 
21960 209 210 600 210 15 1 210 0 0 
21965 213 225 600 225 15 1 225 0 0 
21970 215 240 598 240 15 1 240 0 0 
21975 217 255 600 255 15 1 255 0 0 
21980 220 278 598 278 15 1 278 0 0 
21985 224 305 600 305 15 1 305 0 0 
21990 227 323 600 323 15 1 323 0 0 
21995 231 342 600 342 15 1 342 0 0 
22000 233 357 600 357 15 1 357 0 0 
22005 237 375 600 375 15 1 375 0 0 
22010 238 383 600 383 15 1 383 0 0 
22015 242 390 600 390 15 1 390 0 0 
22020 246 398 600 398 15 1 398 0 0 
22025 249 402 598 402 15 1 402 0 0 
22030 253 405 600 405 15 1 405 0 0 
22035 255 413 600 413 15 1 413 0 0 
22040 258 417 600 417 15 1 417 0 0 
22045 260 428 600 428 15 1 428 0 0 
22050 264 432 600 432 15 1 432 0 0 
22055 267 435 600 435 15 1 435 0 0 
22060 269 440 598 440 15 1 440 0 0 
22065 273 443 600 443 15 1 443 0 0 
22070 276 443 600 443 15 1 443 0 0 
22075 278 443 600 443 15 1 443 0 0 
22080 280 447 600 447 15 1 447 0 0 
22085 285 450 598 450 15 1 450 0 0 
22090 289 455 600 455 15 1 455 0 0 
22095 291 458 598 458 15 1 458 0 0 
22100 295 462 598 462 15 1 462 0 0 
22105 298 465 600 465 15 1 465 0 0 
22110 300 470 600 470 15 1 470 0 0 
22115 304 473 600 473 15 1 473 0 0 
22120 307 480 600 480 15 1 480 0 0 
22125 311 485 600 485 15 1 485 0 0 
22130 313 488 600 488 15 1 488 0 0 
22135 316 495 600 495 15 1 495 0 0 
22140 318 500 598 500 15 1 500 0 0 
22145 322 510 598 510 15 1 510 0 0 
22150 325 518 598 518 15 1 518 0 0 
22155 327 525 600 525 15 1 525 0 0 
22160 331 533 600 533 15 1 533 0 0 
22165 335 540 598 540 15 1 540 0 0 
22170 337 548 600 548 15 1 548 0 0 
22175 341 555 600 555 15 1 555 0 0 
22180 345 563 600 563 15 1 563 0 0 
22185 346 563 600 563 15 1 563 0 0 
22190 350 570 600 570 15 1 570 0 0 
22195 352 575 600 575 15 1 575 0 0 
22200 355 578 600 578 15 1 578 0 0 
22205 359 582 598 582 15 1 582 0 0 
22210 363 582 598 582 15 1 582 0 0 
22215 364 585 600 585 15 1 585 0 0 
22220 368 585 600 585 15 1 585 0 0 
22225 372 585 600 585 15 1 585 0 0 
22230 374 585 598 585 15 1 585 0 0 
22235 377 585 600 585 15 1 585 0 0 
22240 381 585 600 585 15 1 585 0 0 
22245 383 590 600 590 15 1 590 0 0 
22250 386 590 600 590 15 1 590 0 0 
22255 388 593 598 593 15 1 593 0 0 
22260 392 593 600 593 15 1 593 0 0 
22265 395 597 598 597 15 1 597 0 0 
22270 399 600 598 600 15 1 600 0 0 
22275 401 600 600 600 15 1 600 0 0 
22280 404 605 600 605 15 1 605 0 0 
22285 406 608 600 608 15 1 608 0 0 
22290 410 608 600 608 15 1 608 0 0 
22295 413 612 598 612 15 1 612 0 0 
22300 415 612 600 612 15 1 612 0 0 
22305 419 612 600 612 15 1 612 0 0 
22310 421 615 600 615 15 1 615 0 0 
22315 424 612 598 612 15 1 612 0 0 
22320 426 612 598 612 15 1 612 0 0 
22325 432 612 598 612 15 1 612 0 0 
22330 433 608 600 608 15 1 608 0 0 
22335 437 608 600 608 15 1 608 0 0 
22340 439 608 600 608 15 1 608 0 0 
22345 442 612 600 612 15 1 612 0 0 
22350 446 612 600 612 15 1 612 0 0 
22355 448 612 600 612 15 1 612 0 0 
22360 452 612 600 612 15 1 612 0 0 
22365 453 615 598 615 15 1 615 0 0 
22370 459 612 600 612 15 1 612 0 0 
22375 461 612 600 612 15 1 612 0 0 
22380 464 612 600 612 15 1 612 0 0 
22385 466 612 600 612 15 1 612 0 0 
22390 470 612 600 612 15 1 612 0 0 
22395 473 612 598 612 15 1 612 0 0 
22400 475 612 600 612 15 1 612 0 0 
22405 479 612 598 612 15 1 612 0 0 
22410 482 615 598 615 15 1 615 0 0 
22415 484 615 600 615 15 1 615 0 0 
22420 488 615 600 615 15 1 615 0 0 
22425 491 615 600 615 15 1 615 0 0 
22430 495 615 600 615 15 1 615 0 0 
22435 497 615 598 615 15 1 615 0 0 
22440 500 615 600 615 15 1 615 0 0 
22445 502 615 600 615 15 1 615 0 0 
22450 508 615 600 615 15 1 615 0 0 
22455 510 612 598 612 15 1 612 0 0 
22460 511 612 600 612 15 1 612 0 0 
22465 515 612 600 612 15 1 612 0 0 
22470 519 612 600 612 15 1 612 0 0 
22475 522 612 598 612 15 1 612 0 0 
22480 524 608 600 608 15 1 608 0 0 
22485 528 608 600 608 15 1 608 0 0 
22490 531 605 600 605 15 1 605 0 0 
22495 533 600 598 600 15 1 600 0 0 
22500 537 600 600 600 15 1 600 0 0 
22505 539 597 600 597 15 1 597 0 0 
22510 542 597 598 597 15 1 597 0 0 
22515 546 593 600 593 15 1 593 0 0 
22520 549 593 600 593 15 1 593 0 0 
22525 551 593 600 593 15 1 593 0 0 
22530 555 590 600 590 15 1 590 0 0 
22535 560 590 600 590 15 1 590 0 0 
22540 561 590 598 590 15 1 590 0 0 
22545 563 585 600 585 15 1 585 0 0 
22550 567 585 600 585 15 1 585 0 0 
22555 570 582 600 582 15 1 582 0 0 
22560 572 582 598 582 15 1 582 0 0 
22565 576 578 600 578 15 1 578 0 0 
22570 579 575 600 575 15 1 575 0 0 
22575 581 570 600 570 15 1 570 0 0 
22580 585 567 600 567 15 1 567 0 0 
22585 589 567 598 567 15 1 567 0 0 
22590 590 563 598 563 15 1 563 0 0 
22595 594 563 598 563 15 1 563 0 0 
22600 598 563 600 563 15 1 563 0 0 
22605 599 560 598 560 15 1 560 0 0 
22610 603 560 600 560 15 1 560 0 0 
22615 607 555 600 555 15 1 555 0 0 
22620 608 555 600 555 15 1 555 0 0 
22625 612 552 598 552 15 1 552 0 0 
22630 616 552 598 552 15 1 552 0 0 
22635 618 548 598 548 15 1 548 0 0 
22640 621 545 600 545 15 1 545 0 0 
22645 623 540 600 540 15 1 540 0 0 
22650 627 540 600 540 15 1 540 0 0 
22655 630 540 600 540 15 1 540 0 0 
22660 632 537 600 537 15 1 537 0 0 
22665 636 537 600 537 15 1 537 0 0 
22670 639 537 598 537 15 1 537 0 0 
22675 643 533 600 533 15 1 533 0 0 
22680 645 533 600 533 15 1 533 0 0 
22685 648 533 600 533 15 1 533 0 0 
22690 650 533 600 533 15 1 533 0 0 
22695 654 533 600 533 15 1 533 0 0 
22700 657 530 598 530 15 1 530 0 0 
22705 659 530 600 530 15 1 530 0 0 
22710 663 522 600 522 15 1 522 0 0 
22715 667 522 600 522 15 1 522 0 0 
22720 668 515 600 515 15 1 515 0 0 
22725 672 510 600 510 15 1 510 0 0 
22730 676 507 600 507 15 1 507 0 0 
22735 677 507 600 507 15 1 507 0 0 
22740 679 503 600 503 15 1 503 0 0 
22745 683 503 598 503 15 1 503 0 0 
22750 686 503 598 503 15 1 503 0 0 
22755 688 500 600 500 15 1 500 0 0 
22760 692 500 600 500 15 1 500 0 0 
22765 696 495 598 495 15 1 495 0 0 
22770 699 492 600 492 15 1 492 0 0 
22775 701 488 598 488 15 1 488 0 0 
22780 705 488 598 488 15 1 488 0 0 
22785 706 480 598 480 15 1 480 0 0 
22790 712 480 600 480 15 1 480 0 0 
22795 714 477 598 477 15 1 477 0 0 
22800 717 473 598 473 15 1 473 0 0 
22805 719 470 600 470 15 1 470 0 0 
22810 723 462 600 462 15 1 462 0 0 
22815 725 458 600 458 15 1 458 0 0 
22820 728 455 598 455 15 1 455 0 0 
22825 730 450 600 450 15 1 450 0 0 
22830 734 447 600 447 15 1 447 0 0 
22835 737 440 600 440 15 1 440 0 0 
22840 741 435 600 435 15 1 435 0 0 
22845 743 432 598 432 15 1 432 0 0 
22850 746 425 600 425 15 1 425 0 0 
22855 750 420 598 420 15 1 420 0 0 
22860 752 410 600 410 15 1 410 0 0 
22865 755 410 600 410 15 1 410 0 0 
22870 759 402 600 402 15 1 402 0 0 
22875 761 402 600 402 15 1 402 0 0 
22880 764 395 600 395 15 1 395 0 0 
22885 766 390 598 390 15 1 390 0 0 
22890 770 383 600 383 15 1 383 0 0 
22895 774 380 600 380 15 1 380 0 0 
22900 775 372 600 372 15 1 372 0 0 
22905 780 368 600 368 15 1 368 0 0 
22910 784 360 593 360 15 1 360 0 0 
22915 787 353 578 353 15 1 353 0 0 
22920 789 342 573 342 15 1 342 0 0 
22925 791 335 563 335 15 1 335 0 0 
22930 794 323 550 323 15 1 323 0 0 
22935 796 320 548 320 15 1 320 0 0 
22940 798 315 538 315 15 1 315 0 0 
22945 802 312 523 312 15 1 312 0 0 
22950 805 308 520 308 15 1 308 0 0 
22955 807 300 508 300 15 1 300 0 0 
22960 811 297 500 297 15 1 297 0 0 
22965 813 290 485 290 15 1 290 0 0 
22970 814 278 480 278 15 1 278 0 0 
22975 816 270 473 270 15 1 270 0 0 
22980 820 263 460 263 15 1 263 0 0 
22985 822 255 455 255 15 1 255 0 0 
22990 823 245 445 245 15 1 245 0 0 
22995 827 240 435 240 15 1 240 0 0 
23000 827 230 430 230 15 1 230 0 0 
23005 831 222 420 222 15 1 222 0 0 
23010 833 210 403 210 15 1 210 0 0 
23015 834 203 398 203 15 1 203 0 0 
23020 836 192 393 192 15 1 192 0 0 
23025 838 185 383 185 15 1 185 0 0 
23030 842 177 370 177 15 1 177 0 0 
23035 842 170 363 170 15 1 170 0 0 
23040 843 162 355 162 15 1 162 0 0 
23045 845 155 353 155 15 1 155 0 0 
23050 847 147 333 147 15 1 147 0 0 
23055 849 147 323 147 15 1 147 0 0 
23060 851 140 313 140 15 1 140 0 0 
23065 851 135 305 135 15 1 135 0 0 
23070 854 132 298 132 15 1 132 0 0 
23075 856 128 293 128 15 1 128 0 0 
23080 858 125 280 125 15 1 125 0 0 
23085 858 120 270 120 15 1 120 0 0 
23090 860 117 265 117 15 1 117 0 0 
23095 862 113 253 113 15 1 113 0 0 
23100 862 110 240 110 15 1 110 0 0 
23105 863 105 235 105 15 1 105 0 0 
23110 863 102 233 102 15 1 102 0 0 
23115 865 98 225 98 15 1 98 0 0 
23120 867 90 218 90 15 1 90 0 0 
23125 867 87 205 87 15 1 87 0 0 
23130 869 80 193 80 15 1 80 0 0 
23135 869 80 180 80 15 1 80 0 0 
23140 871 72 173 72 15 1 72 0 0 
23145 871 68 160 68 15 1 68 0 0 
23150 872 60 153 60 15 1 60 0 0 
23155 872 57 145 57 15 1 57 0 0 
23160 874 53 143 53 15 1 53 0 0 
23165 874 45 135 45 15 1 45 0 0 
23170 874 42 133 42 15 1 42 0 0 
23175 876 42 133 42 15 1 42 0 0 
23180 876 38 120 38 15 1 38 0 0 
23185 876 30 118 30 15 1 30 0 0 
23190 878 23 105 23 15 1 23 0 0 
23195 876 15 95 15 15 1 15 0 0 
23200 878 -0 88 -0 15 1 -0 0 0 
23205 878 -20 75 -20 15 1 -20 0 0 
23210 878 -38 63 -38 15 1 -38 0 0 
23215 878 -53 50 -53 15 1 -53 0 0 
23220 878 -65 35 -65 15 1 -65 0 0 
23225 878 -72 18 -72 15 1 -72 0 0 
23230 880 -80 -0 -80 15 1 -80 0 0 
23235 880 -80 -5 -80 15 1 -80 0 0 
23240 880 -83 -23 -83 15 1 -83 0 0 
23245 880 -87 -48 -87 15 1 -87 0 0 
23250 878 -90 -70 -90 15 1 -90 0 0 
23255 878 -98 -95 -98 15 1 -98 0 0 
23260 878 -102 -128 -102 15 1 -102 0 0 
23265 876 -113 -168 -113 15 1 -113 0 0 
23270 876 -128 -218 -128 15 1 -128 0 0 
23275 874 -147 -258 -147 15 1 -147 0 0 
23280 874 -165 -300 -165 15 1 -165 0 0 
23285 872 -185 -353 -185 15 1 -185 0 0 
23290 871 -203 -410 -203 15 1 -203 0 0 
23295 867 -210 -463 -210 15 1 -210 0 0 
23300 865 -218 -520 -218 15 1 -218 0 0 
23305 863 -225 -578 -225 16 1 -225 0 0 
23310 860 -233 -598 -233 16 1 -233 0 0 
23315 858 -237 -600 -237 16 1 -237 0 0 
23320 854 -240 -600 -240 16 1 -240 0 0 
23325 851 -245 -600 -245 16 1 -245 0 0 
23330 847 -255 -600 -255 16 1 -255 0 0 
23335 843 -275 -603 -275 16 1 -275 0 0 
23340 842 -297 -603 -297 16 1 -297 0 0 
23345 838 -327 -600 -327 16 1 -327 0 0 
23350 834 -365 -600 -365 16 1 -365 0 0 
23355 831 -390 -600 -390 16 1 -390 0 0 
23360 829 -417 -600 -417 16 1 -417 0 0 
23365 827 -440 -600 -440 16 1 -440 0 0 
23370 822 -462 -603 -462 16 1 -462 0 0 
23375 820 -473 -600 -473 16 1 -473 0 0 
23380 816 -480 -600 -480 16 1 -480 0 0 
23385 813 -485 -600 -485 16 1 -485 0 0 
23390 809 -492 -603 -492 16 1 -492 0 0 
23395 807 -495 -600 -495 16 1 -495 0 0 
23400 804 -507 -600 -507 16 1 -507 0 0 
23405 800 -518 -600 -518 16 1 -518 0 0 
23410 798 -537 -600 -537 16 1 -537 0 0 
23415 794 -548 -603 -548 16 1 -548 0 0 
23420 791 -567 -600 -567 16 1 -567 0 0 
23425 789 -578 -603 -578 16 1 -578 0 0 
23430 785 -600 -600 -600 16 1 -600 0 0 
23435 782 -608 -603 -608 16 1 -608 0 0 
23440 780 -620 -600 -620 16 1 -620 0 0 
23445 775 -627 -600 -627 16 1 -627 0 0 
23450 772 -635 -600 -635 16 1 -635 0 0 
23455 770 -642 -600 -642 16 1 -642 0 0 
23460 766 -645 -600 -645 16 1 -645 0 0 
23465 763 -653 -600 -653 16 1 -653 0 0 
23470 759 -660 -603 -660 16 1 -660 0 0 
23475 757 -668 -600 -668 16 1 -668 0 0 
23480 754 -680 -600 -680 16 1 -680 0 0 
23485 752 -690 -600 -690 16 1 -690 0 0 
23490 748 -702 -600 -702 16 1 -702 0 0 
23495 745 -713 -603 -713 16 1 -713 0 0 
23500 743 -725 -600 -725 16 1 -725 0 0 
23505 739 -740 -603 -740 16 1 -740 0 0 
23510 735 -755 -603 -755 16 1 -755 0 0 
23515 732 -770 -600 -770 16 1 -770 0 0 
23520 728 -780 -600 -780 16 1 -780 0 0 
23525 726 -795 -600 -795 16 1 -795 0 0 
23530 723 -815 -600 -815 16 1 -815 0 0 
23535 719 -830 -603 -830 16 1 -830 0 0 
23540 717 -845 -600 -845 16 1 -845 0 0 
23545 714 -855 -603 -855 16 1 -855 0 0 
23550 710 -870 -600 -870 16 1 -870 0 0 
23555 708 -882 -600 -882 16 1 -882 0 0 
23560 705 -893 -600 -893 16 1 -893 0 0 
23565 701 -908 -603 -908 16 1 -908 0 0 
23570 697 -920 -600 -920 16 1 -920 0 0 
23575 696 -927 -603 -927 16 1 -927 0 0 
23580 692 -938 -600 -938 16 1 -938 0 0 
23585 688 -945 -600 -945 16 1 -945 0 0 
23590 685 -957 -600 -957 16 1 -957 0 0 
23595 683 -960 -600 -960 16 1 -960 0 0 
23600 679 -968 -603 -968 16 1 -968 0 0 
23605 676 -980 -600 -980 16 1 -980 0 0 
23610 674 -987 -603 -987 16 1 -987 0 0 
23615 670 -995 -600 -995 16 1 -995 0 0 
23620 667 -998 -600 -998 16 1 -998 0 0 
23625 665 -1005 -600 -1005 16 1 -1005 0 0 
23630 661 -1013 -600 -1013 16 1 -1013 0 0 
23635 657 -1017 -603 -1017 16 1 -1017 0 0 
23640 656 -1025 -600 -1025 16 1 -1025 0 0 
23645 652 -1032 -600 -1032 16 1 -1032 0 0 
23650 648 -1040 -600 -1040 16 1 -1040 0 0 
23655 645 -1043 -600 -1043 16 1 -1043 0 0 
23660 643 -1050 -600 -1050 16 1 -1050 0 0 
23665 639 -1055 -600 -1055 16 1 -1055 0 0 
23670 638 -1058 -600 -1058 16 1 -1058 0 0 
23675 634 -1062 -600 -1062 16 1 -1062 0 0 
23680 630 -1065 -603 -1065 16 1 -1065 0 0 
23685 627 -1070 -603 -1070 16 1 -1070 0 0 
23690 625 -1073 -600 -1073 16 1 -1073 0 0 
23695 621 -1070 -603 -1070 16 1 -1070 0 0 
23700 619 -1070 -600 -1070 16 1 -1070 0 0 
23705 616 -1073 -603 -1073 16 1 -1073 0 0 
23710 612 -1070 -600 -1070 16 1 -1070 0 0 
23715 608 -1070 -600 -1070 16 1 -1070 0 0 
23720 607 -1070 -600 -1070 16 1 -1070 0 0 
23725 603 -1070 -603 -1070 16 1 -1070 0 0 
23730 599 -1070 -603 -1070 16 1 -1070 0 0 
23735 596 -1073 -603 -1073 16 1 -1073 0 0 
23740 594 -1073 -600 -1073 16 1 -1073 0 0 
23745 590 -1073 -600 -1073 16 1 -1073 0 0 
23750 587 -1073 -600 -1073 16 1 -1073 0 0 
23755 585 -1070 -600 -1070 16 1 -1070 0 0 
23760 581 -1065 -603 -1065 16 1 -1065 0 0 
23765 579 -1062 -600 -1062 16 1 -1062 0 0 
23770 576 -1055 -600 -1055 16 1 -1055 0 0 
23775 572 -1055 -600 -1055 16 1 -1055 0 0 
23780 569 -1050 -600 -1050 16 1 -1050 0 0 
23785 567 -1050 -600 -1050 16 1 -1050 0 0 
23790 563 -1050 -603 -1050 16 1 -1050 0 0 
23795 560 -1050 -600 -1050 16 1 -1050 0 0 
23800 555 -1050 -600 -1050 16 1 -1050 0 0 
23805 553 -1050 -600 -1050 16 1 -1050 0 0 
23810 549 -1047 -600 -1047 16 1 -1047 0 0 
23815 548 -1043 -603 -1043 16 1 -1043 0 0 
23820 544 -1043 -603 -1043 16 1 -1043 0 0 
23825 540 -1043 -600 -1043 16 1 -1043 0 0 
23830 537 -1043 -600 -1043 16 1 -1043 0 0 
23835 535 -1043 -603 -1043 16 1 -1043 0 0 
23840 531 -1040 -600 -1040 16 1 -1040 0 0 
23845 528 -1040 -600 -1040 16 1 -1040 0 0 
23850 526 -1040 -600 -1040 16 1 -1040 0 0 
23855 522 -1040 -603 -1040 16 1 -1040 0 0 
23860 520 -1035 -600 -1035 16 1 -1035 0 0 
23865 517 -1032 -600 -1032 16 1 -1032 0 0 
23870 513 -1028 -600 -1028 16 1 -1028 0 0 
23875 510 -1028 -603 -1028 16 1 -1028 0 0 
23880 508 -1025 -603 -1025 16 1 -1025 0 0 
23885 504 -1025 -603 -1025 16 1 -1025 0 0 
23890 500 -1020 -600 -1020 16 1 -1020 0 0 
23895 499 -1020 -603 -1020 16 1 -1020 0 0 
23900 495 -1020 -600 -1020 16 1 -1020 0 0 
23905 491 -1020 -600 -1020 16 1 -1020 0 0 
23910 488 -1017 -600 -1017 16 1 -1017 0 0 
23915 486 -1013 -600 -1013 16 1 -1013 0 0 
23920 482 -1013 -600 -1013 16 1 -1013 0 0 
23925 481 -1010 -600 -1010 16 1 -1010 0 0 
23930 477 -1005 -603 -1005 16 1 -1005 0 0 
23935 473 -1002 -600 -1002 16 1 -1002 0 0 
23940 470 -998 -600 -998 16 1 -998 0 0 
23945 468 -995 -600 -995 16 1 -995 0 0 
23950 464 -990 -600 -990 16 1 -990 0 0 
23955 461 -983 -603 -983 16 1 -983 0 0 
23960 457 -975 -600 -975 16 1 -975 0 0 
23965 455 -972 -600 -972 16 1 -972 0 0 
23970 452 -965 -600 -965 16 1 -965 0 0 
23975 448 -957 -600 -957 16 1 -957 0 0 
23980 446 -950 -600 -950 16 1 -950 0 0 
23985 442 -942 -600 -942 16 1 -942 0 0 
23990 441 -935 -600 -935 16 1 -935 0 0 
23995 437 -923 -600 -923 16 1 -923 0 0 
24000 433 -915 -600 -915 16 1 -915 0 0 
24005 432 -908 -600 -908 16 1 -908 0 0 
24010 428 -900 -603 -900 16 1 -900 0 0 
24015 426 -890 -600 -890 16 1 -890 0 0 
24020 423 -882 -600 -882 16 1 -882 0 0 
24025 419 -875 -600 -875 16 1 -875 0 0 
24030 415 -867 -600 -867 16 1 -867 0 0 
24035 413 -855 -600 -855 16 1 -855 0 0 
24040 410 -852 -603 -852 16 1 -852 0 0 
24045 406 -845 -603 -845 16 1 -845 0 0 
24050 404 -833 -603 -833 16 1 -833 0 0 
24055 401 -822 -603 -822 16 1 -822 0 0 
24060 397 -815 -603 -815 16 1 -815 0 0 
24065 395 -807 -600 -807 16 1 -807 0 0 
24070 392 -800 -603 -800 16 1 -800 0 0 
24075 390 -792 -600 -792 16 1 -792 0 0 
24080 386 -780 -600 -780 16 1 -780 0 0 
24085 383 -773 -600 -773 16 1 -773 0 0 
24090 381 -765 -600 -765 16 1 -765 0 0 
24095 377 -758 -600 -758 16 1 -758 0 0 
24100 375 -750 -600 -750 16 1 -750 0 0 
24105 372 -743 -600 -743 16 1 -743 0 0 
24110 368 -735 -600 -735 16 1 -735 0 0 
24115 364 -725 -600 -725 16 1 -725 0 0 
24120 363 -717 -603 -717 16 1 -717 0 0 
24125 359 -705 -600 -705 16 1 -705 0 0 
24130 357 -698 -600 -698 16 1 -698 0 0 
24135 352 -687 -600 -687 16 1 -687 0 0 
24140 350 -672 -600 -672 16 1 -672 0 0 
24145 346 -660 -600 -660 16 1 -660 0 0 
24150 345 -650 -603 -650 16 1 -650 0 0 
24155 341 -630 -600 -630 16 1 -630 0 0 
24160 337 -620 -600 -620 16 1 -620 0 0 
24165 335 -600 -603 -600 16 1 -600 0 0 
24170 331 -585 -600 -585 16 1 -585 0 0 
24175 327 -570 -600 -570 16 1 -570 0 0 
24180 325 -555 -600 -555 16 1 -555 0 0 
24185 322 -545 -603 -545 16 1 -545 0 0 
24190 320 -530 -600 -530 16 1 -530 0 0 
24195 316 -510 -600 -510 16 1 -510 0 0 
24200 313 -500 -600 -500 16 1 -500 0 0 
24205 311 -485 -600 -485 16 1 -485 0 0 
24210 307 -470 -600 -470 16 1 -470 0 0 
24215 304 -450 -600 -450 16 1 -450 0 0 
24220 300 -435 -600 -435 16 1 -435 0 0 
24225 298 -420 -600 -420 16 1 -420 0 0 
24230 295 -405 -600 -405 16 1 -405 0 0 
24235 291 -390 -600 -390 16 1 -390 0 0 
24240 289 -380 -600 -380 16 1 -380 0 0 
24245 285 -365 -600 -365 16 1 -365 0 0 
24250 284 -350 -603 -350 16 1 -350 0 0 
24255 280 -335 -600 -335 16 1 -335 0 0 
24260 276 -320 -600 -320 16 1 -320 0 0 
24265 275 -308 -600 -308 16 1 -308 0 0 
24270 271 -293 -600 -293 16 1 -293 0 0 
24275 267 -278 -593 -278 16 1 -278 0 0 
24280 266 -267 -585 -267 16 1 -267 0 0 
24285 262 -255 -573 -255 16 1 -255 0 0 
24290 258 -240 -565 -240 16 1 -240 0 0 
24295 255 -233 -553 -233 16 1 -233 0 0 
24300 253 -222 -550 -222 16 1 -222 0 0 
24305 251 -215 -538 -215 16 1 -215 0 0 
24310 249 -207 -528 -207 16 1 -207 0 0 
24315 246 -195 -520 -195 16 1 -195 0 0 
24320 244 -188 -510 -188 16 1 -188 0 0 
24325 240 -177 -503 -177 16 1 -177 0 0 
24330 238 -170 -493 -170 16 1 -170 0 0 
24335 235 -158 -485 -158 16 1 -158 0 0 
24340 233 -147 -473 -147 16 1 -147 0 0 
24345 231 -140 -463 -140 16 1 -140 0 0 
24350 227 -128 -455 -128 16 1 -128 0 0 
24355 226 -117 -445 -117 16 1 -117 0 0 
24360 224 -102 -438 -102 16 1 -102 0 0 
24365 222 -95 -430 -95 16 1 -95 0 0 
24370 218 -83 -420 -83 16 1 -83 0 0 
24375 217 -72 -405 -72 16 1 -72 0 0 
24380 217 -60 -398 -60 16 1 -60 0 0 
24385 213 -53 -393 -53 16 1 -53 0 0 
24390 211 -42 -380 -42 16 1 -42 0 0 
24395 209 -27 -368 -27 16 1 -27 0 0 
24400 207 -12 -355 -12 16 1 -12 0 0 
24405 206 12 -340 12 16 1 12 0 0 
24410 206 35 -325 35 16 1 35 0 0 
24415 204 60 -303 60 16 1 60 0 0 
24420 202 75 -288 75 16 1 75 0 0 
24425 200 83 -265 83 16 1 83 0 0 
24430 198 90 -235 90 16 1 90 0 0 
24435 198 98 -208 98 16 1 98 0 0 
24440 197 110 -175 110 16 1 110 0 0 
24445 197 120 -148 120 16 1 120 0 0 
24450 197 128 -115 128 16 1 128 0 0 
24455 195 135 -75 135 16 1 135 0 0 
24460 195 143 -35 143 16 1 143 0 0 
24465 195 147 -0 147 16 1 147 0 0 
24470 195 150 5 150 16 1 150 0 0 
24475 195 158 53 158 16 1 158 0 0 
24480 195 165 100 165 16 1 165 0 0 
24485 197 173 148 173 16 1 173 0 0 
24490 197 180 198 180 16 1 180 0 0 
24495 197 192 265 192 16 1 192 0 0 
24500 198 200 323 200 16 1 200 0 0 
24505 200 207 380 207 16 1 207 0 0 
24510 202 215 438 215 16 1 215 0 0 
24515 204 218 508 218 16 1 218 0 0 
24520 206 215 565 215 16 1 215 0 0 
24525 207 210 593 210 17 1 210 0 0 
24530 211 207 600 207 17 1 207 0 0 
24535 215 200 600 200 17 1 200 0 0 
24540 218 200 600 200 17 1 200 0 0 
24545 220 203 598 203 17 1 203 0 0 
24550 224 215 600 215 17 1 215 0 0 
24555 227 237 600 237 17 1 237 0 0 
24560 229 263 600 263 17 1 263 0 0 
24565 233 293 598 293 17 1 293 0 0 
24570 237 320 600 320 17 1 320 0 0 
24575 238 345 600 345 17 1 345 0 0 
24580 242 368 600 368 17 1 368 0 0 
24585 246 383 598 383 17 1 383 0 0 
24590 247 390 600 390 17 1 390 0 0 
24595 251 398 598 398 17 1 398 0 0 
24600 255 402 600 402 17 1 402 0 0 
24605 256 402 600 402 17 1 402 0 0 
24610 260 405 598 405 17 1 405 0 0 
24615 264 413 600 413 17 1 413 0 0 
24620 267 417 598 417 17 1 417 0 0 
24625 269 428 600 428 17 1 428 0 0 
24630 273 432 598 432 17 1 432 0 0 
24635 276 440 600 440 17 1 440 0 0 
24640 278 443 600 443 17 1 443 0 0 
24645 282 435 600 435 17 1 435 0 0 
24650 285 435 598 435 17 1 435 0 0 
24655 289 432 600 432 17 1 432 0 0 
24660 291 425 600 425 17 1 425 0 0 
24665 295 425 600 425 17 1 425 0 0 
24670 296 428 598 428 17 1 428 0 0 
24675 300 432 600 432 17 1 432 0 0 
24680 304 440 598 440 17 1 440 0 0 
24685 305 443 598 443 17 1 443 0 0 
24690 309 450 600 450 17 1 450 0 0 
24695 313 455 600 455 17 1 455 0 0 
24700 316 458 600 458 17 1 458 0 0 
24705 318 462 600 462 17 1 462 0 0 
24710 322 462 600 462 17 1 462 0 0 
24715 325 470 598 470 17 1 470 0 0 
24720 327 473 600 473 17 1 473 0 0 
24725 331 480 600 480 17 1 480 0 0 
24730 334 485 598 485 17 1 485 0 0 
24735 337 495 598 495 17 1 495 0 0 
24740 341 503 600 503 17 1 503 0 0 
24745 345 510 598 510 17 1 510 0 0 
24750 346 515 600 515 17 1 515 0 0 
24755 350 522 600 522 17 1 522 0 0 
24760 354 530 600 530 17 1 530 0 0 
24765 354 533 600 533 17 1 533 0 0 
24770 357 540 600 540 17 1 540 0 0 
24775 361 548 600 548 17 1 548 0 0 
24780 364 555 600 555 17 1 555 0 0 
24785 368 560 600 560 17 1 560 0 0 
24790 370 563 600 563 17 1 563 0 0 
24795 374 563 598 563 17 1 563 0 0 
24800 377 567 600 567 17 1 567 0 0 
24805 379 567 600 567 17 1 567 0 0 
24810 383 567 600 567 17 1 567 0 0 
24815 386 570 600 570 17 1 570 0 0 
24820 388 570 598 570 17 1 570 0 0 
24825 392 570 600 570 17 1 570 0 0 
24830 395 575 600 575 17 1 575 0 0 
24835 397 575 600 575 17 1 575 0 0 
24840 401 578 600 578 17 1 578 0 0 
24845 404 578 598 578 17 1 578 0 0 
24850 406 582 600 582 17 1 582 0 0 
24855 410 585 600 585 17 1 585 0 0 
24860 412 585 600 585 17 1 585 0 0 
24865 415 590 598 590 17 1 590 0 0 
24870 417 593 600 593 17 1 593 0 0 
24875 421 597 600 597 17 1 597 0 0 
24880 424 597 598 597 17 1 597 0 0 
24885 428 600 600 600 17 1 600 0 0 
24890 430 605 600 605 17 1 605 0 0 
24895 433 612 598 612 17 1 612 0 0 
24900 435 612 600 612 17 1 612 0 0 
24905 439 615 598 615 17 1 615 0 0 
24910 442 620 600 620 17 1 620 0 0 
24915 446 623 598 623 17 1 623 0 0 
24920 448 623 600 623 17 1 623 0 0 
24925 452 623 600 623 17 1 623 0 0 
24930 453 623 600 623 17 1 623 0 0 
24935 457 623 598 623 17 1 623 0 0 
24940 459 620 600 620 17 1 620 0 0 
24945 462 620 598 620 17 1 620 0 0 
24950 466 615 598 615 17 1 615 0 0 
24955 470 615 600 615 17 1 615 0 0 
24960 471 615 600 615 17 1 615 0 0 
24965 475 615 598 615 17 1 615 0 0 
24970 479 615 600 615 17 1 615 0 0 
24975 482 615 600 615 17 1 615 0 0 
24980 486 620 600 620 17 1 620 0 0 
24985 488 620 600 620 17 1 620 0 0 
24990 491 623 598 623 17 1 623 0 0 
24995 495 623 598 623 17 1 623 0 0 
25000 497 627 600 627 17 1 627 0 0 
25005 500 627 600 627 17 1 627 0 0 
25010 504 627 600 627 17 1 627 0 0 
25015 506 630 600 630 17 1 630 0 0 
25020 510 630 598 630 17 1 630 0 0 
25025 513 635 600 635 17 1 635 0 0 
25030 515 635 600 635 17 1 635 0 0 
25035 519 635 600 635 17 1 635 0 0 
25040 520 635 598 635 17 1 635 0 0 
25045 524 635 598 635 17 1 635 0 0 
25050 528 635 598 635 17 1 635 0 0 
25055 530 635 598 635 17 1 635 0 0 
25060 533 630 598 630 17 1 630 0 0 
25065 535 630 600 630 17 1 630 0 0 
25070 539 627 600 627 17 1 627 0 0 
25075 542 623 598 623 17 1 623 0 0 
25080 546 623 600 623 17 1 623 0 0 
25085 548 620 600 620 17 1 620 0 0 
25090 551 620 600 620 17 1 620 0 0 
25095 555 620 600 620 17 1 620 0 0 
25100 558 620 600 620 17 1 620 0 0 
25105 561 620 600 620 17 1 620 0 0 
25110 563 620 598 620 17 1 620 0 0 
25115 567 620 600 620 17 1 620 0 0 
25120 570 620 600 620 17 1 620 0 0 
25125 574 620 600 620 17 1 620 0 0 
25130 576 620 600 620 17 1 620 0 0 
25135 579 615 600 615 17 1 615 0 0 
25140 581 615 600 615 17 1 615 0 0 
25145 585 612 600 612 17 1 612 0 0 
25150 589 612 600 612 17 1 612 0 0 
25155 592 608 598 608 17 1 608 0 0 
25160 594 605 600 605 17 1 605 0 0 
25165 596 600 600 600 17 1 600 0 0 
25170 599 597 598 597 17 1 597 0 0 
25175 603 593 600 593 17 1 593 0 0 
25180 607 593 600 593 17 1 593 0 0 
25185 608 590 598 590 17 1 590 0 0 
25190 612 590 600 590 17 1 590 0 0 
25195 614 585 600 585 17 1 585 0 0 
25200 618 590 598 590 17 1 590 0 0 
25205 621 585 598 585 17 1 585 0 0 
25210 623 585 600 585 17 1 585 0 0 
25215 627 582 598 582 17 1 582 0 0 
25220 630 582 600 582 17 1 582 0 0 
25225 634 582 600 582 17 1 582 0 0 
25230 636 578 600 578 17 1 578 0 0 
25235 639 575 600 575 17 1 575 0 0 
25240 641 575 598 575 17 1 575 0 0 
25245 645 575 600 575 17 1 575 0 0 
25250 647 570 600 570 17 1 570 0 0 
25255 650 567 598 567 17 1 567 0 0 
25260 654 563 598 563 17 1 563 0 0 
25265 656 563 598 563 17 1 563 0 0 
25270 659 563 600 563 17 1 563 0 0 
25275 663 560 600 560 17 1 560 0 0 
25280 667 555 600 555 17 1 555 0 0 
25285 668 552 600 552 17 1 552 0 0 
25290 672 548 600 548 17 1 548 0 0 
25295 674 545 600 545 17 1 545 0 0 
25300 677 540 598 540 17 1 540 0 0 
25305 681 540 600 540 17 1 540 0 0 
25310 683 537 600 537 17 1 537 0 0 
25315 686 533 600 533 17 1 533 0 0 
25320 688 533 598 533 17 1 533 0 0 
25325 692 530 600 530 17 1 530 0 0 
25330 696 530 600 530 17 1 530 0 0 
25335 699 525 600 525 17 1 525 0 0 
25340 701 518 600 518 17 1 518 0 0 
25345 705 518 600 518 17 1 518 0 0 
25350 706 515 598 515 17 1 515 0 0 
25355 710 507 598 507 17 1 507 0 0 
25360 714 503 600 503 17 1 503 0 0 
25365 715 500 600 500 17 1 500 0 0 
25370 719 495 600 495 17 1 495 0 0 
25375 723 488 600 488 17 1 488 0 0 
25380 725 485 598 485 17 1 485 0 0 
25385 728 480 600 480 17 1 480 0 0 
25390 730 473 600 473 17 1 473 0 0 
25395 735 470 598 470 17 1 470 0 0 
25400 737 465 600 465 17 1 465 0 0 
25405 741 462 598 462 17 1 462 0 0 
25410 743 455 600 455 17 1 455 0 0 
25415 748 450 600 450 17 1 450 0 0 
25420 750 447 598 447 17 1 447 0 0 
25425 752 440 600 440 17 1 440 0 0 
25430 755 432 600 432 17 1 432 0 0 
25435 759 425 600 425 17 1 425 0 0 
25440 761 420 600 420 17 1 420 0 0 
25445 764 413 600 413 17 1 413 0 0 
25450 766 410 600 410 17 1 410 0 0 
25455 770 402 600 402 17 1 402 0 0 
25460 774 398 600 398 17 1 398 0 0 
25465 775 390 600 390 17 1 390 0 0 
25470 780 383 600 383 17 1 383 0 0 
25475 784 372 593 372 17 1 372 0 0 
25480 785 365 578 365 17 1 365 0 0 
25485 789 357 573 357 17 1 357 0 0 
25490 791 350 563 350 17 1 350 0 0 
25495 794 342 553 342 17 1 342 0 0 
25500 796 338 548 338 17 1 338 0 0 
25505 800 338 538 338 17 1 338 0 0 
25510 802 335 525 335 17 1 335 0 0 
25515 805 335 515 335 17 1 335 0 0 
25520 807 335 510 335 17 1 335 0 0 
25525 809 330 495 330 17 1 330 0 0 
25530 813 323 485 323 17 1 323 0 0 
25535 814 320 480 320 17 1 320 0 0 
25540 816 315 475 315 17 1 315 0 0 
25545 820 308 463 308 17 1 308 0 0 
25550 822 300 450 300 17 1 300 0 0 
25555 823 293 445 293 17 1 293 0 0 
25560 827 285 435 285 17 1 285 0 0 
25565 827 275 430 275 17 1 275 0 0 
25570 831 267 420 267 17 1 267 0 0 
25575 833 255 405 255 17 1 255 0 0 
25580 834 248 403 248 17 1 248 0 0 
25585 836 240 393 240 17 1 240 0 0 
25590 838 237 380 237 17 1 237 0 0 
25595 840 230 370 230 17 1 230 0 0 
25600 842 222 363 222 17 1 222 0 0 
25605 843 215 355 215 17 1 215 0 0 
25610 845 207 355 207 17 1 207 0 0 
25615 847 200 345 200 17 1 200 0 0 
25620 849 195 328 195 17 1 195 0 0 
25625 851 192 313 192 17 1 192 0 0 
25630 853 185 310 185 17 1 185 0 0 
25635 854 180 298 180 17 1 180 0 0 
25640 856 173 293 173 17 1 173 0 0 
25645 856 170 285 170 17 1 170 0 0 
25650 858 165 270 165 17 1 165 0 0 
25655 860 162 263 162 17 1 162 0 0 
25660 862 155 250 155 17 1 155 0 0 
25665 862 150 240 150 17 1 150 0 0 
25670 863 147 233 147 17 1 147 0 0 
25675 863 143 233 143 17 1 143 0 0 
25680 865 140 223 140 17 1 140 0 0 
25685 867 132 213 132 17 1 132 0 0 
25690 867 128 200 128 17 1 128 0 0 
25695 869 120 195 120 17 1 120 0 0 
25700 871 117 180 117 17 1 117 0 0 
25705 871 113 170 113 17 1 113 0 0 
25710 871 105 158 105 17 1 105 0 0 
25715 872 102 155 102 17 1 102 0 0 
25720 872 98 145 98 17 1 98 0 0 
25725 874 95 145 95 17 1 95 0 0 
25730 874 90 133 90 17 1 90 0 0 
25735 874 87 133 87 17 1 87 0 0 
25740 876 80 133 80 17 1 80 0 0 
25745 876 75 120 75 17 1 75 0 0 
25750 876 72 118 72 17 1 72 0 0 
25755 876 65 118 65 17 1 65 0 0 
25760 878 57 110 57 17 1 57 0 0 
25765 878 53 105 53 17 1 53 0 0 
25770 880 45 103 45 17 1 45 0 0 
25775 880 42 103 42 17 1 42 0 0 
25780 880 38 88 38 17 1 38 0 0 
25785 880 35 80 35 17 1 35 0 0 
25790 880 30 80 30 17 1 30 0 0 
25795 880 23 75 23 17 1 23 0 0 
25800 882 8 68 8 17 1 8 0 0 
25805 882 -5 55 -5 17 1 -5 0 0 
25810 882 -20 48 -20 17 1 -20 0 0 
25815 882 -30 40 -30 17 1 -30 0 0 
25820 882 -42 25 -42 17 1 -42 0 0 
25825 883 -50 13 -50 17 1 -50 0 0 
25830 882 -57 3 -57 17 1 -57 0 0 
25835 882 -60 -3 -60 17 1 -60 0 0 
25840 882 -68 -18 -68 17 1 -68 0 0 
25845 882 -75 -35 -75 17 1 -75 0 0 
25850 882 -80 -53 -80 17 1 -80 0 0 
25855 882 -80 -70 -80 17 1 -80 0 0 
25860 882 -87 -95 -87 17 1 -87 0 0 
25865 880 -95 -120 -95 17 1 -95 0 0 
25870 880 -102 -148 -102 17 1 -102 0 0 
25875 880 -110 -183 -110 17 1 -110 0 0 
25880 878 -125 -228 -125 17 1 -125 0 0 
25885 876 -140 -270 -140 17 1 -140 0 0 
25890 876 -158 -310 -158 17 1 -158 0 0 
25895 874 -173 -353 -173 17 1 -173 0 0 
25900 872 -188 -405 -188 17 1 -188 0 0 
25905 871 -192 -448 -192 17 1 -192 0 0 
25910 867 -195 -498 -195 18 1 -195 0 0 
25915 865 -200 -540 -200 18 1 -200 0 0 
25920 862 -200 -590 -200 18 1 -200 0 0 
25925 860 -195 -598 -195 18 1 -195 0 0 
25930 856 -195 -603 -195 18 1 -195 0 0 
25935 853 -195 -600 -195 18 1 -195 0 0 
25940 849 -200 -603 -200 18 1 -200 0 0 
25945 847 -210 -603 -210 18 1 -210 0 0 
25950 843 -230 -600 -230 18 1 -230 0 0 
25955 840 -245 -600 -245 18 1 -245 0 0 
25960 836 -278 -603 -278 18 1 -278 0 0 
25965 834 -300 -600 -300 18 1 -300 0 0 
25970 831 -327 -600 -327 18 1 -327 0 0 
25975 829 -345 -600 -345 18 1 -345 0 0 
25980 825 -368 -600 -368 18 1 -368 0 0 
25985 822 -380 -603 -380 18 1 -380 0 0 
25990 820 -390 -600 -390 18 1 -390 0 0 
25995 816 -390 -600 -390 18 1 -390 0 0 
26000 813 -398 -600 -398 18 1 -398 0 0 
26005 809 -398 -600 -398 18 1 -398 0 0 
26010 805 -405 -600 -405 18 1 -405 0 0 
26015 804 -413 -603 -413 18 1 -413 0 0 
26020 800 -425 -600 -425 18 1 -425 0 0 
26025 796 -435 -603 -435 18 1 -435 0 0 
26030 794 -450 -600 -450 18 1 -450 0 0 
26035 791 -470 -600 -470 18 1 -470 0 0 
26040 789 -485 -600 -485 18 1 -485 0 0 
26045 785 -495 -600 -495 18 1 -495 0 0 
26050 782 -507 -600 -507 18 1 -507 0 0 
26055 777 -515 -600 -515 18 1 -515 0 0 
26060 775 -525 -603 -525 18 1 -525 0 0 
26065 772 -530 -600 -530 18 1 -530 0 0 
26070 768 -537 -600 -537 18 1 -537 0 0 
26075 766 -540 -603 -540 18 1 -540 0 0 
26080 763 -548 -600 -548 18 1 -548 0 0 
26085 759 -552 -600 -552 18 1 -552 0 0 
26090 757 -560 -600 -560 18 1 -560 0 0 
26095 754 -570 -600 -570 18 1 -570 0 0 
26100 750 -582 -603 -582 18 1 -582 0 0 
26105 746 -593 -600 -593 18 1 -593 0 0 
26110 745 -600 -603 -600 18 1 -600 0 0 
26115 741 -615 -603 -615 18 1 -615 0 0 
26120 737 -627 -600 -627 18 1 -627 0 0 
26125 734 -638 -600 -638 18 1 -638 0 0 
26130 730 -650 -600 -650 18 1 -650 0 0 
26135 728 -660 -600 -660 18 1 -660 0 0 
26140 725 -672 -600 -672 18 1 -672 0 0 
26145 723 -683 -600 -683 18 1 -683 0 0 
26150 719 -698 -603 -698 18 1 -698 0 0 
26155 715 -710 -600 -710 18 1 -710 0 0 
26160 714 -728 -603 -728 18 1 -728 0 0 
26165 710 -743 -600 -743 18 1 -743 0 0 
26170 706 -762 -600 -762 18 1 -762 0 0 
26175 703 -777 -603 -777 18 1 -777 0 0 
26180 701 -800 -600 -800 18 1 -800 0 0 
26185 697 -815 -600 -815 18 1 -815 0 0 
26190 694 -830 -600 -830 18 1 -830 0 0 
26195 690 -845 -600 -845 18 1 -845 0 0 
26200 688 -860 -600 -860 18 1 -860 0 0 
26205 685 -875 -600 -875 18 1 -875 0 0 
26210 681 -885 -600 -885 18 1 -885 0 0 
26215 679 -900 -600 -900 18 1 -900 0 0 
26220 676 -915 -600 -915 18 1 -915 0 0 
26225 674 -930 -603 -930 18 1 -930 0 0 
26230 670 -942 -600 -942 18 1 -942 0 0 
26235 667 -950 -603 -950 18 1 -950 0 0 
26240 663 -960 -600 -960 18 1 -960 0 0 
26245 659 -968 -600 -968 18 1 -968 0 0 
26250 657 -975 -600 -975 18 1 -975 0 0 
26255 654 -987 -600 -987 18 1 -987 0 0 
26260 652 -995 -600 -995 18 1 -995 0 0 
26265 648 -1005 -600 -1005 18 1 -1005 0 0 
26270 645 -1013 -600 -1013 18 1 -1013 0 0 
26275 643 -1017 -600 -1017 18 1 -1017 0 0 
26280 638 -1025 -600 -1025 18 1 -1025 0 0 
26285 636 -1032 -600 -1032 18 1 -1032 0 0 
26290 634 -1035 -603 -1035 18 1 -1035 0 0 
26295 630 -1040 -600 -1040 18 1 -1040 0 0 
26300 627 -1043 -603 -1043 18 1 -1043 0 0 
26305 623 -1047 -603 -1047 18 1 -1047 0 0 
26310 619 -1047 -600 -1047 18 1 -1047 0 0 
26315 618 -1047 -600 -1047 18 1 -1047 0 0 
26320 614 -1047 -603 -1047 18 1 -1047 0 0 
26325 610 -1050 -600 -1050 18 1 -1050 0 0 
26330 608 -1047 -603 -1047 18 1 -1047 0 0 
26335 607 -1050 -600 -1050 18 1 -1050 0 0 
26340 601 -1047 -600 -1047 18 1 -1047 0 0 
26345 598 -1047 -600 -1047 18 1 -1047 0 0 
26350 596 -1043 -600 -1043 18 1 -1043 0 0 
26355 592 -1043 -603 -1043 18 1 -1043 0 0 
26360 589 -1040 -600 -1040 18 1 -1040 0 0 
26365 587 -1035 -600 -1035 18 1 -1035 0 0 
26370 583 -1035 -600 -1035 18 1 -1035 0 0 
26375 581 -1032 -603 -1032 18 1 -1032 0 0 
26380 578 -1028 -600 -1028 18 1 -1028 0 0 
26385 574 -1028 -603 -1028 18 1 -1028 0 0 
26390 570 -1025 -600 -1025 18 1 -1025 0 0 
26395 569 -1025 -600 -1025 18 1 -1025 0 0 
26400 565 -1025 -600 -1025 18 1 -1025 0 0 
26405 563 -1020 -600 -1020 18 1 -1020 0 0 
26410 560 -1020 -600 -1020 18 1 -1020 0 0 
26415 555 -1017 -600 -1017 18 1 -1017 0 0 
26420 551 -1013 -600 -1013 18 1 -1013 0 0 
26425 549 -1013 -603 -1013 18 1 -1013 0 0 
26430 548 -1013 -600 -1013 18 1 -1013 0 0 
26435 542 -1010 -600 -1010 18 1 -1010 0 0 
26440 540 -1002 -603 -1002 18 1 -1002 0 0 
26445 537 -998 -600 -998 18 1 -998 0 0 
26450 533 -995 -600 -995 18 1 -995 0 0 
26455 531 -987 -603 -987 18 1 -987 0 0 
26460 528 -983 -600 -983 18 1 -983 0 0 
26465 524 -980 -603 -980 18 1 -980 0 0 
26470 522 -975 -600 -975 18 1 -975 0 0 
26475 519 -972 -600 -972 18 1 -972 0 0 
26480 515 -968 -600 -968 18 1 -968 0 0 
26485 513 -968 -600 -968 18 1 -968 0 0 
26490 510 -968 -600 -968 18 1 -968 0 0 
26495 508 -965 -603 -965 18 1 -965 0 0 
26500 504 -965 -600 -965 18 1 -965 0 0 
26505 500 -965 -603 -965 18 1 -965 0 0 
26510 497 -960 -600 -960 18 1 -960 0 0 
26515 495 -957 -600 -957 18 1 -957 0 0 
26520 491 -957 -600 -957 18 1 -957 0 0 
26525 488 -953 -600 -953 18 1 -953 0 0 
26530 484 -945 -603 -945 18 1 -945 0 0 
26535 482 -942 -600 -942 18 1 -942 0 0 
26540 479 -938 -600 -938 18 1 -938 0 0 
26545 475 -935 -600 -935 18 1 -935 0 0 
26550 473 -927 -600 -927 18 1 -927 0 0 
26555 470 -923 -603 -923 18 1 -923 0 0 
26560 466 -915 -603 -915 18 1 -915 0 0 
26565 462 -908 -600 -908 18 1 -908 0 0 
26570 461 -905 -600 -905 18 1 -905 0 0 
26575 457 -900 -600 -900 18 1 -900 0 0 
26580 453 -897 -600 -897 18 1 -897 0 0 
26585 452 -893 -600 -893 18 1 -893 0 0 
26590 448 -890 -600 -890 18 1 -890 0 0 
26595 444 -890 -603 -890 18 1 -890 0 0 
26600 441 -885 -600 -885 18 1 -885 0 0 
26605 439 -885 -600 -885 18 1 -885 0 0 
26610 435 -882 -603 -882 18 1 -882 0 0 
26615 433 -882 -600 -882 18 1 -882 0 0 
26620 430 -875 -600 -875 18 1 -875 0 0 
26625 426 -875 -600 -875 18 1 -875 0 0 
26630 424 -870 -600 -870 18 1 -870 0 0 
26635 421 -863 -600 -863 18 1 -863 0 0 
26640 417 -860 -600 -860 18 1 -860 0 0 
26645 415 -855 -603 -855 18 1 -855 0 0 
26650 412 -852 -600 -852 18 1 -852 0 0 
26655 410 -845 -600 -845 18 1 -845 0 0 
26660 406 -837 -600 -837 18 1 -837 0 0 
26665 403 -833 -603 -833 18 1 -833 0 0 
26670 399 -825 -600 -825 18 1 -825 0 0 
26675 397 -822 -603 -822 18 1 -822 0 0 
26680 393 -815 -600 -815 18 1 -815 0 0 
26685 392 -807 -603 -807 18 1 -807 0 0 
26690 388 -800 -600 -800 18 1 -800 0 0 
26695 386 -795 -600 -795 18 1 -795 0 0 
26700 383 -788 -600 -788 18 1 -788 0 0 
26705 379 -780 -603 -780 18 1 -780 0 0 
26710 375 -773 -600 -773 18 1 -773 0 0 
26715 374 -770 -600 -770 18 1 -770 0 0 
26720 370 -762 -600 -762 18 1 -762 0 0 
26725 368 -755 -600 -755 18 1 -755 0 0 
26730 364 -747 -600 -747 18 1 -747 0 0 
26735 361 -740 -600 -740 18 1 -740 0 0 
26740 357 -732 -600 -732 18 1 -732 0 0 
26745 355 -725 -600 -725 18 1 -725 0 0 
26750 352 -720 -603 -720 18 1 -720 0 0 
26755 350 -713 -600 -713 18 1 -713 0 0 
26760 345 -702 -600 -702 18 1 -702 0 0 
26765 343 -698 -603 -698 18 1 -698 0 0 
26770 339 -687 -600 -687 18 1 -687 0 0 
26775 337 -680 -600 -680 18 1 -680 0 0 
26780 334 -668 -603 -668 18 1 -668 0 0 
26785 329 -657 -600 -657 18 1 -657 0 0 
26790 327 -645 -600 -645 18 1 -645 0 0 
26795 324 -638 -600 -638 18 1 -638 0 0 
26800 322 -623 -603 -623 18 1 -623 0 0 
26805 318 -612 -600 -612 18 1 -612 0 0 
26810 314 -605 -600 -605 18 1 -605 0 0 
26815 313 -590 -603 -590 18 1 -590 0 0 
26820 307 -578 -600 -578 18 1 -578 0 0 
26825 305 -567 -600 -567 18 1 -567 0 0 
26830 302 -555 -603 -555 18 1 -555 0 0 
26835 300 -545 -600 -545 18 1 -545 0 0 
26840 296 -533 -600 -533 18 1 -533 0 0 
26845 293 -522 -600 -522 18 1 -522 0 0 
26850 291 -510 -600 -510 18 1 -510 0 0 
26855 287 -495 -600 -495 18 1 -495 0 0 
26860 284 -485 -600 -485 18 1 -485 0 0 
26865 282 -470 -600 -470 18 1 -470 0 0 
26870 278 -455 -603 -455 18 1 -455 0 0 
26875 276 -443 -600 -443 18 1 -443 0 0 
26880 273 -428 -600 -428 18 1 -428 0 0 
26885 269 -413 -598 -413 18 1 -413 0 0 
26890 266 -398 -590 -398 18 1 -398 0 0 
26895 264 -387 -580 -387 18 1 -387 0 0 
26900 260 -372 -565 -372 18 1 -372 0 0 
26905 258 -357 -560 -357 18 1 -357 0 0 
26910 255 -345 -553 -345 18 1 -345 0 0 
26915 253 -335 -540 -335 18 1 -335 0 0 
26920 249 -323 -533 -323 18 1 -323 0 0 
26925 247 -312 -525 -312 18 1 -312 0 0 
26930 244 -305 -520 -305 18 1 -305 0 0 
26935 242 -290 -508 -290 18 1 -290 0 0 
26940 238 -278 -495 -278 18 1 -278 0 0 
26945 237 -263 -485 -263 18 1 -263 0 0 
26950 235 -252 -480 -252 18 1 -252 0 0 
26955 231 -240 -470 -240 18 1 -240 0 0 
26960 229 -230 -460 -230 18 1 -230 0 0 
26965 227 -215 -448 -215 18 1 -215 0 0 
26970 226 -203 -445 -203 18 1 -203 0 0 
26975 222 -188 -435 -188 18 1 -188 0 0 
26980 220 -173 -420 -173 18 1 -173 0 0 
26985 218 -162 -415 -162 18 1 -162 0 0 
26990 217 -147 -408 -147 18 1 -147 0 0 
26995 215 -135 -398 -135 18 1 -135 0 0 
27000 211 -120 -385 -120 18 1 -120 0 0 
27005 211 -110 -378 -110 18 1 -110 0 0 
27010 209 -98 -370 -98 18 1 -98 0 0 
27015 207 -83 -368 -83 18 1 -83 0 0 
27020 206 -75 -353 -75 18 1 -75 0 0 
27025 204 -65 -345 -65 18 1 -65 0 0 
27030 202 -53 -330 -53 18 1 -53 0 0 
27035 200 -45 -325 -45 18 1 -45 0 0 
27040 198 -35 -313 -35 18 1 -35 0 0 
27045 197 -27 -300 -27 18 1 -27 0 0 
27050 197 -12 -290 -12 18 1 -12 0 0 
27055 195 8 -278 8 18 1 8 0 0 
27060 193 30 -260 30 18 1 30 0 0 
27065 191 50 -248 50 18 1 50 0 0 
27070 191 60 -228 60 18 1 60 0 0 
27075 189 68 -213 68 18 1 68 0 0 
27080 188 75 -188 75 18 1 75 0 0 
27085 188 80 -165 80 18 1 80 0 0 
27090 188 83 -140 83 18 1 83 0 0 
27095 186 95 -110 95 18 1 95 0 0 
27100 186 105 -78 105 18 1 105 0 0 
27105 184 113 -50 113 18 1 113 0 0 
27110 186 120 -15 120 18 1 120 0 0 
27115 186 125 -0 125 18 1 125 0 0 
27120 184 128 13 128 18 1 128 0 0 
27125 184 132 43 132 18 1 132 0 0 
27130 186 140 78 140 18 1 140 0 0 
27135 184 143 118 143 18 1 143 0 0 
27140 186 150 168 150 18 1 150 0 0 
27145 188 155 208 155 18 1 155 0 0 
27150 188 155 248 155 18 1 155 0 0 
27155 189 155 293 155 18 1 155 0 0 
27160 191 155 345 155 18 1 155 0 0 
27165 193 155 385 155 18 1 155 0 0 
27170 195 150 435 150 18 1 150 0 0 
27175 197 147 480 147 18 1 147 0 0 
27180 198 147 538 147 19 1 147 0 0 
27185 202 147 585 147 19 1 147 0 0 
27190 204 147 598 147 19 1 147 0 0 
27195 207 147 600 147 19 1 147 0 0 
27200 209 155 598 155 19 1 155 0 0 
27205 213 158 600 158 19 1 158 0 0 
27210 217 162 598 162 19 1 162 0 0 
27215 218 173 600 173 19 1 173 0 0 
27220 222 188 600 188 19 1 188 0 0 
27225 226 210 598 210 19 1 210 0 0 
27230 227 237 600 237 19 1 237 0 0 
27235 231 260 600 260 19 1 260 0 0 
27240 235 282 600 282 19 1 282 0 0 
27245 238 308 600 308 19 1 308 0 0 
27250 240 327 598 327 19 1 327 0 0 
27255 244 338 600 338 19 1 338 0 0 
27260 246 345 598 345 19 1 345 0 0 
27265 249 350 600 350 19 1 350 0 0 
27270 253 353 598 353 19 1 353 0 0 
27275 256 353 598 353 19 1 353 0 0 
27280 258 357 598 357 19 1 357 0 0 
27285 262 365 600 365 19 1 365 0 0 
27290 266 380 598 380 19 1 380 0 0 
27295 267 390 600 390 19 1 390 0 0 
27300 271 402 600 402 19 1 402 0 0 
27305 275 410 600 410 19 1 410 0 0 
27310 276 417 598 417 19 1 417 0 0 
27315 280 420 600 420 19 1 420 0 0 
27320 284 425 600 425 19 1 425 0 0 
27325 287 425 598 425 19 1 425 0 0 
27330 289 420 600 420 19 1 420 0 0 
27335 293 417 598 417 19 1 417 0 0 
27340 295 417 600 417 19 1 417 0 0 
27345 298 417 600 417 19 1 417 0 0 
27350 302 420 600 420 19 1 420 0 0 
27355 304 425 598 425 19 1 425 0 0 
27360 307 428 598 428 19 1 428 0 0 
27365 311 428 600 428 19 1 428 0 0 
27370 314 428 600 428 19 1 428 0 0 
27375 316 432 600 432 19 1 432 0 0 
27380 320 428 600 428 19 1 428 0 0 
27385 324 432 600 432 19 1 432 0 0 
27390 325 432 600 432 19 1 432 0 0 
27395 327 435 598 435 19 1 435 0 0 
27400 331 440 598 440 19 1 440 0 0 
27405 335 443 600 443 19 1 443 0 0 
27410 339 450 600 450 19 1 450 0 0 
27415 341 458 598 458 19 1 458 0 0 
27420 345 465 600 465 19 1 465 0 0 
27425 348 477 600 477 19 1 477 0 0 
27430 350 488 600 488 19 1 488 0 0 
27435 354 500 600 500 19 1 500 0 0 
27440 357 507 600 507 19 1 507 0 0 
27445 359 522 600 522 19 1 522 0 0 
27450 363 530 598 530 19 1 530 0 0 
27455 366 537 600 537 19 1 537 0 0 
27460 368 545 600 545 19 1 545 0 0 
27465 372 552 600 552 19 1 552 0 0 
27470 375 555 600 555 19 1 555 0 0 
27475 377 560 600 560 19 1 560 0 0 
27480 381 560 600 560 19 1 560 0 0 
27485 384 563 600 563 19 1 563 0 0 
27490 386 563 600 563 19 1 563 0 0 
27495 390 560 600 560 19 1 560 0 0 
27500 392 560 598 560 19 1 560 0 0 
27505 395 560 598 560 19 1 560 0 0 
27510 399 555 600 555 19 1 555 0 0 
27515 403 560 600 560 19 1 560 0 0 
27520 404 555 600 555 19 1 555 0 0 
27525 408 560 598 560 19 1 560 0 0 
27530 410 560 598 560 19 1 560 0 0 
27535 413 560 598 560 19 1 560 0 0 
27540 415 563 600 563 19 1 563 0 0 
27545 421 563 600 563 19 1 563 0 0 
27550 423 563 600 563 19 1 563 0 0 
27555 426 567 600 567 19 1 567 0 0 
27560 428 570 598 570 19 1 570 0 0 
27565 432 575 598 575 19 1 575 0 0 
27570 435 582 600 582 19 1 582 0 0 
27575 437 585 600 585 19 1 585 0 0 
27580 441 590 600 590 19 1 590 0 0 
27585 444 593 600 593 19 1 593 0 0 
27590 446 597 600 597 19 1 597 0 0 
27595 450 600 598 600 19 1 600 0 0 
27600 452 605 598 605 19 1 605 0 0 
27605 455 608 600 608 19 1 608 0 0 
27610 459 608 598 608 19 1 608 0 0 
27615 462 612 598 612 19 1 612 0 0 
27620 464 612 600 612 19 1 612 0 0 
27625 468 615 600 615 19 1 615 0 0 
27630 471 615 598 615 19 1 615 0 0 
27635 473 615 600 615 19 1 615 0 0 
27640 477 615 600 615 19 1 615 0 0 
27645 481 615 600 615 19 1 615 0 0 
27650 484 620 598 620 19 1 620 0 0 
27655 486 620 600 620 19 1 620 0 0 
27660 490 620 600 620 19 1 620 0 0 
27665 491 620 600 620 19 1 620 0 0 
27670 495 620 600 620 19 1 620 0 0 
27675 497 623 600 623 19 1 623 0 0 
27680 500 623 600 623 19 1 623 0 0 
27685 504 627 600 627 19 1 627 0 0 
27690 508 630 598 630 19 1 630 0 0 
27695 511 630 600 630 19 1 630 0 0 
27700 513 635 600 635 19 1 635 0 0 
27705 517 638 598 638 19 1 638 0 0 
27710 519 638 600 638 19 1 638 0 0 
27715 522 642 598 642 19 1 642 0 0 
27720 524 642 598 642 19 1 642 0 0 
27725 528 642 600 642 19 1 642 0 0 
27730 531 642 600 642 19 1 642 0 0 
27735 535 642 600 642 19 1 642 0 0 
27740 537 642 600 642 19 1 642 0 0 
27745 540 642 600 642 19 1 642 0 0 
27750 544 638 598 638 19 1 638 0 0 
27755 546 638 600 638 19 1 638 0 0 
27760 549 635 600 635 19 1 635 0 0 
27765 553 635 600 635 19 1 635 0 0 
27770 555 630 600 630 19 1 630 0 0 
27775 560 630 600 630 19 1 630 0 0 
27780 561 630 600 630 19 1 630 0 0 
27785 565 630 600 630 19 1 630 0 0 
27790 569 630 600 630 19 1 630 0 0 
27795 570 630 600 630 19 1 630 0 0 
27800 574 627 600 627 19 1 627 0 0 
27805 578 627 598 627 19 1 627 0 0 
27810 579 627 600 627 19 1 627 0 0 
27815 583 627 600 627 19 1 627 0 0 
27820 585 627 600 627 19 1 627 0 0 
27825 589 623 600 623 19 1 623 0 0 
27830 592 623 600 623 19 1 623 0 0 
27835 596 623 600 623 19 1 623 0 0 
27840 598 620 600 620 19 1 620 0 0 
27845 601 620 600 620 19 1 620 0 0 
27850 605 615 600 615 19 1 615 0 0 
27855 607 615 598 615 19 1 615 0 0 
27860 610 615 600 615 19 1 615 0 0 
27865 612 612 598 612 19 1 612 0 0 
27870 616 612 600 612 19 1 612 0 0 
27875 619 608 600 608 19 1 608 0 0 
27880 621 605 600 605 19 1 605 0 0 
27885 627 600 598 600 19 1 600 0 0 
27890 628 600 598 600 19 1 600 0 0 
27895 632 597 600 597 19 1 597 0 0 
27900 634 597 600 597 19 1 597 0 0 
27905 638 593 600 593 19 1 593 0 0 
27910 639 593 600 593 19 1 593 0 0 
27915 643 590 600 590 19 1 590 0 0 
27920 645 590 600 590 19 1 590 0 0 
27925 650 585 598 585 19 1 585 0 0 
27930 652 585 598 585 19 1 585 0 0 
27935 656 585 600 585 19 1 585 0 0 
27940 657 582 600 582 19 1 582 0 0 
27945 661 582 600 582 19 1 582 0 0 
27950 663 578 600 578 19 1 578 0 0 
27955 667 575 600 575 19 1 575 0 0 
27960 670 570 600 570 19 1 570 0 0 
27965 674 567 600 567 19 1 567 0 0 
27970 676 563 600 563 19 1 563 0 0 
27975 679 563 600 563 19 1 563 0 0 
27980 681 563 600 563 19 1 563 0 0 
27985 685 563 598 563 19 1 563 0 0 
27990 688 560 598 560 19 1 560 0 0 
27995 690 555 598 555 19 1 555 0 0 
28000 694 555 598 555 19 1 555 0 0 
28005 697 552 600 552 19 1 552 0 0 
28010 699 552 600 552 19 1 552 0 0 
28015 701 548 600 548 19 1 548 0 0 
28020 705 548 598 548 19 1 548 0 0 
28025 710 545 600 545 19 1 545 0 0 
28030 712 540 600 540 19 1 540 0 0 
28035 715 537 598 537 19 1 537 0 0 
28040 717 533 598 533 19 1 533 0 0 
28045 721 530 600 530 19 1 530 0 0 
28050 725 530 598 530 19 1 530 0 0 
28055 726 530 600 530 19 1 530 0 0 
28060 730 525 600 525 19 1 525 0 0 
28065 732 522 600 522 19 1 522 0 0 
28070 735 518 598 518 19 1 518 0 0 
28075 739 515 600 515 19 1 515 0 0 
28080 741 510 598 510 19 1 510 0 0 
28085 745 507 600 507 19 1 507 0 0 
28090 748 503 600 503 19 1 503 0 0 
28095 750 500 598 500 19 1 500 0 0 
28100 754 495 600 495 19 1 495 0 0 
28105 757 488 598 488 19 1 488 0 0 
28110 761 485 600 485 19 1 485 0 0 
28115 763 480 598 480 19 1 480 0 0 
28120 766 477 600 477 19 1 477 0 0 
28125 768 470 600 470 19 1 470 0 0 
28130 772 465 600 465 19 1 465 0 0 
28135 775 462 598 462 19 1 462 0 0 
28140 777 455 600 455 19 1 455 0 0 
28145 782 447 598 447 19 1 447 0 0 
28150 784 443 593 443 19 1 443 0 0 
28155 787 435 585 435 19 1 435 0 0 
28160 789 428 575 428 19 1 428 0 0 
28165 793 420 565 420 19 1 420 0 0 
28170 796 413 555 413 19 1 413 0 0 
28175 798 410 550 410 19 1 410 0 0 
28180 800 405 540 405 19 1 405 0 0 
28185 804 405 528 405 19 1 405 0 0 
28190 805 402 520 402 19 1 402 0 0 
28195 809 402 503 402 19 1 402 0 0 
28200 811 398 488 398 19 1 398 0 0 
28205 814 390 483 390 19 1 390 0 0 
28210 816 387 470 387 19 1 387 0 0 
28215 818 383 468 383 19 1 383 0 0 
28220 822 380 455 380 19 1 380 0 0 
28225 823 372 445 372 19 1 372 0 0 
28230 825 365 435 365 19 1 365 0 0 
28235 827 357 430 357 19 1 357 0 0 
28240 829 350 418 350 19 1 350 0 0 
28245 833 338 408 338 19 1 338 0 0 
28250 834 330 395 330 19 1 330 0 0 
28255 834 323 395 323 19 1 323 0 0 
28260 838 315 385 315 19 1 315 0 0 
28265 840 305 375 305 19 1 305 0 0 
28270 842 297 368 297 19 1 297 0 0 
28275 843 290 355 290 19 1 290 0 0 
28280 845 282 353 282 19 1 282 0 0 
28285 847 275 340 275 19 1 275 0 0 
28290 849 267 325 267 19 1 267 0 0 
28295 851 260 318 260 19 1 260 0 0 
28300 851 255 310 255 19 1 255 0 0 
28305 853 248 300 248 19 1 248 0 0 
28310 854 245 298 245 19 1 245 0 0 
28315 856 240 288 240 19 1 240 0 0 
28320 858 237 278 237 19 1 237 0 0 
28325 858 230 265 230 19 1 230 0 0 
28330 860 225 253 225 19 1 225 0 0 
28335 862 218 248 218 19 1 218 0 0 
28340 862 215 235 215 19 1 215 0 0 
28345 863 207 233 207 19 1 207 0 0 
28350 865 203 228 203 19 1 203 0 0 
28355 865 195 220 195 19 1 195 0 0 
28360 867 192 213 192 19 1 192 0 0 
28365 869 185 198 185 19 1 185 0 0 
28370 869 177 193 177 19 1 177 0 0 
28375 869 173 175 173 19 1 173 0 0 
28380 871 165 170 165 19 1 165 0 0 
28385 872 162 155 162 19 1 162 0 0 
28390 872 158 148 158 19 1 158 0 0 
28395 874 155 148 155 19 1 155 0 0 
28400 874 150 135 150 19 1 150 0 0 
28405 874 147 133 147 19 1 147 0 0 
28410 874 143 133 143 19 1 143 0 0 
28415 876 140 128 140 19 1 140 0 0 
28420 876 135 120 135 19 1 135 0 0 
28425 876 128 118 128 19 1 128 0 0 
28430 878 120 115 120 19 1 120 0 0 
28435 878 117 103 117 19 1 117 0 0 
28440 878 110 103 110 19 1 110 0 0 
28445 878 102 100 102 19 1 102 0 0 
28450 880 98 93 98 19 1 98 0 0 
28455 880 90 83 90 19 1 90 0 0 
28460 880 87 83 87 19 1 87 0 0 
28465 880 80 83 80 19 1 80 0 0 
28470 882 80 80 80 19 1 80 0 0 
28475 882 72 75 72 19 1 72 0 0 
28480 882 68 65 68 19 1 68 0 0 
28485 882 60 55 60 19 1 60 0 0 
28490 883 53 55 53 19 1 53 0 0 
28495 883 45 55 45 19 1 45 0 0 
28500 883 42 55 42 19 1 42 0 0 
28505 883 38 53 38 19 1 38 0 0 
28510 883 35 50 35 19 1 35 0 0 
28515 883 30 48 30 19 1 30 0 0 
28520 883 20 38 20 19 1 20 0 0 
28525 883 5 25 5 19 1 5 0 0 
28530 883 -12 15 -12 19 1 -12 0 0 
28535 883 -30 3 -30 19 1 -30 0 0 
28540 883 -45 -3 -45 19 1 -45 0 0 
28545 883 -60 -18 -60 19 1 -60 0 0 
28550 883 -72 -35 -72 19 1 -72 0 0 
28555 883 -80 -53 -80 19 1 -80 0 0 
28560 883 -83 -70 -83 19 1 -83 0 0 
28565 883 -87 -93 -87 19 1 -87 0 0 
28570 882 -95 -115 -95 19 1 -95 0 0 
28575 882 -98 -140 -98 19 1 -98 0 0 
28580 882 -105 -168 -105 19 1 -105 0 0 
28585 880 -113 -205 -113 19 1 -113 0 0 
28590 878 -120 -233 -120 19 1 -120 0 0 
28595 878 -128 -270 -128 19 1 -128 0 0 
28600 876 -140 -303 -140 19 1 -140 0 0 
28605 874 -150 -353 -150 19 1 -150 0 0 
28610 872 -158 -393 -158 19 1 -158 0 0 
28615 871 -165 -435 -165 19 1 -165 0 0 
28620 869 -170 -483 -170 20 1 -170 0 0 
28625 865 -180 -535 -180 20 1 -180 0 0 
28630 863 -185 -563 -185 20 1 -185 0 0 
28635 860 -192 -575 -192 20 1 -192 0 0 
28640 858 -200 -585 -200 20 1 -200 0 0 
28645 854 -207 -590 -207 20 1 -207 0 0 
28650 851 -215 -593 -215 20 1 -215 0 0 
28655 849 -233 -598 -233 20 1 -233 0 0 
28660 845 -245 -600 -245 20 1 -245 0 0 
28665 842 -270 -600 -270 20 1 -270 0 0 
28670 840 -297 -600 -297 20 1 -297 0 0 
28675 836 -323 -603 -323 20 1 -323 0 0 
28680 833 -350 -600 -350 20 1 -350 0 0 
28685 829 -380 -603 -380 20 1 -380 0 0 
28690 825 -395 -600 -395 20 1 -395 0 0 
28695 823 -413 -600 -413 20 1 -413 0 0 
28700 820 -425 -603 -425 20 1 -425 0 0 
28705 816 -440 -600 -440 20 1 -440 0 0 
28710 813 -447 -600 -447 20 1 -447 0 0 
28715 811 -458 -600 -458 20 1 -458 0 0 
28720 807 -470 -603 -470 20 1 -470 0 0 
28725 804 -480 -600 -480 20 1 -480 0 0 
28730 802 -495 -600 -495 20 1 -495 0 0 
28735 798 -515 -600 -515 20 1 -515 0 0 
28740 794 -530 -603 -530 20 1 -530 0 0 
28745 793 -545 -600 -545 20 1 -545 0 0 
28750 789 -563 -600 -563 20 1 -563 0 0 
28755 785 -582 -600 -582 20 1 -582 0 0 
28760 784 -597 -600 -597 20 1 -597 0 0 
28765 780 -615 -600 -615 20 1 -615 0 0 
28770 775 -627 -600 -627 20 1 -627 0 0 
28775 774 -638 -600 -638 20 1 -638 0 0 
28780 770 -650 -600 -650 20 1 -650 0 0 
28785 766 -657 -600 -657 20 1 -657 0 0 
28790 763 -668 -600 -668 20 1 -668 0 0 
28795 761 -675 -600 -675 20 1 -675 0 0 
28800 757 -687 -600 -687 20 1 -687 0 0 
28805 754 -698 -600 -698 20 1 -698 0 0 
28810 752 -705 -603 -705 20 1 -705 0 0 
28815 748 -717 -603 -717 20 1 -717 0 0 
28820 745 -728 -600 -728 20 1 -728 0 0 
28825 743 -740 -600 -740 20 1 -740 0 0 
28830 739 -758 -600 -758 20 1 -758 0 0 
28835 735 -770 -603 -770 20 1 -770 0 0 
28840 732 -785 -600 -785 20 1 -785 0 0 
28845 730 -795 -600 -795 20 1 -795 0 0 
28850 726 -815 -603 -815 20 1 -815 0 0 
28855 723 -830 -600 -830 20 1 -830 0 0 
28860 721 -840 -600 -840 20 1 -840 0 0 
28865 717 -855 -600 -855 20 1 -855 0 0 
28870 714 -870 -600 -870 20 1 -870 0 0 
28875 710 -885 -600 -885 20 1 -885 0 0 
28880 708 -897 -600 -897 20 1 -897 0 0 
28885 705 -912 -600 -912 20 1 -912 0 0 
28890 703 -930 -600 -930 20 1 -930 0 0 
28895 697 -942 -600 -942 20 1 -942 0 0 
28900 696 -953 -600 -953 20 1 -953 0 0 
28905 692 -965 -603 -965 20 1 -965 0 0 
28910 688 -980 -600 -980 20 1 -980 0 0 
28915 686 -990 -600 -990 20 1 -990 0 0 
28920 683 -1002 -600 -1002 20 1 -1002 0 0 
28925 679 -1010 -603 -1010 20 1 -1010 0 0 
28930 677 -1017 -600 -1017 20 1 -1017 0 0 
28935 674 -1025 -600 -1025 20 1 -1025 0 0 
28940 670 -1032 -600 -1032 20 1 -1032 0 0 
28945 668 -1040 -600 -1040 20 1 -1040 0 0 
28950 665 -1047 -600 -1047 20 1 -1047 0 0 
28955 661 -1055 -603 -1055 20 1 -1055 0 0 
28960 659 -1062 -600 -1062 20 1 -1062 0 0 
28965 656 -1065 -600 -1065 20 1 -1065 0 0 
28970 652 -1073 -600 -1073 20 1 -1073 0 0 
28975 648 -1080 -600 -1080 20 1 -1080 0 0 
28980 647 -1085 -600 -1085 20 1 -1085 0 0 
28985 643 -1092 -603 -1092 20 1 -1092 0 0 
28990 639 -1100 -600 -1100 20 1 -1100 0 0 
28995 638 -1103 -603 -1103 20 1 -1103 0 0 
29000 634 -1107 -600 -1107 20 1 -1107 0 0 
29005 630 -1115 -600 -1115 20 1 -1115 0 0 
29010 628 -1118 -600 -1118 20 1 -1118 0 0 
29015 625 -1122 -600 -1122 20 1 -1122 0 0 
29020 621 -1125 -600 -1125 20 1 -1125 0 0 
29025 618 -1130 -603 -1130 20 1 -1130 0 0 
29030 616 -1130 -600 -1130 20 1 -1130 0 0 
29035 612 -1130 -600 -1130 20 1 -1130 0 0 
29040 610 -1133 -600 -1133 20 1 -1133 0 0 
29045 607 -1130 -600 -1130 20 1 -1130 0 0 
29050 603 -1130 -600 -1130 20 1 -1130 0 0 
29055 599 -1125 -600 -1125 20 1 -1125 0 0 
29060 596 -1125 -603 -1125 20 1 -1125 0 0 
29065 594 -1122 -600 -1122 20 1 -1122 0 0 
29070 590 -1118 -600 -1118 20 1 -1118 0 0 
29075 589 -1115 -600 -1115 20 1 -1115 0 0 
29080 585 -1110 -600 -1110 20 1 -1110 0 0 
29085 581 -1107 -600 -1107 20 1 -1107 0 0 
29090 579 -1103 -600 -1103 20 1 -1103 0 0 
29095 576 -1103 -600 -1103 20 1 -1103 0 0 
29100 572 -1100 -603 -1100 20 1 -1100 0 0 
29105 570 -1100 -600 -1100 20 1 -1100 0 0 
29110 567 -1095 -600 -1095 20 1 -1095 0 0 
29115 563 -1092 -600 -1092 20 1 -1092 0 0 
29120 561 -1088 -603 -1088 20 1 -1088 0 0 
29125 558 -1080 -600 -1080 20 1 -1080 0 0 
29130 553 -1077 -600 -1077 20 1 -1077 0 0 
29135 551 -1070 -603 -1070 20 1 -1070 0 0 
29140 548 -1062 -603 -1062 20 1 -1062 0 0 
29145 546 -1050 -603 -1050 20 1 -1050 0 0 
29150 540 -1043 -600 -1043 20 1 -1043 0 0 
29155 539 -1035 -600 -1035 20 1 -1035 0 0 
29160 535 -1025 -603 -1025 20 1 -1025 0 0 
29165 533 -1017 -600 -1017 20 1 -1017 0 0 
29170 530 -1010 -600 -1010 20 1 -1010 0 0 
29175 526 -1002 -600 -1002 20 1 -1002 0 0 
29180 524 -990 -600 -990 20 1 -990 0 0 
29185 520 -987 -600 -987 20 1 -987 0 0 
29190 517 -975 -600 -975 20 1 -975 0 0 
29195 515 -968 -600 -968 20 1 -968 0 0 
29200 511 -965 -600 -965 20 1 -965 0 0 
29205 510 -960 -603 -960 20 1 -960 0 0 
29210 506 -953 -600 -953 20 1 -953 0 0 
29215 502 -945 -600 -945 20 1 -945 0 0 
29220 499 -938 -600 -938 20 1 -938 0 0 
29225 497 -935 -600 -935 20 1 -935 0 0 
29230 493 -923 -600 -923 20 1 -923 0 0 
29235 490 -915 -603 -915 20 1 -915 0 0 
29240 486 -908 -600 -908 20 1 -908 0 0 
29245 484 -900 -600 -900 20 1 -900 0 0 
29250 481 -893 -600 -893 20 1 -893 0 0 
29255 477 -885 -600 -885 20 1 -885 0 0 
29260 475 -878 -603 -878 20 1 -878 0 0 
29265 471 -875 -600 -875 20 1 -875 0 0 
29270 468 -863 -600 -863 20 1 -863 0 0 
29275 464 -855 -603 -855 20 1 -855 0 0 
29280 462 -855 -600 -855 20 1 -855 0 0 
29285 459 -848 -600 -848 20 1 -848 0 0 
29290 455 -845 -600 -845 20 1 -845 0 0 
29295 453 -840 -600 -840 20 1 -840 0 0 
29300 450 -837 -600 -837 20 1 -837 0 0 
29305 446 -830 -600 -830 20 1 -830 0 0 
29310 444 -830 -603 -830 20 1 -830 0 0 
29315 441 -825 -603 -825 20 1 -825 0 0 
29320 437 -822 -600 -822 20 1 -822 0 0 
29325 435 -818 -603 -818 20 1 -818 0 0 
29330 432 -815 -600 -815 20 1 -815 0 0 
29335 430 -810 -600 -810 20 1 -810 0 0 
29340 426 -807 -603 -807 20 1 -807 0 0 
29345 423 -803 -600 -803 20 1 -803 0 0 
29350 419 -795 -600 -795 20 1 -795 0 0 
29355 415 -792 -600 -792 20 1 -792 0 0 
29360 413 -785 -603 -785 20 1 -785 0 0 
29365 410 -780 -600 -780 20 1 -780 0 0 
29370 408 -773 -603 -773 20 1 -773 0 0 
29375 404 -765 -600 -765 20 1 -765 0 0 
29380 403 -762 -603 -762 20 1 -762 0 0 
29385 399 -758 -600 -758 20 1 -758 0 0 
29390 395 -750 -603 -750 20 1 -750 0 0 
29395 393 -743 -600 -743 20 1 -743 0 0 
29400 390 -740 -600 -740 20 1 -740 0 0 
29405 386 -732 -600 -732 20 1 -732 0 0 
29410 384 -725 -603 -725 20 1 -725 0 0 
29415 381 -717 -600 -717 20 1 -717 0 0 
29420 377 -713 -600 -713 20 1 -713 0 0 
29425 375 -702 -600 -702 20 1 -702 0 0 
29430 372 -698 -603 -698 20 1 -698 0 0 
29435 370 -690 -600 -690 20 1 -690 0 0 
29440 366 -683 -603 -683 20 1 -683 0 0 
29445 363 -675 -603 -675 20 1 -675 0 0 
29450 359 -668 -600 -668 20 1 -668 0 0 
29455 357 -657 -600 -657 20 1 -657 0 0 
29460 354 -653 -600 -653 20 1 -653 0 0 
29465 352 -645 -600 -645 20 1 -645 0 0 
29470 348 -638 -603 -638 20 1 -638 0 0 
29475 345 -630 -600 -630 20 1 -630 0 0 
29480 343 -623 -603 -623 20 1 -623 0 0 
29485 339 -615 -600 -615 20 1 -615 0 0 
29490 335 -605 -603 -605 20 1 -605 0 0 
29495 331 -597 -600 -597 20 1 -597 0 0 
29500 329 -590 -600 -590 20 1 -590 0 0 
29505 327 -582 -603 -582 20 1 -582 0 0 
29510 324 -570 -600 -570 20 1 -570 0 0 
29515 320 -567 -600 -567 20 1 -567 0 0 
29520 316 -555 -603 -555 20 1 -555 0 0 
29525 314 -552 -600 -552 20 1 -552 0 0 
29530 309 -545 -600 -545 20 1 -545 0 0 
29535 307 -537 -603 -537 20 1 -537 0 0 
29540 305 -525 -600 -525 20 1 -525 0 0 
29545 302 -518 -603 -518 20 1 -518 0 0 
29550 298 -507 -603 -507 20 1 -507 0 0 
29555 296 -500 -600 -500 20 1 -500 0 0 
29560 293 -488 -603 -488 20 1 -488 0 0 
29565 289 -477 -600 -477 20 1 -477 0 0 
29570 285 -465 -600 -465 20 1 -465 0 0 
29575 284 -458 -600 -458 20 1 -458 0 0 
29580 280 -447 -600 -447 20 1 -447 0 0 
29585 278 -435 -600 -435 20 1 -435 0 0 
29590 275 -425 -603 -425 20 1 -425 0 0 
29595 271 -417 -600 -417 20 1 -417 0 0 
29600 267 -405 -590 -405 20 1 -405 0 0 
29605 266 -395 -580 -395 20 1 -395 0 0 
29610 262 -390 -573 -390 20 1 -390 0 0 
29615 258 -380 -560 -380 20 1 -380 0 0 
29620 256 -372 -553 -372 20 1 -372 0 0 
29625 255 -365 -540 -365 20 1 -365 0 0 
29630 251 -353 -538 -353 20 1 -353 0 0 
29635 247 -350 -525 -350 20 1 -350 0 0 
29640 246 -342 -520 -342 20 1 -342 0 0 
29645 244 -338 -513 -338 20 1 -338 0 0 
29650 240 -327 -500 -327 20 1 -327 0 0 
29655 238 -320 -493 -320 20 1 -320 0 0 
29660 235 -308 -483 -308 20 1 -308 0 0 
29665 233 -297 -473 -297 20 1 -297 0 0 
29670 231 -285 -460 -285 20 1 -285 0 0 
29675 227 -275 -448 -275 20 1 -275 0 0 
29680 226 -260 -445 -260 20 1 -260 0 0 
29685 224 -248 -445 -248 20 1 -248 0 0 
29690 222 -233 -428 -233 20 1 -233 0 0 
29695 218 -222 -415 -222 20 1 -222 0 0 
29700 217 -207 -408 -207 20 1 -207 0 0 
29705 215 -192 -403 -192 20 1 -192 0 0 
29710 213 -173 -393 -173 20 1 -173 0 0 
29715 211 -162 -380 -162 20 1 -162 0 0 
29720 211 -143 -370 -143 20 1 -143 0 0 
29725 207 -132 -368 -132 20 1 -132 0 0 
29730 206 -117 -353 -117 20 1 -117 0 0 
29735 206 -102 -353 -102 20 1 -102 0 0 
29740 204 -87 -340 -87 20 1 -87 0 0 
29745 202 -80 -338 -80 20 1 -80 0 0 
29750 200 -65 -318 -65 20 1 -65 0 0 
29755 198 -53 -318 -53 20 1 -53 0 0 
29760 197 -45 -300 -45 20 1 -45 0 0 
29765 195 -38 -298 -38 20 1 -38 0 0 
29770 193 -30 -288 -30 20 1 -30 0 0 
29775 191 -23 -273 -23 20 1 -23 0 0 
29780 191 -15 -258 -15 20 1 -15 0 0 
29785 189 -0 -245 -0 20 1 -0 0 0 
29790 188 20 -228 20 20 1 20 0 0 
29795 188 35 -223 35 20 1 35 0 0 
29800 186 50 -208 50 20 1 50 0 0 
29805 186 60 -195 60 20 1 60 0 0 
29810 186 65 -173 65 20 1 65 0 0 
29815 184 68 -155 68 20 1 68 0 0 
29820 182 75 -133 75 20 1 75 0 0 
29825 182 80 -108 80 20 1 80 0 0 
29830 182 90 -80 90 20 1 90 0 0 
29835 180 98 -55 98 20 1 98 0 0 
29840 180 105 -28 105 20 1 105 0 0 
29845 180 113 -0 113 20 1 113 0 0 
29850 180 117 3 117 20 1 117 0 0 
29855 180 120 25 120 20 1 120 0 0 
29860 180 125 63 125 20 1 125 0 0 
29865 182 132 93 132 20 1 132 0 0 
29870 180 135 140 135 20 1 135 0 0 
29875 182 140 173 140 20 1 140 0 0 
29880 184 143 213 143 20 1 143 0 0 
29885 184 147 253 147 20 1 147 0 0 
29890 186 147 303 147 20 1 147 0 0 
29895 188 150 350 150 20 1 150 0 0 
29900 188 150 390 150 20 1 150 0 0 
29905 191 155 438 155 20 1 155 0 0 
29910 193 155 498 155 20 1 155 0 0 
