19112115.065
File-type:2
Date of Test:21.11.2019
Time of Test:15:06
Name of Person:WALKER SARAH        
Joint-Side:0
Test-Mode:1
Joint:0
Plane:0
Zero:290
Motion-Start:15
Motion-End:90
Speed (Movement 1):60
Speed (Movement 2):60
Acceleration  (conc):5
Acceleration  (ecc):5
Decelerat.(conc):
Decelerat.(ecc):
Break:60
Start-Holdposition:
End-Holdposition:
Hold-Time:
No. of sets:1
No. of repetitions:10
Start-Trigg.:
Weight:63 
Height:170
Date of birth:          
Insured side:                      
Sex:    female
Therapist:                      
Gravitycomp.:0
Astacustest:0
Dyna-Tilt-Angle:0
Dyna-Rotation:350
Dyna-Height:70
Dyna-Swivelarm:33318
Seatback-Tilt-Angle:75
Seatback-Move:120
Seat-Tilt:1
Seat-Thigh-Pad:0
Adapter-Pullout-Lenght:105
Adapter-Pullout-Side:80
Footadapter-Rotation:30
Footadapter-Tilt:0
Footadapter-Move:0
Supporthandle-Lenght:20
Supporthandle-Move:520
Supporthandle-Side:0
Shoulder-Lenght:340
Shoulder-Side:10
Double-Pad:0


fdgsfdgsgfsfgsgfsfgssfgsf
UserID:0
MwareID:0


























EXPLANATION OF THE COLUMNS
1.column: time in milliseconds
2.column: relative position in 1/10 degree or millimeter
3.column: torque in 1/10 Nm or force in newton
4.column: speed in 1/10 degree/second or 1/10 millimeter/second
5.column: torque without gravitycalibration in 1/10 Nm
6.column: current repetition(about 1.2 degrees delayed)
7.column: current set
8.column: torque on dynamometer
9.column: force on right leg or deviation of force
10.column: force on left leg or deviation of position
 
MEASUREMENT STARTS AFTER LINE 100





5 160 -222 -25 -222 1 1 -222 0 0 
10 160 -222 -25 -222 1 1 -222 0 0 
15 160 -222 -23 -222 1 1 -222 0 0 
20 159 -225 -18 -225 1 1 -225 0 0 
25 160 -230 -23 -230 1 1 -230 0 0 
30 159 -230 -23 -230 1 1 -230 0 0 
35 159 -233 -23 -233 1 1 -233 0 0 
40 159 -233 -18 -233 1 1 -233 0 0 
45 159 -233 -18 -233 1 1 -233 0 0 
50 159 -237 -18 -237 1 1 -237 0 0 
55 159 -237 -23 -237 1 1 -237 0 0 
60 159 -240 -18 -240 1 1 -240 0 0 
65 159 -240 -23 -240 1 1 -240 0 0 
70 159 -240 -18 -240 1 1 -240 0 0 
75 159 -240 -23 -240 1 1 -240 0 0 
80 159 -240 -18 -240 1 1 -240 0 0 
85 159 -240 -18 -240 1 1 -240 0 0 
90 159 -245 -23 -245 1 1 -245 0 0 
95 159 -245 -18 -245 1 1 -245 0 0 
100 159 -248 -18 -248 1 1 -248 0 0 
105 159 -248 -18 -248 1 1 -248 0 0 
110 159 -248 -18 -248 1 1 -248 0 0 
115 159 -252 -18 -252 1 1 -252 0 0 
120 157 -252 -10 -252 1 1 -252 0 0 
125 159 -255 -13 -255 1 1 -255 0 0 
130 157 -255 -13 -255 1 1 -255 0 0 
135 159 -255 -13 -255 1 1 -255 0 0 
140 157 -255 -18 -255 1 1 -255 0 0 
145 157 -260 -5 -260 1 1 -260 0 0 
150 159 -263 -5 -263 1 1 -263 0 0 
155 157 -263 -10 -263 1 1 -263 0 0 
160 157 -267 -5 -267 1 1 -267 0 0 
165 157 -270 -10 -270 1 1 -270 0 0 
170 157 -270 -5 -270 1 1 -270 0 0 
175 157 -275 -5 -275 1 1 -275 0 0 
180 157 -275 -5 -275 1 1 -275 0 0 
185 157 -275 -10 -275 1 1 -275 0 0 
190 157 -278 -10 -278 1 1 -278 0 0 
195 157 -278 -10 -278 1 1 -278 0 0 
200 157 -278 -5 -278 1 1 -278 0 0 
205 157 -275 -5 -275 1 1 -275 0 0 
210 157 -275 -5 -275 1 1 -275 0 0 
215 157 -275 -5 -275 1 1 -275 0 0 
220 157 -275 -5 -275 1 1 -275 0 0 
225 157 -275 -5 -275 1 1 -275 0 0 
230 157 -270 -5 -270 1 1 -270 0 0 
235 157 -270 -5 -270 1 1 -270 0 0 
240 157 -270 -5 -270 1 1 -270 0 0 
245 157 -270 -10 -270 1 1 -270 0 0 
250 157 -267 -5 -267 1 1 -267 0 0 
255 157 -267 -5 -267 1 1 -267 0 0 
260 157 -263 -10 -263 1 1 -263 0 0 
265 157 -263 -10 -263 1 1 -263 0 0 
270 157 -260 -10 -260 1 1 -260 0 0 
275 157 -260 -5 -260 1 1 -260 0 0 
280 157 -255 -5 -255 1 1 -255 0 0 
285 157 -252 -5 -252 1 1 -252 0 0 
290 157 -248 -5 -248 1 1 -248 0 0 
295 155 -245 -10 -245 1 1 -245 0 0 
300 157 -245 -5 -245 1 1 -245 0 0 
305 157 -240 -5 -240 1 1 -240 0 0 
310 157 -237 -5 -237 1 1 -237 0 0 
315 157 -233 -10 -233 1 1 -233 0 0 
320 157 -233 -5 -233 1 1 -233 0 0 
325 157 -233 -5 -233 1 1 -233 0 0 
330 157 -233 -10 -233 1 1 -233 0 0 
335 157 -233 -5 -233 1 1 -233 0 0 
340 157 -233 -5 -233 1 1 -233 0 0 
345 157 -230 -10 -230 1 1 -230 0 0 
350 157 -230 -10 -230 1 1 -230 0 0 
355 157 -225 -5 -225 1 1 -225 0 0 
360 157 -225 -5 -225 1 1 -225 0 0 
365 157 -222 -10 -222 1 1 -222 0 0 
370 157 -218 -10 -218 1 1 -218 0 0 
375 157 -215 -5 -215 1 1 -215 0 0 
380 157 -215 -5 -215 1 1 -215 0 0 
385 157 -207 -10 -207 1 1 -207 0 0 
390 155 -207 -5 -207 1 1 -207 0 0 
395 155 -203 -5 -203 1 1 -203 0 0 
400 155 -200 -5 -200 1 1 -200 0 0 
405 155 -195 -3 -195 1 1 -195 0 0 
410 157 -192 -5 -192 1 1 -192 0 0 
415 157 -188 -5 -188 1 1 -188 0 0 
420 155 -188 -5 -188 1 1 -188 0 0 
425 157 -180 -5 -180 1 1 -180 0 0 
430 155 -180 -5 -180 1 1 -180 0 0 
435 157 -177 -5 -177 1 1 -177 0 0 
440 157 -173 -5 -173 1 1 -173 0 0 
445 155 -170 -5 -170 1 1 -170 0 0 
450 155 -165 -5 -165 1 1 -165 0 0 
455 157 -162 -5 -162 1 1 -162 0 0 
460 157 -158 -5 -158 1 1 -158 0 0 
465 157 -155 -5 -155 1 1 -155 0 0 
470 157 -150 -10 -150 1 1 -150 0 0 
475 155 -147 -10 -147 1 1 -147 0 0 
480 157 -143 -5 -143 1 1 -143 0 0 
485 157 -140 -3 -140 1 1 -140 0 0 
490 157 -132 -5 -132 1 1 -132 0 0 
495 157 -128 -5 -128 1 1 -128 0 0 
500 155 -125 -5 -125 1 1 -125 0 0 
505 155 -120 -5 -120 1 1 -120 0 0 
510 157 -117 -3 -117 1 1 -117 0 0 
515 155 -117 -5 -117 1 1 -117 0 0 
520 155 -117 -3 -117 1 1 -117 0 0 
525 155 -117 -3 -117 1 1 -117 0 0 
530 155 -117 -3 -117 1 1 -117 0 0 
535 155 -113 -5 -113 1 1 -113 0 0 
540 157 -113 -5 -113 1 1 -113 0 0 
545 157 -113 -5 -113 1 1 -113 0 0 
550 157 -113 -3 -113 1 1 -113 0 0 
555 157 -113 -5 -113 1 1 -113 0 0 
560 155 -110 -5 -110 1 1 -110 0 0 
565 155 -110 -5 -110 1 1 -110 0 0 
570 157 -110 -3 -110 1 1 -110 0 0 
575 155 -105 -5 -105 1 1 -105 0 0 
580 155 -105 -3 -105 1 1 -105 0 0 
585 157 -105 -3 -105 1 1 -105 0 0 
590 155 -102 -5 -102 1 1 -102 0 0 
595 155 -102 -5 -102 1 1 -102 0 0 
600 157 -98 -5 -98 1 1 -98 0 0 
605 155 -95 -5 -95 1 1 -95 0 0 
610 157 -95 -5 -95 1 1 -95 0 0 
615 155 -95 -5 -95 1 1 -95 0 0 
620 155 -90 -5 -90 1 1 -90 0 0 
625 157 -87 -5 -87 1 1 -87 0 0 
630 155 -90 -5 -90 1 1 -90 0 0 
635 155 -87 -5 -87 1 1 -87 0 0 
640 155 -87 -5 -87 1 1 -87 0 0 
645 155 -87 -5 -87 1 1 -87 0 0 
650 157 -87 -5 -87 1 1 -87 0 0 
655 157 -87 -5 -87 1 1 -87 0 0 
660 155 -87 -3 -87 1 1 -87 0 0 
665 157 -83 -3 -83 1 1 -83 0 0 
670 155 -83 -3 -83 1 1 -83 0 0 
675 157 -83 -5 -83 1 1 -83 0 0 
680 157 -83 -5 -83 1 1 -83 0 0 
685 155 -80 -3 -80 1 1 -80 0 0 
690 155 -80 -3 -80 1 1 -80 0 0 
695 155 -80 -5 -80 1 1 -80 0 0 
700 155 -80 -5 -80 1 1 -80 0 0 
705 157 -80 -5 -80 1 1 -80 0 0 
710 155 -80 -3 -80 1 1 -80 0 0 
715 155 -80 -3 -80 1 1 -80 0 0 
720 157 -80 -5 -80 1 1 -80 0 0 
725 157 -80 -3 -80 1 1 -80 0 0 
730 155 -80 -5 -80 1 1 -80 0 0 
735 155 -75 -5 -75 1 1 -75 0 0 
740 155 -75 -5 -75 1 1 -75 0 0 
745 155 -75 -3 -75 1 1 -75 0 0 
750 155 -75 -3 -75 1 1 -75 0 0 
755 157 -72 -3 -72 1 1 -72 0 0 
760 155 -72 -3 -72 1 1 -72 0 0 
765 157 -72 -3 -72 1 1 -72 0 0 
770 155 -72 -5 -72 1 1 -72 0 0 
775 157 -72 -3 -72 1 1 -72 0 0 
780 155 -72 -5 -72 1 1 -72 0 0 
785 155 -72 -5 -72 1 1 -72 0 0 
790 155 -72 -5 -72 1 1 -72 0 0 
795 157 -68 -3 -68 1 1 -68 0 0 
800 155 -68 -5 -68 1 1 -68 0 0 
805 157 -68 -3 -68 1 1 -68 0 0 
810 157 -68 -5 -68 1 1 -68 0 0 
815 155 -68 -5 -68 1 1 -68 0 0 
820 155 -68 -5 -68 1 1 -68 0 0 
825 155 -68 -3 -68 1 1 -68 0 0 
830 155 -68 -5 -68 1 1 -68 0 0 
835 155 -68 -5 -68 1 1 -68 0 0 
840 157 -68 -3 -68 1 1 -68 0 0 
845 155 -68 -5 -68 1 1 -68 0 0 
850 155 -68 -3 -68 1 1 -68 0 0 
855 155 -68 -5 -68 1 1 -68 0 0 
860 157 -68 -3 -68 1 1 -68 0 0 
865 155 -68 -5 -68 1 1 -68 0 0 
870 157 -68 -5 -68 1 1 -68 0 0 
875 155 -68 -5 -68 1 1 -68 0 0 
880 155 -68 -5 -68 1 1 -68 0 0 
885 155 -68 -5 -68 1 1 -68 0 0 
890 157 -68 -3 -68 1 1 -68 0 0 
895 157 -68 -5 -68 1 1 -68 0 0 
900 157 -68 -5 -68 1 1 -68 0 0 
905 155 -65 -3 -65 1 1 -65 0 0 
910 155 -65 -5 -65 1 1 -65 0 0 
915 155 -65 -3 -65 1 1 -65 0 0 
920 155 -65 -3 -65 1 1 -65 0 0 
925 155 -65 -3 -65 1 1 -65 0 0 
930 155 -68 -3 -68 1 1 -68 0 0 
935 155 -65 -5 -65 1 1 -65 0 0 
940 155 -65 -3 -65 1 1 -65 0 0 
945 155 -65 -5 -65 1 1 -65 0 0 
950 155 -65 -3 -65 1 1 -65 0 0 
955 155 -65 -5 -65 1 1 -65 0 0 
960 157 -65 -3 -65 1 1 -65 0 0 
965 157 -65 -5 -65 1 1 -65 0 0 
970 157 -65 -5 -65 1 1 -65 0 0 
975 155 -65 -5 -65 1 1 -65 0 0 
980 157 -65 -3 -65 1 1 -65 0 0 
985 155 -65 -3 -65 1 1 -65 0 0 
990 155 -65 -3 -65 1 1 -65 0 0 
995 155 -65 -5 -65 1 1 -65 0 0 
1000 155 -65 -3 -65 1 1 -65 0 0 
1005 155 -65 -5 -65 1 1 -65 0 0 
1010 157 -68 -3 -68 1 1 -68 0 0 
1015 155 -65 -3 -65 1 1 -65 0 0 
1020 155 -68 -5 -68 1 1 -68 0 0 
1025 155 -68 -5 -68 1 1 -68 0 0 
1030 155 -68 -5 -68 1 1 -68 0 0 
1035 157 -68 -5 -68 1 1 -68 0 0 
1040 155 -72 -5 -72 1 1 -72 0 0 
1045 155 -68 -5 -68 1 1 -68 0 0 
1050 155 -72 -3 -72 1 1 -72 0 0 
1055 157 -72 -3 -72 1 1 -72 0 0 
1060 155 -72 -5 -72 1 1 -72 0 0 
1065 155 -68 -3 -68 1 1 -68 0 0 
1070 155 -68 -5 -68 1 1 -68 0 0 
1075 155 -68 -3 -68 1 1 -68 0 0 
1080 155 -68 -3 -68 1 1 -68 0 0 
1085 155 -65 -5 -65 1 1 -65 0 0 
1090 157 -65 -5 -65 1 1 -65 0 0 
1095 157 -65 -5 -65 1 1 -65 0 0 
1100 155 -65 -5 -65 1 1 -65 0 0 
1105 155 -65 -5 -65 1 1 -65 0 0 
1110 157 -65 -5 -65 1 1 -65 0 0 
1115 155 -65 -5 -65 1 1 -65 0 0 
1120 155 -65 -3 -65 1 1 -65 0 0 
1125 155 -65 -3 -65 1 1 -65 0 0 
1130 155 -65 -5 -65 1 1 -65 0 0 
1135 155 -65 -5 -65 1 1 -65 0 0 
1140 155 -65 -3 -65 1 1 -65 0 0 
1145 155 -65 -3 -65 1 1 -65 0 0 
1150 155 -65 -5 -65 1 1 -65 0 0 
1155 155 -65 -5 -65 1 1 -65 0 0 
1160 155 -65 -5 -65 1 1 -65 0 0 
1165 157 -65 -5 -65 1 1 -65 0 0 
1170 157 -60 -5 -60 1 1 -60 0 0 
1175 155 -65 -5 -65 1 1 -65 0 0 
1180 157 -60 -3 -60 1 1 -60 0 0 
1185 155 -57 -5 -57 1 1 -57 0 0 
1190 155 -60 -5 -60 1 1 -60 0 0 
1195 157 -60 -3 -60 1 1 -60 0 0 
1200 155 -60 -3 -60 1 1 -60 0 0 
1205 155 -60 -3 -60 1 1 -60 0 0 
1210 157 -57 -5 -57 1 1 -57 0 0 
1215 155 -57 -5 -57 1 1 -57 0 0 
1220 155 -60 -5 -60 1 1 -60 0 0 
1225 157 -57 -5 -57 1 1 -57 0 0 
1230 157 -57 -5 -57 1 1 -57 0 0 
1235 157 -57 -5 -57 1 1 -57 0 0 
1240 157 -57 -5 -57 1 1 -57 0 0 
1245 155 -57 -3 -57 1 1 -57 0 0 
1250 157 -57 -3 -57 1 1 -57 0 0 
1255 155 -53 -3 -53 1 1 -53 0 0 
1260 157 -57 -5 -57 1 1 -57 0 0 
1265 157 -53 -5 -53 1 1 -53 0 0 
1270 157 -53 -5 -53 1 1 -53 0 0 
1275 155 -53 -5 -53 1 1 -53 0 0 
1280 157 -53 -5 -53 1 1 -53 0 0 
1285 157 -53 -3 -53 1 1 -53 0 0 
1290 155 -50 -3 -50 1 1 -50 0 0 
1295 157 -50 -5 -50 1 1 -50 0 0 
1300 155 -50 -5 -50 1 1 -50 0 0 
1305 155 -50 -3 -50 1 1 -50 0 0 
1310 157 -50 -10 -50 1 1 -50 0 0 
1315 155 -50 -3 -50 1 1 -50 0 0 
1320 157 -50 -3 -50 1 1 -50 0 0 
1325 155 -50 -5 -50 1 1 -50 0 0 
1330 157 -45 -3 -45 1 1 -45 0 0 
1335 155 -45 -3 -45 1 1 -45 0 0 
1340 155 -45 -3 -45 1 1 -45 0 0 
1345 155 -45 -3 -45 1 1 -45 0 0 
1350 155 -45 -5 -45 1 1 -45 0 0 
1355 157 -45 -5 -45 1 1 -45 0 0 
1360 155 -45 -5 -45 1 1 -45 0 0 
1365 155 -42 -5 -42 1 1 -42 0 0 
1370 155 -42 -5 -42 1 1 -42 0 0 
1375 157 -38 -5 -38 1 1 -38 0 0 
1380 157 -38 -5 -38 1 1 -38 0 0 
1385 157 -38 -3 -38 1 1 -38 0 0 
1390 155 -38 -3 -38 1 1 -38 0 0 
1395 155 -35 -5 -35 1 1 -35 0 0 
1400 157 -35 -3 -35 1 1 -35 0 0 
1405 155 -35 -5 -35 1 1 -35 0 0 
1410 157 -35 -5 -35 1 1 -35 0 0 
1415 155 -30 -3 -30 1 1 -30 0 0 
1420 155 -30 -5 -30 1 1 -30 0 0 
1425 157 -30 -3 -30 1 1 -30 0 0 
1430 157 -30 -5 -30 1 1 -30 0 0 
1435 155 -30 -3 -30 1 1 -30 0 0 
1440 157 -30 -5 -30 1 1 -30 0 0 
1445 155 -30 -5 -30 1 1 -30 0 0 
1450 155 -30 -5 -30 1 1 -30 0 0 
1455 155 -27 -3 -27 1 1 -27 0 0 
1460 155 -27 -3 -27 1 1 -27 0 0 
1465 157 -23 -3 -23 1 1 -23 0 0 
1470 157 -23 -3 -23 1 1 -23 0 0 
1475 155 -20 -3 -20 1 1 -20 0 0 
1480 157 -15 -0 -15 1 1 -15 0 0 
1485 157 -12 -0 -12 1 1 -12 0 0 
1490 155 -8 -0 -8 1 1 -8 0 0 
1495 155 -0 3 -0 1 1 -0 0 0 
1500 157 5 10 5 1 1 5 0 0 
1505 157 12 18 12 1 1 12 0 0 
1510 155 23 30 23 1 1 23 0 0 
1515 157 30 40 30 1 1 30 0 0 
1520 157 38 53 38 1 1 38 0 0 
1525 157 50 70 50 1 1 50 0 0 
1530 159 53 83 53 1 1 53 0 0 
1535 159 60 103 60 1 1 60 0 0 
1540 159 72 123 72 1 1 72 0 0 
1545 159 80 148 80 1 1 80 0 0 
1550 160 87 175 87 1 1 87 0 0 
1555 160 98 208 98 1 1 98 0 0 
1560 162 105 228 105 1 1 105 0 0 
1565 164 117 273 117 1 1 117 0 0 
1570 166 125 303 125 1 1 125 0 0 
1575 166 132 340 132 1 1 132 0 0 
1580 168 140 375 140 1 1 140 0 0 
1585 171 147 423 147 1 1 147 0 0 
1590 173 150 463 150 1 1 150 0 0 
1595 175 158 508 158 1 1 158 0 0 
1600 177 162 553 162 1 1 162 0 0 
1605 180 165 593 165 1 1 165 0 0 
1610 182 170 598 170 1 1 170 0 0 
1615 186 173 600 173 1 1 173 0 0 
1620 189 173 598 173 1 1 173 0 0 
1625 193 177 598 177 1 1 177 0 0 
1630 197 180 600 180 1 1 180 0 0 
1635 198 192 600 192 1 1 192 0 0 
1640 202 207 598 207 1 1 207 0 0 
1645 204 230 598 230 1 1 230 0 0 
1650 207 248 600 248 1 1 248 0 0 
1655 211 275 600 275 1 1 275 0 0 
1660 213 308 600 308 1 1 308 0 0 
1665 217 350 598 350 1 1 350 0 0 
1670 220 380 600 380 1 1 380 0 0 
1675 224 405 600 405 1 1 405 0 0 
1680 226 425 600 425 1 1 425 0 0 
1685 229 443 600 443 1 1 443 0 0 
1690 233 450 600 450 1 1 450 0 0 
1695 235 458 598 458 1 1 458 0 0 
1700 238 462 598 462 1 1 462 0 0 
1705 242 473 600 473 1 1 473 0 0 
1710 246 480 598 480 1 1 480 0 0 
1715 247 492 600 492 1 1 492 0 0 
1720 249 500 600 500 1 1 500 0 0 
1725 253 503 600 503 1 1 503 0 0 
1730 256 507 600 507 1 1 507 0 0 
1735 260 503 600 503 1 1 503 0 0 
1740 262 503 600 503 1 1 503 0 0 
1745 266 500 600 500 1 1 500 0 0 
1750 269 503 598 503 1 1 503 0 0 
1755 273 503 600 503 1 1 503 0 0 
1760 275 507 598 507 1 1 507 0 0 
1765 278 510 600 510 1 1 510 0 0 
1770 282 515 600 515 1 1 515 0 0 
1775 285 518 600 518 1 1 518 0 0 
1780 287 525 600 525 1 1 525 0 0 
1785 291 530 600 530 1 1 530 0 0 
1790 295 537 598 537 1 1 537 0 0 
1795 298 545 600 545 1 1 545 0 0 
1800 300 552 600 552 1 1 552 0 0 
1805 304 563 598 563 1 1 563 0 0 
1810 307 575 600 575 1 1 575 0 0 
1815 309 582 600 582 1 1 582 0 0 
1820 313 593 598 593 1 1 593 0 0 
1825 316 597 600 597 1 1 597 0 0 
1830 318 605 598 605 1 1 605 0 0 
1835 322 608 598 608 1 1 608 0 0 
1840 325 608 598 608 1 1 608 0 0 
1845 327 608 598 608 1 1 608 0 0 
1850 331 608 600 608 1 1 608 0 0 
1855 335 605 600 605 1 1 605 0 0 
1860 339 608 600 608 1 1 608 0 0 
1865 341 605 600 605 1 1 605 0 0 
1870 345 605 600 605 1 1 605 0 0 
1875 348 605 600 605 1 1 605 0 0 
1880 350 605 600 605 1 1 605 0 0 
1885 354 605 600 605 1 1 605 0 0 
1890 357 608 598 608 1 1 608 0 0 
1895 359 612 600 612 1 1 612 0 0 
1900 363 612 600 612 1 1 612 0 0 
1905 364 615 600 615 1 1 615 0 0 
1910 370 620 600 620 1 1 620 0 0 
1915 372 623 600 623 1 1 623 0 0 
1920 375 623 600 623 1 1 623 0 0 
1925 377 627 600 627 1 1 627 0 0 
1930 381 627 598 627 1 1 627 0 0 
1935 384 630 600 630 1 1 630 0 0 
1940 388 635 600 635 1 1 635 0 0 
1945 390 638 598 638 1 1 638 0 0 
1950 393 642 598 642 1 1 642 0 0 
1955 395 645 600 645 1 1 645 0 0 
1960 399 645 600 645 1 1 645 0 0 
1965 401 645 600 645 1 1 645 0 0 
1970 404 650 600 650 1 1 650 0 0 
1975 408 650 600 650 1 1 650 0 0 
1980 410 650 600 650 1 1 650 0 0 
1985 413 650 598 650 1 1 650 0 0 
1990 417 653 598 653 1 1 653 0 0 
1995 419 653 600 653 1 1 653 0 0 
2000 423 653 598 653 1 1 653 0 0 
2005 426 657 600 657 1 1 657 0 0 
2010 430 660 600 660 1 1 660 0 0 
2015 432 660 600 660 1 1 660 0 0 
2020 435 668 600 668 1 1 668 0 0 
2025 437 668 600 668 1 1 668 0 0 
2030 441 672 598 672 1 1 672 0 0 
2035 444 675 600 675 1 1 675 0 0 
2040 446 675 598 675 1 1 675 0 0 
2045 450 680 600 680 1 1 680 0 0 
2050 453 680 598 680 1 1 680 0 0 
2055 457 680 598 680 1 1 680 0 0 
2060 459 680 600 680 1 1 680 0 0 
2065 462 675 600 675 1 1 675 0 0 
2070 466 675 600 675 1 1 675 0 0 
2075 468 675 600 675 1 1 675 0 0 
2080 471 675 600 675 1 1 675 0 0 
2085 475 675 600 675 1 1 675 0 0 
2090 479 675 600 675 1 1 675 0 0 
2095 482 675 600 675 1 1 675 0 0 
2100 484 675 598 675 1 1 675 0 0 
2105 486 675 600 675 1 1 675 0 0 
2110 491 675 598 675 1 1 675 0 0 
2115 493 675 600 675 1 1 675 0 0 
2120 497 675 600 675 1 1 675 0 0 
2125 500 675 600 675 1 1 675 0 0 
2130 504 680 600 680 1 1 680 0 0 
2135 508 680 598 680 1 1 680 0 0 
2140 510 680 600 680 1 1 680 0 0 
2145 511 680 600 680 1 1 680 0 0 
2150 515 680 600 680 1 1 680 0 0 
2155 519 680 598 680 1 1 680 0 0 
2160 522 675 600 675 1 1 675 0 0 
2165 524 675 598 675 1 1 675 0 0 
2170 528 672 600 672 1 1 672 0 0 
2175 530 668 598 668 1 1 668 0 0 
2180 533 668 600 668 1 1 668 0 0 
2185 537 665 600 665 1 1 665 0 0 
2190 540 660 598 660 1 1 660 0 0 
2195 542 657 598 657 1 1 657 0 0 
2200 546 653 598 653 1 1 653 0 0 
2205 548 650 600 650 1 1 650 0 0 
2210 553 645 598 645 1 1 645 0 0 
2215 555 645 600 645 1 1 645 0 0 
2220 560 642 600 642 1 1 642 0 0 
2225 561 642 600 642 1 1 642 0 0 
2230 565 638 600 638 1 1 638 0 0 
2235 569 638 600 638 1 1 638 0 0 
2240 570 638 600 638 1 1 638 0 0 
2245 574 638 600 638 1 1 638 0 0 
2250 578 635 600 635 1 1 635 0 0 
2255 579 635 600 635 1 1 635 0 0 
2260 583 635 600 635 1 1 635 0 0 
2265 585 630 598 630 1 1 630 0 0 
2270 589 627 600 627 1 1 627 0 0 
2275 592 627 600 627 1 1 627 0 0 
2280 596 623 598 623 1 1 623 0 0 
2285 598 620 600 620 1 1 620 0 0 
2290 601 615 600 615 1 1 615 0 0 
2295 605 615 600 615 1 1 615 0 0 
2300 607 615 600 615 1 1 615 0 0 
2305 610 612 598 612 1 1 612 0 0 
2310 614 612 598 612 1 1 612 0 0 
2315 616 612 600 612 1 1 612 0 0 
2320 619 608 598 608 1 1 608 0 0 
2325 621 608 600 608 1 1 608 0 0 
2330 627 605 600 605 1 1 605 0 0 
2335 628 600 600 600 1 1 600 0 0 
2340 630 600 598 600 1 1 600 0 0 
2345 634 597 598 597 1 1 597 0 0 
2350 638 600 600 600 1 1 600 0 0 
2355 641 600 598 600 1 1 600 0 0 
2360 643 600 600 600 1 1 600 0 0 
2365 647 600 600 600 1 1 600 0 0 
2370 650 600 598 600 1 1 600 0 0 
2375 652 600 600 600 1 1 600 0 0 
2380 656 600 600 600 1 1 600 0 0 
2385 659 600 600 600 1 1 600 0 0 
2390 661 597 598 597 1 1 597 0 0 
2395 665 597 600 597 1 1 597 0 0 
2400 668 593 598 593 1 1 593 0 0 
2405 670 593 600 593 1 1 593 0 0 
2410 674 590 600 590 1 1 590 0 0 
2415 677 585 600 585 1 1 585 0 0 
2420 679 585 600 585 1 1 585 0 0 
2425 683 582 600 582 1 1 582 0 0 
2430 686 582 600 582 1 1 582 0 0 
2435 690 582 600 582 1 1 582 0 0 
2440 692 578 600 578 1 1 578 0 0 
2445 696 578 598 578 1 1 578 0 0 
2450 697 575 600 575 1 1 575 0 0 
2455 701 575 600 575 1 1 575 0 0 
2460 705 575 600 575 1 1 575 0 0 
2465 706 570 600 570 1 1 570 0 0 
2470 710 567 600 567 1 1 567 0 0 
2475 714 563 600 563 1 1 563 0 0 
2480 715 563 598 563 1 1 563 0 0 
2485 719 563 600 563 1 1 563 0 0 
2490 723 560 598 560 1 1 560 0 0 
2495 726 555 598 555 1 1 555 0 0 
2500 728 555 598 555 1 1 555 0 0 
2505 732 548 600 548 1 1 548 0 0 
2510 735 548 600 548 1 1 548 0 0 
2515 737 545 598 545 1 1 545 0 0 
2520 741 540 598 540 1 1 540 0 0 
2525 745 537 598 537 1 1 537 0 0 
2530 748 533 600 533 1 1 533 0 0 
2535 750 530 598 530 1 1 530 0 0 
2540 754 525 598 525 1 1 525 0 0 
2545 755 522 600 522 1 1 522 0 0 
2550 759 518 600 518 1 1 518 0 0 
2555 763 515 600 515 1 1 515 0 0 
2560 764 515 598 515 1 1 515 0 0 
2565 768 510 600 510 1 1 510 0 0 
2570 772 507 598 507 1 1 507 0 0 
2575 774 503 600 503 1 1 503 0 0 
2580 777 500 600 500 1 1 500 0 0 
2585 780 495 600 495 1 1 495 0 0 
2590 784 488 590 488 1 1 488 0 0 
2595 787 485 580 485 1 1 485 0 0 
2600 791 480 575 480 1 1 480 0 0 
2605 793 473 565 473 1 1 473 0 0 
2610 794 465 553 465 1 1 465 0 0 
2615 798 462 540 462 1 1 462 0 0 
2620 800 462 528 462 1 1 462 0 0 
2625 804 458 520 458 1 1 458 0 0 
2630 807 458 510 458 1 1 458 0 0 
2635 807 455 500 455 1 1 455 0 0 
2640 811 450 493 450 1 1 450 0 0 
2645 814 447 483 447 1 1 447 0 0 
2650 816 440 473 440 1 1 440 0 0 
2655 818 432 468 432 1 1 432 0 0 
2660 820 420 455 420 1 1 420 0 0 
2665 823 413 445 413 1 1 413 0 0 
2670 825 402 435 402 1 1 402 0 0 
2675 827 390 430 390 1 1 390 0 0 
2680 829 380 418 380 1 1 380 0 0 
2685 831 368 408 368 1 1 368 0 0 
2690 834 357 395 357 1 1 357 0 0 
2695 836 350 390 350 1 1 350 0 0 
2700 838 342 380 342 1 1 342 0 0 
2705 840 335 370 335 1 1 335 0 0 
2710 842 327 358 327 1 1 327 0 0 
2715 843 323 353 323 1 1 323 0 0 
2720 845 320 345 320 1 1 320 0 0 
2725 847 312 330 312 1 1 312 0 0 
2730 849 308 323 308 1 1 308 0 0 
2735 851 300 323 300 1 1 300 0 0 
2740 853 293 310 293 1 1 293 0 0 
2745 854 285 300 285 1 1 285 0 0 
2750 856 278 293 278 1 1 278 0 0 
2755 856 270 280 270 1 1 270 0 0 
2760 858 260 270 260 1 1 260 0 0 
2765 860 252 263 252 1 1 252 0 0 
2770 862 240 250 240 1 1 240 0 0 
2775 862 237 238 237 1 1 237 0 0 
2780 863 230 233 230 1 1 230 0 0 
2785 865 222 233 222 1 1 222 0 0 
2790 865 210 220 210 1 1 210 0 0 
2795 867 203 213 203 1 1 203 0 0 
2800 869 195 198 195 1 1 195 0 0 
2805 869 188 193 188 1 1 188 0 0 
2810 869 177 180 177 1 1 177 0 0 
2815 872 165 170 165 1 1 165 0 0 
2820 871 162 155 162 1 1 162 0 0 
2825 872 155 148 155 1 1 155 0 0 
2830 874 147 145 147 1 1 147 0 0 
2835 874 135 133 135 1 1 135 0 0 
2840 874 128 133 128 1 1 128 0 0 
2845 874 120 133 120 1 1 120 0 0 
2850 876 110 120 110 1 1 110 0 0 
2855 876 98 120 98 1 1 98 0 0 
2860 878 87 118 87 1 1 87 0 0 
2865 878 80 118 80 1 1 80 0 0 
2870 878 65 103 65 1 1 65 0 0 
2875 878 53 103 53 1 1 53 0 0 
2880 880 45 95 45 1 1 45 0 0 
2885 880 35 80 35 1 1 35 0 0 
2890 880 20 65 20 1 1 20 0 0 
2895 880 -8 48 -8 1 1 -8 0 0 
2900 882 -35 25 -35 1 1 -35 0 0 
2905 882 -68 -0 -68 1 1 -68 0 0 
2910 880 -95 -10 -95 1 1 -95 0 0 
2915 880 -113 -30 -113 1 1 -113 0 0 
2920 880 -125 -58 -125 1 1 -125 0 0 
2925 880 -135 -88 -135 1 1 -135 0 0 
2930 880 -140 -123 -140 1 1 -140 0 0 
2935 878 -147 -158 -147 1 1 -147 0 0 
2940 878 -150 -195 -150 1 1 -150 0 0 
2945 876 -158 -233 -158 1 1 -158 0 0 
2950 876 -170 -285 -170 1 1 -170 0 0 
2955 874 -177 -328 -177 1 1 -177 0 0 
2960 872 -185 -370 -185 1 1 -185 0 0 
2965 871 -188 -418 -188 1 1 -188 0 0 
2970 869 -195 -473 -195 1 1 -195 0 0 
2975 865 -195 -520 -195 2 1 -195 0 0 
2980 863 -195 -573 -195 2 1 -195 0 0 
2985 862 -200 -593 -200 2 1 -200 0 0 
2990 858 -200 -600 -200 2 1 -200 0 0 
2995 854 -207 -603 -207 2 1 -207 0 0 
3000 853 -210 -600 -210 2 1 -210 0 0 
3005 849 -222 -603 -222 2 1 -222 0 0 
3010 845 -237 -600 -237 2 1 -237 0 0 
3015 842 -260 -600 -260 2 1 -260 0 0 
3020 840 -290 -600 -290 2 1 -290 0 0 
3025 836 -320 -600 -320 2 1 -320 0 0 
3030 833 -360 -603 -360 2 1 -360 0 0 
3035 829 -390 -600 -390 2 1 -390 0 0 
3040 827 -413 -600 -413 2 1 -413 0 0 
3045 823 -440 -600 -440 2 1 -440 0 0 
3050 820 -462 -600 -462 2 1 -462 0 0 
3055 818 -477 -600 -477 2 1 -477 0 0 
3060 814 -488 -603 -488 2 1 -488 0 0 
3065 811 -500 -600 -500 2 1 -500 0 0 
3070 809 -515 -603 -515 2 1 -515 0 0 
3075 805 -525 -600 -525 2 1 -525 0 0 
3080 804 -533 -603 -533 2 1 -533 0 0 
3085 800 -537 -600 -537 2 1 -537 0 0 
3090 796 -540 -600 -540 2 1 -540 0 0 
3095 793 -540 -600 -540 2 1 -540 0 0 
3100 791 -540 -603 -540 2 1 -540 0 0 
3105 787 -540 -600 -540 2 1 -540 0 0 
3110 784 -545 -600 -545 2 1 -545 0 0 
3115 782 -545 -600 -545 2 1 -545 0 0 
3120 777 -552 -603 -552 2 1 -552 0 0 
3125 775 -555 -603 -555 2 1 -555 0 0 
3130 772 -570 -600 -570 2 1 -570 0 0 
3135 768 -585 -600 -585 2 1 -585 0 0 
3140 766 -597 -600 -597 2 1 -597 0 0 
3145 763 -615 -600 -615 2 1 -615 0 0 
3150 759 -635 -603 -635 2 1 -635 0 0 
3155 757 -650 -600 -650 2 1 -650 0 0 
3160 754 -668 -603 -668 2 1 -668 0 0 
3165 750 -683 -600 -683 2 1 -683 0 0 
3170 746 -702 -600 -702 2 1 -702 0 0 
3175 745 -713 -600 -713 2 1 -713 0 0 
3180 741 -725 -603 -725 2 1 -725 0 0 
3185 739 -735 -600 -735 2 1 -735 0 0 
3190 735 -750 -600 -750 2 1 -750 0 0 
3195 732 -758 -600 -758 2 1 -758 0 0 
3200 728 -765 -600 -765 2 1 -765 0 0 
3205 726 -777 -603 -777 2 1 -777 0 0 
3210 723 -785 -600 -785 2 1 -785 0 0 
3215 719 -792 -600 -792 2 1 -792 0 0 
3220 715 -800 -600 -800 2 1 -800 0 0 
3225 714 -807 -600 -807 2 1 -807 0 0 
3230 710 -815 -603 -815 2 1 -815 0 0 
3235 706 -822 -603 -822 2 1 -822 0 0 
3240 705 -830 -600 -830 2 1 -830 0 0 
3245 701 -837 -600 -837 2 1 -837 0 0 
3250 697 -845 -603 -845 2 1 -845 0 0 
3255 696 -855 -600 -855 2 1 -855 0 0 
3260 692 -855 -603 -855 2 1 -855 0 0 
3265 688 -867 -600 -867 2 1 -867 0 0 
3270 686 -875 -600 -875 2 1 -875 0 0 
3275 683 -878 -603 -878 2 1 -878 0 0 
3280 679 -885 -600 -885 2 1 -885 0 0 
3285 677 -893 -603 -893 2 1 -893 0 0 
3290 674 -900 -600 -900 2 1 -900 0 0 
3295 670 -905 -600 -905 2 1 -905 0 0 
3300 668 -908 -600 -908 2 1 -908 0 0 
3305 665 -908 -600 -908 2 1 -908 0 0 
3310 663 -912 -600 -912 2 1 -912 0 0 
3315 659 -912 -600 -912 2 1 -912 0 0 
3320 656 -912 -600 -912 2 1 -912 0 0 
3325 652 -912 -603 -912 2 1 -912 0 0 
3330 650 -912 -600 -912 2 1 -912 0 0 
3335 647 -912 -600 -912 2 1 -912 0 0 
3340 645 -912 -603 -912 2 1 -912 0 0 
3345 641 -908 -600 -908 2 1 -908 0 0 
3350 638 -905 -600 -905 2 1 -905 0 0 
3355 636 -905 -600 -905 2 1 -905 0 0 
3360 632 -900 -600 -900 2 1 -900 0 0 
3365 628 -900 -600 -900 2 1 -900 0 0 
3370 627 -897 -600 -897 2 1 -897 0 0 
3375 623 -897 -600 -897 2 1 -897 0 0 
3380 619 -893 -600 -893 2 1 -893 0 0 
3385 616 -890 -600 -890 2 1 -890 0 0 
3390 614 -885 -603 -885 2 1 -885 0 0 
3395 610 -882 -600 -882 2 1 -882 0 0 
3400 608 -882 -600 -882 2 1 -882 0 0 
3405 605 -875 -600 -875 2 1 -875 0 0 
3410 603 -870 -600 -870 2 1 -870 0 0 
3415 599 -867 -600 -867 2 1 -867 0 0 
3420 596 -863 -600 -863 2 1 -863 0 0 
3425 592 -860 -603 -860 2 1 -860 0 0 
3430 590 -860 -600 -860 2 1 -860 0 0 
3435 587 -855 -600 -855 2 1 -855 0 0 
3440 583 -852 -600 -852 2 1 -852 0 0 
3445 581 -852 -603 -852 2 1 -852 0 0 
3450 578 -848 -600 -848 2 1 -848 0 0 
3455 574 -845 -600 -845 2 1 -845 0 0 
3460 572 -845 -600 -845 2 1 -845 0 0 
3465 569 -845 -600 -845 2 1 -845 0 0 
3470 567 -845 -603 -845 2 1 -845 0 0 
3475 563 -845 -600 -845 2 1 -845 0 0 
3480 560 -840 -603 -840 2 1 -840 0 0 
3485 558 -840 -603 -840 2 1 -840 0 0 
3490 553 -837 -600 -837 2 1 -837 0 0 
3495 551 -833 -603 -833 2 1 -833 0 0 
3500 548 -833 -603 -833 2 1 -833 0 0 
3505 544 -830 -600 -830 2 1 -830 0 0 
3510 542 -830 -600 -830 2 1 -830 0 0 
3515 539 -825 -600 -825 2 1 -825 0 0 
3520 535 -825 -600 -825 2 1 -825 0 0 
3525 533 -822 -600 -822 2 1 -822 0 0 
3530 530 -822 -603 -822 2 1 -822 0 0 
3535 526 -818 -600 -818 2 1 -818 0 0 
3540 522 -818 -603 -818 2 1 -818 0 0 
3545 520 -815 -600 -815 2 1 -815 0 0 
3550 517 -810 -600 -810 2 1 -810 0 0 
3555 513 -810 -600 -810 2 1 -810 0 0 
3560 510 -807 -600 -807 2 1 -807 0 0 
3565 508 -807 -600 -807 2 1 -807 0 0 
3570 506 -803 -600 -803 2 1 -803 0 0 
3575 502 -800 -600 -800 2 1 -800 0 0 
3580 499 -795 -600 -795 2 1 -795 0 0 
3585 497 -792 -600 -792 2 1 -792 0 0 
3590 493 -788 -600 -788 2 1 -788 0 0 
3595 490 -780 -600 -780 2 1 -780 0 0 
3600 486 -777 -600 -777 2 1 -777 0 0 
3605 484 -773 -600 -773 2 1 -773 0 0 
3610 481 -773 -600 -773 2 1 -773 0 0 
3615 479 -770 -600 -770 2 1 -770 0 0 
3620 475 -762 -603 -762 2 1 -762 0 0 
3625 471 -762 -600 -762 2 1 -762 0 0 
3630 468 -758 -603 -758 2 1 -758 0 0 
3635 464 -758 -600 -758 2 1 -758 0 0 
3640 462 -755 -600 -755 2 1 -755 0 0 
3645 459 -755 -603 -755 2 1 -755 0 0 
3650 457 -750 -600 -750 2 1 -750 0 0 
3655 453 -750 -603 -750 2 1 -750 0 0 
3660 450 -750 -600 -750 2 1 -750 0 0 
3665 448 -747 -600 -747 2 1 -747 0 0 
3670 444 -743 -603 -743 2 1 -743 0 0 
3675 441 -743 -600 -743 2 1 -743 0 0 
3680 439 -740 -600 -740 2 1 -740 0 0 
3685 435 -732 -600 -732 2 1 -732 0 0 
3690 433 -728 -600 -728 2 1 -728 0 0 
3695 430 -720 -600 -720 2 1 -720 0 0 
3700 426 -713 -600 -713 2 1 -713 0 0 
3705 424 -710 -603 -710 2 1 -710 0 0 
3710 421 -702 -600 -702 2 1 -702 0 0 
3715 417 -698 -600 -698 2 1 -698 0 0 
3720 415 -690 -600 -690 2 1 -690 0 0 
3725 412 -683 -600 -683 2 1 -683 0 0 
3730 408 -675 -603 -675 2 1 -675 0 0 
3735 406 -672 -600 -672 2 1 -672 0 0 
3740 403 -668 -600 -668 2 1 -668 0 0 
3745 401 -660 -600 -660 2 1 -660 0 0 
3750 397 -657 -600 -657 2 1 -657 0 0 
3755 393 -653 -600 -653 2 1 -653 0 0 
3760 392 -653 -600 -653 2 1 -653 0 0 
3765 388 -650 -600 -650 2 1 -650 0 0 
3770 384 -645 -603 -645 2 1 -645 0 0 
3775 383 -638 -600 -638 2 1 -638 0 0 
3780 379 -635 -600 -635 2 1 -635 0 0 
3785 377 -630 -603 -630 2 1 -630 0 0 
3790 374 -627 -600 -627 2 1 -627 0 0 
3795 370 -615 -600 -615 2 1 -615 0 0 
3800 366 -608 -603 -608 2 1 -608 0 0 
3805 364 -600 -600 -600 2 1 -600 0 0 
3810 361 -590 -600 -590 2 1 -590 0 0 
3815 359 -578 -600 -578 2 1 -578 0 0 
3820 355 -570 -600 -570 2 1 -570 0 0 
3825 354 -560 -600 -560 2 1 -560 0 0 
3830 350 -552 -600 -552 2 1 -552 0 0 
3835 346 -545 -600 -545 2 1 -545 0 0 
3840 345 -537 -600 -537 2 1 -537 0 0 
3845 341 -533 -600 -533 2 1 -533 0 0 
3850 337 -525 -600 -525 2 1 -525 0 0 
3855 334 -518 -600 -518 2 1 -518 0 0 
3860 331 -510 -603 -510 2 1 -510 0 0 
3865 327 -507 -603 -507 2 1 -507 0 0 
3870 325 -500 -600 -500 2 1 -500 0 0 
3875 322 -492 -600 -492 2 1 -492 0 0 
3880 318 -488 -603 -488 2 1 -488 0 0 
3885 316 -480 -600 -480 2 1 -480 0 0 
3890 313 -473 -600 -473 2 1 -473 0 0 
3895 309 -465 -600 -465 2 1 -465 0 0 
3900 307 -458 -600 -458 2 1 -458 0 0 
3905 304 -447 -603 -447 2 1 -447 0 0 
3910 302 -440 -600 -440 2 1 -440 0 0 
3915 298 -432 -600 -432 2 1 -432 0 0 
3920 295 -420 -603 -420 2 1 -420 0 0 
3925 293 -413 -600 -413 2 1 -413 0 0 
3930 289 -405 -600 -405 2 1 -405 0 0 
3935 285 -398 -600 -398 2 1 -398 0 0 
3940 282 -390 -603 -390 2 1 -390 0 0 
3945 280 -387 -600 -387 2 1 -387 0 0 
3950 276 -380 -603 -380 2 1 -380 0 0 
3955 275 -368 -603 -368 2 1 -368 0 0 
3960 271 -365 -600 -365 2 1 -365 0 0 
3965 267 -353 -590 -353 2 1 -353 0 0 
3970 266 -350 -585 -350 2 1 -350 0 0 
3975 262 -342 -568 -342 2 1 -342 0 0 
3980 258 -338 -563 -338 2 1 -338 0 0 
3985 256 -335 -553 -335 2 1 -335 0 0 
3990 253 -335 -548 -335 2 1 -335 0 0 
3995 251 -330 -538 -330 2 1 -330 0 0 
4000 247 -330 -528 -330 2 1 -330 0 0 
4005 246 -330 -520 -330 2 1 -330 0 0 
4010 244 -327 -513 -327 2 1 -327 0 0 
4015 240 -323 -503 -323 2 1 -323 0 0 
4020 238 -320 -488 -320 2 1 -320 0 0 
4025 237 -312 -485 -312 2 1 -312 0 0 
4030 233 -308 -475 -308 2 1 -308 0 0 
4035 231 -300 -468 -300 2 1 -300 0 0 
4040 229 -297 -450 -297 2 1 -297 0 0 
4045 227 -293 -445 -293 2 1 -293 0 0 
4050 224 -290 -445 -290 2 1 -290 0 0 
4055 222 -278 -438 -278 2 1 -278 0 0 
4060 220 -275 -428 -275 2 1 -275 0 0 
4065 217 -267 -408 -267 2 1 -267 0 0 
4070 217 -255 -403 -255 2 1 -255 0 0 
4075 213 -248 -395 -248 2 1 -248 0 0 
4080 211 -240 -383 -240 2 1 -240 0 0 
4085 209 -233 -375 -233 2 1 -233 0 0 
4090 209 -230 -365 -230 2 1 -230 0 0 
4095 207 -222 -355 -222 2 1 -222 0 0 
4100 206 -218 -350 -218 2 1 -218 0 0 
4105 204 -215 -340 -215 2 1 -215 0 0 
4110 202 -207 -328 -207 2 1 -207 0 0 
4115 200 -200 -323 -200 2 1 -200 0 0 
4120 198 -192 -318 -192 2 1 -192 0 0 
4125 197 -185 -305 -185 2 1 -185 0 0 
4130 197 -177 -303 -177 2 1 -177 0 0 
4135 195 -170 -298 -170 2 1 -170 0 0 
4140 193 -162 -288 -162 2 1 -162 0 0 
4145 191 -150 -275 -150 2 1 -150 0 0 
4150 191 -143 -263 -143 2 1 -143 0 0 
4155 189 -132 -248 -132 2 1 -132 0 0 
4160 188 -120 -245 -120 2 1 -120 0 0 
4165 188 -113 -240 -113 2 1 -113 0 0 
4170 186 -102 -235 -102 2 1 -102 0 0 
4175 184 -87 -223 -87 2 1 -87 0 0 
4180 184 -80 -213 -80 2 1 -80 0 0 
4185 182 -72 -200 -72 2 1 -72 0 0 
4190 182 -60 -188 -60 2 1 -60 0 0 
4195 180 -50 -180 -50 2 1 -50 0 0 
4200 180 -42 -165 -42 2 1 -42 0 0 
4205 178 -30 -148 -30 2 1 -30 0 0 
4210 178 -12 -135 -12 2 1 -12 0 0 
4215 177 15 -115 15 2 1 15 0 0 
4220 177 38 -100 38 2 1 38 0 0 
4225 177 60 -78 60 2 1 60 0 0 
4230 177 75 -58 75 2 1 75 0 0 
4235 177 90 -28 90 2 1 90 0 0 
4240 177 98 -0 98 2 1 98 0 0 
4245 177 110 5 110 2 1 110 0 0 
4250 177 120 35 120 2 1 120 0 0 
4255 177 135 78 135 2 1 135 0 0 
4260 177 147 118 147 2 1 147 0 0 
4265 177 162 158 162 2 1 162 0 0 
4270 178 173 205 173 2 1 173 0 0 
4275 180 185 263 185 2 1 185 0 0 
4280 180 195 310 195 2 1 195 0 0 
4285 182 203 365 203 2 1 203 0 0 
4290 184 207 418 207 2 1 207 0 0 
4295 186 215 485 215 2 1 215 0 0 
4300 189 218 538 218 2 1 218 0 0 
4305 191 218 575 218 3 1 218 0 0 
4310 195 222 588 222 3 1 222 0 0 
4315 198 222 590 222 3 1 222 0 0 
4320 200 225 593 225 3 1 225 0 0 
4325 204 225 600 225 3 1 225 0 0 
4330 207 237 598 237 3 1 237 0 0 
4335 209 252 600 252 3 1 252 0 0 
4340 213 270 600 270 3 1 270 0 0 
4345 217 300 600 300 3 1 300 0 0 
4350 218 338 600 338 3 1 338 0 0 
4355 222 387 600 387 3 1 387 0 0 
4360 226 420 600 420 3 1 420 0 0 
4365 227 458 598 458 3 1 458 0 0 
4370 231 492 600 492 3 1 492 0 0 
4375 235 525 600 525 3 1 525 0 0 
4380 238 548 600 548 3 1 548 0 0 
4385 242 563 600 563 3 1 563 0 0 
4390 244 582 600 582 3 1 582 0 0 
4395 247 600 600 600 3 1 600 0 0 
4400 251 612 600 612 3 1 612 0 0 
4405 253 623 600 623 3 1 623 0 0 
4410 256 627 600 627 3 1 627 0 0 
4415 260 627 600 627 3 1 627 0 0 
4420 264 627 600 627 3 1 627 0 0 
4425 266 623 600 623 3 1 623 0 0 
4430 269 615 600 615 3 1 615 0 0 
4435 271 615 600 615 3 1 615 0 0 
4440 275 615 600 615 3 1 615 0 0 
4445 278 615 600 615 3 1 615 0 0 
4450 280 623 598 623 3 1 623 0 0 
4455 284 630 600 630 3 1 630 0 0 
4460 287 638 598 638 3 1 638 0 0 
4465 291 650 600 650 3 1 650 0 0 
4470 295 657 600 657 3 1 657 0 0 
4475 298 672 600 672 3 1 672 0 0 
4480 300 683 600 683 3 1 683 0 0 
4485 304 695 600 695 3 1 695 0 0 
4490 305 713 598 713 3 1 713 0 0 
4495 309 725 598 725 3 1 725 0 0 
4500 313 740 598 740 3 1 740 0 0 
4505 316 750 600 750 3 1 750 0 0 
4510 318 758 598 758 3 1 758 0 0 
4515 322 765 600 765 3 1 765 0 0 
4520 325 765 600 765 3 1 765 0 0 
4525 327 770 600 770 3 1 770 0 0 
4530 331 770 598 770 3 1 770 0 0 
4535 335 765 600 765 3 1 765 0 0 
4540 337 765 600 765 3 1 765 0 0 
4545 341 762 600 762 3 1 762 0 0 
4550 345 762 600 762 3 1 762 0 0 
4555 346 765 598 765 3 1 765 0 0 
4560 350 765 600 765 3 1 765 0 0 
4565 354 773 600 773 3 1 773 0 0 
4570 355 777 598 777 3 1 777 0 0 
4575 359 785 598 785 3 1 785 0 0 
4580 363 792 598 792 3 1 792 0 0 
4585 366 803 600 803 3 1 803 0 0 
4590 368 810 600 810 3 1 810 0 0 
4595 372 822 600 822 3 1 822 0 0 
4600 375 830 600 830 3 1 830 0 0 
4605 377 833 600 833 3 1 833 0 0 
4610 381 837 600 837 3 1 837 0 0 
4615 384 840 600 840 3 1 840 0 0 
4620 386 845 600 845 3 1 845 0 0 
4625 390 848 598 848 3 1 848 0 0 
4630 393 848 600 848 3 1 848 0 0 
4635 395 848 600 848 3 1 848 0 0 
4640 399 848 600 848 3 1 848 0 0 
4645 403 848 600 848 3 1 848 0 0 
4650 404 845 600 845 3 1 845 0 0 
4655 408 845 600 845 3 1 845 0 0 
4660 410 845 600 845 3 1 845 0 0 
4665 413 845 600 845 3 1 845 0 0 
4670 417 845 600 845 3 1 845 0 0 
4675 421 845 600 845 3 1 845 0 0 
4680 423 845 600 845 3 1 845 0 0 
4685 426 848 600 848 3 1 848 0 0 
4690 430 848 600 848 3 1 848 0 0 
4695 432 848 598 848 3 1 848 0 0 
4700 435 852 600 852 3 1 852 0 0 
4705 437 852 598 852 3 1 852 0 0 
4710 441 852 600 852 3 1 852 0 0 
4715 444 852 600 852 3 1 852 0 0 
4720 448 848 598 848 3 1 848 0 0 
4725 450 845 600 845 3 1 845 0 0 
4730 453 845 598 845 3 1 845 0 0 
4735 455 840 600 840 3 1 840 0 0 
4740 459 840 598 840 3 1 840 0 0 
4745 462 840 600 840 3 1 840 0 0 
4750 464 837 600 837 3 1 837 0 0 
4755 468 837 600 837 3 1 837 0 0 
4760 471 837 600 837 3 1 837 0 0 
4765 475 837 598 837 3 1 837 0 0 
4770 477 833 600 833 3 1 833 0 0 
4775 482 833 598 833 3 1 833 0 0 
4780 484 833 598 833 3 1 833 0 0 
4785 488 830 598 830 3 1 830 0 0 
4790 490 830 600 830 3 1 830 0 0 
4795 493 825 600 825 3 1 825 0 0 
4800 497 822 600 822 3 1 822 0 0 
4805 499 822 600 822 3 1 822 0 0 
4810 502 815 600 815 3 1 815 0 0 
4815 506 810 600 810 3 1 810 0 0 
4820 510 807 600 807 3 1 807 0 0 
4825 511 803 600 803 3 1 803 0 0 
4830 515 803 600 803 3 1 803 0 0 
4835 519 803 600 803 3 1 803 0 0 
4840 522 800 600 800 3 1 800 0 0 
4845 524 795 600 795 3 1 795 0 0 
4850 528 795 600 795 3 1 795 0 0 
4855 530 795 600 795 3 1 795 0 0 
4860 533 792 600 792 3 1 792 0 0 
4865 537 788 600 788 3 1 788 0 0 
4870 539 788 600 788 3 1 788 0 0 
4875 542 785 600 785 3 1 785 0 0 
4880 546 780 600 780 3 1 780 0 0 
4885 548 777 598 777 3 1 777 0 0 
4890 551 777 600 777 3 1 777 0 0 
4895 555 773 600 773 3 1 773 0 0 
4900 558 773 600 773 3 1 773 0 0 
4905 561 770 600 770 3 1 770 0 0 
4910 563 770 600 770 3 1 770 0 0 
4915 569 765 598 765 3 1 765 0 0 
4920 570 765 600 765 3 1 765 0 0 
4925 574 762 600 762 3 1 762 0 0 
4930 578 758 598 758 3 1 758 0 0 
4935 579 755 598 755 3 1 755 0 0 
4940 583 755 600 755 3 1 755 0 0 
4945 585 747 598 747 3 1 747 0 0 
4950 589 747 598 747 3 1 747 0 0 
4955 592 740 600 740 3 1 740 0 0 
4960 594 735 598 735 3 1 735 0 0 
4965 598 735 600 735 3 1 735 0 0 
4970 601 732 600 732 3 1 732 0 0 
4975 605 732 600 732 3 1 732 0 0 
4980 607 728 600 728 3 1 728 0 0 
4985 610 728 600 728 3 1 728 0 0 
4990 612 725 598 725 3 1 725 0 0 
4995 616 725 600 725 3 1 725 0 0 
5000 619 725 598 725 3 1 725 0 0 
5005 623 725 600 725 3 1 725 0 0 
5010 625 720 600 720 3 1 720 0 0 
5015 628 717 598 717 3 1 717 0 0 
5020 630 713 600 713 3 1 713 0 0 
5025 634 710 598 710 3 1 710 0 0 
5030 638 710 600 710 3 1 710 0 0 
5035 639 710 600 710 3 1 710 0 0 
5040 643 705 600 705 3 1 705 0 0 
5045 647 705 600 705 3 1 705 0 0 
5050 650 702 598 702 3 1 702 0 0 
5055 652 698 600 698 3 1 698 0 0 
5060 656 698 600 698 3 1 698 0 0 
5065 657 695 600 695 3 1 695 0 0 
5070 661 695 598 695 3 1 695 0 0 
5075 665 690 600 690 3 1 690 0 0 
5080 668 687 600 687 3 1 687 0 0 
5085 670 683 600 683 3 1 683 0 0 
5090 674 680 598 680 3 1 680 0 0 
5095 676 675 598 675 3 1 675 0 0 
5100 679 672 600 672 3 1 672 0 0 
5105 681 665 598 665 3 1 665 0 0 
5110 686 665 600 665 3 1 665 0 0 
5115 688 660 600 660 3 1 660 0 0 
5120 692 657 600 657 3 1 657 0 0 
5125 696 657 600 657 3 1 657 0 0 
5130 697 653 600 653 3 1 653 0 0 
5135 701 653 598 653 3 1 653 0 0 
5140 703 645 600 645 3 1 645 0 0 
5145 706 642 600 642 3 1 642 0 0 
5150 710 638 600 638 3 1 638 0 0 
5155 712 635 600 635 3 1 635 0 0 
5160 715 627 598 627 3 1 627 0 0 
5165 719 623 600 623 3 1 623 0 0 
5170 723 615 600 615 3 1 615 0 0 
5175 725 615 600 615 3 1 615 0 0 
5180 728 608 598 608 3 1 608 0 0 
5185 732 600 598 600 3 1 600 0 0 
5190 734 597 600 597 3 1 597 0 0 
5195 737 593 600 593 3 1 593 0 0 
5200 741 590 600 590 3 1 590 0 0 
5205 743 585 598 585 3 1 585 0 0 
5210 746 582 600 582 3 1 582 0 0 
5215 750 578 600 578 3 1 578 0 0 
5220 752 575 600 575 3 1 575 0 0 
5225 755 570 600 570 3 1 570 0 0 
5230 757 567 598 567 3 1 567 0 0 
5235 761 563 600 563 3 1 563 0 0 
5240 764 560 600 560 3 1 560 0 0 
5245 768 555 600 555 3 1 555 0 0 
5250 770 548 600 548 3 1 548 0 0 
5255 774 545 600 545 3 1 545 0 0 
5260 777 537 600 537 3 1 537 0 0 
5265 780 530 600 530 3 1 530 0 0 
5270 784 525 593 525 3 1 525 0 0 
5275 785 518 578 518 3 1 518 0 0 
5280 789 510 573 510 3 1 510 0 0 
5285 793 503 560 503 3 1 503 0 0 
5290 794 495 550 495 3 1 495 0 0 
5295 796 492 548 492 3 1 492 0 0 
5300 800 492 533 492 3 1 492 0 0 
5305 802 492 525 492 3 1 492 0 0 
5310 805 488 520 488 3 1 488 0 0 
5315 807 488 503 488 3 1 488 0 0 
5320 811 485 495 485 3 1 485 0 0 
5325 813 480 485 480 3 1 480 0 0 
5330 814 477 480 477 3 1 477 0 0 
5335 818 470 473 470 3 1 470 0 0 
5340 820 458 458 458 3 1 458 0 0 
5345 822 450 448 450 3 1 450 0 0 
5350 825 435 445 435 3 1 435 0 0 
5355 827 425 433 425 3 1 425 0 0 
5360 829 410 420 410 3 1 410 0 0 
5365 831 402 415 402 3 1 402 0 0 
5370 833 390 398 390 3 1 390 0 0 
5375 836 383 398 383 3 1 383 0 0 
5380 838 372 383 372 3 1 372 0 0 
5385 840 368 375 368 3 1 368 0 0 
5390 842 360 370 360 3 1 360 0 0 
5395 843 353 358 353 3 1 353 0 0 
5400 845 345 353 345 3 1 345 0 0 
5405 847 338 338 338 3 1 338 0 0 
5410 847 335 330 335 3 1 335 0 0 
5415 851 327 323 327 3 1 327 0 0 
5420 853 320 310 320 3 1 320 0 0 
5425 853 312 300 312 3 1 312 0 0 
5430 856 305 298 305 3 1 305 0 0 
5435 856 293 288 293 3 1 293 0 0 
5440 858 282 278 282 3 1 282 0 0 
5445 860 270 265 270 3 1 270 0 0 
5450 860 263 253 263 3 1 263 0 0 
5455 862 252 240 252 3 1 252 0 0 
5460 863 240 233 240 3 1 240 0 0 
5465 865 233 233 233 3 1 233 0 0 
5470 865 225 223 225 3 1 225 0 0 
5475 867 215 213 215 3 1 215 0 0 
5480 867 207 198 207 3 1 207 0 0 
5485 869 195 188 195 3 1 195 0 0 
5490 869 188 180 188 3 1 188 0 0 
5495 871 180 173 180 3 1 180 0 0 
5500 871 173 160 173 3 1 173 0 0 
5505 872 170 153 170 3 1 170 0 0 
5510 872 162 145 162 3 1 162 0 0 
5515 874 155 143 155 3 1 155 0 0 
5520 874 147 133 147 3 1 147 0 0 
5525 874 140 130 140 3 1 140 0 0 
5530 876 128 120 128 3 1 128 0 0 
5535 876 117 120 117 3 1 117 0 0 
5540 876 105 118 105 3 1 105 0 0 
5545 876 95 115 95 3 1 95 0 0 
5550 878 83 105 83 3 1 83 0 0 
5555 878 72 103 72 3 1 72 0 0 
5560 880 60 100 60 3 1 60 0 0 
5565 880 50 83 50 3 1 50 0 0 
5570 880 42 80 42 3 1 42 0 0 
5575 880 30 70 30 3 1 30 0 0 
5580 880 15 55 15 3 1 15 0 0 
5585 882 -8 38 -8 3 1 -8 0 0 
5590 880 -35 18 -35 3 1 -35 0 0 
5595 882 -60 -0 -60 3 1 -60 0 0 
5600 880 -83 -10 -83 3 1 -83 0 0 
5605 882 -105 -30 -105 3 1 -105 0 0 
5610 882 -117 -63 -117 3 1 -117 0 0 
5615 882 -128 -88 -128 3 1 -128 0 0 
5620 880 -140 -130 -140 3 1 -140 0 0 
5625 880 -147 -160 -147 3 1 -147 0 0 
5630 878 -155 -200 -155 3 1 -155 0 0 
5635 878 -165 -240 -165 3 1 -165 0 0 
5640 876 -177 -298 -177 3 1 -177 0 0 
5645 874 -188 -343 -188 3 1 -188 0 0 
5650 872 -200 -390 -200 3 1 -200 0 0 
5655 871 -207 -445 -207 3 1 -207 0 0 
5660 869 -218 -510 -218 3 1 -218 0 0 
5665 865 -225 -568 -225 4 1 -225 0 0 
5670 863 -230 -593 -230 4 1 -230 0 0 
5675 862 -237 -600 -237 4 1 -237 0 0 
5680 856 -245 -600 -245 4 1 -245 0 0 
5685 853 -255 -600 -255 4 1 -255 0 0 
5690 851 -275 -600 -275 4 1 -275 0 0 
5695 849 -293 -600 -293 4 1 -293 0 0 
5700 843 -327 -603 -327 4 1 -327 0 0 
5705 842 -360 -600 -360 4 1 -360 0 0 
5710 838 -395 -600 -395 4 1 -395 0 0 
5715 834 -432 -600 -432 4 1 -432 0 0 
5720 833 -473 -600 -473 4 1 -473 0 0 
5725 829 -503 -600 -503 4 1 -503 0 0 
5730 825 -533 -600 -533 4 1 -533 0 0 
5735 823 -552 -603 -552 4 1 -552 0 0 
5740 820 -575 -603 -575 4 1 -575 0 0 
5745 816 -593 -600 -593 4 1 -593 0 0 
5750 814 -605 -600 -605 4 1 -605 0 0 
5755 811 -615 -600 -615 4 1 -615 0 0 
5760 807 -623 -600 -623 4 1 -623 0 0 
5765 804 -630 -603 -630 4 1 -630 0 0 
5770 802 -635 -600 -635 4 1 -635 0 0 
5775 798 -638 -600 -638 4 1 -638 0 0 
5780 796 -645 -600 -645 4 1 -645 0 0 
5785 793 -650 -600 -650 4 1 -650 0 0 
5790 789 -657 -600 -657 4 1 -657 0 0 
5795 787 -672 -600 -672 4 1 -672 0 0 
5800 784 -690 -600 -690 4 1 -690 0 0 
5805 780 -705 -600 -705 4 1 -705 0 0 
5810 777 -728 -600 -728 4 1 -728 0 0 
5815 774 -750 -603 -750 4 1 -750 0 0 
5820 770 -780 -603 -780 4 1 -780 0 0 
5825 768 -803 -600 -803 4 1 -803 0 0 
5830 764 -830 -600 -830 4 1 -830 0 0 
5835 761 -852 -600 -852 4 1 -852 0 0 
5840 759 -875 -600 -875 4 1 -875 0 0 
5845 755 -893 -600 -893 4 1 -893 0 0 
5850 752 -912 -600 -912 4 1 -912 0 0 
5855 750 -927 -600 -927 4 1 -927 0 0 
5860 745 -945 -603 -945 4 1 -945 0 0 
5865 743 -957 -603 -957 4 1 -957 0 0 
5870 739 -972 -603 -972 4 1 -972 0 0 
5875 737 -983 -600 -983 4 1 -983 0 0 
5880 734 -998 -600 -998 4 1 -998 0 0 
5885 730 -1010 -600 -1010 4 1 -1010 0 0 
5890 728 -1017 -600 -1017 4 1 -1017 0 0 
5895 725 -1032 -603 -1032 4 1 -1032 0 0 
5900 721 -1047 -603 -1047 4 1 -1047 0 0 
5905 717 -1062 -600 -1062 4 1 -1062 0 0 
5910 715 -1077 -600 -1077 4 1 -1077 0 0 
5915 712 -1092 -600 -1092 4 1 -1092 0 0 
5920 708 -1107 -600 -1107 4 1 -1107 0 0 
5925 706 -1122 -600 -1122 4 1 -1122 0 0 
5930 703 -1137 -603 -1137 4 1 -1137 0 0 
5935 701 -1148 -600 -1148 4 1 -1148 0 0 
5940 696 -1160 -600 -1160 4 1 -1160 0 0 
5945 694 -1167 -603 -1167 4 1 -1167 0 0 
5950 690 -1175 -600 -1175 4 1 -1175 0 0 
5955 686 -1182 -600 -1182 4 1 -1182 0 0 
5960 685 -1190 -600 -1190 4 1 -1190 0 0 
5965 681 -1197 -600 -1197 4 1 -1197 0 0 
5970 677 -1200 -600 -1200 4 1 -1200 0 0 
5975 676 -1205 -600 -1205 4 1 -1205 0 0 
5980 672 -1208 -600 -1208 4 1 -1208 0 0 
5985 670 -1215 -603 -1215 4 1 -1215 0 0 
5990 667 -1220 -600 -1220 4 1 -1220 0 0 
5995 663 -1223 -600 -1223 4 1 -1223 0 0 
6000 661 -1230 -600 -1230 4 1 -1230 0 0 
6005 657 -1235 -600 -1235 4 1 -1235 0 0 
6010 654 -1238 -600 -1238 4 1 -1238 0 0 
6015 652 -1242 -600 -1242 4 1 -1242 0 0 
6020 648 -1250 -600 -1250 4 1 -1250 0 0 
6025 645 -1253 -600 -1253 4 1 -1253 0 0 
6030 641 -1257 -603 -1257 4 1 -1257 0 0 
6035 639 -1260 -600 -1260 4 1 -1260 0 0 
6040 636 -1265 -600 -1265 4 1 -1265 0 0 
6045 634 -1268 -603 -1268 4 1 -1268 0 0 
6050 630 -1272 -603 -1272 4 1 -1272 0 0 
6055 628 -1275 -600 -1275 4 1 -1275 0 0 
6060 623 -1275 -600 -1275 4 1 -1275 0 0 
6065 621 -1275 -600 -1275 4 1 -1275 0 0 
6070 618 -1280 -603 -1280 4 1 -1280 0 0 
6075 614 -1283 -600 -1283 4 1 -1283 0 0 
6080 612 -1280 -600 -1280 4 1 -1280 0 0 
6085 608 -1283 -600 -1283 4 1 -1283 0 0 
6090 605 -1283 -600 -1283 4 1 -1283 0 0 
6095 603 -1283 -600 -1283 4 1 -1283 0 0 
6100 599 -1283 -600 -1283 4 1 -1283 0 0 
6105 596 -1283 -600 -1283 4 1 -1283 0 0 
6110 594 -1283 -600 -1283 4 1 -1283 0 0 
6115 590 -1287 -600 -1287 4 1 -1287 0 0 
6120 587 -1287 -600 -1287 4 1 -1287 0 0 
6125 585 -1287 -600 -1287 4 1 -1287 0 0 
6130 581 -1287 -600 -1287 4 1 -1287 0 0 
6135 578 -1287 -603 -1287 4 1 -1287 0 0 
6140 576 -1287 -603 -1287 4 1 -1287 0 0 
6145 572 -1287 -600 -1287 4 1 -1287 0 0 
6150 569 -1287 -603 -1287 4 1 -1287 0 0 
6155 567 -1287 -600 -1287 4 1 -1287 0 0 
6160 563 -1287 -600 -1287 4 1 -1287 0 0 
6165 561 -1283 -600 -1283 4 1 -1283 0 0 
6170 558 -1283 -600 -1283 4 1 -1283 0 0 
6175 553 -1283 -600 -1283 4 1 -1283 0 0 
6180 549 -1280 -603 -1280 4 1 -1280 0 0 
6185 548 -1275 -603 -1275 4 1 -1275 0 0 
6190 544 -1275 -600 -1275 4 1 -1275 0 0 
6195 542 -1272 -600 -1272 4 1 -1272 0 0 
6200 539 -1268 -603 -1268 4 1 -1268 0 0 
6205 537 -1268 -600 -1268 4 1 -1268 0 0 
6210 533 -1265 -600 -1265 4 1 -1265 0 0 
6215 530 -1257 -600 -1257 4 1 -1257 0 0 
6220 526 -1257 -600 -1257 4 1 -1257 0 0 
6225 524 -1253 -600 -1253 4 1 -1253 0 0 
6230 520 -1250 -600 -1250 4 1 -1250 0 0 
6235 517 -1245 -600 -1245 4 1 -1245 0 0 
6240 515 -1242 -600 -1242 4 1 -1242 0 0 
6245 511 -1238 -600 -1238 4 1 -1238 0 0 
6250 510 -1235 -600 -1235 4 1 -1235 0 0 
6255 506 -1235 -600 -1235 4 1 -1235 0 0 
6260 502 -1230 -600 -1230 4 1 -1230 0 0 
6265 499 -1227 -603 -1227 4 1 -1227 0 0 
6270 497 -1223 -603 -1223 4 1 -1223 0 0 
6275 493 -1220 -600 -1220 4 1 -1220 0 0 
6280 490 -1212 -600 -1212 4 1 -1212 0 0 
6285 488 -1208 -600 -1208 4 1 -1208 0 0 
6290 484 -1200 -603 -1200 4 1 -1200 0 0 
6295 482 -1193 -603 -1193 4 1 -1193 0 0 
6300 479 -1185 -603 -1185 4 1 -1185 0 0 
6305 475 -1178 -600 -1178 4 1 -1178 0 0 
6310 473 -1170 -600 -1170 4 1 -1170 0 0 
6315 470 -1167 -603 -1167 4 1 -1167 0 0 
6320 466 -1160 -600 -1160 4 1 -1160 0 0 
6325 464 -1155 -600 -1155 4 1 -1155 0 0 
6330 461 -1148 -600 -1148 4 1 -1148 0 0 
6335 457 -1145 -603 -1145 4 1 -1145 0 0 
6340 453 -1137 -603 -1137 4 1 -1137 0 0 
6345 450 -1133 -600 -1133 4 1 -1133 0 0 
6350 448 -1125 -603 -1125 4 1 -1125 0 0 
6355 446 -1118 -600 -1118 4 1 -1118 0 0 
6360 441 -1110 -600 -1110 4 1 -1110 0 0 
6365 439 -1103 -603 -1103 4 1 -1103 0 0 
6370 435 -1095 -603 -1095 4 1 -1095 0 0 
6375 433 -1088 -600 -1088 4 1 -1088 0 0 
6380 430 -1080 -600 -1080 4 1 -1080 0 0 
6385 428 -1073 -600 -1073 4 1 -1073 0 0 
6390 424 -1065 -600 -1065 4 1 -1065 0 0 
6395 423 -1055 -600 -1055 4 1 -1055 0 0 
6400 417 -1047 -600 -1047 4 1 -1047 0 0 
6405 415 -1035 -600 -1035 4 1 -1035 0 0 
6410 413 -1028 -603 -1028 4 1 -1028 0 0 
6415 410 -1017 -603 -1017 4 1 -1017 0 0 
6420 406 -1013 -600 -1013 4 1 -1013 0 0 
6425 404 -1002 -600 -1002 4 1 -1002 0 0 
6430 401 -995 -600 -995 4 1 -995 0 0 
6435 399 -987 -603 -987 4 1 -987 0 0 
6440 395 -980 -600 -980 4 1 -980 0 0 
6445 392 -968 -603 -968 4 1 -968 0 0 
6450 388 -965 -600 -965 4 1 -965 0 0 
6455 386 -953 -600 -953 4 1 -953 0 0 
6460 383 -942 -600 -942 4 1 -942 0 0 
6465 381 -930 -600 -930 4 1 -930 0 0 
6470 377 -923 -600 -923 4 1 -923 0 0 
6475 375 -912 -600 -912 4 1 -912 0 0 
6480 372 -893 -600 -893 4 1 -893 0 0 
6485 368 -882 -600 -882 4 1 -882 0 0 
6490 366 -867 -600 -867 4 1 -867 0 0 
6495 363 -855 -600 -855 4 1 -855 0 0 
6500 359 -840 -603 -840 4 1 -840 0 0 
6505 357 -825 -603 -825 4 1 -825 0 0 
6510 354 -810 -600 -810 4 1 -810 0 0 
6515 350 -792 -600 -792 4 1 -792 0 0 
6520 348 -777 -600 -777 4 1 -777 0 0 
6525 345 -758 -600 -758 4 1 -758 0 0 
6530 343 -743 -600 -743 4 1 -743 0 0 
6535 339 -728 -600 -728 4 1 -728 0 0 
6540 335 -713 -600 -713 4 1 -713 0 0 
6545 334 -698 -600 -698 4 1 -698 0 0 
6550 329 -683 -600 -683 4 1 -683 0 0 
6555 327 -668 -600 -668 4 1 -668 0 0 
6560 324 -653 -600 -653 4 1 -653 0 0 
6565 320 -635 -600 -635 4 1 -635 0 0 
6570 316 -620 -600 -620 4 1 -620 0 0 
6575 314 -605 -600 -605 4 1 -605 0 0 
6580 313 -590 -600 -590 4 1 -590 0 0 
6585 309 -570 -600 -570 4 1 -570 0 0 
6590 305 -555 -600 -555 4 1 -555 0 0 
6595 302 -545 -600 -545 4 1 -545 0 0 
6600 300 -530 -603 -530 4 1 -530 0 0 
6605 296 -515 -600 -515 4 1 -515 0 0 
6610 295 -500 -603 -500 4 1 -500 0 0 
6615 291 -488 -600 -488 4 1 -488 0 0 
6620 287 -477 -600 -477 4 1 -477 0 0 
6625 285 -462 -600 -462 4 1 -462 0 0 
6630 282 -450 -600 -450 4 1 -450 0 0 
6635 278 -435 -600 -435 4 1 -435 0 0 
6640 275 -425 -600 -425 4 1 -425 0 0 
6645 273 -417 -600 -417 4 1 -417 0 0 
6650 269 -402 -600 -402 4 1 -402 0 0 
6655 267 -395 -585 -395 4 1 -395 0 0 
6660 264 -383 -580 -383 4 1 -383 0 0 
6665 262 -372 -568 -372 4 1 -372 0 0 
6670 258 -357 -560 -357 4 1 -357 0 0 
6675 255 -345 -553 -345 4 1 -345 0 0 
6680 253 -335 -548 -335 4 1 -335 0 0 
6685 249 -320 -535 -320 4 1 -320 0 0 
6690 247 -305 -525 -305 4 1 -305 0 0 
6695 246 -293 -520 -293 4 1 -293 0 0 
6700 242 -278 -510 -278 4 1 -278 0 0 
6705 240 -260 -498 -260 4 1 -260 0 0 
6710 237 -245 -493 -245 4 1 -245 0 0 
6715 235 -230 -483 -230 4 1 -230 0 0 
6720 233 -215 -475 -215 4 1 -215 0 0 
6725 231 -195 -460 -195 4 1 -195 0 0 
6730 227 -177 -448 -177 4 1 -177 0 0 
6735 226 -162 -445 -162 4 1 -162 0 0 
6740 224 -143 -443 -143 4 1 -143 0 0 
6745 222 -128 -423 -128 4 1 -128 0 0 
6750 220 -113 -415 -113 4 1 -113 0 0 
6755 218 -102 -408 -102 4 1 -102 0 0 
6760 217 -95 -405 -95 4 1 -95 0 0 
6765 213 -83 -393 -83 4 1 -83 0 0 
6770 213 -75 -380 -75 4 1 -75 0 0 
6775 211 -68 -370 -68 4 1 -68 0 0 
6780 209 -50 -363 -50 4 1 -50 0 0 
6785 207 -23 -353 -23 4 1 -23 0 0 
6790 206 -5 -340 -5 4 1 -5 0 0 
6795 204 20 -328 20 4 1 20 0 0 
6800 202 38 -313 38 4 1 38 0 0 
6805 200 53 -298 53 4 1 53 0 0 
6810 200 65 -278 65 4 1 65 0 0 
6815 198 72 -260 72 4 1 72 0 0 
6820 197 80 -238 80 4 1 80 0 0 
6825 197 83 -213 83 4 1 83 0 0 
6830 195 90 -188 90 4 1 90 0 0 
6835 195 95 -160 95 4 1 95 0 0 
6840 193 102 -135 102 4 1 102 0 0 
6845 193 110 -100 110 4 1 110 0 0 
6850 193 117 -68 117 4 1 117 0 0 
6855 193 120 -35 120 4 1 120 0 0 
6860 191 128 -3 128 4 1 128 0 0 
6865 191 132 5 132 4 1 132 0 0 
6870 191 135 35 135 4 1 135 0 0 
6875 193 140 75 140 4 1 140 0 0 
6880 193 143 118 143 4 1 143 0 0 
6885 193 155 173 155 4 1 155 0 0 
6890 193 162 223 162 4 1 162 0 0 
6895 195 165 275 165 4 1 165 0 0 
6900 197 177 325 177 4 1 177 0 0 
6905 198 185 385 185 4 1 185 0 0 
6910 200 188 443 188 4 1 188 0 0 
6915 202 192 498 192 4 1 192 0 0 
6920 206 188 550 188 4 1 188 0 0 
6925 207 185 593 185 5 1 185 0 0 
6930 211 185 598 185 5 1 185 0 0 
6935 213 180 600 180 5 1 180 0 0 
6940 217 177 600 177 5 1 177 0 0 
6945 220 180 600 180 5 1 180 0 0 
6950 222 188 600 188 5 1 188 0 0 
6955 226 203 598 203 5 1 203 0 0 
6960 229 218 600 218 5 1 218 0 0 
6965 233 240 600 240 5 1 240 0 0 
6970 237 267 600 267 5 1 267 0 0 
6975 238 293 600 293 5 1 293 0 0 
6980 242 323 598 323 5 1 323 0 0 
6985 246 368 600 368 5 1 368 0 0 
6990 247 402 600 402 5 1 402 0 0 
6995 251 440 600 440 5 1 440 0 0 
7000 253 470 600 470 5 1 470 0 0 
7005 258 495 600 495 5 1 495 0 0 
7010 260 507 598 507 5 1 507 0 0 
7015 264 518 600 518 5 1 518 0 0 
7020 267 518 600 518 5 1 518 0 0 
7025 269 518 600 518 5 1 518 0 0 
7030 273 522 598 522 5 1 522 0 0 
7035 276 518 600 518 5 1 518 0 0 
7040 278 515 600 515 5 1 515 0 0 
7045 282 507 600 507 5 1 507 0 0 
7050 285 500 600 500 5 1 500 0 0 
7055 287 492 600 492 5 1 492 0 0 
7060 291 485 598 485 5 1 485 0 0 
7065 295 480 600 480 5 1 480 0 0 
7070 298 480 600 480 5 1 480 0 0 
7075 300 485 600 485 5 1 485 0 0 
7080 304 492 598 492 5 1 492 0 0 
7085 307 503 600 503 5 1 503 0 0 
7090 311 515 600 515 5 1 515 0 0 
7095 313 525 600 525 5 1 525 0 0 
7100 316 537 598 537 5 1 537 0 0 
7105 320 552 600 552 5 1 552 0 0 
7110 324 563 600 563 5 1 563 0 0 
7115 327 575 600 575 5 1 575 0 0 
7120 327 585 600 585 5 1 585 0 0 
7125 331 600 600 600 5 1 600 0 0 
7130 335 612 600 612 5 1 612 0 0 
7135 339 620 598 620 5 1 620 0 0 
7140 341 627 600 627 5 1 627 0 0 
7145 345 630 600 630 5 1 630 0 0 
7150 348 635 598 635 5 1 635 0 0 
7155 350 630 600 630 5 1 630 0 0 
7160 354 630 598 630 5 1 630 0 0 
7165 357 630 600 630 5 1 630 0 0 
7170 359 630 600 630 5 1 630 0 0 
7175 363 627 600 627 5 1 627 0 0 
7180 366 630 600 630 5 1 630 0 0 
7185 370 630 600 630 5 1 630 0 0 
7190 374 635 598 635 5 1 635 0 0 
7195 375 642 600 642 5 1 642 0 0 
7200 377 645 598 645 5 1 645 0 0 
7205 381 653 600 653 5 1 653 0 0 
7210 384 657 600 657 5 1 657 0 0 
7215 386 665 600 665 5 1 665 0 0 
7220 390 672 600 672 5 1 672 0 0 
7225 393 680 600 680 5 1 680 0 0 
7230 397 687 600 687 5 1 687 0 0 
7235 399 690 600 690 5 1 690 0 0 
7240 403 695 598 695 5 1 695 0 0 
7245 406 698 598 698 5 1 698 0 0 
7250 408 698 600 698 5 1 698 0 0 
7255 412 702 600 702 5 1 702 0 0 
7260 415 702 600 702 5 1 702 0 0 
7265 417 702 598 702 5 1 702 0 0 
7270 421 702 600 702 5 1 702 0 0 
7275 424 702 598 702 5 1 702 0 0 
7280 426 702 600 702 5 1 702 0 0 
7285 430 702 600 702 5 1 702 0 0 
7290 433 705 600 705 5 1 705 0 0 
7295 435 705 600 705 5 1 705 0 0 
7300 439 710 600 710 5 1 710 0 0 
7305 442 710 600 710 5 1 710 0 0 
7310 444 713 598 713 5 1 713 0 0 
7315 448 713 598 713 5 1 713 0 0 
7320 450 717 600 717 5 1 717 0 0 
7325 453 720 600 720 5 1 720 0 0 
7330 457 725 600 725 5 1 725 0 0 
7335 461 725 600 725 5 1 725 0 0 
7340 462 725 600 725 5 1 725 0 0 
7345 466 728 598 728 5 1 728 0 0 
7350 470 728 600 728 5 1 728 0 0 
7355 473 728 600 728 5 1 728 0 0 
7360 475 728 598 728 5 1 728 0 0 
7365 479 728 600 728 5 1 728 0 0 
7370 482 728 600 728 5 1 728 0 0 
7375 484 728 600 728 5 1 728 0 0 
7380 488 725 598 725 5 1 725 0 0 
7385 491 725 600 725 5 1 725 0 0 
7390 495 725 600 725 5 1 725 0 0 
7395 497 725 600 725 5 1 725 0 0 
7400 500 725 598 725 5 1 725 0 0 
7405 504 725 600 725 5 1 725 0 0 
7410 508 725 600 725 5 1 725 0 0 
7415 510 725 600 725 5 1 725 0 0 
7420 513 725 600 725 5 1 725 0 0 
7425 517 728 598 728 5 1 728 0 0 
7430 519 728 600 728 5 1 728 0 0 
7435 522 732 600 732 5 1 732 0 0 
7440 524 732 600 732 5 1 732 0 0 
7445 528 732 600 732 5 1 732 0 0 
7450 531 728 598 728 5 1 728 0 0 
7455 535 728 600 728 5 1 728 0 0 
7460 537 725 600 725 5 1 725 0 0 
7465 540 725 600 725 5 1 725 0 0 
7470 542 725 600 725 5 1 725 0 0 
7475 546 720 600 720 5 1 720 0 0 
7480 549 717 600 717 5 1 717 0 0 
7485 553 713 598 713 5 1 713 0 0 
7490 555 713 600 713 5 1 713 0 0 
7495 560 713 600 713 5 1 713 0 0 
7500 561 710 600 710 5 1 710 0 0 
7505 567 713 598 713 5 1 713 0 0 
7510 569 710 598 710 5 1 710 0 0 
7515 570 713 600 713 5 1 713 0 0 
7520 574 713 598 713 5 1 713 0 0 
7525 578 713 598 713 5 1 713 0 0 
7530 581 710 598 710 5 1 710 0 0 
7535 583 710 600 710 5 1 710 0 0 
7540 587 705 600 705 5 1 705 0 0 
7545 590 702 598 702 5 1 702 0 0 
7550 592 702 600 702 5 1 702 0 0 
7555 596 698 598 698 5 1 698 0 0 
7560 598 695 600 695 5 1 695 0 0 
7565 603 695 600 695 5 1 695 0 0 
7570 605 690 598 690 5 1 690 0 0 
7575 608 687 600 687 5 1 687 0 0 
7580 610 687 598 687 5 1 687 0 0 
7585 614 687 600 687 5 1 687 0 0 
7590 618 683 600 683 5 1 683 0 0 
7595 621 683 600 683 5 1 683 0 0 
7600 623 683 600 683 5 1 683 0 0 
7605 627 680 600 680 5 1 680 0 0 
7610 630 680 600 680 5 1 680 0 0 
7615 632 675 600 675 5 1 675 0 0 
7620 636 672 600 672 5 1 672 0 0 
7625 639 672 600 672 5 1 672 0 0 
7630 641 668 600 668 5 1 668 0 0 
7635 645 668 598 668 5 1 668 0 0 
7640 647 665 600 665 5 1 665 0 0 
7645 650 660 600 660 5 1 660 0 0 
7650 654 660 600 660 5 1 660 0 0 
7655 656 657 598 657 5 1 657 0 0 
7660 659 653 600 653 5 1 653 0 0 
7665 663 650 600 650 5 1 650 0 0 
7670 667 645 600 645 5 1 645 0 0 
7675 670 642 600 642 5 1 642 0 0 
7680 672 638 600 638 5 1 638 0 0 
7685 674 635 600 635 5 1 635 0 0 
7690 677 630 600 630 5 1 630 0 0 
7695 681 630 598 630 5 1 630 0 0 
7700 683 627 600 627 5 1 627 0 0 
7705 686 627 598 627 5 1 627 0 0 
7710 690 623 600 623 5 1 623 0 0 
7715 694 620 598 620 5 1 620 0 0 
7720 696 620 598 620 5 1 620 0 0 
7725 699 615 600 615 5 1 615 0 0 
7730 703 608 600 608 5 1 608 0 0 
7735 705 608 600 608 5 1 608 0 0 
7740 708 600 598 600 5 1 600 0 0 
7745 712 597 600 597 5 1 597 0 0 
7750 714 590 598 590 5 1 590 0 0 
7755 717 585 598 585 5 1 585 0 0 
7760 721 582 600 582 5 1 582 0 0 
7765 723 575 600 575 5 1 575 0 0 
7770 726 570 598 570 5 1 570 0 0 
7775 730 567 598 567 5 1 567 0 0 
7780 732 563 598 563 5 1 563 0 0 
7785 735 563 598 563 5 1 563 0 0 
7790 739 560 600 560 5 1 560 0 0 
7795 741 555 598 555 5 1 555 0 0 
7800 745 552 600 552 5 1 552 0 0 
7805 748 548 600 548 5 1 548 0 0 
7810 752 545 600 545 5 1 545 0 0 
7815 754 540 600 540 5 1 540 0 0 
7820 757 537 600 537 5 1 537 0 0 
7825 761 530 600 530 5 1 530 0 0 
7830 763 530 600 530 5 1 530 0 0 
7835 766 525 598 525 5 1 525 0 0 
7840 768 518 600 518 5 1 518 0 0 
7845 772 515 600 515 5 1 515 0 0 
7850 775 510 598 510 5 1 510 0 0 
7855 777 503 600 503 5 1 503 0 0 
7860 782 500 600 500 5 1 500 0 0 
7865 785 492 585 492 5 1 492 0 0 
7870 787 485 573 485 5 1 485 0 0 
7875 791 477 568 477 5 1 477 0 0 
7880 793 473 555 473 5 1 473 0 0 
7885 796 465 550 465 5 1 465 0 0 
7890 798 465 545 465 5 1 465 0 0 
7895 802 465 528 465 5 1 465 0 0 
7900 804 465 520 465 5 1 465 0 0 
7905 807 462 508 462 5 1 462 0 0 
7910 809 462 500 462 5 1 462 0 0 
7915 811 458 493 458 5 1 458 0 0 
7920 814 455 483 455 5 1 455 0 0 
7925 816 450 473 450 5 1 450 0 0 
7930 820 443 463 443 5 1 443 0 0 
7935 822 435 458 435 5 1 435 0 0 
7940 823 432 448 432 5 1 432 0 0 
7945 825 420 435 420 5 1 420 0 0 
7950 827 413 433 413 5 1 413 0 0 
7955 831 405 415 405 5 1 405 0 0 
7960 833 402 405 402 5 1 402 0 0 
7965 834 395 398 395 5 1 395 0 0 
7970 836 387 390 387 5 1 387 0 0 
7975 840 383 383 383 5 1 383 0 0 
7980 840 380 370 380 5 1 380 0 0 
7985 842 375 365 375 5 1 375 0 0 
7990 843 368 355 368 5 1 368 0 0 
7995 845 365 343 365 5 1 365 0 0 
8000 847 360 333 360 5 1 360 0 0 
8005 849 357 323 357 5 1 357 0 0 
8010 851 350 315 350 5 1 350 0 0 
8015 853 345 305 345 5 1 345 0 0 
8020 854 338 298 338 5 1 338 0 0 
8025 856 327 293 327 5 1 327 0 0 
8030 858 320 280 320 5 1 320 0 0 
8035 860 312 270 312 5 1 312 0 0 
8040 860 305 260 305 5 1 305 0 0 
8045 862 297 240 297 5 1 297 0 0 
8050 863 290 233 290 5 1 290 0 0 
8055 863 282 233 282 5 1 282 0 0 
8060 865 278 228 278 5 1 278 0 0 
8065 865 270 218 270 5 1 270 0 0 
8070 867 270 210 270 5 1 270 0 0 
8075 869 267 193 267 5 1 267 0 0 
8080 869 263 180 263 5 1 263 0 0 
8085 871 260 173 260 5 1 260 0 0 
8090 872 255 158 255 5 1 255 0 0 
8095 872 252 148 252 5 1 252 0 0 
8100 872 248 145 248 5 1 248 0 0 
8105 874 245 140 245 5 1 245 0 0 
8110 874 245 133 245 5 1 245 0 0 
8115 874 240 133 240 5 1 240 0 0 
8120 874 237 130 237 5 1 237 0 0 
8125 876 233 120 233 5 1 233 0 0 
8130 876 225 118 225 5 1 225 0 0 
8135 878 222 110 222 5 1 222 0 0 
8140 878 215 103 215 5 1 215 0 0 
8145 878 203 103 203 5 1 203 0 0 
8150 880 200 103 200 5 1 200 0 0 
8155 880 192 95 192 5 1 192 0 0 
8160 880 185 83 185 5 1 185 0 0 
8165 882 180 80 180 5 1 180 0 0 
8170 882 173 75 173 5 1 173 0 0 
8175 882 170 68 170 5 1 170 0 0 
8180 882 165 55 165 5 1 165 0 0 
8185 882 162 58 162 5 1 162 0 0 
8190 882 162 55 162 5 1 162 0 0 
8195 883 158 53 158 5 1 158 0 0 
8200 882 158 53 158 5 1 158 0 0 
8205 883 158 53 158 5 1 158 0 0 
8210 883 150 50 150 5 1 150 0 0 
8215 883 147 53 147 5 1 147 0 0 
8220 883 143 53 143 5 1 143 0 0 
8225 883 135 50 135 5 1 135 0 0 
8230 885 125 43 125 5 1 125 0 0 
8235 885 117 43 117 5 1 117 0 0 
8240 885 105 43 105 5 1 105 0 0 
8245 885 98 43 98 5 1 98 0 0 
8250 885 83 43 83 5 1 83 0 0 
8255 885 72 43 72 5 1 72 0 0 
8260 885 65 38 65 5 1 65 0 0 
8265 887 53 38 53 5 1 53 0 0 
8270 885 42 35 42 5 1 42 0 0 
8275 887 38 30 38 5 1 38 0 0 
8280 887 30 23 30 5 1 30 0 0 
8285 887 20 10 20 5 1 20 0 0 
8290 887 -5 -0 -5 5 1 -5 0 0 
8295 887 -30 -13 -30 5 1 -30 0 0 
8300 887 -53 -30 -53 5 1 -53 0 0 
8305 887 -75 -50 -75 5 1 -75 0 0 
8310 885 -95 -75 -95 5 1 -95 0 0 
8315 885 -105 -100 -105 5 1 -105 0 0 
8320 885 -117 -130 -117 5 1 -117 0 0 
8325 885 -125 -158 -125 5 1 -125 0 0 
8330 883 -132 -198 -132 5 1 -132 0 0 
8335 883 -143 -235 -143 5 1 -143 0 0 
8340 882 -155 -278 -155 5 1 -155 0 0 
8345 880 -165 -318 -165 5 1 -165 0 0 
8350 878 -180 -375 -180 5 1 -180 0 0 
8355 876 -192 -423 -192 5 1 -192 0 0 
8360 874 -200 -473 -200 5 1 -200 0 0 
8365 872 -207 -525 -207 6 1 -207 0 0 
8370 869 -218 -585 -218 6 1 -218 0 0 
8375 865 -225 -598 -225 6 1 -225 0 0 
8380 863 -233 -600 -233 6 1 -233 0 0 
8385 862 -237 -600 -237 6 1 -237 0 0 
8390 856 -252 -600 -252 6 1 -252 0 0 
8395 854 -267 -600 -267 6 1 -267 0 0 
8400 851 -290 -603 -290 6 1 -290 0 0 
8405 847 -320 -600 -320 6 1 -320 0 0 
8410 843 -360 -603 -360 6 1 -360 0 0 
8415 842 -395 -600 -395 6 1 -395 0 0 
8420 838 -435 -600 -435 6 1 -435 0 0 
8425 834 -465 -603 -465 6 1 -465 0 0 
8430 833 -503 -600 -503 6 1 -503 0 0 
8435 829 -525 -603 -525 6 1 -525 0 0 
8440 825 -545 -603 -545 6 1 -545 0 0 
8445 823 -560 -603 -560 6 1 -560 0 0 
8450 820 -578 -600 -578 6 1 -578 0 0 
8455 816 -590 -600 -590 6 1 -590 0 0 
8460 814 -600 -600 -600 6 1 -600 0 0 
8465 811 -612 -600 -612 6 1 -612 0 0 
8470 807 -620 -600 -620 6 1 -620 0 0 
8475 804 -623 -600 -623 6 1 -623 0 0 
8480 802 -623 -603 -623 6 1 -623 0 0 
8485 798 -623 -600 -623 6 1 -623 0 0 
8490 794 -627 -600 -627 6 1 -627 0 0 
8495 793 -627 -600 -627 6 1 -627 0 0 
8500 789 -635 -600 -635 6 1 -635 0 0 
8505 787 -642 -600 -642 6 1 -642 0 0 
8510 784 -657 -603 -657 6 1 -657 0 0 
8515 780 -672 -600 -672 6 1 -672 0 0 
8520 777 -690 -600 -690 6 1 -690 0 0 
8525 774 -702 -600 -702 6 1 -702 0 0 
8530 770 -728 -600 -728 6 1 -728 0 0 
8535 766 -747 -600 -747 6 1 -747 0 0 
8540 764 -762 -600 -762 6 1 -762 0 0 
8545 763 -780 -600 -780 6 1 -780 0 0 
8550 757 -792 -600 -792 6 1 -792 0 0 
8555 755 -807 -600 -807 6 1 -807 0 0 
8560 752 -815 -603 -815 6 1 -815 0 0 
8565 750 -822 -600 -822 6 1 -822 0 0 
8570 746 -830 -600 -830 6 1 -830 0 0 
8575 743 -837 -600 -837 6 1 -837 0 0 
8580 739 -845 -603 -845 6 1 -845 0 0 
8585 737 -848 -600 -848 6 1 -848 0 0 
8590 734 -855 -600 -855 6 1 -855 0 0 
8595 730 -860 -600 -860 6 1 -860 0 0 
8600 728 -867 -603 -867 6 1 -867 0 0 
8605 725 -875 -603 -875 6 1 -875 0 0 
8610 721 -882 -600 -882 6 1 -882 0 0 
8615 719 -890 -603 -890 6 1 -890 0 0 
8620 715 -900 -600 -900 6 1 -900 0 0 
8625 712 -908 -603 -908 6 1 -908 0 0 
8630 708 -920 -600 -920 6 1 -920 0 0 
8635 706 -930 -600 -930 6 1 -930 0 0 
8640 703 -942 -600 -942 6 1 -942 0 0 
8645 701 -950 -600 -950 6 1 -950 0 0 
8650 697 -960 -600 -960 6 1 -960 0 0 
8655 694 -968 -600 -968 6 1 -968 0 0 
8660 692 -975 -600 -975 6 1 -975 0 0 
8665 688 -983 -600 -983 6 1 -983 0 0 
8670 685 -995 -600 -995 6 1 -995 0 0 
8675 681 -1002 -600 -1002 6 1 -1002 0 0 
8680 679 -1010 -600 -1010 6 1 -1010 0 0 
8685 676 -1013 -600 -1013 6 1 -1013 0 0 
8690 674 -1025 -600 -1025 6 1 -1025 0 0 
8695 670 -1028 -600 -1028 6 1 -1028 0 0 
8700 667 -1040 -600 -1040 6 1 -1040 0 0 
8705 665 -1047 -603 -1047 6 1 -1047 0 0 
8710 661 -1055 -603 -1055 6 1 -1055 0 0 
8715 657 -1062 -600 -1062 6 1 -1062 0 0 
8720 654 -1070 -600 -1070 6 1 -1070 0 0 
8725 652 -1073 -600 -1073 6 1 -1073 0 0 
8730 648 -1080 -600 -1080 6 1 -1080 0 0 
8735 647 -1085 -603 -1085 6 1 -1085 0 0 
8740 643 -1088 -600 -1088 6 1 -1088 0 0 
8745 639 -1092 -603 -1092 6 1 -1092 0 0 
8750 636 -1095 -600 -1095 6 1 -1095 0 0 
8755 634 -1100 -600 -1100 6 1 -1100 0 0 
8760 632 -1103 -600 -1103 6 1 -1103 0 0 
8765 628 -1107 -603 -1107 6 1 -1107 0 0 
8770 625 -1110 -603 -1110 6 1 -1110 0 0 
8775 621 -1115 -600 -1115 6 1 -1115 0 0 
8780 618 -1115 -600 -1115 6 1 -1115 0 0 
8785 616 -1118 -603 -1118 6 1 -1118 0 0 
8790 612 -1122 -603 -1122 6 1 -1122 0 0 
8795 608 -1122 -600 -1122 6 1 -1122 0 0 
8800 607 -1122 -600 -1122 6 1 -1122 0 0 
8805 603 -1122 -600 -1122 6 1 -1122 0 0 
8810 599 -1122 -600 -1122 6 1 -1122 0 0 
8815 596 -1122 -603 -1122 6 1 -1122 0 0 
8820 594 -1118 -600 -1118 6 1 -1118 0 0 
8825 592 -1115 -600 -1115 6 1 -1115 0 0 
8830 589 -1110 -600 -1110 6 1 -1110 0 0 
8835 585 -1103 -603 -1103 6 1 -1103 0 0 
8840 583 -1095 -600 -1095 6 1 -1095 0 0 
8845 579 -1092 -600 -1092 6 1 -1092 0 0 
8850 576 -1085 -600 -1085 6 1 -1085 0 0 
8855 572 -1080 -603 -1080 6 1 -1080 0 0 
8860 570 -1077 -600 -1077 6 1 -1077 0 0 
8865 567 -1073 -603 -1073 6 1 -1073 0 0 
8870 565 -1070 -603 -1070 6 1 -1070 0 0 
8875 561 -1065 -600 -1065 6 1 -1065 0 0 
8880 560 -1062 -600 -1062 6 1 -1062 0 0 
8885 555 -1058 -600 -1058 6 1 -1058 0 0 
8890 551 -1055 -600 -1055 6 1 -1055 0 0 
8895 548 -1047 -600 -1047 6 1 -1047 0 0 
8900 546 -1043 -603 -1043 6 1 -1043 0 0 
8905 542 -1035 -600 -1035 6 1 -1035 0 0 
8910 539 -1028 -600 -1028 6 1 -1028 0 0 
8915 535 -1025 -600 -1025 6 1 -1025 0 0 
8920 533 -1017 -603 -1017 6 1 -1017 0 0 
8925 531 -1013 -600 -1013 6 1 -1013 0 0 
8930 528 -1010 -603 -1010 6 1 -1010 0 0 
8935 524 -1005 -600 -1005 6 1 -1005 0 0 
8940 522 -1002 -600 -1002 6 1 -1002 0 0 
8945 519 -998 -600 -998 6 1 -998 0 0 
8950 515 -995 -600 -995 6 1 -995 0 0 
8955 513 -995 -600 -995 6 1 -995 0 0 
8960 510 -995 -603 -995 6 1 -995 0 0 
8965 508 -995 -603 -995 6 1 -995 0 0 
8970 502 -995 -600 -995 6 1 -995 0 0 
8975 500 -995 -600 -995 6 1 -995 0 0 
8980 497 -995 -600 -995 6 1 -995 0 0 
8985 495 -995 -600 -995 6 1 -995 0 0 
8990 491 -990 -603 -990 6 1 -990 0 0 
8995 488 -987 -600 -987 6 1 -987 0 0 
9000 486 -987 -600 -987 6 1 -987 0 0 
9005 482 -983 -603 -983 6 1 -983 0 0 
9010 479 -980 -603 -980 6 1 -980 0 0 
9015 475 -975 -600 -975 6 1 -975 0 0 
9020 473 -972 -603 -972 6 1 -972 0 0 
9025 470 -972 -600 -972 6 1 -972 0 0 
9030 466 -968 -600 -968 6 1 -968 0 0 
9035 464 -968 -600 -968 6 1 -968 0 0 
9040 461 -965 -603 -965 6 1 -965 0 0 
9045 459 -960 -600 -960 6 1 -960 0 0 
9050 455 -960 -600 -960 6 1 -960 0 0 
9055 452 -957 -600 -957 6 1 -957 0 0 
9060 448 -953 -600 -953 6 1 -953 0 0 
9065 446 -953 -600 -953 6 1 -953 0 0 
9070 442 -953 -600 -953 6 1 -953 0 0 
9075 439 -950 -600 -950 6 1 -950 0 0 
9080 437 -950 -600 -950 6 1 -950 0 0 
9085 433 -945 -600 -945 6 1 -945 0 0 
9090 430 -942 -600 -942 6 1 -942 0 0 
9095 428 -942 -600 -942 6 1 -942 0 0 
9100 424 -938 -600 -938 6 1 -938 0 0 
9105 423 -935 -600 -935 6 1 -935 0 0 
9110 419 -935 -600 -935 6 1 -935 0 0 
9115 415 -930 -600 -930 6 1 -930 0 0 
9120 413 -927 -600 -927 6 1 -927 0 0 
9125 410 -923 -600 -923 6 1 -923 0 0 
9130 406 -915 -600 -915 6 1 -915 0 0 
9135 404 -908 -603 -908 6 1 -908 0 0 
9140 403 -905 -603 -905 6 1 -905 0 0 
9145 399 -900 -600 -900 6 1 -900 0 0 
9150 395 -897 -603 -897 6 1 -897 0 0 
9155 392 -890 -600 -890 6 1 -890 0 0 
9160 390 -882 -600 -882 6 1 -882 0 0 
9165 386 -878 -600 -878 6 1 -878 0 0 
9170 383 -870 -600 -870 6 1 -870 0 0 
9175 381 -863 -603 -863 6 1 -863 0 0 
9180 377 -855 -600 -855 6 1 -855 0 0 
9185 375 -852 -600 -852 6 1 -852 0 0 
9190 372 -840 -600 -840 6 1 -840 0 0 
9195 370 -830 -600 -830 6 1 -830 0 0 
9200 366 -818 -600 -818 6 1 -818 0 0 
9205 363 -807 -600 -807 6 1 -807 0 0 
9210 359 -795 -603 -795 6 1 -795 0 0 
9215 355 -785 -603 -785 6 1 -785 0 0 
9220 354 -777 -600 -777 6 1 -777 0 0 
9225 352 -765 -600 -765 6 1 -765 0 0 
9230 348 -755 -600 -755 6 1 -755 0 0 
9235 345 -747 -600 -747 6 1 -747 0 0 
9240 343 -740 -603 -740 6 1 -740 0 0 
9245 339 -732 -600 -732 6 1 -732 0 0 
9250 335 -720 -603 -720 6 1 -720 0 0 
9255 334 -713 -600 -713 6 1 -713 0 0 
9260 329 -705 -600 -705 6 1 -705 0 0 
9265 327 -698 -600 -698 6 1 -698 0 0 
9270 324 -687 -603 -687 6 1 -687 0 0 
9275 320 -675 -600 -675 6 1 -675 0 0 
9280 318 -665 -600 -665 6 1 -665 0 0 
9285 314 -653 -600 -653 6 1 -653 0 0 
9290 311 -638 -600 -638 6 1 -638 0 0 
9295 309 -630 -600 -630 6 1 -630 0 0 
9300 305 -615 -603 -615 6 1 -615 0 0 
9305 304 -605 -603 -605 6 1 -605 0 0 
9310 298 -590 -600 -590 6 1 -590 0 0 
9315 296 -578 -600 -578 6 1 -578 0 0 
9320 293 -567 -600 -567 6 1 -567 0 0 
9325 291 -560 -603 -560 6 1 -560 0 0 
9330 287 -548 -603 -548 6 1 -548 0 0 
9335 285 -540 -603 -540 6 1 -540 0 0 
9340 282 -530 -603 -530 6 1 -530 0 0 
9345 278 -522 -603 -522 6 1 -522 0 0 
9350 275 -507 -603 -507 6 1 -507 0 0 
9355 273 -500 -600 -500 6 1 -500 0 0 
9360 269 -488 -603 -488 6 1 -488 0 0 
9365 266 -480 -590 -480 6 1 -480 0 0 
9370 264 -465 -580 -465 6 1 -465 0 0 
9375 260 -455 -573 -455 6 1 -455 0 0 
9380 258 -443 -560 -443 6 1 -443 0 0 
9385 255 -432 -555 -432 6 1 -432 0 0 
9390 253 -417 -545 -417 6 1 -417 0 0 
9395 249 -405 -535 -405 6 1 -405 0 0 
9400 247 -395 -525 -395 6 1 -395 0 0 
9405 246 -387 -520 -387 6 1 -387 0 0 
9410 242 -375 -503 -375 6 1 -375 0 0 
9415 240 -365 -498 -365 6 1 -365 0 0 
9420 237 -353 -488 -353 6 1 -353 0 0 
9425 235 -342 -483 -342 6 1 -342 0 0 
9430 233 -327 -470 -327 6 1 -327 0 0 
9435 231 -320 -463 -320 6 1 -320 0 0 
9440 227 -308 -450 -308 6 1 -308 0 0 
9445 226 -297 -445 -297 6 1 -297 0 0 
9450 224 -285 -435 -285 6 1 -285 0 0 
9455 220 -278 -428 -278 6 1 -278 0 0 
9460 218 -270 -418 -270 6 1 -270 0 0 
9465 217 -260 -408 -260 6 1 -260 0 0 
9470 215 -248 -398 -248 6 1 -248 0 0 
9475 213 -237 -393 -237 6 1 -237 0 0 
9480 211 -230 -383 -230 6 1 -230 0 0 
9485 209 -218 -378 -218 6 1 -218 0 0 
9490 207 -203 -368 -203 6 1 -203 0 0 
9495 206 -188 -355 -188 6 1 -188 0 0 
9500 204 -173 -355 -173 6 1 -173 0 0 
9505 204 -158 -343 -158 6 1 -158 0 0 
9510 202 -143 -330 -143 6 1 -143 0 0 
9515 200 -132 -330 -132 6 1 -132 0 0 
9520 198 -117 -318 -117 6 1 -117 0 0 
9525 197 -105 -305 -105 6 1 -105 0 0 
9530 195 -95 -303 -95 6 1 -95 0 0 
9535 193 -87 -290 -87 6 1 -87 0 0 
9540 191 -80 -285 -80 6 1 -80 0 0 
9545 191 -75 -275 -75 6 1 -75 0 0 
9550 189 -68 -260 -68 6 1 -68 0 0 
9555 188 -57 -250 -57 6 1 -57 0 0 
9560 188 -42 -238 -42 6 1 -42 0 0 
9565 186 -23 -225 -23 6 1 -23 0 0 
9570 186 -0 -218 -0 6 1 -0 0 0 
9575 184 20 -205 20 6 1 20 0 0 
9580 184 38 -193 38 6 1 38 0 0 
9585 182 50 -175 50 6 1 50 0 0 
9590 182 60 -158 60 6 1 60 0 0 
9595 180 68 -140 68 6 1 68 0 0 
9600 180 75 -118 75 6 1 75 0 0 
9605 178 80 -93 80 6 1 80 0 0 
9610 178 95 -65 95 6 1 95 0 0 
9615 178 102 -35 102 6 1 102 0 0 
9620 178 113 -5 113 6 1 113 0 0 
9625 178 120 3 120 6 1 120 0 0 
9630 178 132 30 132 6 1 132 0 0 
9635 178 140 70 140 6 1 140 0 0 
9640 180 143 105 143 6 1 143 0 0 
9645 180 150 148 150 6 1 150 0 0 
9650 180 158 195 158 6 1 158 0 0 
9655 182 165 238 165 6 1 165 0 0 
9660 184 170 285 170 6 1 170 0 0 
9665 184 173 328 173 6 1 173 0 0 
9670 186 177 383 177 6 1 177 0 0 
9675 188 177 433 177 6 1 177 0 0 
9680 191 177 483 177 6 1 177 0 0 
9685 193 177 533 177 7 1 177 0 0 
9690 197 177 588 177 7 1 177 0 0 
9695 198 177 600 177 7 1 177 0 0 
9700 202 177 600 177 7 1 177 0 0 
9705 204 180 600 180 7 1 180 0 0 
9710 207 188 600 188 7 1 188 0 0 
9715 211 200 600 200 7 1 200 0 0 
9720 213 215 600 215 7 1 215 0 0 
9725 217 230 600 230 7 1 230 0 0 
9730 220 255 600 255 7 1 255 0 0 
9735 224 282 598 282 7 1 282 0 0 
9740 226 315 600 315 7 1 315 0 0 
9745 229 350 598 350 7 1 350 0 0 
9750 233 395 600 395 7 1 395 0 0 
9755 237 425 600 425 7 1 425 0 0 
9760 238 455 600 455 7 1 455 0 0 
9765 242 477 598 477 7 1 477 0 0 
9770 246 492 600 492 7 1 492 0 0 
9775 247 495 598 495 7 1 495 0 0 
9780 249 492 600 492 7 1 492 0 0 
9785 255 488 600 488 7 1 488 0 0 
9790 258 485 598 485 7 1 485 0 0 
9795 260 480 600 480 7 1 480 0 0 
9800 262 480 600 480 7 1 480 0 0 
9805 266 480 600 480 7 1 480 0 0 
9810 269 477 600 477 7 1 477 0 0 
9815 273 477 600 477 7 1 477 0 0 
9820 276 473 600 473 7 1 473 0 0 
9825 278 473 600 473 7 1 473 0 0 
9830 282 470 600 470 7 1 470 0 0 
9835 285 473 600 473 7 1 473 0 0 
9840 287 477 600 477 7 1 477 0 0 
9845 291 485 600 485 7 1 485 0 0 
9850 295 495 598 495 7 1 495 0 0 
9855 298 503 598 503 7 1 503 0 0 
9860 300 515 598 515 7 1 515 0 0 
9865 304 522 600 522 7 1 522 0 0 
9870 307 530 600 530 7 1 530 0 0 
9875 311 540 598 540 7 1 540 0 0 
9880 313 552 600 552 7 1 552 0 0 
9885 316 563 598 563 7 1 563 0 0 
9890 318 570 600 570 7 1 570 0 0 
9895 322 582 600 582 7 1 582 0 0 
9900 325 585 598 585 7 1 585 0 0 
9905 327 597 600 597 7 1 597 0 0 
9910 331 600 598 600 7 1 600 0 0 
9915 335 600 598 600 7 1 600 0 0 
9920 339 605 600 605 7 1 605 0 0 
9925 341 600 598 600 7 1 600 0 0 
9930 345 600 600 600 7 1 600 0 0 
9935 348 597 600 597 7 1 597 0 0 
9940 350 597 600 597 7 1 597 0 0 
9945 354 600 600 600 7 1 600 0 0 
9950 355 600 598 600 7 1 600 0 0 
9955 359 605 598 605 7 1 605 0 0 
9960 363 612 600 612 7 1 612 0 0 
9965 366 615 598 615 7 1 615 0 0 
9970 368 620 598 620 7 1 620 0 0 
9975 372 627 600 627 7 1 627 0 0 
9980 375 630 598 630 7 1 630 0 0 
9985 379 638 600 638 7 1 638 0 0 
9990 381 638 600 638 7 1 638 0 0 
9995 384 645 598 645 7 1 645 0 0 
10000 386 650 600 650 7 1 650 0 0 
10005 390 650 598 650 7 1 650 0 0 
10010 393 653 600 653 7 1 653 0 0 
10015 397 657 598 657 7 1 657 0 0 
10020 399 657 600 657 7 1 657 0 0 
10025 403 657 598 657 7 1 657 0 0 
10030 404 657 600 657 7 1 657 0 0 
10035 408 660 600 660 7 1 660 0 0 
10040 410 657 598 657 7 1 657 0 0 
10045 413 657 598 657 7 1 657 0 0 
10050 417 657 600 657 7 1 657 0 0 
10055 421 657 598 657 7 1 657 0 0 
10060 424 657 598 657 7 1 657 0 0 
10065 426 660 600 660 7 1 660 0 0 
10070 430 660 600 660 7 1 660 0 0 
10075 433 665 598 665 7 1 665 0 0 
10080 435 665 600 665 7 1 665 0 0 
10085 439 668 600 668 7 1 668 0 0 
10090 441 672 600 672 7 1 672 0 0 
10095 446 675 598 675 7 1 675 0 0 
10100 448 675 600 675 7 1 675 0 0 
10105 450 675 600 675 7 1 675 0 0 
10110 453 675 600 675 7 1 675 0 0 
10115 457 680 600 680 7 1 680 0 0 
10120 459 680 600 680 7 1 680 0 0 
10125 462 680 598 680 7 1 680 0 0 
10130 466 675 598 675 7 1 675 0 0 
10135 470 675 600 675 7 1 675 0 0 
10140 471 672 598 672 7 1 672 0 0 
10145 475 672 600 672 7 1 672 0 0 
10150 479 672 600 672 7 1 672 0 0 
10155 482 672 600 672 7 1 672 0 0 
10160 484 672 600 672 7 1 672 0 0 
10165 488 672 600 672 7 1 672 0 0 
10170 491 672 600 672 7 1 672 0 0 
10175 495 675 600 675 7 1 675 0 0 
10180 499 675 600 675 7 1 675 0 0 
10185 500 680 600 680 7 1 680 0 0 
10190 504 680 598 680 7 1 680 0 0 
10195 506 683 600 683 7 1 683 0 0 
10200 510 683 600 683 7 1 683 0 0 
10205 513 687 598 687 7 1 687 0 0 
10210 515 687 600 687 7 1 687 0 0 
10215 519 687 600 687 7 1 687 0 0 
10220 522 687 600 687 7 1 687 0 0 
10225 524 687 600 687 7 1 687 0 0 
10230 528 687 600 687 7 1 687 0 0 
10235 531 687 600 687 7 1 687 0 0 
10240 535 683 600 683 7 1 683 0 0 
10245 537 687 600 687 7 1 687 0 0 
10250 540 683 600 683 7 1 683 0 0 
10255 544 683 600 683 7 1 683 0 0 
10260 546 683 600 683 7 1 683 0 0 
10265 549 683 600 683 7 1 683 0 0 
10270 553 683 600 683 7 1 683 0 0 
10275 555 687 600 687 7 1 687 0 0 
10280 560 687 600 687 7 1 687 0 0 
10285 563 687 598 687 7 1 687 0 0 
10290 565 687 600 687 7 1 687 0 0 
10295 569 687 600 687 7 1 687 0 0 
10300 572 687 600 687 7 1 687 0 0 
10305 574 687 600 687 7 1 687 0 0 
10310 576 687 598 687 7 1 687 0 0 
10315 581 683 598 683 7 1 683 0 0 
10320 583 683 600 683 7 1 683 0 0 
10325 587 683 598 683 7 1 683 0 0 
10330 589 683 600 683 7 1 683 0 0 
10335 592 680 600 680 7 1 680 0 0 
10340 596 680 600 680 7 1 680 0 0 
10345 599 675 600 675 7 1 675 0 0 
10350 601 675 600 675 7 1 675 0 0 
10355 605 675 598 675 7 1 675 0 0 
10360 607 675 600 675 7 1 675 0 0 
10365 610 675 600 675 7 1 675 0 0 
10370 614 672 598 672 7 1 672 0 0 
10375 616 672 600 672 7 1 672 0 0 
10380 621 668 600 668 7 1 668 0 0 
10385 623 668 598 668 7 1 668 0 0 
10390 627 665 600 665 7 1 665 0 0 
10395 630 660 598 660 7 1 660 0 0 
10400 632 660 600 660 7 1 660 0 0 
10405 636 657 598 657 7 1 657 0 0 
10410 638 653 600 653 7 1 653 0 0 
10415 641 653 598 653 7 1 653 0 0 
10420 645 650 600 650 7 1 650 0 0 
10425 647 650 598 650 7 1 650 0 0 
10430 650 650 600 650 7 1 650 0 0 
10435 654 645 598 645 7 1 645 0 0 
10440 656 642 600 642 7 1 642 0 0 
10445 659 638 600 638 7 1 638 0 0 
10450 663 635 600 635 7 1 635 0 0 
10455 667 630 600 630 7 1 630 0 0 
10460 668 627 598 627 7 1 627 0 0 
10465 670 623 600 623 7 1 623 0 0 
10470 674 620 598 620 7 1 620 0 0 
10475 677 615 600 615 7 1 615 0 0 
10480 679 612 598 612 7 1 612 0 0 
10485 683 608 600 608 7 1 608 0 0 
10490 686 608 600 608 7 1 608 0 0 
10495 688 605 600 605 7 1 605 0 0 
10500 692 600 600 600 7 1 600 0 0 
10505 696 597 600 597 7 1 597 0 0 
10510 697 597 600 597 7 1 597 0 0 
10515 703 593 600 593 7 1 593 0 0 
10520 705 590 600 590 7 1 590 0 0 
10525 708 585 598 585 7 1 585 0 0 
10530 710 578 600 578 7 1 578 0 0 
10535 714 575 598 575 7 1 575 0 0 
10540 717 567 600 567 7 1 567 0 0 
10545 719 563 600 563 7 1 563 0 0 
10550 723 563 598 563 7 1 563 0 0 
10555 726 555 600 555 7 1 555 0 0 
10560 728 552 600 552 7 1 552 0 0 
10565 732 548 600 548 7 1 548 0 0 
10570 735 545 600 545 7 1 545 0 0 
10575 739 540 600 540 7 1 540 0 0 
10580 741 533 600 533 7 1 533 0 0 
10585 745 530 600 530 7 1 530 0 0 
10590 746 525 600 525 7 1 525 0 0 
10595 752 518 600 518 7 1 518 0 0 
10600 754 515 598 515 7 1 515 0 0 
10605 757 510 600 510 7 1 510 0 0 
10610 759 507 600 507 7 1 507 0 0 
10615 763 503 600 503 7 1 503 0 0 
10620 766 495 600 495 7 1 495 0 0 
10625 768 495 600 495 7 1 495 0 0 
10630 772 488 600 488 7 1 488 0 0 
10635 775 485 600 485 7 1 485 0 0 
10640 777 477 600 477 7 1 477 0 0 
10645 780 473 598 473 7 1 473 0 0 
10650 784 465 593 465 7 1 465 0 0 
10655 787 458 585 458 7 1 458 0 0 
10660 789 447 575 447 7 1 447 0 0 
10665 793 440 565 440 7 1 440 0 0 
10670 794 432 555 432 7 1 432 0 0 
10675 798 425 540 425 7 1 425 0 0 
10680 800 417 525 417 7 1 417 0 0 
10685 804 413 520 413 7 1 413 0 0 
10690 805 413 510 413 7 1 413 0 0 
10695 809 405 500 405 7 1 405 0 0 
10700 811 405 488 405 7 1 405 0 0 
10705 814 402 483 402 7 1 402 0 0 
10710 816 402 473 402 7 1 402 0 0 
10715 818 395 463 395 7 1 395 0 0 
10720 822 390 455 390 7 1 390 0 0 
10725 823 380 445 380 7 1 380 0 0 
10730 825 368 438 368 7 1 368 0 0 
10735 829 357 430 357 7 1 357 0 0 
10740 829 345 415 345 7 1 345 0 0 
10745 833 335 405 335 7 1 335 0 0 
10750 834 323 398 323 7 1 323 0 0 
10755 836 315 393 315 7 1 315 0 0 
10760 838 305 380 305 7 1 305 0 0 
10765 840 297 370 297 7 1 297 0 0 
10770 842 293 358 293 7 1 293 0 0 
10775 843 290 353 290 7 1 290 0 0 
10780 845 282 343 282 7 1 282 0 0 
10785 847 282 340 282 7 1 282 0 0 
10790 849 278 323 278 7 1 278 0 0 
10795 851 275 310 275 7 1 275 0 0 
10800 853 275 305 275 7 1 275 0 0 
10805 854 267 300 267 7 1 267 0 0 
10810 856 263 293 263 7 1 263 0 0 
10815 856 260 280 260 7 1 260 0 0 
10820 858 252 265 252 7 1 252 0 0 
10825 860 248 258 248 7 1 248 0 0 
10830 862 240 250 240 7 1 240 0 0 
10835 862 237 240 237 7 1 237 0 0 
10840 863 233 233 233 7 1 233 0 0 
10845 865 225 228 225 7 1 225 0 0 
10850 865 222 218 222 7 1 222 0 0 
10855 867 215 210 215 7 1 215 0 0 
10860 869 207 198 207 7 1 207 0 0 
10865 869 203 185 203 7 1 203 0 0 
10870 871 195 175 195 7 1 195 0 0 
10875 871 188 160 188 7 1 188 0 0 
10880 872 180 153 180 7 1 180 0 0 
10885 872 177 145 177 7 1 177 0 0 
10890 872 170 143 170 7 1 170 0 0 
10895 874 162 135 162 7 1 162 0 0 
10900 874 155 133 155 7 1 155 0 0 
10905 874 147 130 147 7 1 147 0 0 
10910 876 135 123 135 7 1 135 0 0 
10915 876 125 120 125 7 1 125 0 0 
10920 876 113 118 113 7 1 113 0 0 
10925 878 98 115 98 7 1 98 0 0 
10930 878 87 103 87 7 1 87 0 0 
10935 880 75 100 75 7 1 75 0 0 
10940 880 60 95 60 7 1 60 0 0 
10945 880 53 83 53 7 1 53 0 0 
10950 880 42 83 42 7 1 42 0 0 
10955 880 35 75 35 7 1 35 0 0 
10960 882 23 65 23 7 1 23 0 0 
10965 882 8 50 8 7 1 8 0 0 
10970 882 -12 30 -12 7 1 -12 0 0 
10975 882 -45 10 -45 7 1 -45 0 0 
10980 882 -72 -0 -72 7 1 -72 0 0 
10985 882 -95 -15 -95 7 1 -95 0 0 
10990 882 -113 -43 -113 7 1 -113 0 0 
10995 882 -128 -75 -128 7 1 -128 0 0 
11000 882 -135 -103 -135 7 1 -135 0 0 
11005 880 -143 -140 -143 7 1 -143 0 0 
11010 880 -150 -175 -150 7 1 -150 0 0 
11015 878 -158 -225 -158 7 1 -158 0 0 
11020 878 -173 -273 -173 7 1 -173 0 0 
11025 876 -188 -318 -188 7 1 -188 0 0 
11030 874 -203 -368 -203 7 1 -203 0 0 
11035 872 -215 -433 -215 7 1 -215 0 0 
11040 871 -222 -485 -222 7 1 -222 0 0 
11045 867 -230 -540 -230 7 1 -230 0 0 
11050 865 -233 -588 -233 8 1 -233 0 0 
11055 862 -237 -600 -237 8 1 -237 0 0 
11060 860 -245 -600 -245 8 1 -245 0 0 
11065 856 -252 -603 -252 8 1 -252 0 0 
11070 853 -260 -600 -260 8 1 -260 0 0 
11075 849 -278 -600 -278 8 1 -278 0 0 
11080 847 -300 -600 -300 8 1 -300 0 0 
11085 843 -327 -603 -327 8 1 -327 0 0 
11090 840 -360 -600 -360 8 1 -360 0 0 
11095 836 -398 -600 -398 8 1 -398 0 0 
11100 834 -432 -600 -432 8 1 -432 0 0 
11105 831 -458 -603 -458 8 1 -458 0 0 
11110 827 -485 -600 -485 8 1 -485 0 0 
11115 825 -510 -600 -510 8 1 -510 0 0 
11120 822 -530 -600 -530 8 1 -530 0 0 
11125 820 -545 -600 -545 8 1 -545 0 0 
11130 814 -552 -600 -552 8 1 -552 0 0 
11135 813 -567 -600 -567 8 1 -567 0 0 
11140 809 -575 -600 -575 8 1 -575 0 0 
11145 807 -585 -600 -585 8 1 -585 0 0 
11150 804 -593 -603 -593 8 1 -593 0 0 
11155 800 -600 -603 -600 8 1 -600 0 0 
11160 798 -605 -600 -605 8 1 -605 0 0 
11165 794 -608 -603 -608 8 1 -608 0 0 
11170 791 -612 -603 -612 8 1 -612 0 0 
11175 787 -612 -603 -612 8 1 -612 0 0 
11180 785 -615 -603 -615 8 1 -615 0 0 
11185 782 -620 -600 -620 8 1 -620 0 0 
11190 780 -627 -600 -627 8 1 -627 0 0 
11195 775 -638 -603 -638 8 1 -638 0 0 
11200 774 -645 -600 -645 8 1 -645 0 0 
11205 770 -657 -600 -657 8 1 -657 0 0 
11210 766 -672 -603 -672 8 1 -672 0 0 
11215 763 -687 -603 -687 8 1 -687 0 0 
11220 761 -702 -600 -702 8 1 -702 0 0 
11225 757 -710 -600 -710 8 1 -710 0 0 
11230 755 -725 -600 -725 8 1 -725 0 0 
11235 752 -740 -600 -740 8 1 -740 0 0 
11240 748 -750 -600 -750 8 1 -750 0 0 
11245 745 -762 -600 -762 8 1 -762 0 0 
11250 743 -773 -600 -773 8 1 -773 0 0 
11255 739 -785 -600 -785 8 1 -785 0 0 
11260 737 -792 -600 -792 8 1 -792 0 0 
11265 734 -800 -600 -800 8 1 -800 0 0 
11270 730 -807 -600 -807 8 1 -807 0 0 
11275 726 -818 -603 -818 8 1 -818 0 0 
11280 725 -825 -603 -825 8 1 -825 0 0 
11285 721 -833 -600 -833 8 1 -833 0 0 
11290 717 -845 -600 -845 8 1 -845 0 0 
11295 714 -852 -600 -852 8 1 -852 0 0 
11300 712 -860 -600 -860 8 1 -860 0 0 
11305 708 -870 -600 -870 8 1 -870 0 0 
11310 705 -882 -600 -882 8 1 -882 0 0 
11315 703 -897 -600 -897 8 1 -897 0 0 
11320 699 -908 -603 -908 8 1 -908 0 0 
11325 697 -920 -600 -920 8 1 -920 0 0 
11330 694 -930 -600 -930 8 1 -930 0 0 
11335 690 -945 -603 -945 8 1 -945 0 0 
11340 686 -953 -600 -953 8 1 -953 0 0 
11345 683 -965 -600 -965 8 1 -965 0 0 
11350 681 -975 -600 -975 8 1 -975 0 0 
11355 677 -987 -603 -987 8 1 -987 0 0 
11360 676 -995 -600 -995 8 1 -995 0 0 
11365 672 -1002 -600 -1002 8 1 -1002 0 0 
11370 668 -1010 -600 -1010 8 1 -1010 0 0 
11375 667 -1013 -600 -1013 8 1 -1013 0 0 
11380 663 -1020 -600 -1020 8 1 -1020 0 0 
11385 661 -1028 -603 -1028 8 1 -1028 0 0 
11390 657 -1032 -600 -1032 8 1 -1032 0 0 
11395 654 -1035 -600 -1035 8 1 -1035 0 0 
11400 650 -1040 -603 -1040 8 1 -1040 0 0 
11405 647 -1043 -600 -1043 8 1 -1043 0 0 
11410 645 -1047 -603 -1047 8 1 -1047 0 0 
11415 641 -1055 -600 -1055 8 1 -1055 0 0 
11420 639 -1062 -603 -1062 8 1 -1062 0 0 
11425 636 -1065 -600 -1065 8 1 -1065 0 0 
11430 632 -1073 -600 -1073 8 1 -1073 0 0 
11435 630 -1077 -603 -1077 8 1 -1077 0 0 
11440 627 -1085 -600 -1085 8 1 -1085 0 0 
11445 623 -1088 -600 -1088 8 1 -1088 0 0 
11450 619 -1092 -603 -1092 8 1 -1092 0 0 
11455 618 -1092 -600 -1092 8 1 -1092 0 0 
11460 614 -1095 -600 -1095 8 1 -1095 0 0 
11465 610 -1095 -603 -1095 8 1 -1095 0 0 
11470 608 -1095 -598 -1095 8 1 -1095 0 0 
11475 605 -1095 -600 -1095 8 1 -1095 0 0 
11480 603 -1092 -600 -1092 8 1 -1092 0 0 
11485 599 -1092 -603 -1092 8 1 -1092 0 0 
11490 596 -1088 -600 -1088 8 1 -1088 0 0 
11495 594 -1088 -600 -1088 8 1 -1088 0 0 
11500 590 -1080 -603 -1080 8 1 -1080 0 0 
11505 587 -1080 -600 -1080 8 1 -1080 0 0 
11510 585 -1077 -600 -1077 8 1 -1077 0 0 
11515 581 -1073 -600 -1073 8 1 -1073 0 0 
11520 578 -1070 -600 -1070 8 1 -1070 0 0 
11525 576 -1065 -603 -1065 8 1 -1065 0 0 
11530 572 -1065 -600 -1065 8 1 -1065 0 0 
11535 569 -1062 -600 -1062 8 1 -1062 0 0 
11540 567 -1058 -600 -1058 8 1 -1058 0 0 
11545 563 -1055 -600 -1055 8 1 -1055 0 0 
11550 561 -1050 -600 -1050 8 1 -1050 0 0 
11555 558 -1047 -600 -1047 8 1 -1047 0 0 
11560 553 -1040 -603 -1040 8 1 -1040 0 0 
11565 551 -1035 -600 -1035 8 1 -1035 0 0 
11570 548 -1032 -603 -1032 8 1 -1032 0 0 
11575 546 -1025 -600 -1025 8 1 -1025 0 0 
11580 540 -1017 -600 -1017 8 1 -1017 0 0 
11585 539 -1013 -603 -1013 8 1 -1013 0 0 
11590 537 -1002 -603 -1002 8 1 -1002 0 0 
11595 533 -995 -600 -995 8 1 -995 0 0 
11600 530 -987 -603 -987 8 1 -987 0 0 
11605 526 -980 -600 -980 8 1 -980 0 0 
11610 524 -975 -600 -975 8 1 -975 0 0 
11615 520 -968 -600 -968 8 1 -968 0 0 
11620 517 -965 -600 -965 8 1 -965 0 0 
11625 515 -957 -600 -957 8 1 -957 0 0 
11630 511 -957 -603 -957 8 1 -957 0 0 
11635 510 -950 -603 -950 8 1 -950 0 0 
11640 506 -945 -600 -945 8 1 -945 0 0 
11645 502 -942 -600 -942 8 1 -942 0 0 
11650 500 -935 -600 -935 8 1 -935 0 0 
11655 497 -930 -600 -930 8 1 -930 0 0 
11660 493 -920 -603 -920 8 1 -920 0 0 
11665 491 -915 -603 -915 8 1 -915 0 0 
11670 488 -908 -600 -908 8 1 -908 0 0 
11675 484 -900 -600 -900 8 1 -900 0 0 
11680 482 -890 -600 -890 8 1 -890 0 0 
11685 479 -885 -600 -885 8 1 -885 0 0 
11690 475 -878 -603 -878 8 1 -878 0 0 
11695 473 -870 -600 -870 8 1 -870 0 0 
11700 470 -867 -600 -867 8 1 -867 0 0 
11705 466 -860 -600 -860 8 1 -860 0 0 
11710 462 -855 -600 -855 8 1 -855 0 0 
11715 461 -855 -600 -855 8 1 -855 0 0 
11720 457 -848 -603 -848 8 1 -848 0 0 
11725 453 -845 -600 -845 8 1 -845 0 0 
11730 452 -840 -600 -840 8 1 -840 0 0 
11735 448 -837 -603 -837 8 1 -837 0 0 
11740 444 -830 -600 -830 8 1 -830 0 0 
11745 442 -825 -603 -825 8 1 -825 0 0 
11750 439 -822 -603 -822 8 1 -822 0 0 
11755 437 -818 -600 -818 8 1 -818 0 0 
11760 433 -815 -600 -815 8 1 -815 0 0 
11765 430 -810 -603 -810 8 1 -810 0 0 
11770 428 -807 -600 -807 8 1 -807 0 0 
11775 424 -800 -600 -800 8 1 -800 0 0 
11780 421 -795 -600 -795 8 1 -795 0 0 
11785 419 -788 -600 -788 8 1 -788 0 0 
11790 415 -785 -600 -785 8 1 -785 0 0 
11795 412 -777 -603 -777 8 1 -777 0 0 
11800 410 -770 -600 -770 8 1 -770 0 0 
11805 406 -762 -603 -762 8 1 -762 0 0 
11810 404 -755 -600 -755 8 1 -755 0 0 
11815 401 -750 -600 -750 8 1 -750 0 0 
11820 397 -740 -600 -740 8 1 -740 0 0 
11825 395 -735 -600 -735 8 1 -735 0 0 
11830 392 -728 -600 -728 8 1 -728 0 0 
11835 390 -720 -600 -720 8 1 -720 0 0 
11840 386 -713 -600 -713 8 1 -713 0 0 
11845 383 -705 -603 -705 8 1 -705 0 0 
11850 381 -702 -600 -702 8 1 -702 0 0 
11855 377 -695 -600 -695 8 1 -695 0 0 
11860 375 -683 -600 -683 8 1 -683 0 0 
11865 372 -675 -600 -675 8 1 -675 0 0 
11870 370 -668 -600 -668 8 1 -668 0 0 
11875 366 -660 -603 -660 8 1 -660 0 0 
11880 363 -650 -600 -650 8 1 -650 0 0 
11885 359 -642 -603 -642 8 1 -642 0 0 
11890 357 -638 -600 -638 8 1 -638 0 0 
11895 354 -630 -603 -630 8 1 -630 0 0 
11900 350 -623 -600 -623 8 1 -623 0 0 
11905 348 -615 -603 -615 8 1 -615 0 0 
11910 345 -608 -600 -608 8 1 -608 0 0 
11915 341 -600 -603 -600 8 1 -600 0 0 
11920 339 -593 -600 -593 8 1 -593 0 0 
11925 335 -582 -600 -582 8 1 -582 0 0 
11930 334 -575 -603 -575 8 1 -575 0 0 
11935 329 -563 -600 -563 8 1 -563 0 0 
11940 327 -552 -603 -552 8 1 -552 0 0 
11945 324 -545 -600 -545 8 1 -545 0 0 
11950 320 -540 -600 -540 8 1 -540 0 0 
11955 318 -530 -600 -530 8 1 -530 0 0 
11960 314 -522 -600 -522 8 1 -522 0 0 
11965 311 -515 -603 -515 8 1 -515 0 0 
11970 307 -507 -600 -507 8 1 -507 0 0 
11975 305 -500 -603 -500 8 1 -500 0 0 
11980 302 -492 -600 -492 8 1 -492 0 0 
11985 300 -488 -600 -488 8 1 -488 0 0 
11990 296 -480 -603 -480 8 1 -480 0 0 
11995 293 -477 -600 -477 8 1 -477 0 0 
12000 291 -473 -603 -473 8 1 -473 0 0 
12005 287 -473 -600 -473 8 1 -473 0 0 
12010 285 -470 -603 -470 8 1 -470 0 0 
12015 282 -465 -603 -465 8 1 -465 0 0 
12020 278 -462 -600 -462 8 1 -462 0 0 
12025 275 -458 -600 -458 8 1 -458 0 0 
12030 271 -455 -600 -455 8 1 -455 0 0 
12035 269 -455 -598 -455 8 1 -455 0 0 
12040 266 -447 -585 -447 8 1 -447 0 0 
12045 262 -443 -578 -443 8 1 -443 0 0 
12050 260 -440 -565 -440 8 1 -440 0 0 
12055 256 -435 -560 -435 8 1 -435 0 0 
12060 255 -432 -550 -432 8 1 -432 0 0 
12065 253 -428 -540 -428 8 1 -428 0 0 
12070 249 -428 -528 -428 8 1 -428 0 0 
12075 247 -425 -523 -425 8 1 -425 0 0 
12080 244 -425 -513 -425 8 1 -425 0 0 
12085 242 -420 -510 -420 8 1 -420 0 0 
12090 238 -417 -495 -417 8 1 -417 0 0 
12095 237 -413 -488 -413 8 1 -413 0 0 
12100 235 -410 -475 -410 8 1 -410 0 0 
12105 231 -405 -470 -405 8 1 -405 0 0 
12110 229 -398 -450 -398 8 1 -398 0 0 
12115 227 -395 -448 -395 8 1 -395 0 0 
12120 224 -390 -445 -390 8 1 -390 0 0 
12125 222 -387 -443 -387 8 1 -387 0 0 
12130 220 -383 -433 -383 8 1 -383 0 0 
12135 218 -375 -423 -375 8 1 -375 0 0 
12140 217 -368 -415 -368 8 1 -368 0 0 
12145 215 -365 -408 -365 8 1 -365 0 0 
12150 213 -357 -395 -357 8 1 -357 0 0 
12155 211 -350 -385 -350 8 1 -350 0 0 
12160 209 -342 -378 -342 8 1 -342 0 0 
12165 207 -335 -370 -335 8 1 -335 0 0 
12170 206 -330 -363 -330 8 1 -330 0 0 
12175 204 -323 -355 -323 8 1 -323 0 0 
12180 202 -320 -340 -320 8 1 -320 0 0 
12185 200 -312 -325 -312 8 1 -312 0 0 
12190 198 -308 -318 -308 8 1 -308 0 0 
12195 197 -300 -305 -300 8 1 -300 0 0 
12200 197 -290 -300 -290 8 1 -290 0 0 
12205 193 -282 -298 -282 8 1 -282 0 0 
12210 193 -275 -288 -275 8 1 -275 0 0 
12215 191 -263 -278 -263 8 1 -263 0 0 
12220 189 -252 -265 -252 8 1 -252 0 0 
12225 189 -237 -258 -237 8 1 -237 0 0 
12230 188 -225 -240 -225 8 1 -225 0 0 
12235 186 -210 -240 -210 8 1 -210 0 0 
12240 186 -195 -228 -195 8 1 -195 0 0 
12245 184 -180 -225 -180 8 1 -180 0 0 
12250 182 -165 -220 -165 8 1 -165 0 0 
12255 182 -158 -205 -158 8 1 -158 0 0 
12260 180 -140 -185 -140 8 1 -140 0 0 
12265 180 -132 -173 -132 8 1 -132 0 0 
12270 178 -120 -170 -120 8 1 -120 0 0 
12275 178 -113 -158 -113 8 1 -113 0 0 
12280 177 -105 -148 -105 8 1 -105 0 0 
12285 177 -95 -143 -95 8 1 -95 0 0 
12290 177 -90 -143 -90 8 1 -90 0 0 
12295 177 -87 -143 -87 8 1 -87 0 0 
12300 175 -80 -135 -80 8 1 -80 0 0 
12305 175 -80 -128 -80 8 1 -80 0 0 
12310 173 -72 -128 -72 8 1 -72 0 0 
12315 173 -68 -118 -68 8 1 -68 0 0 
12320 173 -57 -105 -57 8 1 -57 0 0 
12325 173 -45 -93 -45 8 1 -45 0 0 
12330 173 -30 -78 -30 8 1 -30 0 0 
12335 173 -5 -65 -5 8 1 -5 0 0 
12340 171 27 -35 27 8 1 27 0 0 
12345 171 57 -10 57 8 1 57 0 0 
12350 171 80 -0 80 8 1 80 0 0 
12355 171 98 15 98 8 1 98 0 0 
12360 173 120 55 120 8 1 120 0 0 
12365 173 135 95 135 8 1 135 0 0 
12370 173 155 140 155 8 1 155 0 0 
12375 173 170 188 170 8 1 170 0 0 
12380 175 188 250 188 8 1 188 0 0 
12385 175 207 300 207 8 1 207 0 0 
12390 177 218 353 218 8 1 218 0 0 
12395 178 230 408 230 8 1 230 0 0 
12400 180 237 473 237 8 1 237 0 0 
12405 184 237 520 237 8 1 237 0 0 
12410 186 237 550 237 9 1 237 0 0 
12415 189 230 565 230 9 1 230 0 0 
12420 193 222 580 222 9 1 222 0 0 
12425 195 215 588 215 9 1 215 0 0 
12430 198 207 593 207 9 1 207 0 0 
12435 200 207 593 207 9 1 207 0 0 
12440 204 218 598 218 9 1 218 0 0 
12445 207 233 598 233 9 1 233 0 0 
12450 209 248 600 248 9 1 248 0 0 
12455 213 267 600 267 9 1 267 0 0 
12460 215 285 600 285 9 1 285 0 0 
12465 218 305 600 305 9 1 305 0 0 
12470 222 323 600 323 9 1 323 0 0 
12475 224 342 600 342 9 1 342 0 0 
12480 229 375 600 375 9 1 375 0 0 
12485 233 402 600 402 9 1 402 0 0 
12490 235 435 600 435 9 1 435 0 0 
12495 238 462 600 462 9 1 462 0 0 
12500 240 492 600 492 9 1 492 0 0 
12505 246 510 600 510 9 1 510 0 0 
12510 247 522 598 522 9 1 522 0 0 
12515 251 530 600 530 9 1 530 0 0 
12520 253 533 600 533 9 1 533 0 0 
12525 256 537 598 537 9 1 537 0 0 
12530 258 540 600 540 9 1 540 0 0 
12535 262 540 600 540 9 1 540 0 0 
12540 266 540 600 540 9 1 540 0 0 
12545 269 540 598 540 9 1 540 0 0 
12550 271 540 600 540 9 1 540 0 0 
12555 275 537 598 537 9 1 537 0 0 
12560 278 533 600 533 9 1 533 0 0 
12565 280 537 600 537 9 1 537 0 0 
12570 284 540 600 540 9 1 540 0 0 
12575 287 545 600 545 9 1 545 0 0 
12580 291 552 600 552 9 1 552 0 0 
12585 293 563 600 563 9 1 563 0 0 
12590 296 567 598 567 9 1 567 0 0 
12595 300 582 598 582 9 1 582 0 0 
12600 304 600 598 600 9 1 600 0 0 
12605 305 615 598 615 9 1 615 0 0 
12610 309 630 600 630 9 1 630 0 0 
12615 313 645 598 645 9 1 645 0 0 
12620 316 665 600 665 9 1 665 0 0 
12625 318 680 598 680 9 1 680 0 0 
12630 322 690 600 690 9 1 690 0 0 
12635 325 702 600 702 9 1 702 0 0 
12640 327 710 600 710 9 1 710 0 0 
12645 331 713 600 713 9 1 713 0 0 
12650 335 717 600 717 9 1 717 0 0 
12655 337 717 600 717 9 1 717 0 0 
12660 341 713 600 713 9 1 713 0 0 
12665 345 710 600 710 9 1 710 0 0 
12670 346 710 600 710 9 1 710 0 0 
12675 350 705 600 705 9 1 705 0 0 
12680 354 705 600 705 9 1 705 0 0 
12685 355 710 600 710 9 1 710 0 0 
12690 359 710 598 710 9 1 710 0 0 
12695 363 713 598 713 9 1 713 0 0 
12700 364 720 600 720 9 1 720 0 0 
12705 368 725 600 725 9 1 725 0 0 
12710 372 725 598 725 9 1 725 0 0 
12715 375 732 600 732 9 1 732 0 0 
12720 377 735 598 735 9 1 735 0 0 
12725 381 743 598 743 9 1 743 0 0 
12730 384 747 598 747 9 1 747 0 0 
12735 386 750 598 750 9 1 750 0 0 
12740 390 750 598 750 9 1 750 0 0 
12745 392 755 600 755 9 1 755 0 0 
12750 397 755 600 755 9 1 755 0 0 
12755 399 758 598 758 9 1 758 0 0 
12760 403 755 598 755 9 1 755 0 0 
12765 404 750 600 750 9 1 750 0 0 
12770 408 750 600 750 9 1 750 0 0 
12775 410 747 600 747 9 1 747 0 0 
12780 413 743 600 743 9 1 743 0 0 
12785 417 743 600 743 9 1 743 0 0 
12790 421 743 600 743 9 1 743 0 0 
12795 423 743 598 743 9 1 743 0 0 
12800 426 743 600 743 9 1 743 0 0 
12805 430 743 598 743 9 1 743 0 0 
12810 432 747 600 747 9 1 747 0 0 
12815 435 747 598 747 9 1 747 0 0 
12820 439 747 598 747 9 1 747 0 0 
12825 441 747 600 747 9 1 747 0 0 
12830 444 747 600 747 9 1 747 0 0 
12835 446 747 600 747 9 1 747 0 0 
12840 450 747 600 747 9 1 747 0 0 
12845 453 747 598 747 9 1 747 0 0 
12850 457 743 600 743 9 1 743 0 0 
12855 459 743 598 743 9 1 743 0 0 
12860 462 740 600 740 9 1 740 0 0 
12865 464 735 598 735 9 1 735 0 0 
12870 468 732 600 732 9 1 732 0 0 
12875 471 732 600 732 9 1 732 0 0 
12880 475 728 600 728 9 1 728 0 0 
12885 477 728 600 728 9 1 728 0 0 
12890 481 725 600 725 9 1 725 0 0 
12895 484 728 600 728 9 1 728 0 0 
12900 488 728 598 728 9 1 728 0 0 
12905 491 725 600 725 9 1 725 0 0 
12910 493 725 600 725 9 1 725 0 0 
12915 495 725 600 725 9 1 725 0 0 
12920 500 725 600 725 9 1 725 0 0 
12925 502 725 600 725 9 1 725 0 0 
12930 506 725 598 725 9 1 725 0 0 
12935 508 725 598 725 9 1 725 0 0 
12940 511 720 600 720 9 1 720 0 0 
12945 515 720 598 720 9 1 720 0 0 
12950 519 717 598 717 9 1 717 0 0 
12955 520 717 598 717 9 1 717 0 0 
12960 524 713 598 713 9 1 713 0 0 
12965 528 710 600 710 9 1 710 0 0 
12970 530 710 600 710 9 1 710 0 0 
12975 533 705 598 705 9 1 705 0 0 
12980 537 705 600 705 9 1 705 0 0 
12985 539 705 598 705 9 1 705 0 0 
12990 542 702 600 702 9 1 702 0 0 
12995 544 698 600 698 9 1 698 0 0 
13000 549 698 600 698 9 1 698 0 0 
13005 551 695 600 695 9 1 695 0 0 
13010 555 695 600 695 9 1 695 0 0 
13015 558 695 598 695 9 1 695 0 0 
13020 561 690 598 690 9 1 690 0 0 
13025 565 690 600 690 9 1 690 0 0 
13030 567 690 600 690 9 1 690 0 0 
13035 570 690 600 690 9 1 690 0 0 
13040 574 687 598 687 9 1 687 0 0 
13045 578 687 600 687 9 1 687 0 0 
13050 579 687 600 687 9 1 687 0 0 
13055 583 687 598 687 9 1 687 0 0 
13060 585 687 600 687 9 1 687 0 0 
13065 589 683 600 683 9 1 683 0 0 
13070 592 683 600 683 9 1 683 0 0 
13075 594 680 598 680 9 1 680 0 0 
13080 598 680 600 680 9 1 680 0 0 
13085 601 680 598 680 9 1 680 0 0 
13090 603 680 600 680 9 1 680 0 0 
13095 607 680 600 680 9 1 680 0 0 
13100 610 680 598 680 9 1 680 0 0 
13105 614 680 600 680 9 1 680 0 0 
13110 616 675 598 675 9 1 675 0 0 
13115 619 675 600 675 9 1 675 0 0 
13120 621 675 600 675 9 1 675 0 0 
13125 625 672 598 672 9 1 672 0 0 
13130 628 672 600 672 9 1 672 0 0 
13135 630 668 600 668 9 1 668 0 0 
13140 634 668 600 668 9 1 668 0 0 
13145 638 668 598 668 9 1 668 0 0 
13150 639 668 600 668 9 1 668 0 0 
13155 643 668 598 668 9 1 668 0 0 
13160 647 665 598 665 9 1 665 0 0 
13165 650 660 598 660 9 1 660 0 0 
13170 652 660 600 660 9 1 660 0 0 
13175 656 657 598 657 9 1 657 0 0 
13180 657 657 600 657 9 1 657 0 0 
13185 663 650 600 650 9 1 650 0 0 
13190 665 645 600 645 9 1 645 0 0 
13195 668 642 600 642 9 1 642 0 0 
13200 670 638 598 638 9 1 638 0 0 
13205 674 630 598 630 9 1 630 0 0 
13210 677 630 600 630 9 1 630 0 0 
13215 679 627 598 627 9 1 627 0 0 
13220 683 627 598 627 9 1 627 0 0 
13225 686 623 598 623 9 1 623 0 0 
13230 688 620 600 620 9 1 620 0 0 
13235 690 620 600 620 9 1 620 0 0 
13240 694 615 600 615 9 1 615 0 0 
13245 699 615 600 615 9 1 615 0 0 
13250 701 612 598 612 9 1 612 0 0 
13255 703 608 600 608 9 1 608 0 0 
13260 706 605 600 605 9 1 605 0 0 
13265 710 600 598 600 9 1 600 0 0 
13270 714 593 598 593 9 1 593 0 0 
13275 715 590 600 590 9 1 590 0 0 
13280 719 585 598 585 9 1 585 0 0 
13285 723 582 600 582 9 1 582 0 0 
13290 725 578 600 578 9 1 578 0 0 
13295 728 575 600 575 9 1 575 0 0 
13300 732 570 598 570 9 1 570 0 0 
13305 734 567 600 567 9 1 567 0 0 
13310 737 563 600 563 9 1 563 0 0 
13315 741 563 600 563 9 1 563 0 0 
13320 743 560 600 560 9 1 560 0 0 
13325 746 555 600 555 9 1 555 0 0 
13330 750 552 600 552 9 1 552 0 0 
13335 752 548 600 548 9 1 548 0 0 
13340 755 545 598 545 9 1 545 0 0 
13345 759 540 598 540 9 1 540 0 0 
13350 761 537 598 537 9 1 537 0 0 
13355 764 537 600 537 9 1 537 0 0 
13360 768 533 600 533 9 1 533 0 0 
13365 770 530 600 530 9 1 530 0 0 
13370 774 525 600 525 9 1 525 0 0 
13375 775 518 600 518 9 1 518 0 0 
13380 780 518 600 518 9 1 518 0 0 
13385 784 510 593 510 9 1 510 0 0 
13390 785 507 588 507 9 1 507 0 0 
13395 789 503 578 503 9 1 503 0 0 
13400 793 500 560 500 9 1 500 0 0 
13405 796 492 548 492 9 1 492 0 0 
13410 798 492 540 492 9 1 492 0 0 
13415 800 492 533 492 9 1 492 0 0 
13420 804 492 520 492 9 1 492 0 0 
13425 805 495 510 495 9 1 495 0 0 
13430 809 495 503 495 9 1 495 0 0 
13435 811 495 493 495 9 1 495 0 0 
13440 813 495 485 495 9 1 495 0 0 
13445 816 488 475 488 9 1 488 0 0 
13450 818 488 468 488 9 1 488 0 0 
13455 820 480 455 480 9 1 480 0 0 
13460 822 477 445 477 9 1 477 0 0 
13465 825 470 438 470 9 1 470 0 0 
13470 827 462 428 462 9 1 462 0 0 
13475 829 458 420 458 9 1 458 0 0 
13480 831 450 405 450 9 1 450 0 0 
13485 834 443 395 443 9 1 443 0 0 
13490 834 440 390 440 9 1 440 0 0 
13495 836 435 380 435 9 1 435 0 0 
13500 840 432 378 432 9 1 432 0 0 
13505 842 428 365 428 9 1 428 0 0 
13510 843 428 355 428 9 1 428 0 0 
13515 845 425 345 425 9 1 425 0 0 
13520 847 417 340 417 9 1 417 0 0 
13525 849 417 323 417 9 1 417 0 0 
13530 849 410 315 410 9 1 410 0 0 
13535 853 410 310 410 9 1 410 0 0 
13540 854 405 300 405 9 1 405 0 0 
13545 856 402 298 402 9 1 402 0 0 
13550 856 402 285 402 9 1 402 0 0 
13555 858 395 278 395 9 1 395 0 0 
13560 860 390 263 390 9 1 390 0 0 
13565 862 383 250 383 9 1 383 0 0 
13570 862 375 238 375 9 1 375 0 0 
13575 863 372 233 372 9 1 372 0 0 
13580 863 368 228 368 9 1 368 0 0 
13585 865 365 223 365 9 1 365 0 0 
13590 867 357 210 357 9 1 357 0 0 
13595 867 353 195 353 9 1 353 0 0 
13600 869 350 185 350 9 1 350 0 0 
13605 871 342 180 342 9 1 342 0 0 
13610 871 338 165 338 9 1 338 0 0 
13615 872 335 155 335 9 1 335 0 0 
13620 872 330 148 330 9 1 330 0 0 
13625 872 327 145 327 9 1 327 0 0 
13630 874 320 135 320 9 1 320 0 0 
13635 876 315 133 315 9 1 315 0 0 
13640 874 312 128 312 9 1 312 0 0 
13645 876 308 120 308 9 1 308 0 0 
13650 876 300 118 300 9 1 300 0 0 
13655 876 293 118 293 9 1 293 0 0 
13660 878 290 115 290 9 1 290 0 0 
13665 878 282 103 282 9 1 282 0 0 
13670 878 270 100 270 9 1 270 0 0 
13675 880 263 100 263 9 1 263 0 0 
13680 880 252 88 252 9 1 252 0 0 
13685 880 245 83 245 9 1 245 0 0 
13690 882 237 80 237 9 1 237 0 0 
13695 882 230 75 230 9 1 230 0 0 
13700 882 222 68 222 9 1 222 0 0 
13705 882 210 58 210 9 1 210 0 0 
13710 882 203 58 203 9 1 203 0 0 
13715 882 195 55 195 9 1 195 0 0 
13720 883 188 53 188 9 1 188 0 0 
13725 883 180 53 180 9 1 180 0 0 
13730 883 173 53 173 9 1 173 0 0 
13735 883 162 53 162 9 1 162 0 0 
13740 883 155 50 155 9 1 155 0 0 
13745 883 143 53 143 9 1 143 0 0 
13750 883 135 53 135 9 1 135 0 0 
13755 883 125 48 125 9 1 125 0 0 
13760 885 110 43 110 9 1 110 0 0 
13765 885 95 48 95 9 1 95 0 0 
13770 885 83 43 83 9 1 83 0 0 
13775 885 72 43 72 9 1 72 0 0 
13780 885 60 40 60 9 1 60 0 0 
13785 885 50 43 50 9 1 50 0 0 
13790 887 42 40 42 9 1 42 0 0 
13795 885 35 30 35 9 1 35 0 0 
13800 887 23 18 23 9 1 23 0 0 
13805 887 5 -0 5 9 1 5 0 0 
13810 887 -23 -3 -23 9 1 -23 0 0 
13815 885 -50 -25 -50 9 1 -50 0 0 
13820 887 -75 -50 -75 9 1 -75 0 0 
13825 885 -102 -80 -102 9 1 -102 0 0 
13830 885 -125 -110 -125 9 1 -125 0 0 
13835 883 -140 -145 -140 9 1 -140 0 0 
13840 885 -150 -183 -150 9 1 -150 0 0 
13845 883 -165 -233 -165 9 1 -165 0 0 
13850 882 -177 -278 -177 9 1 -177 0 0 
13855 880 -192 -325 -192 9 1 -192 0 0 
13860 880 -207 -375 -207 9 1 -207 0 0 
13865 878 -222 -438 -222 9 1 -222 0 0 
13870 874 -230 -493 -230 9 1 -230 0 0 
13875 872 -233 -548 -233 10 1 -233 0 0 
13880 869 -237 -590 -237 10 1 -237 0 0 
13885 865 -240 -600 -240 10 1 -240 0 0 
13890 863 -245 -600 -245 10 1 -245 0 0 
13895 860 -252 -600 -252 10 1 -252 0 0 
13900 858 -260 -600 -260 10 1 -260 0 0 
13905 854 -275 -600 -275 10 1 -275 0 0 
13910 851 -297 -600 -297 10 1 -297 0 0 
13915 847 -323 -600 -323 10 1 -323 0 0 
13920 845 -357 -600 -357 10 1 -357 0 0 
13925 842 -395 -600 -395 10 1 -395 0 0 
13930 838 -432 -600 -432 10 1 -432 0 0 
13935 836 -462 -603 -462 10 1 -462 0 0 
13940 833 -492 -603 -492 10 1 -492 0 0 
13945 829 -522 -600 -522 10 1 -522 0 0 
13950 825 -545 -600 -545 10 1 -545 0 0 
13955 823 -560 -600 -560 10 1 -560 0 0 
13960 820 -575 -603 -575 10 1 -575 0 0 
13965 816 -590 -600 -590 10 1 -590 0 0 
13970 814 -605 -600 -605 10 1 -605 0 0 
13975 811 -612 -603 -612 10 1 -612 0 0 
13980 807 -615 -603 -615 10 1 -615 0 0 
13985 804 -623 -600 -623 10 1 -623 0 0 
13990 802 -623 -603 -623 10 1 -623 0 0 
13995 798 -623 -603 -623 10 1 -623 0 0 
14000 796 -623 -600 -623 10 1 -623 0 0 
14005 791 -627 -600 -627 10 1 -627 0 0 
14010 789 -635 -600 -635 10 1 -635 0 0 
14015 787 -642 -600 -642 10 1 -642 0 0 
14020 784 -657 -603 -657 10 1 -657 0 0 
14025 780 -675 -600 -675 10 1 -675 0 0 
14030 775 -690 -600 -690 10 1 -690 0 0 
14035 774 -705 -603 -705 10 1 -705 0 0 
14040 770 -725 -603 -725 10 1 -725 0 0 
14045 768 -747 -600 -747 10 1 -747 0 0 
14050 764 -762 -600 -762 10 1 -762 0 0 
14055 761 -780 -600 -780 10 1 -780 0 0 
14060 759 -795 -603 -795 10 1 -795 0 0 
14065 755 -810 -600 -810 10 1 -810 0 0 
14070 752 -822 -600 -822 10 1 -822 0 0 
14075 750 -833 -600 -833 10 1 -833 0 0 
14080 746 -845 -600 -845 10 1 -845 0 0 
14085 743 -852 -600 -852 10 1 -852 0 0 
14090 741 -855 -600 -855 10 1 -855 0 0 
14095 737 -863 -600 -863 10 1 -863 0 0 
14100 734 -867 -600 -867 10 1 -867 0 0 
14105 730 -875 -603 -875 10 1 -875 0 0 
14110 728 -882 -600 -882 10 1 -882 0 0 
14115 726 -890 -600 -890 10 1 -890 0 0 
14120 723 -900 -600 -900 10 1 -900 0 0 
14125 719 -912 -600 -912 10 1 -912 0 0 
14130 715 -923 -600 -923 10 1 -923 0 0 
14135 712 -930 -600 -930 10 1 -930 0 0 
14140 708 -942 -600 -942 10 1 -942 0 0 
14145 706 -957 -600 -957 10 1 -957 0 0 
14150 703 -968 -600 -968 10 1 -968 0 0 
14155 701 -980 -600 -980 10 1 -980 0 0 
14160 697 -987 -600 -987 10 1 -987 0 0 
14165 694 -1002 -600 -1002 10 1 -1002 0 0 
14170 690 -1010 -600 -1010 10 1 -1010 0 0 
14175 688 -1017 -600 -1017 10 1 -1017 0 0 
14180 685 -1025 -600 -1025 10 1 -1025 0 0 
14185 681 -1032 -600 -1032 10 1 -1032 0 0 
14190 679 -1040 -600 -1040 10 1 -1040 0 0 
14195 676 -1043 -600 -1043 10 1 -1043 0 0 
14200 674 -1050 -600 -1050 10 1 -1050 0 0 
14205 670 -1058 -600 -1058 10 1 -1058 0 0 
14210 667 -1062 -600 -1062 10 1 -1062 0 0 
14215 665 -1070 -600 -1070 10 1 -1070 0 0 
14220 661 -1073 -600 -1073 10 1 -1073 0 0 
14225 657 -1080 -600 -1080 10 1 -1080 0 0 
14230 656 -1085 -600 -1085 10 1 -1085 0 0 
14235 652 -1092 -600 -1092 10 1 -1092 0 0 
14240 648 -1100 -603 -1100 10 1 -1100 0 0 
14245 645 -1107 -600 -1107 10 1 -1107 0 0 
14250 643 -1110 -600 -1110 10 1 -1110 0 0 
14255 639 -1115 -600 -1115 10 1 -1115 0 0 
14260 638 -1118 -603 -1118 10 1 -1118 0 0 
14265 634 -1125 -600 -1125 10 1 -1125 0 0 
14270 630 -1130 -603 -1130 10 1 -1130 0 0 
14275 628 -1130 -603 -1130 10 1 -1130 0 0 
14280 625 -1133 -600 -1133 10 1 -1133 0 0 
14285 621 -1133 -600 -1133 10 1 -1133 0 0 
14290 618 -1137 -600 -1137 10 1 -1137 0 0 
14295 616 -1137 -600 -1137 10 1 -1137 0 0 
14300 612 -1137 -603 -1137 10 1 -1137 0 0 
14305 608 -1137 -603 -1137 10 1 -1137 0 0 
14310 605 -1137 -600 -1137 10 1 -1137 0 0 
14315 603 -1140 -603 -1140 10 1 -1140 0 0 
14320 601 -1140 -600 -1140 10 1 -1140 0 0 
14325 598 -1140 -603 -1140 10 1 -1140 0 0 
14330 594 -1140 -603 -1140 10 1 -1140 0 0 
14335 590 -1145 -603 -1145 10 1 -1145 0 0 
14340 589 -1145 -600 -1145 10 1 -1145 0 0 
14345 585 -1140 -600 -1140 10 1 -1140 0 0 
14350 581 -1140 -600 -1140 10 1 -1140 0 0 
14355 579 -1137 -603 -1137 10 1 -1137 0 0 
14360 576 -1137 -600 -1137 10 1 -1137 0 0 
14365 574 -1130 -603 -1130 10 1 -1130 0 0 
14370 570 -1125 -600 -1125 10 1 -1125 0 0 
14375 567 -1122 -600 -1122 10 1 -1122 0 0 
14380 565 -1118 -600 -1118 10 1 -1118 0 0 
14385 561 -1110 -600 -1110 10 1 -1110 0 0 
14390 558 -1107 -600 -1107 10 1 -1107 0 0 
14395 555 -1100 -600 -1100 10 1 -1100 0 0 
14400 551 -1095 -600 -1095 10 1 -1095 0 0 
14405 548 -1092 -600 -1092 10 1 -1092 0 0 
14410 546 -1088 -600 -1088 10 1 -1088 0 0 
14415 542 -1085 -600 -1085 10 1 -1085 0 0 
14420 540 -1080 -600 -1080 10 1 -1080 0 0 
14425 537 -1073 -603 -1073 10 1 -1073 0 0 
14430 533 -1070 -600 -1070 10 1 -1070 0 0 
14435 530 -1065 -603 -1065 10 1 -1065 0 0 
14440 528 -1062 -600 -1062 10 1 -1062 0 0 
14445 524 -1058 -600 -1058 10 1 -1058 0 0 
14450 520 -1055 -603 -1055 10 1 -1055 0 0 
14455 519 -1050 -600 -1050 10 1 -1050 0 0 
14460 515 -1047 -603 -1047 10 1 -1047 0 0 
14465 511 -1043 -600 -1043 10 1 -1043 0 0 
14470 510 -1043 -600 -1043 10 1 -1043 0 0 
14475 506 -1040 -600 -1040 10 1 -1040 0 0 
14480 504 -1035 -600 -1035 10 1 -1035 0 0 
14485 500 -1032 -600 -1032 10 1 -1032 0 0 
14490 497 -1028 -600 -1028 10 1 -1028 0 0 
14495 495 -1025 -600 -1025 10 1 -1025 0 0 
14500 491 -1020 -600 -1020 10 1 -1020 0 0 
14505 488 -1017 -600 -1017 10 1 -1017 0 0 
14510 486 -1013 -600 -1013 10 1 -1013 0 0 
14515 482 -1013 -603 -1013 10 1 -1013 0 0 
14520 479 -1013 -600 -1013 10 1 -1013 0 0 
14525 477 -1010 -600 -1010 10 1 -1010 0 0 
14530 473 -1013 -600 -1013 10 1 -1013 0 0 
14535 470 -1010 -600 -1010 10 1 -1010 0 0 
14540 468 -1010 -600 -1010 10 1 -1010 0 0 
14545 462 -1013 -603 -1013 10 1 -1013 0 0 
14550 461 -1010 -600 -1010 10 1 -1010 0 0 
14555 457 -1010 -600 -1010 10 1 -1010 0 0 
14560 455 -1010 -600 -1010 10 1 -1010 0 0 
14565 452 -1010 -600 -1010 10 1 -1010 0 0 
14570 448 -1010 -600 -1010 10 1 -1010 0 0 
14575 446 -1005 -600 -1005 10 1 -1005 0 0 
14580 442 -1005 -600 -1005 10 1 -1005 0 0 
14585 439 -1002 -603 -1002 10 1 -1002 0 0 
14590 437 -998 -603 -998 10 1 -998 0 0 
14595 433 -998 -600 -998 10 1 -998 0 0 
14600 432 -995 -603 -995 10 1 -995 0 0 
14605 428 -990 -600 -990 10 1 -990 0 0 
14610 424 -987 -600 -987 10 1 -987 0 0 
14615 423 -980 -600 -980 10 1 -980 0 0 
14620 419 -975 -600 -975 10 1 -975 0 0 
14625 415 -968 -600 -968 10 1 -968 0 0 
14630 413 -960 -603 -960 10 1 -960 0 0 
14635 410 -957 -600 -957 10 1 -957 0 0 
14640 408 -950 -600 -950 10 1 -950 0 0 
14645 404 -945 -603 -945 10 1 -945 0 0 
14650 401 -938 -600 -938 10 1 -938 0 0 
14655 399 -938 -600 -938 10 1 -938 0 0 
14660 395 -930 -603 -930 10 1 -930 0 0 
14665 393 -923 -603 -923 10 1 -923 0 0 
14670 390 -915 -600 -915 10 1 -915 0 0 
14675 386 -908 -603 -908 10 1 -908 0 0 
14680 384 -900 -600 -900 10 1 -900 0 0 
14685 381 -893 -600 -893 10 1 -893 0 0 
14690 377 -885 -603 -885 10 1 -885 0 0 
14695 375 -878 -600 -878 10 1 -878 0 0 
14700 372 -870 -603 -870 10 1 -870 0 0 
14705 370 -863 -600 -863 10 1 -863 0 0 
14710 366 -855 -600 -855 10 1 -855 0 0 
14715 363 -848 -603 -848 10 1 -848 0 0 
14720 361 -837 -600 -837 10 1 -837 0 0 
14725 357 -830 -603 -830 10 1 -830 0 0 
14730 354 -822 -600 -822 10 1 -822 0 0 
14735 352 -815 -603 -815 10 1 -815 0 0 
14740 348 -807 -600 -807 10 1 -807 0 0 
14745 345 -800 -600 -800 10 1 -800 0 0 
14750 343 -792 -600 -792 10 1 -792 0 0 
14755 339 -780 -603 -780 10 1 -780 0 0 
14760 335 -773 -600 -773 10 1 -773 0 0 
14765 334 -765 -603 -765 10 1 -765 0 0 
14770 329 -758 -603 -758 10 1 -758 0 0 
14775 327 -747 -603 -747 10 1 -747 0 0 
14780 324 -740 -600 -740 10 1 -740 0 0 
14785 322 -732 -600 -732 10 1 -732 0 0 
14790 318 -720 -600 -720 10 1 -720 0 0 
14795 314 -713 -600 -713 10 1 -713 0 0 
14800 311 -705 -603 -705 10 1 -705 0 0 
14805 307 -698 -600 -698 10 1 -698 0 0 
14810 305 -687 -603 -687 10 1 -687 0 0 
14815 302 -675 -600 -675 10 1 -675 0 0 
14820 300 -665 -600 -665 10 1 -665 0 0 
14825 296 -653 -600 -653 10 1 -653 0 0 
14830 295 -642 -600 -642 10 1 -642 0 0 
14835 291 -635 -600 -635 10 1 -635 0 0 
14840 287 -623 -603 -623 10 1 -623 0 0 
14845 285 -615 -600 -615 10 1 -615 0 0 
14850 282 -600 -600 -600 10 1 -600 0 0 
14855 278 -590 -600 -590 10 1 -590 0 0 
14860 275 -582 -603 -582 10 1 -582 0 0 
14865 273 -575 -600 -575 10 1 -575 0 0 
14870 269 -567 -593 -567 10 1 -567 0 0 
14875 266 -560 -585 -560 10 1 -560 0 0 
14880 264 -555 -575 -555 10 1 -555 0 0 
14885 260 -548 -568 -548 10 1 -548 0 0 
14890 256 -545 -560 -545 10 1 -545 0 0 
14895 255 -537 -550 -537 10 1 -537 0 0 
14900 253 -533 -545 -533 10 1 -533 0 0 
14905 249 -530 -528 -530 10 1 -530 0 0 
14910 247 -522 -523 -522 10 1 -522 0 0 
14915 244 -518 -520 -518 10 1 -518 0 0 
14920 242 -510 -503 -510 10 1 -510 0 0 
14925 240 -507 -498 -507 10 1 -507 0 0 
14930 237 -495 -488 -495 10 1 -495 0 0 
14935 235 -488 -480 -488 10 1 -488 0 0 
14940 233 -480 -473 -480 10 1 -480 0 0 
14945 229 -473 -460 -473 10 1 -473 0 0 
14950 227 -462 -448 -462 10 1 -462 0 0 
14955 226 -455 -445 -455 10 1 -455 0 0 
14960 224 -447 -443 -447 10 1 -447 0 0 
14965 220 -440 -433 -440 10 1 -440 0 0 
14970 218 -432 -423 -432 10 1 -432 0 0 
14975 217 -425 -418 -425 10 1 -425 0 0 
14980 215 -420 -405 -420 10 1 -420 0 0 
14985 213 -410 -393 -410 10 1 -410 0 0 
14990 211 -402 -375 -402 10 1 -402 0 0 
14995 209 -395 -368 -395 10 1 -395 0 0 
15000 207 -390 -363 -390 10 1 -390 0 0 
15005 206 -383 -355 -383 10 1 -383 0 0 
15010 204 -372 -350 -372 10 1 -372 0 0 
15015 202 -365 -340 -365 10 1 -365 0 0 
15020 200 -353 -330 -353 10 1 -353 0 0 
15025 198 -338 -318 -338 10 1 -338 0 0 
15030 198 -320 -305 -320 10 1 -320 0 0 
15035 197 -305 -303 -305 10 1 -305 0 0 
15040 195 -285 -303 -285 10 1 -285 0 0 
15045 195 -267 -298 -267 10 1 -267 0 0 
15050 193 -240 -285 -240 10 1 -240 0 0 
15055 191 -225 -273 -225 10 1 -225 0 0 
15060 189 -207 -263 -207 10 1 -207 0 0 
15065 189 -188 -250 -188 10 1 -188 0 0 
15070 188 -162 -240 -162 10 1 -162 0 0 
15075 186 -143 -240 -143 10 1 -143 0 0 
15080 186 -125 -233 -125 10 1 -125 0 0 
15085 184 -110 -223 -110 10 1 -110 0 0 
15090 184 -90 -213 -90 10 1 -90 0 0 
15095 182 -80 -198 -80 10 1 -80 0 0 
15100 182 -60 -175 -60 10 1 -60 0 0 
15105 180 -35 -153 -35 10 1 -35 0 0 
15110 178 12 -128 12 10 1 12 0 0 
15115 178 53 -95 53 10 1 53 0 0 
15120 178 87 -65 87 10 1 87 0 0 
15125 178 117 -28 117 10 1 117 0 0 
15130 178 143 -0 143 10 1 143 0 0 
15135 178 162 15 162 10 1 162 0 0 
15140 178 180 58 180 10 1 180 0 0 
15145 180 200 115 200 10 1 200 0 0 
15150 180 225 180 225 10 1 225 0 0 
15155 180 240 238 240 10 1 240 0 0 
15160 182 255 300 255 10 1 255 0 0 
15165 184 267 368 267 10 1 267 0 0 
15170 186 278 443 278 10 1 278 0 0 
15175 188 278 508 278 10 1 278 0 0 
15180 191 278 565 278 10 1 278 0 0 
15185 193 270 593 270 11 1 270 0 0 
15190 197 260 600 260 11 1 260 0 0 
15195 200 248 600 248 11 1 248 0 0 
15200 204 240 600 240 11 1 240 0 0 
15205 206 245 600 245 11 1 245 0 0 
15210 209 255 600 255 11 1 255 0 0 
15215 211 278 600 278 11 1 278 0 0 
15220 215 308 600 308 11 1 308 0 0 
15225 218 338 598 338 11 1 338 0 0 
15230 222 383 600 383 11 1 383 0 0 
15235 226 420 598 420 11 1 420 0 0 
15240 227 462 600 462 11 1 462 0 0 
15245 229 510 598 510 11 1 510 0 0 
15250 233 563 600 563 11 1 563 0 0 
15255 237 597 600 597 11 1 597 0 0 
15260 240 627 600 627 11 1 627 0 0 
15265 244 645 600 645 11 1 645 0 0 
15270 247 660 600 660 11 1 660 0 0 
15275 249 668 600 668 11 1 668 0 0 
15280 253 668 600 668 11 1 668 0 0 
15285 255 672 598 672 11 1 672 0 0 
15290 258 668 600 668 11 1 668 0 0 
15295 262 665 598 665 11 1 665 0 0 
15300 266 660 600 660 11 1 660 0 0 
15305 267 657 600 657 11 1 657 0 0 
15310 271 653 598 653 11 1 653 0 0 
15315 275 653 600 653 11 1 653 0 0 
15320 276 653 600 653 11 1 653 0 0 
15325 280 660 600 660 11 1 660 0 0 
15330 284 668 600 668 11 1 668 0 0 
15335 287 675 598 675 11 1 675 0 0 
15340 289 687 598 687 11 1 687 0 0 
15345 293 695 600 695 11 1 695 0 0 
15350 296 705 598 705 11 1 705 0 0 
15355 298 717 600 717 11 1 717 0 0 
15360 302 725 600 725 11 1 725 0 0 
15365 305 735 600 735 11 1 735 0 0 
15370 309 750 600 750 11 1 750 0 0 
15375 313 762 598 762 11 1 762 0 0 
15380 314 770 600 770 11 1 770 0 0 
15385 318 777 600 777 11 1 777 0 0 
15390 322 780 598 780 11 1 780 0 0 
15395 325 780 600 780 11 1 780 0 0 
15400 327 780 600 780 11 1 780 0 0 
15405 329 777 600 777 11 1 777 0 0 
15410 334 773 600 773 11 1 773 0 0 
15415 337 773 600 773 11 1 773 0 0 
15420 339 773 600 773 11 1 773 0 0 
15425 343 773 600 773 11 1 773 0 0 
15430 346 773 600 773 11 1 773 0 0 
15435 350 777 600 777 11 1 777 0 0 
15440 352 780 600 780 11 1 780 0 0 
15445 355 785 600 785 11 1 785 0 0 
15450 359 792 600 792 11 1 792 0 0 
15455 361 795 600 795 11 1 795 0 0 
15460 364 800 598 800 11 1 800 0 0 
15465 366 803 600 803 11 1 803 0 0 
15470 372 803 598 803 11 1 803 0 0 
15475 374 803 600 803 11 1 803 0 0 
15480 377 803 600 803 11 1 803 0 0 
15485 379 803 600 803 11 1 803 0 0 
15490 383 803 600 803 11 1 803 0 0 
15495 386 803 598 803 11 1 803 0 0 
15500 388 803 598 803 11 1 803 0 0 
15505 392 800 598 800 11 1 800 0 0 
15510 395 800 600 800 11 1 800 0 0 
15515 397 800 600 800 11 1 800 0 0 
15520 401 800 598 800 11 1 800 0 0 
15525 404 800 600 800 11 1 800 0 0 
15530 406 800 600 800 11 1 800 0 0 
15535 410 800 600 800 11 1 800 0 0 
15540 413 800 600 800 11 1 800 0 0 
15545 415 795 600 795 11 1 795 0 0 
15550 419 795 600 795 11 1 795 0 0 
15555 423 800 598 800 11 1 800 0 0 
15560 424 795 598 795 11 1 795 0 0 
15565 428 795 600 795 11 1 795 0 0 
15570 432 795 598 795 11 1 795 0 0 
15575 433 792 600 792 11 1 792 0 0 
15580 437 792 598 792 11 1 792 0 0 
15585 441 792 600 792 11 1 792 0 0 
15590 442 788 600 788 11 1 788 0 0 
15595 446 788 600 788 11 1 788 0 0 
15600 450 785 600 785 11 1 785 0 0 
15605 452 785 600 785 11 1 785 0 0 
15610 455 785 600 785 11 1 785 0 0 
15615 459 785 598 785 11 1 785 0 0 
15620 461 780 598 780 11 1 780 0 0 
15625 464 780 600 780 11 1 780 0 0 
15630 468 780 600 780 11 1 780 0 0 
15635 471 780 600 780 11 1 780 0 0 
15640 475 780 600 780 11 1 780 0 0 
15645 477 777 600 777 11 1 777 0 0 
15650 481 777 600 777 11 1 777 0 0 
15655 482 780 598 780 11 1 780 0 0 
15660 486 777 600 777 11 1 777 0 0 
15665 488 777 600 777 11 1 777 0 0 
15670 493 777 598 777 11 1 777 0 0 
15675 495 773 600 773 11 1 773 0 0 
15680 499 773 600 773 11 1 773 0 0 
15685 502 773 600 773 11 1 773 0 0 
15690 506 770 598 770 11 1 770 0 0 
15695 508 770 600 770 11 1 770 0 0 
15700 511 765 600 765 11 1 765 0 0 
15705 513 765 600 765 11 1 765 0 0 
15710 517 765 600 765 11 1 765 0 0 
15715 520 762 600 762 11 1 762 0 0 
15720 524 765 600 765 11 1 765 0 0 
15725 526 762 600 762 11 1 762 0 0 
15730 530 762 598 762 11 1 762 0 0 
15735 531 758 598 758 11 1 758 0 0 
15740 535 758 600 758 11 1 758 0 0 
15745 539 755 600 755 11 1 755 0 0 
15750 542 750 600 750 11 1 750 0 0 
15755 544 750 600 750 11 1 750 0 0 
15760 548 747 598 747 11 1 747 0 0 
15765 551 747 600 747 11 1 747 0 0 
15770 555 743 600 743 11 1 743 0 0 
15775 558 743 598 743 11 1 743 0 0 
15780 561 740 600 740 11 1 740 0 0 
15785 563 740 600 740 11 1 740 0 0 
15790 567 740 598 740 11 1 740 0 0 
15795 570 735 600 735 11 1 735 0 0 
15800 572 735 600 735 11 1 735 0 0 
15805 576 735 598 735 11 1 735 0 0 
15810 579 735 600 735 11 1 735 0 0 
15815 581 732 600 732 11 1 732 0 0 
15820 585 732 600 732 11 1 732 0 0 
15825 589 728 600 728 11 1 728 0 0 
15830 590 725 600 725 11 1 725 0 0 
15835 594 725 600 725 11 1 725 0 0 
15840 596 725 600 725 11 1 725 0 0 
15845 599 725 600 725 11 1 725 0 0 
15850 603 720 600 720 11 1 720 0 0 
15855 607 720 600 720 11 1 720 0 0 
15860 608 717 598 717 11 1 717 0 0 
15865 612 717 600 717 11 1 717 0 0 
15870 616 717 598 717 11 1 717 0 0 
15875 618 713 600 713 11 1 713 0 0 
15880 621 710 600 710 11 1 710 0 0 
15885 625 710 598 710 11 1 710 0 0 
15890 627 705 598 705 11 1 705 0 0 
15895 630 702 600 702 11 1 702 0 0 
15900 634 698 600 698 11 1 698 0 0 
15905 636 698 600 698 11 1 698 0 0 
15910 639 695 598 695 11 1 695 0 0 
15915 643 695 600 695 11 1 695 0 0 
15920 645 695 600 695 11 1 695 0 0 
15925 648 690 600 690 11 1 690 0 0 
15930 652 687 600 687 11 1 687 0 0 
15935 654 687 600 687 11 1 687 0 0 
15940 657 683 600 683 11 1 683 0 0 
15945 661 680 600 680 11 1 680 0 0 
15950 665 675 600 675 11 1 675 0 0 
15955 667 672 600 672 11 1 672 0 0 
15960 670 668 600 668 11 1 668 0 0 
15965 672 665 600 665 11 1 665 0 0 
15970 676 660 600 660 11 1 660 0 0 
15975 679 657 598 657 11 1 657 0 0 
15980 681 653 600 653 11 1 653 0 0 
15985 685 650 600 650 11 1 650 0 0 
15990 688 650 598 650 11 1 650 0 0 
15995 690 645 598 645 11 1 645 0 0 
16000 694 642 600 642 11 1 642 0 0 
16005 697 642 600 642 11 1 642 0 0 
16010 699 638 600 638 11 1 638 0 0 
16015 703 635 600 635 11 1 635 0 0 
16020 706 630 600 630 11 1 630 0 0 
16025 708 627 598 627 11 1 627 0 0 
16030 712 623 598 623 11 1 623 0 0 
16035 715 620 600 620 11 1 620 0 0 
16040 717 612 598 612 11 1 612 0 0 
16045 721 608 598 608 11 1 608 0 0 
16050 725 605 600 605 11 1 605 0 0 
16055 728 600 600 600 11 1 600 0 0 
16060 730 597 598 597 11 1 597 0 0 
16065 734 593 600 593 11 1 593 0 0 
16070 737 590 598 590 11 1 590 0 0 
16075 739 585 600 585 11 1 585 0 0 
16080 743 582 600 582 11 1 582 0 0 
16085 745 578 598 578 11 1 578 0 0 
16090 750 575 600 575 11 1 575 0 0 
16095 752 570 600 570 11 1 570 0 0 
16100 755 567 600 567 11 1 567 0 0 
16105 759 563 600 563 11 1 563 0 0 
16110 761 563 598 563 11 1 563 0 0 
16115 764 563 600 563 11 1 563 0 0 
16120 766 560 600 560 11 1 560 0 0 
16125 770 555 598 555 11 1 555 0 0 
16130 774 552 598 552 11 1 552 0 0 
16135 775 548 600 548 11 1 548 0 0 
16140 780 545 600 545 11 1 545 0 0 
16145 782 540 598 540 11 1 540 0 0 
16150 785 537 578 537 11 1 537 0 0 
16155 789 530 573 530 11 1 530 0 0 
16160 791 525 563 525 11 1 525 0 0 
16165 793 522 553 522 11 1 522 0 0 
16170 796 518 545 518 11 1 518 0 0 
16175 800 518 538 518 11 1 518 0 0 
16180 802 522 525 522 11 1 522 0 0 
16185 804 522 520 522 11 1 522 0 0 
16190 807 522 510 522 11 1 522 0 0 
16195 811 522 500 522 11 1 522 0 0 
16200 813 518 488 518 11 1 518 0 0 
16205 814 515 483 515 11 1 515 0 0 
16210 818 507 470 507 11 1 507 0 0 
16215 820 503 460 503 11 1 503 0 0 
16220 822 495 450 495 11 1 495 0 0 
16225 823 492 445 492 11 1 492 0 0 
16230 827 485 435 485 11 1 485 0 0 
16235 829 477 423 477 11 1 477 0 0 
16240 831 470 410 470 11 1 470 0 0 
16245 833 465 403 465 11 1 465 0 0 
16250 834 458 398 458 11 1 458 0 0 
16255 838 455 383 455 11 1 455 0 0 
16260 838 450 380 450 11 1 450 0 0 
16265 842 447 370 447 11 1 447 0 0 
16270 843 443 355 443 11 1 443 0 0 
16275 845 435 343 435 11 1 435 0 0 
16280 847 432 338 432 11 1 432 0 0 
16285 849 428 330 428 11 1 428 0 0 
16290 849 420 323 420 11 1 420 0 0 
16295 851 417 313 417 11 1 417 0 0 
16300 853 410 300 410 11 1 410 0 0 
16305 854 410 298 410 11 1 410 0 0 
16310 856 402 293 402 11 1 402 0 0 
16315 858 398 273 398 11 1 398 0 0 
16320 860 390 265 390 11 1 390 0 0 
16325 862 387 253 387 11 1 387 0 0 
16330 862 380 240 380 11 1 380 0 0 
16335 863 372 233 372 11 1 372 0 0 
16340 863 368 228 368 11 1 368 0 0 
16345 865 360 223 360 11 1 360 0 0 
16350 867 353 218 353 11 1 353 0 0 
16355 869 345 200 345 11 1 345 0 0 
16360 869 338 193 338 11 1 338 0 0 
16365 869 330 180 330 11 1 330 0 0 
16370 871 323 173 323 11 1 323 0 0 
16375 871 315 160 315 11 1 315 0 0 
16380 872 312 155 312 11 1 312 0 0 
16385 872 305 145 305 11 1 305 0 0 
16390 874 300 135 300 11 1 300 0 0 
16395 874 293 133 293 11 1 293 0 0 
16400 876 285 133 285 11 1 285 0 0 
16405 876 285 120 285 11 1 285 0 0 
16410 876 278 120 278 11 1 278 0 0 
16415 878 270 118 270 11 1 270 0 0 
16420 878 267 115 267 11 1 267 0 0 
16425 878 255 105 255 11 1 255 0 0 
16430 880 248 105 248 11 1 248 0 0 
16435 878 237 95 237 11 1 237 0 0 
16440 880 225 90 225 11 1 225 0 0 
16445 880 218 80 218 11 1 218 0 0 
16450 882 207 78 207 11 1 207 0 0 
16455 880 192 75 192 11 1 192 0 0 
16460 882 180 75 180 11 1 180 0 0 
16465 882 165 58 165 11 1 165 0 0 
16470 882 158 55 158 11 1 158 0 0 
16475 882 143 58 143 11 1 143 0 0 
16480 883 132 55 132 11 1 132 0 0 
16485 882 120 53 120 11 1 120 0 0 
16490 883 110 53 110 11 1 110 0 0 
16495 883 98 53 98 11 1 98 0 0 
16500 883 87 53 87 11 1 87 0 0 
16505 883 80 53 80 11 1 80 0 0 
16510 883 68 53 68 11 1 68 0 0 
16515 885 57 53 57 11 1 57 0 0 
16520 883 50 43 50 11 1 50 0 0 
16525 885 42 40 42 11 1 42 0 0 
16530 885 30 28 30 11 1 30 0 0 
16535 885 15 5 15 11 1 15 0 0 
16540 885 -8 -3 -8 11 1 -8 0 0 
16545 885 -38 -18 -38 11 1 -38 0 0 
16550 885 -72 -48 -72 11 1 -72 0 0 
16555 883 -105 -80 -105 11 1 -105 0 0 
16560 883 -128 -115 -128 11 1 -128 0 0 
16565 883 -147 -155 -147 11 1 -147 0 0 
16570 883 -162 -205 -162 11 1 -162 0 0 
16575 882 -185 -260 -185 11 1 -185 0 0 
16580 880 -203 -310 -203 11 1 -203 0 0 
16585 878 -222 -365 -222 11 1 -222 0 0 
16590 878 -237 -420 -237 11 1 -237 0 0 
16595 874 -252 -495 -252 11 1 -252 0 0 
16600 871 -263 -553 -263 11 1 -263 0 0 
16605 869 -267 -593 -267 12 1 -267 0 0 
16610 867 -275 -600 -275 12 1 -275 0 0 
16615 863 -275 -600 -275 12 1 -275 0 0 
16620 860 -278 -600 -278 12 1 -278 0 0 
16625 856 -282 -600 -282 12 1 -282 0 0 
16630 854 -297 -600 -297 12 1 -297 0 0 
16635 851 -323 -600 -323 12 1 -323 0 0 
16640 847 -353 -603 -353 12 1 -353 0 0 
16645 843 -390 -603 -390 12 1 -390 0 0 
16650 842 -428 -600 -428 12 1 -428 0 0 
16655 836 -473 -600 -473 12 1 -473 0 0 
16660 834 -510 -603 -510 12 1 -510 0 0 
16665 833 -545 -600 -545 12 1 -545 0 0 
16670 829 -575 -603 -575 12 1 -575 0 0 
16675 825 -608 -600 -608 12 1 -608 0 0 
16680 822 -630 -600 -630 12 1 -630 0 0 
16685 820 -650 -600 -650 12 1 -650 0 0 
16690 816 -660 -600 -660 12 1 -660 0 0 
16695 813 -668 -603 -668 12 1 -668 0 0 
16700 811 -672 -603 -672 12 1 -672 0 0 
16705 807 -668 -600 -668 12 1 -668 0 0 
16710 805 -665 -603 -665 12 1 -665 0 0 
16715 800 -665 -600 -665 12 1 -665 0 0 
16720 798 -665 -600 -665 12 1 -665 0 0 
16725 794 -668 -600 -668 12 1 -668 0 0 
16730 793 -675 -603 -675 12 1 -675 0 0 
16735 789 -690 -600 -690 12 1 -690 0 0 
16740 787 -702 -603 -702 12 1 -702 0 0 
16745 784 -725 -603 -725 12 1 -725 0 0 
16750 780 -743 -600 -743 12 1 -743 0 0 
16755 775 -765 -600 -765 12 1 -765 0 0 
16760 774 -788 -600 -788 12 1 -788 0 0 
16765 770 -807 -600 -807 12 1 -807 0 0 
16770 768 -825 -600 -825 12 1 -825 0 0 
16775 764 -845 -600 -845 12 1 -845 0 0 
16780 761 -855 -600 -855 12 1 -855 0 0 
16785 757 -863 -600 -863 12 1 -863 0 0 
16790 755 -870 -603 -870 12 1 -870 0 0 
16795 752 -882 -600 -882 12 1 -882 0 0 
16800 748 -885 -603 -885 12 1 -885 0 0 
16805 746 -893 -603 -893 12 1 -893 0 0 
16810 743 -893 -600 -893 12 1 -893 0 0 
16815 739 -900 -600 -900 12 1 -900 0 0 
16820 737 -908 -603 -908 12 1 -908 0 0 
16825 734 -912 -600 -912 12 1 -912 0 0 
16830 732 -920 -600 -920 12 1 -920 0 0 
16835 726 -930 -600 -930 12 1 -930 0 0 
16840 725 -942 -600 -942 12 1 -942 0 0 
16845 721 -950 -600 -950 12 1 -950 0 0 
16850 717 -960 -600 -960 12 1 -960 0 0 
16855 715 -972 -603 -972 12 1 -972 0 0 
16860 714 -983 -600 -983 12 1 -983 0 0 
16865 708 -990 -603 -990 12 1 -990 0 0 
16870 706 -998 -603 -998 12 1 -998 0 0 
16875 703 -1010 -603 -1010 12 1 -1010 0 0 
16880 701 -1013 -600 -1013 12 1 -1013 0 0 
16885 697 -1017 -600 -1017 12 1 -1017 0 0 
16890 694 -1025 -600 -1025 12 1 -1025 0 0 
16895 690 -1032 -600 -1032 12 1 -1032 0 0 
16900 688 -1035 -603 -1035 12 1 -1035 0 0 
16905 685 -1043 -600 -1043 12 1 -1043 0 0 
16910 681 -1047 -600 -1047 12 1 -1047 0 0 
16915 679 -1055 -603 -1055 12 1 -1055 0 0 
16920 676 -1062 -600 -1062 12 1 -1062 0 0 
16925 672 -1065 -603 -1065 12 1 -1065 0 0 
16930 670 -1073 -600 -1073 12 1 -1073 0 0 
16935 667 -1080 -603 -1080 12 1 -1080 0 0 
16940 665 -1085 -603 -1085 12 1 -1085 0 0 
16945 661 -1088 -600 -1088 12 1 -1088 0 0 
16950 657 -1092 -600 -1092 12 1 -1092 0 0 
16955 654 -1095 -603 -1095 12 1 -1095 0 0 
16960 652 -1100 -600 -1100 12 1 -1100 0 0 
16965 648 -1100 -600 -1100 12 1 -1100 0 0 
16970 645 -1103 -600 -1103 12 1 -1103 0 0 
16975 643 -1103 -600 -1103 12 1 -1103 0 0 
16980 639 -1103 -600 -1103 12 1 -1103 0 0 
16985 636 -1107 -600 -1107 12 1 -1107 0 0 
16990 634 -1110 -603 -1110 12 1 -1110 0 0 
16995 630 -1115 -603 -1115 12 1 -1115 0 0 
17000 628 -1118 -600 -1118 12 1 -1118 0 0 
17005 625 -1118 -600 -1118 12 1 -1118 0 0 
17010 621 -1122 -603 -1122 12 1 -1122 0 0 
17015 618 -1125 -600 -1125 12 1 -1125 0 0 
17020 616 -1125 -600 -1125 12 1 -1125 0 0 
17025 612 -1125 -600 -1125 12 1 -1125 0 0 
17030 610 -1130 -600 -1130 12 1 -1130 0 0 
17035 607 -1125 -600 -1125 12 1 -1125 0 0 
17040 603 -1125 -603 -1125 12 1 -1125 0 0 
17045 601 -1125 -600 -1125 12 1 -1125 0 0 
17050 598 -1122 -600 -1122 12 1 -1122 0 0 
17055 594 -1122 -600 -1122 12 1 -1122 0 0 
17060 590 -1118 -600 -1118 12 1 -1118 0 0 
17065 589 -1115 -600 -1115 12 1 -1115 0 0 
17070 585 -1107 -600 -1107 12 1 -1107 0 0 
17075 583 -1103 -600 -1103 12 1 -1103 0 0 
17080 578 -1100 -600 -1100 12 1 -1100 0 0 
17085 578 -1092 -600 -1092 12 1 -1092 0 0 
17090 574 -1088 -600 -1088 12 1 -1088 0 0 
17095 570 -1080 -600 -1080 12 1 -1080 0 0 
17100 567 -1080 -603 -1080 12 1 -1080 0 0 
17105 565 -1077 -600 -1077 12 1 -1077 0 0 
17110 561 -1073 -603 -1073 12 1 -1073 0 0 
17115 558 -1070 -600 -1070 12 1 -1070 0 0 
17120 555 -1065 -600 -1065 12 1 -1065 0 0 
17125 551 -1065 -600 -1065 12 1 -1065 0 0 
17130 549 -1062 -600 -1062 12 1 -1062 0 0 
17135 546 -1062 -600 -1062 12 1 -1062 0 0 
17140 542 -1058 -603 -1058 12 1 -1058 0 0 
17145 540 -1058 -600 -1058 12 1 -1058 0 0 
17150 537 -1055 -600 -1055 12 1 -1055 0 0 
17155 533 -1050 -603 -1050 12 1 -1050 0 0 
17160 531 -1050 -603 -1050 12 1 -1050 0 0 
17165 528 -1047 -600 -1047 12 1 -1047 0 0 
17170 524 -1043 -600 -1043 12 1 -1043 0 0 
17175 520 -1040 -600 -1040 12 1 -1040 0 0 
17180 519 -1035 -603 -1035 12 1 -1035 0 0 
17185 515 -1032 -600 -1032 12 1 -1032 0 0 
17190 513 -1032 -600 -1032 12 1 -1032 0 0 
17195 510 -1028 -600 -1028 12 1 -1028 0 0 
17200 508 -1028 -600 -1028 12 1 -1028 0 0 
17205 502 -1028 -600 -1028 12 1 -1028 0 0 
17210 500 -1028 -603 -1028 12 1 -1028 0 0 
17215 497 -1025 -600 -1025 12 1 -1025 0 0 
17220 493 -1020 -600 -1020 12 1 -1020 0 0 
17225 491 -1020 -600 -1020 12 1 -1020 0 0 
17230 488 -1017 -603 -1017 12 1 -1017 0 0 
17235 484 -1017 -603 -1017 12 1 -1017 0 0 
17240 482 -1013 -600 -1013 12 1 -1013 0 0 
17245 479 -1013 -600 -1013 12 1 -1013 0 0 
17250 477 -1010 -603 -1010 12 1 -1010 0 0 
17255 473 -1010 -600 -1010 12 1 -1010 0 0 
17260 470 -1005 -603 -1005 12 1 -1005 0 0 
17265 466 -1005 -600 -1005 12 1 -1005 0 0 
17270 464 -1002 -600 -1002 12 1 -1002 0 0 
17275 461 -998 -600 -998 12 1 -998 0 0 
17280 457 -995 -600 -995 12 1 -995 0 0 
17285 455 -990 -603 -990 12 1 -990 0 0 
17290 452 -990 -600 -990 12 1 -990 0 0 
17295 448 -987 -600 -987 12 1 -987 0 0 
17300 446 -983 -600 -983 12 1 -983 0 0 
17305 442 -987 -600 -987 12 1 -987 0 0 
17310 441 -983 -603 -983 12 1 -983 0 0 
17315 437 -983 -603 -983 12 1 -983 0 0 
17320 433 -983 -600 -983 12 1 -983 0 0 
17325 430 -980 -603 -980 12 1 -980 0 0 
17330 428 -980 -603 -980 12 1 -980 0 0 
17335 424 -975 -600 -975 12 1 -975 0 0 
17340 423 -972 -600 -972 12 1 -972 0 0 
17345 419 -968 -600 -968 12 1 -968 0 0 
17350 415 -965 -600 -965 12 1 -965 0 0 
17355 413 -960 -600 -960 12 1 -960 0 0 
17360 410 -957 -600 -957 12 1 -957 0 0 
17365 408 -950 -603 -950 12 1 -950 0 0 
17370 404 -945 -600 -945 12 1 -945 0 0 
17375 401 -942 -603 -942 12 1 -942 0 0 
17380 399 -938 -600 -938 12 1 -938 0 0 
17385 395 -935 -600 -935 12 1 -935 0 0 
17390 393 -930 -603 -930 12 1 -930 0 0 
17395 388 -927 -600 -927 12 1 -927 0 0 
17400 386 -923 -600 -923 12 1 -923 0 0 
17405 384 -915 -600 -915 12 1 -915 0 0 
17410 381 -912 -600 -912 12 1 -912 0 0 
17415 377 -908 -600 -908 12 1 -908 0 0 
17420 375 -900 -600 -900 12 1 -900 0 0 
17425 372 -893 -600 -893 12 1 -893 0 0 
17430 370 -885 -603 -885 12 1 -885 0 0 
17435 366 -878 -600 -878 12 1 -878 0 0 
17440 363 -867 -600 -867 12 1 -867 0 0 
17445 359 -860 -600 -860 12 1 -860 0 0 
17450 357 -855 -600 -855 12 1 -855 0 0 
17455 354 -845 -600 -845 12 1 -845 0 0 
17460 352 -837 -600 -837 12 1 -837 0 0 
17465 348 -830 -600 -830 12 1 -830 0 0 
17470 345 -822 -600 -822 12 1 -822 0 0 
17475 341 -810 -600 -810 12 1 -810 0 0 
17480 339 -807 -600 -807 12 1 -807 0 0 
17485 335 -800 -600 -800 12 1 -800 0 0 
17490 334 -792 -603 -792 12 1 -792 0 0 
17495 329 -785 -600 -785 12 1 -785 0 0 
17500 327 -777 -603 -777 12 1 -777 0 0 
17505 324 -773 -600 -773 12 1 -773 0 0 
17510 320 -765 -600 -765 12 1 -765 0 0 
17515 316 -758 -603 -758 12 1 -758 0 0 
17520 314 -747 -600 -747 12 1 -747 0 0 
17525 311 -740 -600 -740 12 1 -740 0 0 
17530 309 -728 -603 -728 12 1 -728 0 0 
17535 305 -713 -600 -713 12 1 -713 0 0 
17540 302 -705 -600 -705 12 1 -705 0 0 
17545 300 -698 -600 -698 12 1 -698 0 0 
17550 296 -687 -603 -687 12 1 -687 0 0 
17555 295 -675 -600 -675 12 1 -675 0 0 
17560 289 -668 -600 -668 12 1 -668 0 0 
17565 287 -653 -600 -653 12 1 -653 0 0 
17570 285 -645 -600 -645 12 1 -645 0 0 
17575 282 -635 -600 -635 12 1 -635 0 0 
17580 278 -623 -603 -623 12 1 -623 0 0 
17585 275 -615 -600 -615 12 1 -615 0 0 
17590 273 -608 -600 -608 12 1 -608 0 0 
17595 269 -593 -593 -593 12 1 -593 0 0 
17600 266 -585 -585 -585 12 1 -585 0 0 
17605 264 -575 -575 -575 12 1 -575 0 0 
17610 260 -563 -568 -563 12 1 -563 0 0 
17615 258 -548 -560 -548 12 1 -548 0 0 
17620 255 -545 -550 -545 12 1 -545 0 0 
17625 253 -537 -545 -537 12 1 -537 0 0 
17630 249 -525 -533 -525 12 1 -525 0 0 
17635 247 -522 -523 -522 12 1 -522 0 0 
17640 244 -515 -520 -515 12 1 -515 0 0 
17645 242 -507 -508 -507 12 1 -507 0 0 
17650 238 -495 -498 -495 12 1 -495 0 0 
17655 237 -488 -485 -488 12 1 -488 0 0 
17660 235 -480 -475 -480 12 1 -480 0 0 
17665 233 -473 -473 -473 12 1 -473 0 0 
17670 229 -465 -460 -465 12 1 -465 0 0 
17675 227 -458 -445 -458 12 1 -458 0 0 
17680 226 -450 -445 -450 12 1 -450 0 0 
17685 224 -440 -443 -440 12 1 -440 0 0 
17690 222 -432 -428 -432 12 1 -432 0 0 
17695 218 -420 -408 -420 12 1 -420 0 0 
17700 217 -413 -405 -413 12 1 -413 0 0 
17705 215 -402 -398 -402 12 1 -402 0 0 
17710 213 -395 -393 -395 12 1 -395 0 0 
17715 211 -390 -378 -390 12 1 -390 0 0 
17720 209 -383 -370 -383 12 1 -383 0 0 
17725 207 -375 -355 -375 12 1 -375 0 0 
17730 207 -368 -355 -368 12 1 -368 0 0 
17735 204 -357 -350 -357 12 1 -357 0 0 
17740 202 -353 -340 -353 12 1 -353 0 0 
17745 202 -345 -330 -345 12 1 -345 0 0 
17750 200 -338 -318 -338 12 1 -338 0 0 
17755 198 -330 -310 -330 12 1 -330 0 0 
17760 197 -323 -303 -323 12 1 -323 0 0 
17765 195 -312 -300 -312 12 1 -312 0 0 
17770 193 -305 -290 -305 12 1 -305 0 0 
17775 193 -293 -275 -293 12 1 -293 0 0 
17780 191 -285 -265 -285 12 1 -285 0 0 
17785 189 -275 -260 -275 12 1 -275 0 0 
17790 189 -263 -248 -263 12 1 -263 0 0 
17795 188 -248 -240 -248 12 1 -248 0 0 
17800 186 -240 -238 -240 12 1 -240 0 0 
17805 186 -233 -233 -233 12 1 -233 0 0 
17810 184 -222 -223 -222 12 1 -222 0 0 
17815 182 -210 -208 -210 12 1 -210 0 0 
17820 182 -203 -198 -203 12 1 -203 0 0 
17825 180 -195 -183 -195 12 1 -195 0 0 
17830 180 -188 -170 -188 12 1 -188 0 0 
17835 178 -180 -165 -180 12 1 -180 0 0 
17840 178 -173 -158 -173 12 1 -173 0 0 
17845 177 -170 -145 -170 12 1 -170 0 0 
17850 177 -170 -145 -170 12 1 -170 0 0 
17855 177 -165 -143 -165 12 1 -165 0 0 
17860 175 -165 -140 -165 12 1 -165 0 0 
17865 175 -162 -130 -162 12 1 -162 0 0 
17870 175 -158 -128 -158 12 1 -158 0 0 
17875 173 -150 -123 -150 12 1 -150 0 0 
17880 173 -143 -110 -143 12 1 -143 0 0 
17885 173 -140 -110 -140 12 1 -140 0 0 
17890 171 -132 -108 -132 12 1 -132 0 0 
17895 171 -120 -100 -120 12 1 -120 0 0 
17900 171 -110 -93 -110 12 1 -110 0 0 
17905 171 -102 -95 -102 12 1 -102 0 0 
17910 171 -90 -93 -90 12 1 -90 0 0 
17915 169 -80 -93 -80 12 1 -80 0 0 
17920 169 -75 -88 -75 12 1 -75 0 0 
17925 169 -65 -75 -65 12 1 -65 0 0 
17930 169 -53 -70 -53 12 1 -53 0 0 
17935 169 -42 -55 -42 12 1 -42 0 0 
17940 169 -20 -38 -20 12 1 -20 0 0 
17945 169 8 -18 8 12 1 8 0 0 
17950 168 35 -0 35 12 1 35 0 0 
17955 169 60 3 60 12 1 60 0 0 
17960 168 83 28 83 12 1 83 0 0 
17965 169 98 55 98 12 1 98 0 0 
17970 169 113 83 113 12 1 113 0 0 
17975 169 120 120 120 12 1 120 0 0 
17980 171 135 160 135 12 1 135 0 0 
17985 171 147 200 147 12 1 147 0 0 
17990 173 162 240 162 12 1 162 0 0 
17995 173 170 285 170 12 1 170 0 0 
18000 175 177 333 177 12 1 177 0 0 
18005 177 180 375 180 12 1 180 0 0 
18010 178 185 418 185 12 1 185 0 0 
18015 180 180 458 180 12 1 180 0 0 
18020 182 177 513 177 13 1 177 0 0 
18025 186 173 555 173 13 1 173 0 0 
18030 189 165 590 165 13 1 165 0 0 
18035 191 162 598 162 13 1 162 0 0 
18040 195 158 600 158 13 1 158 0 0 
18045 198 158 600 158 13 1 158 0 0 
18050 202 162 600 162 13 1 162 0 0 
18055 204 173 600 173 13 1 173 0 0 
18060 207 188 600 188 13 1 188 0 0 
18065 209 207 600 207 13 1 207 0 0 
18070 213 230 600 230 13 1 230 0 0 
18075 215 248 600 248 13 1 248 0 0 
18080 218 282 600 282 13 1 282 0 0 
18085 222 312 598 312 13 1 312 0 0 
18090 224 345 600 345 13 1 345 0 0 
18095 227 383 600 383 13 1 383 0 0 
18100 231 425 600 425 13 1 425 0 0 
18105 235 458 598 458 13 1 458 0 0 
18110 237 485 598 485 13 1 485 0 0 
18115 240 503 600 503 13 1 503 0 0 
18120 244 515 598 515 13 1 515 0 0 
18125 247 518 600 518 13 1 518 0 0 
18130 251 515 600 515 13 1 515 0 0 
18135 253 515 600 515 13 1 515 0 0 
18140 255 515 600 515 13 1 515 0 0 
18145 260 510 600 510 13 1 510 0 0 
18150 262 510 600 510 13 1 510 0 0 
18155 266 507 600 507 13 1 507 0 0 
18160 269 503 600 503 13 1 503 0 0 
18165 271 503 600 503 13 1 503 0 0 
18170 275 503 600 503 13 1 503 0 0 
18175 278 507 598 507 13 1 507 0 0 
18180 282 515 598 515 13 1 515 0 0 
18185 284 525 598 525 13 1 525 0 0 
18190 287 533 598 533 13 1 533 0 0 
18195 291 540 598 540 13 1 540 0 0 
18200 293 552 600 552 13 1 552 0 0 
18205 296 563 600 563 13 1 563 0 0 
18210 300 570 598 570 13 1 570 0 0 
18215 304 582 600 582 13 1 582 0 0 
18220 305 597 598 597 13 1 597 0 0 
18225 309 608 600 608 13 1 608 0 0 
18230 313 620 600 620 13 1 620 0 0 
18235 314 630 600 630 13 1 630 0 0 
18240 318 642 598 642 13 1 642 0 0 
18245 322 650 600 650 13 1 650 0 0 
18250 325 657 600 657 13 1 657 0 0 
18255 327 660 600 660 13 1 660 0 0 
18260 331 660 600 660 13 1 660 0 0 
18265 334 665 600 665 13 1 665 0 0 
18270 337 665 598 665 13 1 665 0 0 
18275 341 665 600 665 13 1 665 0 0 
18280 345 665 598 665 13 1 665 0 0 
18285 346 665 600 665 13 1 665 0 0 
18290 350 668 600 668 13 1 668 0 0 
18295 352 672 600 672 13 1 672 0 0 
18300 355 675 600 675 13 1 675 0 0 
18305 361 680 600 680 13 1 680 0 0 
18310 363 687 598 687 13 1 687 0 0 
18315 364 695 600 695 13 1 695 0 0 
18320 368 702 600 702 13 1 702 0 0 
18325 372 710 600 710 13 1 710 0 0 
18330 375 713 598 713 13 1 713 0 0 
18335 377 717 600 717 13 1 717 0 0 
18340 381 725 600 725 13 1 725 0 0 
18345 384 725 600 725 13 1 725 0 0 
18350 386 728 600 728 13 1 728 0 0 
18355 390 728 600 728 13 1 728 0 0 
18360 393 732 600 732 13 1 732 0 0 
18365 395 732 600 732 13 1 732 0 0 
18370 399 735 600 735 13 1 735 0 0 
18375 401 735 598 735 13 1 735 0 0 
18380 406 740 600 740 13 1 740 0 0 
18385 408 740 598 740 13 1 740 0 0 
18390 410 740 600 740 13 1 740 0 0 
18395 413 740 600 740 13 1 740 0 0 
18400 417 740 600 740 13 1 740 0 0 
18405 419 740 598 740 13 1 740 0 0 
18410 423 740 600 740 13 1 740 0 0 
18415 424 740 600 740 13 1 740 0 0 
18420 430 743 600 743 13 1 743 0 0 
18425 432 747 600 747 13 1 747 0 0 
18430 435 750 600 750 13 1 750 0 0 
18435 437 755 600 755 13 1 755 0 0 
18440 441 758 598 758 13 1 758 0 0 
18445 444 758 600 758 13 1 758 0 0 
18450 446 762 600 762 13 1 762 0 0 
18455 450 765 600 765 13 1 765 0 0 
18460 453 765 600 765 13 1 765 0 0 
18465 455 765 600 765 13 1 765 0 0 
18470 459 765 600 765 13 1 765 0 0 
18475 462 765 600 765 13 1 765 0 0 
18480 466 765 600 765 13 1 765 0 0 
18485 468 762 598 762 13 1 762 0 0 
18490 471 762 598 762 13 1 762 0 0 
18495 475 762 600 762 13 1 762 0 0 
18500 477 762 600 762 13 1 762 0 0 
18505 482 758 600 758 13 1 758 0 0 
18510 484 758 600 758 13 1 758 0 0 
18515 486 758 600 758 13 1 758 0 0 
18520 491 758 600 758 13 1 758 0 0 
18525 493 758 600 758 13 1 758 0 0 
18530 497 758 600 758 13 1 758 0 0 
18535 499 758 600 758 13 1 758 0 0 
18540 502 755 600 755 13 1 755 0 0 
18545 506 758 600 758 13 1 758 0 0 
18550 510 755 600 755 13 1 755 0 0 
18555 511 755 598 755 13 1 755 0 0 
18560 515 755 600 755 13 1 755 0 0 
18565 519 758 598 758 13 1 758 0 0 
18570 520 755 598 755 13 1 755 0 0 
18575 524 758 600 758 13 1 758 0 0 
18580 528 755 600 755 13 1 755 0 0 
18585 530 750 600 750 13 1 750 0 0 
18590 533 750 598 750 13 1 750 0 0 
18595 537 747 600 747 13 1 747 0 0 
18600 539 747 598 747 13 1 747 0 0 
18605 542 743 600 743 13 1 743 0 0 
18610 546 740 600 740 13 1 740 0 0 
18615 548 735 600 735 13 1 735 0 0 
18620 551 732 600 732 13 1 732 0 0 
18625 555 732 600 732 13 1 732 0 0 
18630 560 732 600 732 13 1 732 0 0 
18635 561 732 600 732 13 1 732 0 0 
18640 565 732 600 732 13 1 732 0 0 
18645 567 732 600 732 13 1 732 0 0 
18650 570 732 600 732 13 1 732 0 0 
18655 572 728 600 728 13 1 728 0 0 
18660 578 728 600 728 13 1 728 0 0 
18665 581 725 598 725 13 1 725 0 0 
18670 583 725 600 725 13 1 725 0 0 
18675 585 725 598 725 13 1 725 0 0 
18680 589 720 600 720 13 1 720 0 0 
18685 592 717 600 717 13 1 717 0 0 
18690 594 713 600 713 13 1 713 0 0 
18695 598 710 600 710 13 1 710 0 0 
18700 601 705 600 705 13 1 705 0 0 
18705 605 702 600 702 13 1 702 0 0 
18710 607 702 600 702 13 1 702 0 0 
18715 610 698 600 698 13 1 698 0 0 
18720 614 698 600 698 13 1 698 0 0 
18725 616 698 600 698 13 1 698 0 0 
18730 619 695 598 695 13 1 695 0 0 
18735 621 690 600 690 13 1 690 0 0 
18740 625 690 600 690 13 1 690 0 0 
18745 628 687 600 687 13 1 687 0 0 
18750 630 687 598 687 13 1 687 0 0 
18755 634 683 600 683 13 1 683 0 0 
18760 638 680 600 680 13 1 680 0 0 
18765 641 680 600 680 13 1 680 0 0 
18770 645 675 598 675 13 1 675 0 0 
18775 645 675 600 675 13 1 675 0 0 
18780 648 672 600 672 13 1 672 0 0 
18785 652 672 600 672 13 1 672 0 0 
18790 656 668 600 668 13 1 668 0 0 
18795 657 668 600 668 13 1 668 0 0 
18800 661 665 600 665 13 1 665 0 0 
18805 665 660 600 660 13 1 660 0 0 
18810 668 657 598 657 13 1 657 0 0 
18815 670 653 600 653 13 1 653 0 0 
18820 674 650 598 650 13 1 650 0 0 
18825 677 645 598 645 13 1 645 0 0 
18830 679 645 600 645 13 1 645 0 0 
18835 683 642 600 642 13 1 642 0 0 
18840 685 642 600 642 13 1 642 0 0 
18845 688 642 600 642 13 1 642 0 0 
18850 692 638 598 638 13 1 638 0 0 
18855 696 638 600 638 13 1 638 0 0 
18860 697 635 600 635 13 1 635 0 0 
18865 701 635 600 635 13 1 635 0 0 
18870 705 630 600 630 13 1 630 0 0 
18875 706 627 600 627 13 1 627 0 0 
18880 710 623 600 623 13 1 623 0 0 
18885 712 623 600 623 13 1 623 0 0 
18890 717 620 600 620 13 1 620 0 0 
18895 719 615 600 615 13 1 615 0 0 
18900 723 612 600 612 13 1 612 0 0 
18905 725 608 600 608 13 1 608 0 0 
18910 728 608 600 608 13 1 608 0 0 
18915 732 605 600 605 13 1 605 0 0 
18920 734 600 600 600 13 1 600 0 0 
18925 737 597 600 597 13 1 597 0 0 
18930 741 597 600 597 13 1 597 0 0 
18935 743 593 600 593 13 1 593 0 0 
18940 746 590 600 590 13 1 590 0 0 
18945 750 585 600 585 13 1 585 0 0 
18950 754 582 600 582 13 1 582 0 0 
18955 755 582 600 582 13 1 582 0 0 
18960 759 582 600 582 13 1 582 0 0 
18965 763 578 600 578 13 1 578 0 0 
18970 764 575 600 575 13 1 575 0 0 
18975 768 575 598 575 13 1 575 0 0 
18980 772 570 598 570 13 1 570 0 0 
18985 774 567 600 567 13 1 567 0 0 
18990 777 563 600 563 13 1 563 0 0 
18995 780 563 600 563 13 1 563 0 0 
19000 784 560 593 560 13 1 560 0 0 
19005 787 552 588 552 13 1 552 0 0 
19010 789 548 578 548 13 1 548 0 0 
19015 793 545 565 545 13 1 545 0 0 
19020 794 537 555 537 13 1 537 0 0 
19025 798 533 538 533 13 1 533 0 0 
19030 800 533 525 533 13 1 533 0 0 
19035 804 530 520 530 13 1 530 0 0 
19040 807 533 510 533 13 1 533 0 0 
19045 807 533 500 533 13 1 533 0 0 
19050 811 533 488 533 13 1 533 0 0 
19055 813 530 485 530 13 1 530 0 0 
19060 816 530 473 530 13 1 530 0 0 
19065 818 525 468 525 13 1 525 0 0 
19070 820 518 455 518 13 1 518 0 0 
19075 822 510 445 510 13 1 510 0 0 
19080 825 500 435 500 13 1 500 0 0 
19085 827 492 430 492 13 1 492 0 0 
19090 829 480 418 480 13 1 480 0 0 
19095 831 473 408 473 13 1 473 0 0 
19100 834 462 398 462 13 1 462 0 0 
19105 836 458 390 458 13 1 458 0 0 
19110 838 450 383 450 13 1 450 0 0 
19115 840 447 370 447 13 1 447 0 0 
19120 842 443 363 443 13 1 443 0 0 
19125 843 440 355 440 13 1 440 0 0 
19130 845 435 343 435 13 1 435 0 0 
19135 847 432 333 432 13 1 432 0 0 
19140 849 425 323 425 13 1 425 0 0 
19145 851 420 323 420 13 1 420 0 0 
19150 853 417 303 417 13 1 417 0 0 
19155 853 413 298 413 13 1 413 0 0 
19160 856 405 293 405 13 1 405 0 0 
19165 858 402 280 402 13 1 402 0 0 
19170 858 398 265 398 13 1 398 0 0 
19175 860 395 265 395 13 1 395 0 0 
19180 862 387 250 387 13 1 387 0 0 
19185 862 383 240 383 13 1 383 0 0 
19190 863 380 233 380 13 1 380 0 0 
19195 865 380 228 380 13 1 380 0 0 
19200 865 375 218 375 13 1 375 0 0 
19205 867 375 210 375 13 1 375 0 0 
19210 867 375 198 375 13 1 375 0 0 
19215 869 372 193 372 13 1 372 0 0 
19220 869 368 173 368 13 1 368 0 0 
19225 872 365 168 365 13 1 365 0 0 
19230 871 365 158 365 13 1 365 0 0 
19235 872 360 148 360 13 1 360 0 0 
19240 872 357 143 357 13 1 357 0 0 
19245 874 353 133 353 13 1 353 0 0 
19250 874 345 130 345 13 1 345 0 0 
19255 876 338 133 338 13 1 338 0 0 
19260 876 335 120 335 13 1 335 0 0 
19265 876 327 120 327 13 1 327 0 0 
19270 878 323 115 323 13 1 323 0 0 
19275 878 315 103 315 13 1 315 0 0 
19280 880 305 103 305 13 1 305 0 0 
19285 878 297 100 297 13 1 297 0 0 
19290 880 290 93 290 13 1 290 0 0 
19295 880 282 80 282 13 1 282 0 0 
19300 880 275 80 275 13 1 275 0 0 
19305 880 270 78 270 13 1 270 0 0 
19310 882 270 75 270 13 1 270 0 0 
19315 882 270 68 270 13 1 270 0 0 
19320 882 270 58 270 13 1 270 0 0 
19325 883 270 55 270 13 1 270 0 0 
19330 883 270 55 270 13 1 270 0 0 
19335 882 270 53 270 13 1 270 0 0 
19340 883 270 53 270 13 1 270 0 0 
19345 883 267 53 267 13 1 267 0 0 
19350 883 263 50 263 13 1 263 0 0 
19355 883 255 53 255 13 1 255 0 0 
19360 883 245 43 245 13 1 245 0 0 
19365 885 237 48 237 13 1 237 0 0 
19370 885 225 48 225 13 1 225 0 0 
19375 883 210 48 210 13 1 210 0 0 
19380 885 195 43 195 13 1 195 0 0 
19385 885 180 43 180 13 1 180 0 0 
19390 885 165 43 165 13 1 165 0 0 
19395 885 150 43 150 13 1 150 0 0 
19400 885 135 43 135 13 1 135 0 0 
19405 887 120 43 120 13 1 120 0 0 
19410 887 105 35 105 13 1 105 0 0 
19415 887 90 35 90 13 1 90 0 0 
19420 885 80 30 80 13 1 80 0 0 
19425 887 68 35 68 13 1 68 0 0 
19430 887 60 35 60 13 1 60 0 0 
19435 887 53 35 53 13 1 53 0 0 
19440 887 45 30 45 13 1 45 0 0 
19445 887 38 28 38 13 1 38 0 0 
19450 887 30 15 30 13 1 30 0 0 
19455 889 15 -0 15 13 1 15 0 0 
19460 887 -12 -5 -12 13 1 -12 0 0 
19465 887 -42 -28 -42 13 1 -42 0 0 
19470 887 -68 -50 -68 13 1 -68 0 0 
19475 887 -87 -75 -87 13 1 -87 0 0 
19480 887 -110 -105 -110 13 1 -110 0 0 
19485 885 -125 -135 -125 13 1 -125 0 0 
19490 885 -135 -168 -135 13 1 -135 0 0 
19495 885 -147 -208 -147 13 1 -147 0 0 
19500 883 -158 -258 -158 13 1 -158 0 0 
19505 882 -173 -300 -173 13 1 -173 0 0 
19510 880 -188 -350 -188 13 1 -188 0 0 
19515 878 -200 -395 -200 13 1 -200 0 0 
19520 876 -210 -455 -210 13 1 -210 0 0 
19525 874 -218 -513 -218 13 1 -218 0 0 
19530 872 -225 -568 -225 14 1 -225 0 0 
19535 869 -233 -593 -233 14 1 -233 0 0 
19540 865 -237 -600 -237 14 1 -237 0 0 
19545 862 -245 -600 -245 14 1 -245 0 0 
19550 860 -252 -600 -252 14 1 -252 0 0 
19555 856 -267 -600 -267 14 1 -267 0 0 
19560 854 -285 -600 -285 14 1 -285 0 0 
19565 851 -315 -600 -315 14 1 -315 0 0 
19570 847 -350 -603 -350 14 1 -350 0 0 
19575 845 -387 -600 -387 14 1 -387 0 0 
19580 842 -425 -603 -425 14 1 -425 0 0 
19585 838 -470 -603 -470 14 1 -470 0 0 
19590 834 -500 -600 -500 14 1 -500 0 0 
19595 831 -525 -603 -525 14 1 -525 0 0 
19600 829 -548 -600 -548 14 1 -548 0 0 
19605 825 -575 -603 -575 14 1 -575 0 0 
19610 822 -590 -600 -590 14 1 -590 0 0 
19615 820 -600 -600 -600 14 1 -600 0 0 
19620 816 -612 -603 -612 14 1 -612 0 0 
19625 813 -620 -600 -620 14 1 -620 0 0 
19630 811 -623 -600 -623 14 1 -623 0 0 
19635 807 -623 -600 -623 14 1 -623 0 0 
19640 805 -623 -600 -623 14 1 -623 0 0 
19645 802 -620 -600 -620 14 1 -620 0 0 
19650 798 -620 -603 -620 14 1 -620 0 0 
19655 794 -623 -600 -623 14 1 -623 0 0 
19660 791 -630 -603 -630 14 1 -630 0 0 
19665 789 -642 -600 -642 14 1 -642 0 0 
19670 785 -653 -600 -653 14 1 -653 0 0 
19675 784 -668 -600 -668 14 1 -668 0 0 
19680 780 -687 -600 -687 14 1 -687 0 0 
19685 775 -705 -600 -705 14 1 -705 0 0 
19690 772 -725 -600 -725 14 1 -725 0 0 
19695 770 -747 -600 -747 14 1 -747 0 0 
19700 768 -765 -600 -765 14 1 -765 0 0 
19705 763 -788 -600 -788 14 1 -788 0 0 
19710 761 -803 -603 -803 14 1 -803 0 0 
19715 757 -818 -600 -818 14 1 -818 0 0 
19720 755 -830 -600 -830 14 1 -830 0 0 
19725 752 -840 -600 -840 14 1 -840 0 0 
19730 748 -848 -600 -848 14 1 -848 0 0 
19735 746 -852 -600 -852 14 1 -852 0 0 
19740 743 -855 -603 -855 14 1 -855 0 0 
19745 739 -860 -600 -860 14 1 -860 0 0 
19750 737 -863 -600 -863 14 1 -863 0 0 
19755 734 -870 -600 -870 14 1 -870 0 0 
19760 730 -878 -600 -878 14 1 -878 0 0 
19765 728 -890 -600 -890 14 1 -890 0 0 
19770 725 -900 -603 -900 14 1 -900 0 0 
19775 721 -912 -600 -912 14 1 -912 0 0 
19780 719 -927 -600 -927 14 1 -927 0 0 
19785 715 -942 -600 -942 14 1 -942 0 0 
19790 712 -957 -600 -957 14 1 -957 0 0 
19795 708 -972 -600 -972 14 1 -972 0 0 
19800 706 -987 -603 -987 14 1 -987 0 0 
19805 703 -1002 -603 -1002 14 1 -1002 0 0 
19810 699 -1013 -600 -1013 14 1 -1013 0 0 
19815 697 -1020 -603 -1020 14 1 -1020 0 0 
19820 694 -1032 -603 -1032 14 1 -1032 0 0 
19825 690 -1043 -603 -1043 14 1 -1043 0 0 
19830 686 -1047 -600 -1047 14 1 -1047 0 0 
19835 685 -1055 -600 -1055 14 1 -1055 0 0 
19840 681 -1062 -600 -1062 14 1 -1062 0 0 
19845 677 -1070 -603 -1070 14 1 -1070 0 0 
19850 676 -1073 -600 -1073 14 1 -1073 0 0 
19855 672 -1080 -600 -1080 14 1 -1080 0 0 
19860 670 -1085 -603 -1085 14 1 -1085 0 0 
19865 667 -1092 -603 -1092 14 1 -1092 0 0 
19870 663 -1100 -600 -1100 14 1 -1100 0 0 
19875 659 -1107 -603 -1107 14 1 -1107 0 0 
19880 657 -1115 -600 -1115 14 1 -1115 0 0 
19885 654 -1122 -603 -1122 14 1 -1122 0 0 
19890 652 -1130 -600 -1130 14 1 -1130 0 0 
19895 648 -1140 -600 -1140 14 1 -1140 0 0 
19900 645 -1145 -600 -1145 14 1 -1145 0 0 
19905 643 -1155 -600 -1155 14 1 -1155 0 0 
19910 639 -1163 -600 -1163 14 1 -1163 0 0 
19915 636 -1167 -600 -1167 14 1 -1167 0 0 
19920 634 -1170 -600 -1170 14 1 -1170 0 0 
19925 630 -1175 -600 -1175 14 1 -1175 0 0 
19930 627 -1178 -600 -1178 14 1 -1178 0 0 
19935 625 -1182 -600 -1182 14 1 -1182 0 0 
19940 621 -1185 -600 -1185 14 1 -1185 0 0 
19945 618 -1190 -600 -1190 14 1 -1190 0 0 
19950 616 -1193 -600 -1193 14 1 -1193 0 0 
19955 612 -1197 -603 -1197 14 1 -1197 0 0 
19960 608 -1197 -600 -1197 14 1 -1197 0 0 
19965 605 -1200 -600 -1200 14 1 -1200 0 0 
19970 603 -1200 -600 -1200 14 1 -1200 0 0 
19975 599 -1205 -600 -1205 14 1 -1205 0 0 
19980 596 -1208 -600 -1208 14 1 -1208 0 0 
19985 594 -1212 -600 -1212 14 1 -1212 0 0 
19990 590 -1215 -600 -1215 14 1 -1215 0 0 
19995 589 -1220 -600 -1220 14 1 -1220 0 0 
20000 585 -1223 -603 -1223 14 1 -1223 0 0 
20005 581 -1227 -603 -1227 14 1 -1227 0 0 
20010 579 -1230 -600 -1230 14 1 -1230 0 0 
20015 576 -1235 -600 -1235 14 1 -1235 0 0 
20020 572 -1238 -600 -1238 14 1 -1238 0 0 
20025 569 -1242 -600 -1242 14 1 -1242 0 0 
20030 567 -1242 -600 -1242 14 1 -1242 0 0 
20035 563 -1245 -600 -1245 14 1 -1245 0 0 
20040 561 -1250 -603 -1250 14 1 -1250 0 0 
20045 558 -1250 -603 -1250 14 1 -1250 0 0 
20050 553 -1250 -603 -1250 14 1 -1250 0 0 
20055 551 -1253 -600 -1253 14 1 -1253 0 0 
20060 548 -1253 -603 -1253 14 1 -1253 0 0 
20065 546 -1253 -600 -1253 14 1 -1253 0 0 
20070 542 -1250 -603 -1250 14 1 -1250 0 0 
20075 539 -1250 -600 -1250 14 1 -1250 0 0 
20080 535 -1250 -600 -1250 14 1 -1250 0 0 
20085 531 -1245 -600 -1245 14 1 -1245 0 0 
20090 530 -1245 -600 -1245 14 1 -1245 0 0 
20095 526 -1245 -600 -1245 14 1 -1245 0 0 
20100 524 -1245 -600 -1245 14 1 -1245 0 0 
20105 520 -1245 -600 -1245 14 1 -1245 0 0 
20110 517 -1242 -603 -1242 14 1 -1242 0 0 
20115 515 -1245 -603 -1245 14 1 -1245 0 0 
20120 511 -1245 -603 -1245 14 1 -1245 0 0 
20125 510 -1245 -603 -1245 14 1 -1245 0 0 
20130 506 -1245 -600 -1245 14 1 -1245 0 0 
20135 502 -1242 -600 -1242 14 1 -1242 0 0 
20140 500 -1242 -600 -1242 14 1 -1242 0 0 
20145 497 -1238 -603 -1238 14 1 -1238 0 0 
20150 493 -1235 -600 -1235 14 1 -1235 0 0 
20155 490 -1230 -600 -1230 14 1 -1230 0 0 
20160 488 -1223 -603 -1223 14 1 -1223 0 0 
20165 484 -1215 -600 -1215 14 1 -1215 0 0 
20170 481 -1212 -600 -1212 14 1 -1212 0 0 
20175 479 -1208 -603 -1208 14 1 -1208 0 0 
20180 475 -1200 -600 -1200 14 1 -1200 0 0 
20185 471 -1197 -600 -1197 14 1 -1197 0 0 
20190 470 -1193 -603 -1193 14 1 -1193 0 0 
20195 466 -1190 -600 -1190 14 1 -1190 0 0 
20200 462 -1185 -603 -1185 14 1 -1185 0 0 
20205 461 -1178 -600 -1178 14 1 -1178 0 0 
20210 457 -1178 -600 -1178 14 1 -1178 0 0 
20215 453 -1170 -603 -1170 14 1 -1170 0 0 
20220 450 -1167 -600 -1167 14 1 -1167 0 0 
20225 448 -1167 -600 -1167 14 1 -1167 0 0 
20230 444 -1160 -600 -1160 14 1 -1160 0 0 
20235 442 -1152 -600 -1152 14 1 -1152 0 0 
20240 439 -1148 -600 -1148 14 1 -1148 0 0 
20245 435 -1140 -600 -1140 14 1 -1140 0 0 
20250 433 -1133 -600 -1133 14 1 -1133 0 0 
20255 430 -1125 -600 -1125 14 1 -1125 0 0 
20260 428 -1115 -600 -1115 14 1 -1115 0 0 
20265 424 -1107 -600 -1107 14 1 -1107 0 0 
20270 421 -1095 -600 -1095 14 1 -1095 0 0 
20275 417 -1092 -600 -1092 14 1 -1092 0 0 
20280 415 -1080 -600 -1080 14 1 -1080 0 0 
20285 412 -1073 -600 -1073 14 1 -1073 0 0 
20290 410 -1065 -603 -1065 14 1 -1065 0 0 
20295 406 -1058 -603 -1058 14 1 -1058 0 0 
20300 404 -1055 -600 -1055 14 1 -1055 0 0 
20305 399 -1047 -600 -1047 14 1 -1047 0 0 
20310 397 -1043 -600 -1043 14 1 -1043 0 0 
20315 395 -1035 -600 -1035 14 1 -1035 0 0 
20320 392 -1028 -600 -1028 14 1 -1028 0 0 
20325 388 -1020 -603 -1020 14 1 -1020 0 0 
20330 384 -1013 -600 -1013 14 1 -1013 0 0 
20335 383 -1010 -600 -1010 14 1 -1010 0 0 
20340 381 -998 -603 -998 14 1 -998 0 0 
20345 377 -990 -600 -990 14 1 -990 0 0 
20350 374 -980 -600 -980 14 1 -980 0 0 
20355 372 -968 -600 -968 14 1 -968 0 0 
20360 368 -960 -600 -960 14 1 -960 0 0 
20365 364 -950 -603 -950 14 1 -950 0 0 
20370 363 -938 -600 -938 14 1 -938 0 0 
20375 359 -930 -603 -930 14 1 -930 0 0 
20380 355 -920 -603 -920 14 1 -920 0 0 
20385 354 -912 -600 -912 14 1 -912 0 0 
20390 350 -900 -603 -900 14 1 -900 0 0 
20395 348 -893 -600 -893 14 1 -893 0 0 
20400 345 -882 -603 -882 14 1 -882 0 0 
20405 341 -870 -600 -870 14 1 -870 0 0 
20410 339 -860 -600 -860 14 1 -860 0 0 
20415 335 -855 -600 -855 14 1 -855 0 0 
20420 331 -840 -600 -840 14 1 -840 0 0 
20425 327 -830 -600 -830 14 1 -830 0 0 
20430 325 -818 -603 -818 14 1 -818 0 0 
20435 324 -807 -600 -807 14 1 -807 0 0 
20440 320 -795 -600 -795 14 1 -795 0 0 
20445 316 -785 -600 -785 14 1 -785 0 0 
20450 314 -770 -603 -770 14 1 -770 0 0 
20455 311 -758 -603 -758 14 1 -758 0 0 
20460 307 -743 -600 -743 14 1 -743 0 0 
20465 304 -728 -600 -728 14 1 -728 0 0 
20470 302 -717 -600 -717 14 1 -717 0 0 
20475 300 -702 -600 -702 14 1 -702 0 0 
20480 296 -690 -600 -690 14 1 -690 0 0 
20485 293 -675 -600 -675 14 1 -675 0 0 
20490 289 -660 -603 -660 14 1 -660 0 0 
20495 285 -650 -600 -650 14 1 -650 0 0 
20500 284 -635 -603 -635 14 1 -635 0 0 
20505 280 -620 -600 -620 14 1 -620 0 0 
20510 278 -608 -600 -608 14 1 -608 0 0 
20515 275 -597 -603 -597 14 1 -597 0 0 
20520 271 -582 -600 -582 14 1 -582 0 0 
20525 269 -567 -598 -567 14 1 -567 0 0 
20530 266 -555 -590 -555 14 1 -555 0 0 
20535 262 -545 -578 -545 14 1 -545 0 0 
20540 260 -533 -568 -533 14 1 -533 0 0 
20545 258 -522 -560 -522 14 1 -522 0 0 
20550 255 -510 -553 -510 14 1 -510 0 0 
20555 253 -500 -545 -500 14 1 -500 0 0 
20560 249 -492 -538 -492 14 1 -492 0 0 
20565 246 -480 -523 -480 14 1 -480 0 0 
20570 244 -473 -520 -473 14 1 -473 0 0 
20575 242 -465 -508 -465 14 1 -465 0 0 
20580 238 -455 -500 -455 14 1 -455 0 0 
20585 237 -443 -488 -443 14 1 -443 0 0 
20590 233 -432 -480 -432 14 1 -432 0 0 
20595 233 -425 -470 -425 14 1 -425 0 0 
20600 229 -413 -458 -413 14 1 -413 0 0 
20605 227 -402 -450 -402 14 1 -402 0 0 
20610 224 -390 -445 -390 14 1 -390 0 0 
20615 224 -383 -435 -383 14 1 -383 0 0 
20620 220 -372 -428 -372 14 1 -372 0 0 
20625 218 -360 -410 -360 14 1 -360 0 0 
20630 217 -353 -408 -353 14 1 -353 0 0 
20635 215 -342 -405 -342 14 1 -342 0 0 
20640 213 -330 -393 -330 14 1 -330 0 0 
20645 211 -320 -378 -320 14 1 -320 0 0 
20650 209 -308 -370 -308 14 1 -308 0 0 
20655 207 -297 -370 -297 14 1 -297 0 0 
20660 206 -285 -365 -285 14 1 -285 0 0 
20665 204 -275 -350 -275 14 1 -275 0 0 
20670 202 -267 -340 -267 14 1 -267 0 0 
20675 200 -255 -330 -255 14 1 -255 0 0 
20680 200 -248 -318 -248 14 1 -248 0 0 
20685 197 -240 -305 -240 14 1 -240 0 0 
20690 197 -237 -303 -237 14 1 -237 0 0 
20695 195 -233 -300 -233 14 1 -233 0 0 
20700 193 -230 -290 -230 14 1 -230 0 0 
20705 191 -222 -275 -222 14 1 -222 0 0 
20710 191 -218 -263 -218 14 1 -218 0 0 
20715 189 -210 -260 -210 14 1 -210 0 0 
20720 188 -207 -245 -207 14 1 -207 0 0 
20725 186 -200 -240 -200 14 1 -200 0 0 
20730 186 -195 -238 -195 14 1 -195 0 0 
20735 184 -188 -233 -188 14 1 -188 0 0 
20740 184 -180 -223 -180 14 1 -180 0 0 
20745 182 -170 -213 -170 14 1 -170 0 0 
20750 180 -162 -205 -162 14 1 -162 0 0 
20755 180 -150 -185 -150 14 1 -150 0 0 
20760 180 -140 -170 -140 14 1 -140 0 0 
20765 178 -125 -165 -125 14 1 -125 0 0 
20770 178 -110 -158 -110 14 1 -110 0 0 
20775 177 -98 -145 -98 14 1 -98 0 0 
20780 177 -87 -143 -87 14 1 -87 0 0 
20785 177 -80 -143 -80 14 1 -80 0 0 
20790 175 -72 -140 -72 14 1 -72 0 0 
20795 175 -65 -128 -65 14 1 -65 0 0 
20800 175 -53 -115 -53 14 1 -53 0 0 
20805 173 -30 -100 -30 14 1 -30 0 0 
20810 173 -8 -83 -8 14 1 -8 0 0 
20815 173 23 -68 23 14 1 23 0 0 
20820 173 50 -48 50 14 1 50 0 0 
20825 173 72 -18 72 14 1 72 0 0 
20830 173 83 -0 83 14 1 83 0 0 
20835 173 95 5 95 14 1 95 0 0 
20840 173 102 30 102 14 1 102 0 0 
20845 173 117 70 117 14 1 117 0 0 
20850 173 125 103 125 14 1 125 0 0 
20855 173 135 143 135 14 1 135 0 0 
20860 175 147 175 147 14 1 147 0 0 
20865 177 158 223 158 14 1 158 0 0 
20870 177 165 263 165 14 1 165 0 0 
20875 178 170 303 170 14 1 170 0 0 
20880 178 170 345 170 14 1 170 0 0 
20885 182 170 393 170 14 1 170 0 0 
20890 184 165 438 165 14 1 165 0 0 
20895 186 165 483 165 14 1 165 0 0 
20900 188 162 528 162 15 1 162 0 0 
20905 191 162 580 162 15 1 162 0 0 
20910 195 162 598 162 15 1 162 0 0 
20915 197 162 600 162 15 1 162 0 0 
20920 200 162 600 162 15 1 162 0 0 
20925 204 165 600 165 15 1 165 0 0 
20930 206 173 600 173 15 1 173 0 0 
20935 209 180 600 180 15 1 180 0 0 
20940 211 195 600 195 15 1 195 0 0 
20945 215 218 600 218 15 1 218 0 0 
20950 218 237 600 237 15 1 237 0 0 
20955 220 255 598 255 15 1 255 0 0 
20960 224 282 600 282 15 1 282 0 0 
20965 227 315 600 315 15 1 315 0 0 
20970 231 345 600 345 15 1 345 0 0 
20975 235 375 600 375 15 1 375 0 0 
20980 237 402 600 402 15 1 402 0 0 
20985 240 432 598 432 15 1 432 0 0 
20990 244 450 600 450 15 1 450 0 0 
20995 246 462 598 462 15 1 462 0 0 
21000 249 470 600 470 15 1 470 0 0 
21005 253 470 600 470 15 1 470 0 0 
21010 255 465 600 465 15 1 465 0 0 
21015 258 462 600 462 15 1 462 0 0 
21020 260 458 598 458 15 1 458 0 0 
21025 264 455 598 455 15 1 455 0 0 
21030 267 450 600 450 15 1 450 0 0 
21035 271 450 598 450 15 1 450 0 0 
21040 275 447 600 447 15 1 447 0 0 
21045 278 447 600 447 15 1 447 0 0 
21050 280 447 598 447 15 1 447 0 0 
21055 282 447 600 447 15 1 447 0 0 
21060 287 450 600 450 15 1 450 0 0 
21065 291 462 600 462 15 1 462 0 0 
21070 293 465 600 465 15 1 465 0 0 
21075 296 477 600 477 15 1 477 0 0 
21080 298 485 600 485 15 1 485 0 0 
21085 302 495 598 495 15 1 495 0 0 
21090 305 507 600 507 15 1 507 0 0 
21095 309 515 600 515 15 1 515 0 0 
21100 311 530 600 530 15 1 530 0 0 
21105 314 540 600 540 15 1 540 0 0 
21110 318 552 600 552 15 1 552 0 0 
21115 320 560 600 560 15 1 560 0 0 
21120 324 567 600 567 15 1 567 0 0 
21125 327 575 598 575 15 1 575 0 0 
21130 329 578 598 578 15 1 578 0 0 
21135 334 582 600 582 15 1 582 0 0 
21140 335 585 600 585 15 1 585 0 0 
21145 339 590 600 590 15 1 590 0 0 
21150 343 590 600 590 15 1 590 0 0 
21155 346 590 598 590 15 1 590 0 0 
21160 348 593 598 593 15 1 593 0 0 
21165 352 593 598 593 15 1 593 0 0 
21170 355 597 598 597 15 1 597 0 0 
21175 357 600 600 600 15 1 600 0 0 
21180 361 605 598 605 15 1 605 0 0 
21185 364 612 600 612 15 1 612 0 0 
21190 368 615 600 615 15 1 615 0 0 
21195 370 623 598 623 15 1 623 0 0 
21200 374 627 598 627 15 1 627 0 0 
21205 375 635 600 635 15 1 635 0 0 
21210 379 642 600 642 15 1 642 0 0 
21215 383 650 600 650 15 1 650 0 0 
21220 384 653 600 653 15 1 653 0 0 
21225 388 657 600 657 15 1 657 0 0 
21230 392 665 598 665 15 1 665 0 0 
21235 395 668 600 668 15 1 668 0 0 
21240 397 668 600 668 15 1 668 0 0 
21245 401 668 598 668 15 1 668 0 0 
21250 404 668 600 668 15 1 668 0 0 
21255 406 668 598 668 15 1 668 0 0 
21260 410 668 600 668 15 1 668 0 0 
21265 412 668 598 668 15 1 668 0 0 
21270 415 668 600 668 15 1 668 0 0 
21275 419 665 600 665 15 1 665 0 0 
21280 423 665 600 665 15 1 665 0 0 
21285 424 665 600 665 15 1 665 0 0 
21290 428 668 600 668 15 1 668 0 0 
21295 432 668 600 668 15 1 668 0 0 
21300 433 675 598 675 15 1 675 0 0 
21305 437 680 600 680 15 1 680 0 0 
21310 441 680 598 680 15 1 680 0 0 
21315 442 687 600 687 15 1 687 0 0 
21320 446 687 600 687 15 1 687 0 0 
21325 448 690 600 690 15 1 690 0 0 
21330 452 695 600 695 15 1 695 0 0 
21335 455 695 598 695 15 1 695 0 0 
21340 457 695 600 695 15 1 695 0 0 
21345 461 695 598 695 15 1 695 0 0 
21350 464 698 600 698 15 1 698 0 0 
21355 468 698 600 698 15 1 698 0 0 
21360 470 695 600 695 15 1 695 0 0 
21365 475 695 598 695 15 1 695 0 0 
21370 477 695 600 695 15 1 695 0 0 
21375 481 695 600 695 15 1 695 0 0 
21380 482 698 600 698 15 1 698 0 0 
21385 486 698 600 698 15 1 698 0 0 
21390 490 698 600 698 15 1 698 0 0 
21395 491 698 600 698 15 1 698 0 0 
21400 495 698 598 698 15 1 698 0 0 
21405 499 702 600 702 15 1 702 0 0 
21410 502 702 600 702 15 1 702 0 0 
21415 506 705 600 705 15 1 705 0 0 
21420 508 705 600 705 15 1 705 0 0 
21425 511 705 600 705 15 1 705 0 0 
21430 515 710 600 710 15 1 710 0 0 
21435 517 710 600 710 15 1 710 0 0 
21440 520 713 600 713 15 1 713 0 0 
21445 522 713 600 713 15 1 713 0 0 
21450 526 717 598 717 15 1 717 0 0 
21455 530 717 600 717 15 1 717 0 0 
21460 531 717 600 717 15 1 717 0 0 
21465 535 717 600 717 15 1 717 0 0 
21470 539 717 600 717 15 1 717 0 0 
21475 542 713 600 713 15 1 713 0 0 
21480 544 713 600 713 15 1 713 0 0 
21485 548 713 600 713 15 1 713 0 0 
21490 551 710 598 710 15 1 710 0 0 
21495 555 710 600 710 15 1 710 0 0 
21500 558 710 600 710 15 1 710 0 0 
21505 561 705 600 705 15 1 705 0 0 
21510 563 710 600 710 15 1 710 0 0 
21515 567 710 598 710 15 1 710 0 0 
21520 569 710 600 710 15 1 710 0 0 
21525 572 710 600 710 15 1 710 0 0 
21530 576 705 598 705 15 1 705 0 0 
21535 579 705 600 705 15 1 705 0 0 
21540 581 705 598 705 15 1 705 0 0 
21545 585 702 600 702 15 1 702 0 0 
21550 589 702 600 702 15 1 702 0 0 
21555 590 698 600 698 15 1 698 0 0 
21560 594 695 598 695 15 1 695 0 0 
21565 596 695 600 695 15 1 695 0 0 
21570 599 695 600 695 15 1 695 0 0 
21575 603 690 600 690 15 1 690 0 0 
21580 607 690 600 690 15 1 690 0 0 
21585 608 687 600 687 15 1 687 0 0 
21590 612 687 600 687 15 1 687 0 0 
21595 616 683 598 683 15 1 683 0 0 
21600 618 683 600 683 15 1 683 0 0 
21605 621 680 598 680 15 1 680 0 0 
21610 625 680 598 680 15 1 680 0 0 
21615 628 675 600 675 15 1 675 0 0 
21620 630 675 600 675 15 1 675 0 0 
21625 634 672 600 672 15 1 672 0 0 
21630 638 672 598 672 15 1 672 0 0 
21635 639 672 600 672 15 1 672 0 0 
21640 643 668 600 668 15 1 668 0 0 
21645 645 668 600 668 15 1 668 0 0 
21650 648 665 598 665 15 1 665 0 0 
21655 652 665 598 665 15 1 665 0 0 
21660 654 660 600 660 15 1 660 0 0 
21665 657 657 600 657 15 1 657 0 0 
21670 661 657 598 657 15 1 657 0 0 
21675 665 653 600 653 15 1 653 0 0 
21680 667 650 600 650 15 1 650 0 0 
21685 670 645 598 645 15 1 645 0 0 
21690 674 642 600 642 15 1 642 0 0 
21695 676 638 598 638 15 1 638 0 0 
21700 677 635 600 635 15 1 635 0 0 
21705 681 635 598 635 15 1 635 0 0 
21710 685 630 600 630 15 1 630 0 0 
21715 688 627 600 627 15 1 627 0 0 
21720 692 627 598 627 15 1 627 0 0 
21725 694 627 600 627 15 1 627 0 0 
21730 697 623 600 623 15 1 623 0 0 
21735 699 623 598 623 15 1 623 0 0 
21740 703 620 598 620 15 1 620 0 0 
21745 706 620 600 620 15 1 620 0 0 
21750 710 615 600 615 15 1 615 0 0 
21755 712 612 598 612 15 1 612 0 0 
21760 715 608 598 608 15 1 608 0 0 
21765 719 600 600 600 15 1 600 0 0 
21770 723 597 600 597 15 1 597 0 0 
21775 725 597 600 597 15 1 597 0 0 
21780 728 593 600 593 15 1 593 0 0 
21785 730 593 600 593 15 1 593 0 0 
21790 734 590 600 590 15 1 590 0 0 
21795 737 585 598 585 15 1 585 0 0 
21800 741 582 598 582 15 1 582 0 0 
21805 743 582 598 582 15 1 582 0 0 
21810 746 578 598 578 15 1 578 0 0 
21815 750 575 600 575 15 1 575 0 0 
21820 752 570 598 570 15 1 570 0 0 
21825 755 567 600 567 15 1 567 0 0 
21830 759 563 600 563 15 1 563 0 0 
21835 761 563 600 563 15 1 563 0 0 
21840 764 560 598 560 15 1 560 0 0 
21845 766 555 600 555 15 1 555 0 0 
21850 770 552 598 552 15 1 552 0 0 
21855 772 548 598 548 15 1 548 0 0 
21860 775 545 600 545 15 1 545 0 0 
21865 780 540 598 540 15 1 540 0 0 
21870 784 537 590 537 15 1 537 0 0 
21875 785 530 580 530 15 1 530 0 0 
21880 789 525 573 525 15 1 525 0 0 
21885 791 518 560 518 15 1 518 0 0 
21890 794 515 553 515 15 1 515 0 0 
21895 796 510 548 510 15 1 510 0 0 
21900 800 510 535 510 15 1 510 0 0 
21905 802 510 523 510 15 1 510 0 0 
21910 805 510 515 510 15 1 510 0 0 
21915 809 510 508 510 15 1 510 0 0 
21920 811 507 498 507 15 1 507 0 0 
21925 813 503 485 503 15 1 503 0 0 
21930 814 500 480 500 15 1 500 0 0 
21935 818 495 470 495 15 1 495 0 0 
21940 820 488 460 488 15 1 488 0 0 
21945 822 480 448 480 15 1 480 0 0 
21950 825 473 445 473 15 1 473 0 0 
21955 827 465 433 465 15 1 465 0 0 
21960 829 458 423 458 15 1 458 0 0 
21965 831 450 410 450 15 1 450 0 0 
21970 833 443 403 443 15 1 443 0 0 
21975 836 440 398 440 15 1 440 0 0 
21980 838 435 383 435 15 1 435 0 0 
21985 838 432 380 432 15 1 432 0 0 
21990 842 428 370 428 15 1 428 0 0 
21995 843 428 358 428 15 1 428 0 0 
22000 845 425 353 425 15 1 425 0 0 
22005 847 420 338 420 15 1 420 0 0 
22010 849 417 328 417 15 1 417 0 0 
22015 851 413 323 413 15 1 413 0 0 
22020 853 410 313 410 15 1 410 0 0 
22025 853 405 303 405 15 1 405 0 0 
22030 854 402 298 402 15 1 402 0 0 
22035 858 398 288 398 15 1 398 0 0 
22040 858 390 275 390 15 1 390 0 0 
22045 860 387 263 387 15 1 387 0 0 
22050 862 380 250 380 15 1 380 0 0 
22055 862 375 240 375 15 1 375 0 0 
22060 863 372 233 372 15 1 372 0 0 
22065 863 368 233 368 15 1 368 0 0 
22070 865 365 223 365 15 1 365 0 0 
22075 867 360 210 360 15 1 360 0 0 
22080 869 360 198 360 15 1 360 0 0 
22085 869 353 188 353 15 1 353 0 0 
22090 871 350 180 350 15 1 350 0 0 
22095 871 342 165 342 15 1 342 0 0 
22100 872 338 155 338 15 1 338 0 0 
22105 872 335 145 335 15 1 335 0 0 
22110 874 330 145 330 15 1 330 0 0 
22115 874 327 135 327 15 1 327 0 0 
22120 874 323 133 323 15 1 323 0 0 
22125 876 320 133 320 15 1 320 0 0 
22130 876 312 120 312 15 1 312 0 0 
22135 876 308 118 308 15 1 308 0 0 
22140 876 300 118 300 15 1 300 0 0 
22145 878 293 110 293 15 1 293 0 0 
22150 878 290 103 290 15 1 290 0 0 
22155 880 282 105 282 15 1 282 0 0 
22160 880 275 95 275 15 1 275 0 0 
22165 880 270 83 270 15 1 270 0 0 
22170 882 263 80 263 15 1 263 0 0 
22175 880 260 80 260 15 1 260 0 0 
22180 882 255 75 255 15 1 255 0 0 
22185 882 248 65 248 15 1 248 0 0 
22190 882 245 55 245 15 1 245 0 0 
22195 882 240 58 240 15 1 240 0 0 
22200 883 237 55 237 15 1 237 0 0 
22205 883 233 53 233 15 1 233 0 0 
22210 883 225 50 225 15 1 225 0 0 
22215 883 218 53 218 15 1 218 0 0 
22220 883 215 53 215 15 1 215 0 0 
22225 883 203 53 203 15 1 203 0 0 
22230 883 192 48 192 15 1 192 0 0 
22235 883 177 48 177 15 1 177 0 0 
22240 885 165 48 165 15 1 165 0 0 
22245 885 150 43 150 15 1 150 0 0 
22250 885 135 48 135 15 1 135 0 0 
22255 885 125 48 125 15 1 125 0 0 
22260 885 110 43 110 15 1 110 0 0 
22265 885 98 43 98 15 1 98 0 0 
22270 885 83 43 83 15 1 83 0 0 
22275 885 75 38 75 15 1 75 0 0 
22280 887 65 38 65 15 1 65 0 0 
22285 887 57 35 57 15 1 57 0 0 
22290 887 45 35 45 15 1 45 0 0 
22295 887 42 30 42 15 1 42 0 0 
22300 887 35 25 35 15 1 35 0 0 
22305 887 27 13 27 15 1 27 0 0 
22310 887 8 -0 8 15 1 8 0 0 
22315 887 -15 -5 -15 15 1 -15 0 0 
22320 887 -42 -28 -42 15 1 -42 0 0 
22325 887 -68 -53 -68 15 1 -68 0 0 
22330 887 -90 -83 -90 15 1 -90 0 0 
22335 885 -113 -120 -113 15 1 -113 0 0 
22340 885 -132 -165 -132 15 1 -132 0 0 
22345 885 -150 -210 -150 15 1 -150 0 0 
22350 883 -180 -263 -180 15 1 -180 0 0 
22355 882 -207 -315 -207 15 1 -207 0 0 
22360 880 -225 -370 -225 15 1 -225 0 0 
22365 878 -240 -430 -240 15 1 -240 0 0 
22370 876 -255 -503 -255 15 1 -255 0 0 
22375 874 -267 -565 -267 15 1 -267 0 0 
22380 871 -275 -593 -275 16 1 -275 0 0 
22385 867 -282 -600 -282 16 1 -282 0 0 
22390 863 -290 -600 -290 16 1 -290 0 0 
22395 862 -293 -600 -293 16 1 -293 0 0 
22400 858 -305 -603 -305 16 1 -305 0 0 
22405 854 -320 -603 -320 16 1 -320 0 0 
22410 853 -350 -600 -350 16 1 -350 0 0 
22415 849 -383 -600 -383 16 1 -383 0 0 
22420 845 -417 -600 -417 16 1 -417 0 0 
22425 842 -458 -600 -458 16 1 -458 0 0 
22430 840 -507 -600 -507 16 1 -507 0 0 
22435 836 -545 -603 -545 16 1 -545 0 0 
22440 833 -582 -603 -582 16 1 -582 0 0 
22445 831 -615 -600 -615 16 1 -615 0 0 
22450 827 -653 -600 -653 16 1 -653 0 0 
22455 823 -675 -600 -675 16 1 -675 0 0 
22460 820 -695 -600 -695 16 1 -695 0 0 
22465 818 -705 -603 -705 16 1 -705 0 0 
22470 814 -713 -603 -713 16 1 -713 0 0 
22475 811 -717 -603 -717 16 1 -717 0 0 
22480 809 -713 -600 -713 16 1 -713 0 0 
22485 805 -710 -603 -710 16 1 -710 0 0 
22490 802 -702 -600 -702 16 1 -702 0 0 
22495 800 -702 -600 -702 16 1 -702 0 0 
22500 796 -702 -600 -702 16 1 -702 0 0 
22505 794 -710 -600 -710 16 1 -710 0 0 
22510 791 -725 -603 -725 16 1 -725 0 0 
22515 787 -743 -600 -743 16 1 -743 0 0 
22520 784 -758 -600 -758 16 1 -758 0 0 
22525 782 -777 -600 -777 16 1 -777 0 0 
22530 777 -803 -600 -803 16 1 -803 0 0 
22535 774 -822 -603 -822 16 1 -822 0 0 
22540 772 -840 -600 -840 16 1 -840 0 0 
22545 768 -855 -600 -855 16 1 -855 0 0 
22550 764 -875 -603 -875 16 1 -875 0 0 
22555 763 -890 -600 -890 16 1 -890 0 0 
22560 759 -897 -603 -897 16 1 -897 0 0 
22565 757 -908 -600 -908 16 1 -908 0 0 
22570 752 -912 -600 -912 16 1 -912 0 0 
22575 750 -920 -600 -920 16 1 -920 0 0 
22580 748 -923 -600 -923 16 1 -923 0 0 
22585 745 -930 -600 -930 16 1 -930 0 0 
22590 741 -935 -600 -935 16 1 -935 0 0 
22595 737 -942 -603 -942 16 1 -942 0 0 
22600 735 -953 -600 -953 16 1 -953 0 0 
22605 732 -965 -603 -965 16 1 -965 0 0 
22610 728 -975 -600 -975 16 1 -975 0 0 
22615 726 -987 -600 -987 16 1 -987 0 0 
22620 723 -998 -603 -998 16 1 -998 0 0 
22625 719 -1013 -600 -1013 16 1 -1013 0 0 
22630 715 -1020 -600 -1020 16 1 -1020 0 0 
22635 714 -1032 -600 -1032 16 1 -1032 0 0 
22640 710 -1043 -600 -1043 16 1 -1043 0 0 
22645 708 -1050 -600 -1050 16 1 -1050 0 0 
22650 705 -1062 -600 -1062 16 1 -1062 0 0 
22655 701 -1070 -603 -1070 16 1 -1070 0 0 
22660 697 -1080 -603 -1080 16 1 -1080 0 0 
22665 696 -1088 -600 -1088 16 1 -1088 0 0 
22670 692 -1095 -600 -1095 16 1 -1095 0 0 
22675 688 -1103 -603 -1103 16 1 -1103 0 0 
22680 686 -1110 -603 -1110 16 1 -1110 0 0 
22685 683 -1122 -603 -1122 16 1 -1122 0 0 
22690 679 -1130 -600 -1130 16 1 -1130 0 0 
22695 677 -1137 -600 -1137 16 1 -1137 0 0 
22700 674 -1145 -603 -1145 16 1 -1145 0 0 
22705 670 -1152 -603 -1152 16 1 -1152 0 0 
22710 668 -1155 -600 -1155 16 1 -1155 0 0 
22715 665 -1163 -600 -1163 16 1 -1163 0 0 
22720 663 -1167 -600 -1167 16 1 -1167 0 0 
22725 659 -1170 -600 -1170 16 1 -1170 0 0 
22730 656 -1178 -600 -1178 16 1 -1178 0 0 
22735 652 -1182 -603 -1182 16 1 -1182 0 0 
22740 650 -1185 -600 -1185 16 1 -1185 0 0 
22745 647 -1190 -603 -1190 16 1 -1190 0 0 
22750 643 -1197 -600 -1197 16 1 -1197 0 0 
22755 639 -1200 -600 -1200 16 1 -1200 0 0 
22760 638 -1208 -603 -1208 16 1 -1208 0 0 
22765 634 -1215 -600 -1215 16 1 -1215 0 0 
22770 630 -1220 -600 -1220 16 1 -1220 0 0 
22775 628 -1227 -603 -1227 16 1 -1227 0 0 
22780 627 -1230 -600 -1230 16 1 -1230 0 0 
22785 623 -1235 -603 -1235 16 1 -1235 0 0 
22790 619 -1238 -600 -1238 16 1 -1238 0 0 
22795 616 -1238 -600 -1238 16 1 -1238 0 0 
22800 612 -1242 -603 -1242 16 1 -1242 0 0 
22805 610 -1242 -600 -1242 16 1 -1242 0 0 
22810 608 -1242 -600 -1242 16 1 -1242 0 0 
22815 605 -1238 -603 -1238 16 1 -1238 0 0 
22820 601 -1238 -600 -1238 16 1 -1238 0 0 
22825 599 -1238 -600 -1238 16 1 -1238 0 0 
22830 596 -1238 -600 -1238 16 1 -1238 0 0 
22835 592 -1235 -603 -1235 16 1 -1235 0 0 
22840 589 -1235 -600 -1235 16 1 -1235 0 0 
22845 587 -1238 -600 -1238 16 1 -1238 0 0 
22850 583 -1235 -600 -1235 16 1 -1235 0 0 
22855 579 -1238 -600 -1238 16 1 -1238 0 0 
22860 578 -1235 -600 -1235 16 1 -1235 0 0 
22865 574 -1235 -600 -1235 16 1 -1235 0 0 
22870 570 -1230 -600 -1230 16 1 -1230 0 0 
22875 567 -1230 -600 -1230 16 1 -1230 0 0 
22880 565 -1230 -600 -1230 16 1 -1230 0 0 
22885 561 -1230 -600 -1230 16 1 -1230 0 0 
22890 560 -1227 -600 -1227 16 1 -1227 0 0 
22895 555 -1230 -603 -1230 16 1 -1230 0 0 
22900 553 -1227 -600 -1227 16 1 -1227 0 0 
22905 549 -1227 -600 -1227 16 1 -1227 0 0 
22910 546 -1227 -600 -1227 16 1 -1227 0 0 
22915 544 -1223 -600 -1223 16 1 -1223 0 0 
22920 540 -1223 -600 -1223 16 1 -1223 0 0 
22925 537 -1223 -600 -1223 16 1 -1223 0 0 
22930 535 -1220 -600 -1220 16 1 -1220 0 0 
22935 531 -1220 -600 -1220 16 1 -1220 0 0 
22940 528 -1220 -603 -1220 16 1 -1220 0 0 
22945 524 -1215 -603 -1215 16 1 -1215 0 0 
22950 522 -1215 -600 -1215 16 1 -1215 0 0 
22955 519 -1212 -600 -1212 16 1 -1212 0 0 
22960 517 -1212 -600 -1212 16 1 -1212 0 0 
22965 513 -1208 -600 -1208 16 1 -1208 0 0 
22970 511 -1208 -603 -1208 16 1 -1208 0 0 
22975 508 -1205 -600 -1205 16 1 -1205 0 0 
22980 504 -1205 -600 -1205 16 1 -1205 0 0 
22985 500 -1200 -600 -1200 16 1 -1200 0 0 
22990 499 -1200 -603 -1200 16 1 -1200 0 0 
22995 495 -1197 -600 -1197 16 1 -1197 0 0 
23000 493 -1193 -600 -1193 16 1 -1193 0 0 
23005 490 -1190 -603 -1190 16 1 -1190 0 0 
23010 486 -1185 -603 -1185 16 1 -1185 0 0 
23015 482 -1182 -600 -1182 16 1 -1182 0 0 
23020 481 -1178 -603 -1178 16 1 -1178 0 0 
23025 477 -1175 -603 -1175 16 1 -1175 0 0 
23030 475 -1167 -600 -1167 16 1 -1167 0 0 
23035 471 -1167 -603 -1167 16 1 -1167 0 0 
23040 468 -1163 -600 -1163 16 1 -1163 0 0 
23045 464 -1155 -600 -1155 16 1 -1155 0 0 
23050 462 -1152 -600 -1152 16 1 -1152 0 0 
23055 459 -1145 -603 -1145 16 1 -1145 0 0 
23060 455 -1140 -600 -1140 16 1 -1140 0 0 
23065 453 -1133 -600 -1133 16 1 -1133 0 0 
23070 450 -1125 -600 -1125 16 1 -1125 0 0 
23075 446 -1118 -603 -1118 16 1 -1118 0 0 
23080 444 -1110 -600 -1110 16 1 -1110 0 0 
23085 441 -1103 -603 -1103 16 1 -1103 0 0 
23090 439 -1100 -603 -1100 16 1 -1100 0 0 
23095 435 -1088 -600 -1088 16 1 -1088 0 0 
23100 432 -1080 -603 -1080 16 1 -1080 0 0 
23105 430 -1073 -603 -1073 16 1 -1073 0 0 
23110 426 -1065 -603 -1065 16 1 -1065 0 0 
23115 423 -1055 -600 -1055 16 1 -1055 0 0 
23120 421 -1047 -603 -1047 16 1 -1047 0 0 
23125 417 -1035 -600 -1035 16 1 -1035 0 0 
23130 413 -1028 -600 -1028 16 1 -1028 0 0 
23135 412 -1017 -600 -1017 16 1 -1017 0 0 
23140 408 -1013 -600 -1013 16 1 -1013 0 0 
23145 404 -1010 -600 -1010 16 1 -1010 0 0 
23150 403 -1002 -600 -1002 16 1 -1002 0 0 
23155 399 -995 -603 -995 16 1 -995 0 0 
23160 397 -987 -600 -987 16 1 -987 0 0 
23165 393 -980 -600 -980 16 1 -980 0 0 
23170 392 -972 -603 -972 16 1 -972 0 0 
23175 388 -965 -600 -965 16 1 -965 0 0 
23180 384 -953 -600 -953 16 1 -953 0 0 
23185 383 -945 -600 -945 16 1 -945 0 0 
23190 379 -935 -600 -935 16 1 -935 0 0 
23195 375 -920 -603 -920 16 1 -920 0 0 
23200 374 -908 -600 -908 16 1 -908 0 0 
23205 370 -897 -600 -897 16 1 -897 0 0 
23210 368 -885 -603 -885 16 1 -885 0 0 
23215 364 -875 -603 -875 16 1 -875 0 0 
23220 361 -863 -600 -863 16 1 -863 0 0 
23225 357 -855 -600 -855 16 1 -855 0 0 
23230 355 -848 -603 -848 16 1 -848 0 0 
23235 352 -837 -600 -837 16 1 -837 0 0 
23240 350 -830 -603 -830 16 1 -830 0 0 
23245 346 -818 -603 -818 16 1 -818 0 0 
23250 343 -810 -600 -810 16 1 -810 0 0 
23255 341 -795 -600 -795 16 1 -795 0 0 
23260 337 -788 -600 -788 16 1 -788 0 0 
23265 334 -777 -600 -777 16 1 -777 0 0 
23270 331 -765 -600 -765 16 1 -765 0 0 
23275 327 -755 -603 -755 16 1 -755 0 0 
23280 325 -747 -600 -747 16 1 -747 0 0 
23285 322 -735 -600 -735 16 1 -735 0 0 
23290 320 -725 -600 -725 16 1 -725 0 0 
23295 316 -713 -603 -713 16 1 -713 0 0 
23300 313 -705 -603 -705 16 1 -705 0 0 
23305 309 -698 -600 -698 16 1 -698 0 0 
23310 307 -687 -600 -687 16 1 -687 0 0 
23315 304 -675 -600 -675 16 1 -675 0 0 
23320 300 -665 -603 -665 16 1 -665 0 0 
23325 298 -657 -600 -657 16 1 -657 0 0 
23330 295 -645 -600 -645 16 1 -645 0 0 
23335 291 -635 -600 -635 16 1 -635 0 0 
23340 289 -623 -600 -623 16 1 -623 0 0 
23345 285 -615 -603 -615 16 1 -615 0 0 
23350 282 -605 -603 -605 16 1 -605 0 0 
23355 280 -593 -603 -593 16 1 -593 0 0 
23360 276 -582 -600 -582 16 1 -582 0 0 
23365 275 -575 -600 -575 16 1 -575 0 0 
23370 271 -563 -603 -563 16 1 -563 0 0 
23375 267 -552 -585 -552 16 1 -552 0 0 
23380 264 -545 -580 -545 16 1 -545 0 0 
23385 262 -540 -565 -540 16 1 -540 0 0 
23390 260 -530 -560 -530 16 1 -530 0 0 
23395 256 -522 -553 -522 16 1 -522 0 0 
23400 253 -515 -548 -515 16 1 -515 0 0 
23405 251 -510 -538 -510 16 1 -510 0 0 
23410 247 -507 -525 -507 16 1 -507 0 0 
23415 246 -500 -515 -500 16 1 -500 0 0 
23420 244 -488 -508 -488 16 1 -488 0 0 
23425 240 -480 -503 -480 16 1 -480 0 0 
23430 238 -473 -493 -473 16 1 -473 0 0 
23435 237 -462 -485 -462 16 1 -462 0 0 
23440 233 -455 -475 -455 16 1 -455 0 0 
23445 231 -443 -468 -443 16 1 -443 0 0 
23450 227 -432 -455 -432 16 1 -432 0 0 
23455 227 -420 -445 -420 16 1 -420 0 0 
23460 224 -410 -443 -410 16 1 -410 0 0 
23465 222 -398 -423 -398 16 1 -398 0 0 
23470 220 -390 -418 -390 16 1 -390 0 0 
23475 218 -375 -405 -375 16 1 -375 0 0 
23480 217 -365 -403 -365 16 1 -365 0 0 
23485 215 -350 -395 -350 16 1 -350 0 0 
23490 213 -338 -385 -338 16 1 -338 0 0 
23495 211 -320 -375 -320 16 1 -320 0 0 
23500 209 -305 -370 -305 16 1 -305 0 0 
23505 207 -290 -353 -290 16 1 -290 0 0 
23510 206 -275 -353 -275 16 1 -275 0 0 
23515 204 -255 -350 -255 16 1 -255 0 0 
23520 202 -240 -338 -240 16 1 -240 0 0 
23525 200 -230 -328 -230 16 1 -230 0 0 
23530 200 -218 -318 -218 16 1 -218 0 0 
23535 197 -203 -305 -203 16 1 -203 0 0 
23540 197 -188 -300 -188 16 1 -188 0 0 
23545 195 -177 -300 -177 16 1 -177 0 0 
23550 193 -165 -288 -165 16 1 -165 0 0 
23555 191 -147 -273 -147 16 1 -147 0 0 
23560 191 -132 -263 -132 16 1 -132 0 0 
23565 189 -120 -258 -120 16 1 -120 0 0 
23570 188 -105 -248 -105 16 1 -105 0 0 
23575 188 -90 -235 -90 16 1 -90 0 0 
23580 186 -80 -223 -80 16 1 -80 0 0 
23585 186 -60 -210 -60 16 1 -60 0 0 
23590 184 -35 -188 -35 16 1 -35 0 0 
23595 184 12 -160 12 16 1 12 0 0 
23600 182 50 -135 50 16 1 50 0 0 
23605 182 83 -103 83 16 1 83 0 0 
23610 182 117 -65 117 16 1 117 0 0 
23615 182 143 -13 143 16 1 143 0 0 
23620 182 165 3 165 16 1 165 0 0 
23625 182 185 28 185 16 1 185 0 0 
23630 182 207 83 207 16 1 207 0 0 
23635 182 233 158 233 16 1 233 0 0 
23640 184 252 223 252 16 1 252 0 0 
23645 184 270 293 270 16 1 270 0 0 
23650 186 290 353 290 16 1 290 0 0 
23655 189 300 423 300 16 1 300 0 0 
23660 189 305 475 305 16 1 305 0 0 
23665 193 305 520 305 16 1 305 0 0 
23670 195 293 548 293 17 1 293 0 0 
23675 198 282 565 282 17 1 282 0 0 
23680 202 270 578 270 17 1 270 0 0 
23685 204 267 585 267 17 1 267 0 0 
23690 207 270 590 270 17 1 270 0 0 
23695 209 290 593 290 17 1 290 0 0 
23700 213 308 598 308 17 1 308 0 0 
23705 217 335 600 335 17 1 335 0 0 
23710 218 360 600 360 17 1 360 0 0 
23715 222 395 598 395 17 1 395 0 0 
23720 226 428 600 428 17 1 428 0 0 
23725 227 465 600 465 17 1 465 0 0 
23730 231 507 600 507 17 1 507 0 0 
23735 235 552 600 552 17 1 552 0 0 
23740 238 582 598 582 17 1 582 0 0 
23745 240 605 600 605 17 1 605 0 0 
23750 244 623 598 623 17 1 623 0 0 
23755 247 630 600 630 17 1 630 0 0 
23760 251 635 600 635 17 1 635 0 0 
23765 253 635 600 635 17 1 635 0 0 
23770 256 635 598 635 17 1 635 0 0 
23775 260 630 600 630 17 1 630 0 0 
23780 262 623 600 623 17 1 623 0 0 
23785 266 620 600 620 17 1 620 0 0 
23790 269 615 598 615 17 1 615 0 0 
23795 271 615 598 615 17 1 615 0 0 
23800 275 615 600 615 17 1 615 0 0 
23805 278 615 598 615 17 1 615 0 0 
23810 282 623 600 623 17 1 623 0 0 
23815 285 635 598 635 17 1 635 0 0 
23820 287 642 600 642 17 1 642 0 0 
23825 291 653 600 653 17 1 653 0 0 
23830 293 665 600 665 17 1 665 0 0 
23835 296 680 600 680 17 1 680 0 0 
23840 302 695 600 695 17 1 695 0 0 
23845 304 705 598 705 17 1 705 0 0 
23850 305 717 600 717 17 1 717 0 0 
23855 311 728 600 728 17 1 728 0 0 
23860 311 735 598 735 17 1 735 0 0 
23865 316 743 598 743 17 1 743 0 0 
23870 318 747 600 747 17 1 747 0 0 
23875 322 750 600 750 17 1 750 0 0 
23880 325 755 600 755 17 1 755 0 0 
23885 327 750 598 750 17 1 750 0 0 
23890 331 750 600 750 17 1 750 0 0 
23895 335 750 600 750 17 1 750 0 0 
23900 337 747 600 747 17 1 747 0 0 
23905 341 747 600 747 17 1 747 0 0 
23910 345 750 600 750 17 1 750 0 0 
23915 346 750 600 750 17 1 750 0 0 
23920 350 750 600 750 17 1 750 0 0 
23925 354 755 598 755 17 1 755 0 0 
23930 355 762 598 762 17 1 762 0 0 
23935 359 765 600 765 17 1 765 0 0 
23940 363 770 600 770 17 1 770 0 0 
23945 364 773 600 773 17 1 773 0 0 
23950 368 777 600 777 17 1 777 0 0 
23955 372 777 600 777 17 1 777 0 0 
23960 375 780 600 780 17 1 780 0 0 
23965 377 780 598 780 17 1 780 0 0 
23970 381 780 598 780 17 1 780 0 0 
23975 384 780 600 780 17 1 780 0 0 
23980 386 780 600 780 17 1 780 0 0 
23985 390 780 600 780 17 1 780 0 0 
23990 393 780 600 780 17 1 780 0 0 
23995 397 785 600 785 17 1 785 0 0 
24000 399 785 598 785 17 1 785 0 0 
24005 403 785 600 785 17 1 785 0 0 
24010 404 785 600 785 17 1 785 0 0 
24015 408 785 600 785 17 1 785 0 0 
24020 412 785 600 785 17 1 785 0 0 
24025 413 785 598 785 17 1 785 0 0 
24030 417 780 600 780 17 1 780 0 0 
24035 421 780 600 780 17 1 780 0 0 
24040 423 780 600 780 17 1 780 0 0 
24045 426 780 598 780 17 1 780 0 0 
24050 430 780 600 780 17 1 780 0 0 
24055 432 777 598 777 17 1 777 0 0 
24060 435 777 600 777 17 1 777 0 0 
24065 437 777 600 777 17 1 777 0 0 
24070 441 773 600 773 17 1 773 0 0 
24075 444 773 598 773 17 1 773 0 0 
24080 446 770 600 770 17 1 770 0 0 
24085 450 765 600 765 17 1 765 0 0 
24090 453 765 598 765 17 1 765 0 0 
24095 457 762 600 762 17 1 762 0 0 
24100 459 762 600 762 17 1 762 0 0 
24105 462 762 600 762 17 1 762 0 0 
24110 466 758 598 758 17 1 758 0 0 
24115 470 758 598 758 17 1 758 0 0 
24120 471 758 598 758 17 1 758 0 0 
24125 475 758 600 758 17 1 758 0 0 
24130 479 758 600 758 17 1 758 0 0 
24135 481 755 600 755 17 1 755 0 0 
24140 484 750 600 750 17 1 750 0 0 
24145 486 750 600 750 17 1 750 0 0 
24150 490 750 600 750 17 1 750 0 0 
24155 493 747 600 747 17 1 747 0 0 
24160 497 743 600 743 17 1 743 0 0 
24165 499 743 598 743 17 1 743 0 0 
24170 502 740 600 740 17 1 740 0 0 
24175 506 735 598 735 17 1 735 0 0 
24180 508 732 600 732 17 1 732 0 0 
24185 511 728 600 728 17 1 728 0 0 
24190 515 728 600 728 17 1 728 0 0 
24195 519 725 600 725 17 1 725 0 0 
24200 520 725 600 725 17 1 725 0 0 
24205 524 725 598 725 17 1 725 0 0 
24210 528 725 600 725 17 1 725 0 0 
24215 530 720 598 720 17 1 720 0 0 
24220 533 720 600 720 17 1 720 0 0 
24225 537 717 598 717 17 1 717 0 0 
24230 539 717 600 717 17 1 717 0 0 
24235 542 713 598 713 17 1 713 0 0 
24240 546 710 600 710 17 1 710 0 0 
24245 548 710 600 710 17 1 710 0 0 
24250 551 705 600 705 17 1 705 0 0 
24255 555 702 600 702 17 1 702 0 0 
24260 558 702 598 702 17 1 702 0 0 
24265 561 702 600 702 17 1 702 0 0 
24270 565 698 600 698 17 1 698 0 0 
24275 569 695 600 695 17 1 695 0 0 
24280 570 695 600 695 17 1 695 0 0 
24285 572 695 598 695 17 1 695 0 0 
24290 576 695 598 695 17 1 695 0 0 
24295 579 695 600 695 17 1 695 0 0 
24300 583 695 600 695 17 1 695 0 0 
24305 585 690 600 690 17 1 690 0 0 
24310 589 690 598 690 17 1 690 0 0 
24315 592 687 600 687 17 1 687 0 0 
24320 594 683 600 683 17 1 683 0 0 
24325 598 680 598 680 17 1 680 0 0 
24330 599 680 598 680 17 1 680 0 0 
24335 603 675 600 675 17 1 675 0 0 
24340 607 672 598 672 17 1 672 0 0 
24345 610 672 600 672 17 1 672 0 0 
24350 612 672 598 672 17 1 672 0 0 
24355 616 668 598 668 17 1 668 0 0 
24360 619 668 598 668 17 1 668 0 0 
24365 621 665 600 665 17 1 665 0 0 
24370 625 665 600 665 17 1 665 0 0 
24375 628 665 600 665 17 1 665 0 0 
24380 630 665 600 665 17 1 665 0 0 
24385 634 660 600 660 17 1 660 0 0 
24390 638 660 598 660 17 1 660 0 0 
24395 641 657 598 657 17 1 657 0 0 
24400 643 657 600 657 17 1 657 0 0 
24405 647 653 598 653 17 1 653 0 0 
24410 648 653 600 653 17 1 653 0 0 
24415 652 650 598 650 17 1 650 0 0 
24420 656 650 600 650 17 1 650 0 0 
24425 657 645 600 645 17 1 645 0 0 
24430 661 645 600 645 17 1 645 0 0 
24435 665 642 598 642 17 1 642 0 0 
24440 668 638 600 638 17 1 638 0 0 
24445 670 635 600 635 17 1 635 0 0 
24450 674 630 600 630 17 1 630 0 0 
24455 677 627 600 627 17 1 627 0 0 
24460 679 623 600 623 17 1 623 0 0 
24465 683 620 600 620 17 1 620 0 0 
24470 685 615 598 615 17 1 615 0 0 
24475 688 612 600 612 17 1 612 0 0 
24480 692 612 600 612 17 1 612 0 0 
24485 696 608 600 608 17 1 608 0 0 
24490 697 605 600 605 17 1 605 0 0 
24495 701 605 598 605 17 1 605 0 0 
24500 703 600 600 600 17 1 600 0 0 
24505 706 597 600 597 17 1 597 0 0 
24510 710 593 600 593 17 1 593 0 0 
24515 712 590 600 590 17 1 590 0 0 
24520 715 585 600 585 17 1 585 0 0 
24525 719 582 600 582 17 1 582 0 0 
24530 721 578 600 578 17 1 578 0 0 
24535 725 575 600 575 17 1 575 0 0 
24540 728 570 600 570 17 1 570 0 0 
24545 732 567 598 567 17 1 567 0 0 
24550 734 563 600 563 17 1 563 0 0 
24555 737 563 600 563 17 1 563 0 0 
24560 741 560 600 560 17 1 560 0 0 
24565 745 555 600 555 17 1 555 0 0 
24570 746 552 598 552 17 1 552 0 0 
24575 748 548 600 548 17 1 548 0 0 
24580 752 540 600 540 17 1 540 0 0 
24585 755 540 600 540 17 1 540 0 0 
24590 759 537 600 537 17 1 537 0 0 
24595 761 530 600 530 17 1 530 0 0 
24600 764 525 600 525 17 1 525 0 0 
24605 768 522 600 522 17 1 522 0 0 
24610 770 518 600 518 17 1 518 0 0 
24615 774 510 600 510 17 1 510 0 0 
24620 777 507 600 507 17 1 507 0 0 
24625 780 500 600 500 17 1 500 0 0 
24630 784 495 593 495 17 1 495 0 0 
24635 785 492 588 492 17 1 492 0 0 
24640 789 485 578 485 17 1 485 0 0 
24645 793 480 568 480 17 1 480 0 0 
24650 794 477 553 477 17 1 477 0 0 
24655 798 473 545 473 17 1 473 0 0 
24660 800 470 528 470 17 1 470 0 0 
24665 804 473 520 473 17 1 473 0 0 
24670 805 477 510 477 17 1 477 0 0 
24675 807 477 503 477 17 1 477 0 0 
24680 811 480 493 480 17 1 480 0 0 
24685 813 480 485 480 17 1 480 0 0 
24690 814 477 475 477 17 1 477 0 0 
24695 818 473 470 473 17 1 473 0 0 
24700 820 465 455 465 17 1 465 0 0 
24705 822 458 445 458 17 1 458 0 0 
24710 825 450 443 450 17 1 450 0 0 
24715 827 443 433 443 17 1 443 0 0 
24720 829 432 418 432 17 1 432 0 0 
24725 831 425 408 425 17 1 425 0 0 
24730 834 420 398 420 17 1 420 0 0 
24735 834 417 395 417 17 1 417 0 0 
24740 838 413 385 413 17 1 413 0 0 
24745 840 410 378 410 17 1 410 0 0 
24750 842 405 365 405 17 1 405 0 0 
24755 843 405 353 405 17 1 405 0 0 
24760 845 402 343 402 17 1 402 0 0 
24765 847 402 343 402 17 1 402 0 0 
24770 849 402 328 402 17 1 402 0 0 
24775 851 402 318 402 17 1 402 0 0 
24780 853 398 303 398 17 1 398 0 0 
24785 854 395 300 395 17 1 395 0 0 
24790 854 390 293 390 17 1 390 0 0 
24795 856 383 285 383 17 1 383 0 0 
24800 858 380 265 380 17 1 380 0 0 
24805 860 372 263 372 17 1 372 0 0 
24810 862 368 250 368 17 1 368 0 0 
24815 862 365 238 365 17 1 365 0 0 
24820 863 360 233 360 17 1 360 0 0 
24825 865 357 233 357 17 1 357 0 0 
24830 865 357 220 357 17 1 357 0 0 
24835 867 353 210 353 17 1 353 0 0 
24840 869 350 198 350 17 1 350 0 0 
24845 869 342 185 342 17 1 342 0 0 
24850 869 338 180 338 17 1 338 0 0 
24855 871 335 170 335 17 1 335 0 0 
24860 871 330 158 330 17 1 330 0 0 
24865 872 323 148 323 17 1 323 0 0 
24870 872 320 145 320 17 1 320 0 0 
24875 874 315 135 315 17 1 315 0 0 
24880 874 312 133 312 17 1 312 0 0 
24885 876 308 130 308 17 1 308 0 0 
24890 876 305 120 305 17 1 305 0 0 
24895 876 300 120 300 17 1 300 0 0 
24900 878 293 115 293 17 1 293 0 0 
24905 878 290 108 290 17 1 290 0 0 
24910 878 285 100 285 17 1 285 0 0 
24915 880 282 100 282 17 1 282 0 0 
24920 880 275 95 275 17 1 275 0 0 
24925 880 267 83 267 17 1 267 0 0 
24930 880 260 83 260 17 1 260 0 0 
24935 880 252 80 252 17 1 252 0 0 
24940 882 245 75 245 17 1 245 0 0 
24945 882 240 65 240 17 1 240 0 0 
24950 882 233 55 233 17 1 233 0 0 
24955 882 225 58 225 17 1 225 0 0 
24960 883 218 55 218 17 1 218 0 0 
24965 883 207 53 207 17 1 207 0 0 
24970 883 200 53 200 17 1 200 0 0 
24975 883 192 53 192 17 1 192 0 0 
24980 883 180 53 180 17 1 180 0 0 
24985 883 170 53 170 17 1 170 0 0 
24990 883 158 53 158 17 1 158 0 0 
24995 883 147 53 147 17 1 147 0 0 
25000 885 132 48 132 17 1 132 0 0 
25005 883 117 48 117 17 1 117 0 0 
25010 885 105 43 105 17 1 105 0 0 
25015 885 95 43 95 17 1 95 0 0 
25020 885 80 43 80 17 1 80 0 0 
25025 885 68 40 68 17 1 68 0 0 
25030 885 57 43 57 17 1 57 0 0 
25035 885 50 43 50 17 1 50 0 0 
25040 885 38 40 38 17 1 38 0 0 
25045 887 30 28 30 17 1 30 0 0 
25050 887 20 15 20 17 1 20 0 0 
25055 887 -0 -0 -0 17 1 -0 0 0 
25060 887 -30 -5 -30 17 1 -30 0 0 
25065 887 -57 -25 -57 17 1 -57 0 0 
25070 887 -80 -50 -80 17 1 -80 0 0 
25075 887 -95 -75 -95 17 1 -95 0 0 
25080 885 -113 -115 -113 17 1 -113 0 0 
25085 885 -128 -153 -128 17 1 -128 0 0 
25090 883 -147 -195 -147 17 1 -147 0 0 
25095 883 -165 -238 -165 17 1 -165 0 0 
25100 882 -192 -298 -192 17 1 -192 0 0 
25105 880 -210 -345 -210 17 1 -210 0 0 
25110 878 -222 -395 -222 17 1 -222 0 0 
25115 876 -233 -455 -233 17 1 -233 0 0 
25120 874 -245 -520 -245 17 1 -245 0 0 
25125 871 -252 -550 -252 18 1 -252 0 0 
25130 869 -263 -568 -263 18 1 -263 0 0 
25135 865 -270 -578 -270 18 1 -270 0 0 
25140 863 -278 -588 -278 18 1 -278 0 0 
25145 860 -290 -590 -290 18 1 -290 0 0 
25150 858 -305 -593 -305 18 1 -305 0 0 
25155 854 -327 -600 -327 18 1 -327 0 0 
25160 851 -360 -600 -360 18 1 -360 0 0 
25165 847 -390 -603 -390 18 1 -390 0 0 
25170 843 -420 -600 -420 18 1 -420 0 0 
25175 842 -450 -600 -450 18 1 -450 0 0 
25180 838 -492 -600 -492 18 1 -492 0 0 
25185 834 -525 -600 -525 18 1 -525 0 0 
25190 831 -555 -600 -555 18 1 -555 0 0 
25195 829 -585 -603 -585 18 1 -585 0 0 
25200 825 -620 -603 -620 18 1 -620 0 0 
25205 823 -642 -600 -642 18 1 -642 0 0 
25210 820 -660 -600 -660 18 1 -660 0 0 
25215 816 -675 -603 -675 18 1 -675 0 0 
25220 813 -687 -600 -687 18 1 -687 0 0 
25225 811 -695 -603 -695 18 1 -695 0 0 
25230 807 -695 -603 -695 18 1 -695 0 0 
25235 804 -695 -600 -695 18 1 -695 0 0 
25240 802 -690 -603 -690 18 1 -690 0 0 
25245 798 -690 -600 -690 18 1 -690 0 0 
25250 794 -695 -603 -695 18 1 -695 0 0 
25255 793 -702 -603 -702 18 1 -702 0 0 
25260 789 -710 -600 -710 18 1 -710 0 0 
25265 785 -720 -600 -720 18 1 -720 0 0 
25270 784 -735 -600 -735 18 1 -735 0 0 
25275 780 -750 -600 -750 18 1 -750 0 0 
25280 775 -770 -603 -770 18 1 -770 0 0 
25285 774 -788 -600 -788 18 1 -788 0 0 
25290 770 -803 -600 -803 18 1 -803 0 0 
25295 768 -815 -600 -815 18 1 -815 0 0 
25300 764 -833 -600 -833 18 1 -833 0 0 
25305 761 -845 -603 -845 18 1 -845 0 0 
25310 759 -852 -603 -852 18 1 -852 0 0 
25315 755 -860 -600 -860 18 1 -860 0 0 
25320 752 -867 -603 -867 18 1 -867 0 0 
25325 748 -870 -600 -870 18 1 -870 0 0 
25330 746 -878 -603 -878 18 1 -878 0 0 
25335 743 -885 -603 -885 18 1 -885 0 0 
25340 739 -897 -603 -897 18 1 -897 0 0 
25345 735 -905 -600 -905 18 1 -905 0 0 
25350 734 -915 -600 -915 18 1 -915 0 0 
25355 730 -923 -600 -923 18 1 -923 0 0 
25360 726 -935 -600 -935 18 1 -935 0 0 
25365 725 -945 -600 -945 18 1 -945 0 0 
25370 721 -953 -603 -953 18 1 -953 0 0 
25375 719 -965 -603 -965 18 1 -965 0 0 
25380 715 -980 -600 -980 18 1 -980 0 0 
25385 712 -987 -600 -987 18 1 -987 0 0 
25390 708 -995 -600 -995 18 1 -995 0 0 
25395 706 -1005 -603 -1005 18 1 -1005 0 0 
25400 703 -1013 -603 -1013 18 1 -1013 0 0 
25405 699 -1017 -600 -1017 18 1 -1017 0 0 
25410 697 -1025 -600 -1025 18 1 -1025 0 0 
25415 694 -1035 -600 -1035 18 1 -1035 0 0 
25420 690 -1043 -603 -1043 18 1 -1043 0 0 
25425 688 -1047 -600 -1047 18 1 -1047 0 0 
25430 685 -1055 -603 -1055 18 1 -1055 0 0 
25435 681 -1062 -603 -1062 18 1 -1062 0 0 
25440 677 -1065 -603 -1065 18 1 -1065 0 0 
25445 676 -1070 -600 -1070 18 1 -1070 0 0 
25450 672 -1073 -600 -1073 18 1 -1073 0 0 
25455 670 -1080 -600 -1080 18 1 -1080 0 0 
25460 667 -1085 -600 -1085 18 1 -1085 0 0 
25465 663 -1088 -603 -1088 18 1 -1088 0 0 
25470 661 -1092 -600 -1092 18 1 -1092 0 0 
25475 657 -1100 -603 -1100 18 1 -1100 0 0 
25480 654 -1103 -600 -1103 18 1 -1103 0 0 
25485 652 -1110 -600 -1110 18 1 -1110 0 0 
25490 648 -1115 -600 -1115 18 1 -1115 0 0 
25495 647 -1118 -600 -1118 18 1 -1118 0 0 
25500 643 -1122 -600 -1122 18 1 -1122 0 0 
25505 639 -1125 -600 -1125 18 1 -1125 0 0 
25510 638 -1130 -600 -1130 18 1 -1130 0 0 
25515 634 -1133 -600 -1133 18 1 -1133 0 0 
25520 630 -1137 -600 -1137 18 1 -1137 0 0 
25525 627 -1140 -600 -1140 18 1 -1140 0 0 
25530 625 -1145 -603 -1145 18 1 -1145 0 0 
25535 621 -1145 -600 -1145 18 1 -1145 0 0 
25540 618 -1148 -600 -1148 18 1 -1148 0 0 
25545 616 -1148 -600 -1148 18 1 -1148 0 0 
25550 612 -1148 -600 -1148 18 1 -1148 0 0 
25555 608 -1148 -600 -1148 18 1 -1148 0 0 
25560 605 -1148 -600 -1148 18 1 -1148 0 0 
25565 603 -1152 -600 -1152 18 1 -1152 0 0 
25570 599 -1152 -600 -1152 18 1 -1152 0 0 
25575 598 -1152 -600 -1152 18 1 -1152 0 0 
25580 594 -1152 -603 -1152 18 1 -1152 0 0 
25585 590 -1155 -603 -1155 18 1 -1155 0 0 
25590 589 -1155 -600 -1155 18 1 -1155 0 0 
25595 585 -1160 -603 -1160 18 1 -1160 0 0 
25600 581 -1160 -600 -1160 18 1 -1160 0 0 
25605 579 -1163 -603 -1163 18 1 -1163 0 0 
25610 576 -1163 -603 -1163 18 1 -1163 0 0 
25615 574 -1163 -600 -1163 18 1 -1163 0 0 
25620 570 -1163 -603 -1163 18 1 -1163 0 0 
25625 567 -1167 -600 -1167 18 1 -1167 0 0 
25630 565 -1167 -600 -1167 18 1 -1167 0 0 
25635 561 -1167 -600 -1167 18 1 -1167 0 0 
25640 558 -1167 -600 -1167 18 1 -1167 0 0 
25645 555 -1170 -600 -1170 18 1 -1170 0 0 
25650 551 -1167 -603 -1167 18 1 -1167 0 0 
25655 548 -1167 -600 -1167 18 1 -1167 0 0 
25660 546 -1167 -600 -1167 18 1 -1167 0 0 
25665 542 -1167 -603 -1167 18 1 -1167 0 0 
25670 539 -1167 -600 -1167 18 1 -1167 0 0 
25675 537 -1163 -603 -1163 18 1 -1163 0 0 
25680 533 -1160 -603 -1160 18 1 -1160 0 0 
25685 531 -1155 -600 -1155 18 1 -1155 0 0 
25690 526 -1152 -600 -1152 18 1 -1152 0 0 
25695 524 -1148 -600 -1148 18 1 -1148 0 0 
25700 520 -1145 -600 -1145 18 1 -1145 0 0 
25705 519 -1140 -600 -1140 18 1 -1140 0 0 
25710 515 -1137 -600 -1137 18 1 -1137 0 0 
25715 513 -1133 -600 -1133 18 1 -1133 0 0 
25720 510 -1130 -603 -1130 18 1 -1130 0 0 
25725 506 -1125 -600 -1125 18 1 -1125 0 0 
25730 504 -1122 -600 -1122 18 1 -1122 0 0 
25735 500 -1118 -603 -1118 18 1 -1118 0 0 
25740 497 -1115 -603 -1115 18 1 -1115 0 0 
25745 493 -1110 -603 -1110 18 1 -1110 0 0 
25750 491 -1107 -600 -1107 18 1 -1107 0 0 
25755 488 -1103 -600 -1103 18 1 -1103 0 0 
25760 484 -1095 -600 -1095 18 1 -1095 0 0 
25765 482 -1092 -603 -1092 18 1 -1092 0 0 
25770 479 -1088 -600 -1088 18 1 -1088 0 0 
25775 475 -1085 -600 -1085 18 1 -1085 0 0 
25780 471 -1080 -603 -1080 18 1 -1080 0 0 
25785 470 -1080 -600 -1080 18 1 -1080 0 0 
25790 466 -1077 -600 -1077 18 1 -1077 0 0 
25795 462 -1073 -600 -1073 18 1 -1073 0 0 
25800 461 -1070 -600 -1070 18 1 -1070 0 0 
25805 457 -1070 -600 -1070 18 1 -1070 0 0 
25810 455 -1065 -600 -1065 18 1 -1065 0 0 
25815 452 -1062 -600 -1062 18 1 -1062 0 0 
25820 448 -1058 -600 -1058 18 1 -1058 0 0 
25825 444 -1055 -600 -1055 18 1 -1055 0 0 
25830 442 -1055 -600 -1055 18 1 -1055 0 0 
25835 441 -1050 -600 -1050 18 1 -1050 0 0 
25840 437 -1043 -603 -1043 18 1 -1043 0 0 
25845 433 -1043 -600 -1043 18 1 -1043 0 0 
25850 430 -1035 -603 -1035 18 1 -1035 0 0 
25855 428 -1032 -600 -1032 18 1 -1032 0 0 
25860 424 -1025 -603 -1025 18 1 -1025 0 0 
25865 421 -1020 -600 -1020 18 1 -1020 0 0 
25870 419 -1013 -600 -1013 18 1 -1013 0 0 
25875 415 -1013 -600 -1013 18 1 -1013 0 0 
25880 412 -1005 -600 -1005 18 1 -1005 0 0 
25885 410 -1002 -600 -1002 18 1 -1002 0 0 
25890 406 -995 -603 -995 18 1 -995 0 0 
25895 404 -990 -600 -990 18 1 -990 0 0 
25900 401 -983 -600 -983 18 1 -983 0 0 
25905 397 -980 -600 -980 18 1 -980 0 0 
25910 395 -972 -600 -972 18 1 -972 0 0 
25915 392 -968 -600 -968 18 1 -968 0 0 
25920 388 -960 -603 -960 18 1 -960 0 0 
25925 386 -953 -600 -953 18 1 -953 0 0 
25930 383 -950 -600 -950 18 1 -950 0 0 
25935 381 -942 -600 -942 18 1 -942 0 0 
25940 377 -935 -600 -935 18 1 -935 0 0 
25945 375 -927 -603 -927 18 1 -927 0 0 
25950 372 -923 -600 -923 18 1 -923 0 0 
25955 368 -915 -600 -915 18 1 -915 0 0 
25960 364 -905 -600 -905 18 1 -905 0 0 
25965 363 -900 -600 -900 18 1 -900 0 0 
25970 359 -890 -600 -890 18 1 -890 0 0 
25975 357 -878 -603 -878 18 1 -878 0 0 
25980 354 -867 -603 -867 18 1 -867 0 0 
25985 352 -855 -603 -855 18 1 -855 0 0 
25990 348 -848 -600 -848 18 1 -848 0 0 
25995 345 -840 -600 -840 18 1 -840 0 0 
26000 343 -830 -600 -830 18 1 -830 0 0 
26005 339 -822 -603 -822 18 1 -822 0 0 
26010 335 -810 -600 -810 18 1 -810 0 0 
26015 334 -803 -600 -803 18 1 -803 0 0 
26020 329 -795 -600 -795 18 1 -795 0 0 
26025 325 -788 -600 -788 18 1 -788 0 0 
26030 324 -777 -600 -777 18 1 -777 0 0 
26035 320 -770 -600 -770 18 1 -770 0 0 
26040 316 -762 -603 -762 18 1 -762 0 0 
26045 314 -750 -600 -750 18 1 -750 0 0 
26050 311 -740 -600 -740 18 1 -740 0 0 
26055 309 -728 -600 -728 18 1 -728 0 0 
26060 305 -717 -600 -717 18 1 -717 0 0 
26065 302 -705 -600 -705 18 1 -705 0 0 
26070 300 -698 -600 -698 18 1 -698 0 0 
26075 296 -687 -600 -687 18 1 -687 0 0 
26080 293 -675 -600 -675 18 1 -675 0 0 
26085 289 -665 -600 -665 18 1 -665 0 0 
26090 287 -653 -603 -653 18 1 -653 0 0 
26095 284 -642 -600 -642 18 1 -642 0 0 
26100 282 -635 -600 -635 18 1 -635 0 0 
26105 278 -623 -600 -623 18 1 -623 0 0 
26110 275 -612 -600 -612 18 1 -612 0 0 
26115 273 -605 -600 -605 18 1 -605 0 0 
26120 269 -597 -598 -597 18 1 -597 0 0 
26125 266 -585 -585 -585 18 1 -585 0 0 
26130 264 -575 -578 -575 18 1 -575 0 0 
26135 260 -567 -568 -567 18 1 -567 0 0 
26140 258 -560 -555 -560 18 1 -560 0 0 
26145 255 -548 -550 -548 18 1 -548 0 0 
26150 253 -545 -540 -545 18 1 -545 0 0 
26155 249 -540 -535 -540 18 1 -540 0 0 
26160 247 -533 -523 -533 18 1 -533 0 0 
26165 244 -525 -515 -525 18 1 -525 0 0 
26170 242 -518 -503 -518 18 1 -518 0 0 
26175 240 -510 -495 -510 18 1 -510 0 0 
26180 237 -503 -488 -503 18 1 -503 0 0 
26185 235 -492 -475 -492 18 1 -492 0 0 
26190 231 -480 -470 -480 18 1 -480 0 0 
26195 229 -470 -463 -470 18 1 -470 0 0 
26200 227 -462 -448 -462 18 1 -462 0 0 
26205 226 -447 -445 -447 18 1 -447 0 0 
26210 224 -435 -445 -435 18 1 -435 0 0 
26215 220 -425 -435 -425 18 1 -425 0 0 
26220 218 -413 -428 -413 18 1 -413 0 0 
26225 217 -398 -418 -398 18 1 -398 0 0 
26230 215 -387 -408 -387 18 1 -387 0 0 
26235 213 -372 -398 -372 18 1 -372 0 0 
26240 211 -360 -380 -360 18 1 -360 0 0 
26245 209 -338 -368 -338 18 1 -338 0 0 
26250 207 -327 -358 -327 18 1 -327 0 0 
26255 206 -312 -353 -312 18 1 -312 0 0 
26260 204 -300 -350 -300 18 1 -300 0 0 
26265 202 -290 -340 -290 18 1 -290 0 0 
26270 200 -278 -328 -278 18 1 -278 0 0 
26275 200 -267 -318 -267 18 1 -267 0 0 
26280 198 -255 -310 -255 18 1 -255 0 0 
26285 197 -245 -303 -245 18 1 -245 0 0 
26290 195 -233 -300 -233 18 1 -233 0 0 
26295 195 -225 -293 -225 18 1 -225 0 0 
26300 193 -218 -278 -218 18 1 -218 0 0 
26305 191 -207 -270 -207 18 1 -207 0 0 
26310 189 -195 -260 -195 18 1 -195 0 0 
26315 189 -185 -258 -185 18 1 -185 0 0 
26320 188 -173 -240 -173 18 1 -173 0 0 
26325 186 -162 -238 -162 18 1 -162 0 0 
26330 184 -150 -228 -150 18 1 -150 0 0 
26335 184 -135 -220 -135 18 1 -135 0 0 
26340 182 -125 -208 -125 18 1 -125 0 0 
26345 182 -105 -195 -105 18 1 -105 0 0 
26350 182 -90 -185 -90 18 1 -90 0 0 
26355 180 -80 -180 -80 18 1 -80 0 0 
26360 178 -68 -168 -68 18 1 -68 0 0 
26365 178 -53 -148 -53 18 1 -53 0 0 
26370 178 -35 -135 -35 18 1 -35 0 0 
26375 178 -12 -120 -12 18 1 -12 0 0 
26380 177 20 -103 20 18 1 20 0 0 
26385 177 53 -75 53 18 1 53 0 0 
26390 177 75 -50 75 18 1 75 0 0 
26395 177 90 -18 90 18 1 90 0 0 
26400 175 110 -0 110 18 1 110 0 0 
26405 177 128 15 128 18 1 128 0 0 
26410 177 143 53 143 18 1 143 0 0 
26415 177 162 95 162 18 1 162 0 0 
26420 177 177 145 177 18 1 177 0 0 
26425 178 200 200 200 18 1 200 0 0 
26430 178 210 248 210 18 1 210 0 0 
26435 180 218 298 218 18 1 218 0 0 
26440 182 218 345 218 18 1 218 0 0 
26445 184 218 398 218 18 1 218 0 0 
26450 186 210 448 210 18 1 210 0 0 
26455 188 203 498 203 18 1 203 0 0 
26460 191 195 548 195 19 1 195 0 0 
26465 193 185 593 185 19 1 185 0 0 
26470 197 177 598 177 19 1 177 0 0 
26475 200 173 600 173 19 1 173 0 0 
26480 202 173 600 173 19 1 173 0 0 
26485 206 177 600 177 19 1 177 0 0 
26490 209 188 598 188 19 1 188 0 0 
26495 211 203 600 203 19 1 203 0 0 
26500 215 225 600 225 19 1 225 0 0 
26505 218 252 598 252 19 1 252 0 0 
26510 220 282 598 282 19 1 282 0 0 
26515 224 308 598 308 19 1 308 0 0 
26520 226 342 600 342 19 1 342 0 0 
26525 231 383 600 383 19 1 383 0 0 
26530 235 413 600 413 19 1 413 0 0 
26535 237 443 600 443 19 1 443 0 0 
26540 240 473 600 473 19 1 473 0 0 
26545 242 495 600 495 19 1 495 0 0 
26550 246 510 600 510 19 1 510 0 0 
26555 249 515 600 515 19 1 515 0 0 
26560 251 518 600 518 19 1 518 0 0 
26565 255 518 600 518 19 1 518 0 0 
26570 258 518 600 518 19 1 518 0 0 
26575 262 515 600 515 19 1 515 0 0 
26580 264 515 598 515 19 1 515 0 0 
26585 267 515 598 515 19 1 515 0 0 
26590 269 510 600 510 19 1 510 0 0 
26595 273 510 600 510 19 1 510 0 0 
26600 276 515 598 515 19 1 515 0 0 
26605 280 518 600 518 19 1 518 0 0 
26610 284 530 600 530 19 1 530 0 0 
26615 285 537 600 537 19 1 537 0 0 
26620 289 548 600 548 19 1 548 0 0 
26625 293 563 600 563 19 1 563 0 0 
26630 295 570 600 570 19 1 570 0 0 
26635 298 582 598 582 19 1 582 0 0 
26640 302 597 600 597 19 1 597 0 0 
26645 304 608 598 608 19 1 608 0 0 
26650 307 620 600 620 19 1 620 0 0 
26655 311 627 600 627 19 1 627 0 0 
26660 313 638 600 638 19 1 638 0 0 
26665 316 645 600 645 19 1 645 0 0 
26670 320 653 600 653 19 1 653 0 0 
26675 324 653 600 653 19 1 653 0 0 
26680 327 657 600 657 19 1 657 0 0 
26685 329 660 600 660 19 1 660 0 0 
26690 334 660 600 660 19 1 660 0 0 
26695 335 660 598 660 19 1 660 0 0 
26700 339 660 600 660 19 1 660 0 0 
26705 343 660 600 660 19 1 660 0 0 
26710 346 660 598 660 19 1 660 0 0 
26715 348 660 600 660 19 1 660 0 0 
26720 352 665 600 665 19 1 665 0 0 
26725 355 668 600 668 19 1 668 0 0 
26730 357 672 598 672 19 1 672 0 0 
26735 361 675 598 675 19 1 675 0 0 
26740 364 683 600 683 19 1 683 0 0 
26745 366 687 600 687 19 1 687 0 0 
26750 370 690 600 690 19 1 690 0 0 
26755 374 695 600 695 19 1 695 0 0 
26760 375 698 600 698 19 1 698 0 0 
26765 379 702 600 702 19 1 702 0 0 
26770 383 702 600 702 19 1 702 0 0 
26775 384 705 600 705 19 1 705 0 0 
26780 388 705 600 705 19 1 705 0 0 
26785 392 705 600 705 19 1 705 0 0 
26790 393 710 600 710 19 1 710 0 0 
26795 397 710 598 710 19 1 710 0 0 
26800 401 710 598 710 19 1 710 0 0 
26805 404 710 600 710 19 1 710 0 0 
26810 406 710 600 710 19 1 710 0 0 
26815 410 713 598 713 19 1 713 0 0 
26820 412 717 600 717 19 1 717 0 0 
26825 415 717 600 717 19 1 717 0 0 
26830 419 717 600 717 19 1 717 0 0 
26835 423 717 600 717 19 1 717 0 0 
26840 424 717 600 717 19 1 717 0 0 
26845 428 720 600 720 19 1 720 0 0 
26850 430 720 600 720 19 1 720 0 0 
26855 435 720 600 720 19 1 720 0 0 
26860 437 725 598 725 19 1 725 0 0 
26865 439 725 600 725 19 1 725 0 0 
26870 442 725 600 725 19 1 725 0 0 
26875 446 725 600 725 19 1 725 0 0 
26880 448 725 598 725 19 1 725 0 0 
26885 452 725 600 725 19 1 725 0 0 
26890 455 728 600 728 19 1 728 0 0 
26895 457 728 600 728 19 1 728 0 0 
26900 461 732 600 732 19 1 732 0 0 
26905 464 732 598 732 19 1 732 0 0 
26910 466 728 598 728 19 1 728 0 0 
26915 470 728 598 728 19 1 728 0 0 
26920 473 728 600 728 19 1 728 0 0 
26925 477 728 598 728 19 1 728 0 0 
26930 479 728 600 728 19 1 728 0 0 
26935 482 728 600 728 19 1 728 0 0 
26940 486 728 600 728 19 1 728 0 0 
26945 490 728 600 728 19 1 728 0 0 
26950 491 732 600 732 19 1 732 0 0 
26955 495 732 600 732 19 1 732 0 0 
26960 499 735 600 735 19 1 735 0 0 
26965 502 735 600 735 19 1 735 0 0 
26970 504 735 600 735 19 1 735 0 0 
26975 508 735 598 735 19 1 735 0 0 
26980 511 740 600 740 19 1 740 0 0 
26985 513 740 598 740 19 1 740 0 0 
26990 517 740 600 740 19 1 740 0 0 
26995 520 740 600 740 19 1 740 0 0 
27000 522 740 598 740 19 1 740 0 0 
27005 526 735 598 735 19 1 735 0 0 
27010 530 735 600 735 19 1 735 0 0 
27015 531 732 600 732 19 1 732 0 0 
27020 535 732 600 732 19 1 732 0 0 
27025 539 728 598 728 19 1 728 0 0 
27030 540 725 600 725 19 1 725 0 0 
27035 544 725 600 725 19 1 725 0 0 
27040 546 725 600 725 19 1 725 0 0 
27045 551 720 598 720 19 1 720 0 0 
27050 553 720 600 720 19 1 720 0 0 
27055 558 717 598 717 19 1 717 0 0 
27060 560 717 598 717 19 1 717 0 0 
27065 563 717 598 717 19 1 717 0 0 
27070 567 713 598 713 19 1 713 0 0 
27075 569 710 600 710 19 1 710 0 0 
27080 572 710 600 710 19 1 710 0 0 
27085 576 705 600 705 19 1 705 0 0 
27090 578 702 600 702 19 1 702 0 0 
27095 581 698 600 698 19 1 698 0 0 
27100 585 695 600 695 19 1 695 0 0 
27105 589 695 600 695 19 1 695 0 0 
27110 590 690 600 690 19 1 690 0 0 
27115 594 690 600 690 19 1 690 0 0 
27120 596 687 600 687 19 1 687 0 0 
27125 599 683 600 683 19 1 683 0 0 
27130 603 683 600 683 19 1 683 0 0 
27135 607 680 598 680 19 1 680 0 0 
27140 608 680 598 680 19 1 680 0 0 
27145 612 675 598 675 19 1 675 0 0 
27150 614 672 600 672 19 1 672 0 0 
27155 618 672 598 672 19 1 672 0 0 
27160 621 668 598 668 19 1 668 0 0 
27165 625 665 600 665 19 1 665 0 0 
27170 627 660 600 660 19 1 660 0 0 
27175 630 660 600 660 19 1 660 0 0 
27180 632 657 598 657 19 1 657 0 0 
27185 636 653 600 653 19 1 653 0 0 
27190 639 650 600 650 19 1 650 0 0 
27195 641 650 598 650 19 1 650 0 0 
27200 645 650 598 650 19 1 650 0 0 
27205 648 645 600 645 19 1 645 0 0 
27210 652 645 600 645 19 1 645 0 0 
27215 654 642 600 642 19 1 642 0 0 
27220 657 642 598 642 19 1 642 0 0 
27225 661 638 598 638 19 1 638 0 0 
27230 663 635 600 635 19 1 635 0 0 
27235 667 635 600 635 19 1 635 0 0 
27240 668 630 598 630 19 1 630 0 0 
27245 672 627 600 627 19 1 627 0 0 
27250 676 623 600 623 19 1 623 0 0 
27255 677 620 598 620 19 1 620 0 0 
27260 681 615 598 615 19 1 615 0 0 
27265 685 615 600 615 19 1 615 0 0 
27270 686 615 598 615 19 1 615 0 0 
27275 690 615 600 615 19 1 615 0 0 
27280 694 612 600 612 19 1 612 0 0 
27285 697 608 600 608 19 1 608 0 0 
27290 699 608 600 608 19 1 608 0 0 
27295 703 608 598 608 19 1 608 0 0 
27300 705 605 600 605 19 1 605 0 0 
27305 708 600 598 600 19 1 600 0 0 
27310 712 597 598 597 19 1 597 0 0 
27315 715 593 600 593 19 1 593 0 0 
27320 717 590 600 590 19 1 590 0 0 
27325 721 585 598 585 19 1 585 0 0 
27330 725 582 600 582 19 1 582 0 0 
27335 726 582 598 582 19 1 582 0 0 
27340 730 578 600 578 19 1 578 0 0 
27345 734 575 600 575 19 1 575 0 0 
27350 735 575 600 575 19 1 575 0 0 
27355 739 575 600 575 19 1 575 0 0 
27360 743 570 598 570 19 1 570 0 0 
27365 746 567 600 567 19 1 567 0 0 
27370 748 563 600 563 19 1 563 0 0 
27375 752 563 600 563 19 1 563 0 0 
27380 754 563 600 563 19 1 563 0 0 
27385 757 555 600 555 19 1 555 0 0 
27390 761 555 600 555 19 1 555 0 0 
27395 763 552 600 552 19 1 552 0 0 
27400 766 548 600 548 19 1 548 0 0 
27405 770 548 600 548 19 1 548 0 0 
27410 774 545 600 545 19 1 545 0 0 
27415 775 540 600 540 19 1 540 0 0 
27420 777 537 600 537 19 1 537 0 0 
27425 784 533 593 533 19 1 533 0 0 
27430 785 530 580 530 19 1 530 0 0 
27435 789 522 573 522 19 1 522 0 0 
27440 791 518 560 518 19 1 518 0 0 
27445 794 515 553 515 19 1 515 0 0 
27450 796 510 548 510 19 1 510 0 0 
27455 800 510 533 510 19 1 510 0 0 
27460 802 510 525 510 19 1 510 0 0 
27465 804 510 520 510 19 1 510 0 0 
27470 807 507 513 507 19 1 507 0 0 
27475 811 507 498 507 19 1 507 0 0 
27480 813 507 493 507 19 1 507 0 0 
27485 814 500 480 500 19 1 500 0 0 
27490 816 500 473 500 19 1 500 0 0 
27495 820 492 460 492 19 1 492 0 0 
27500 822 488 448 488 19 1 488 0 0 
27505 825 480 445 480 19 1 480 0 0 
27510 827 473 435 473 19 1 473 0 0 
27515 829 465 428 465 19 1 465 0 0 
27520 831 462 415 462 19 1 462 0 0 
27525 833 458 403 458 19 1 458 0 0 
27530 834 455 398 455 19 1 455 0 0 
27535 836 450 390 450 19 1 450 0 0 
27540 838 450 380 450 19 1 450 0 0 
27545 842 447 370 447 19 1 447 0 0 
27550 842 443 358 443 19 1 443 0 0 
27555 845 440 350 440 19 1 440 0 0 
27560 845 435 343 435 19 1 435 0 0 
27565 849 432 333 432 19 1 432 0 0 
27570 851 432 323 432 19 1 432 0 0 
27575 853 428 313 428 19 1 428 0 0 
27580 853 425 298 425 19 1 425 0 0 
27585 854 417 293 417 19 1 417 0 0 
27590 856 413 285 413 19 1 413 0 0 
27595 858 410 273 410 19 1 410 0 0 
27600 860 405 265 405 19 1 405 0 0 
27605 860 402 258 402 19 1 402 0 0 
27610 862 395 245 395 19 1 395 0 0 
27615 863 390 233 390 19 1 390 0 0 
27620 863 387 228 387 19 1 387 0 0 
27625 865 380 220 380 19 1 380 0 0 
27630 867 375 213 375 19 1 375 0 0 
27635 867 372 198 372 19 1 372 0 0 
27640 869 368 193 368 19 1 368 0 0 
27645 869 368 183 368 19 1 368 0 0 
27650 871 365 170 365 19 1 365 0 0 
27655 871 360 158 360 19 1 360 0 0 
27660 872 357 153 357 19 1 357 0 0 
27665 872 353 145 353 19 1 353 0 0 
27670 874 350 133 350 19 1 350 0 0 
27675 874 345 133 345 19 1 345 0 0 
27680 874 342 130 342 19 1 342 0 0 
27685 876 338 123 338 19 1 338 0 0 
27690 878 330 120 330 19 1 330 0 0 
27695 878 320 118 320 19 1 320 0 0 
27700 878 312 105 312 19 1 312 0 0 
27705 878 300 103 300 19 1 300 0 0 
27710 878 290 105 290 19 1 290 0 0 
27715 880 278 100 278 19 1 278 0 0 
27720 880 270 88 270 19 1 270 0 0 
27725 882 260 83 260 19 1 260 0 0 
27730 880 248 75 248 19 1 248 0 0 
27735 882 240 75 240 19 1 240 0 0 
27740 882 237 65 237 19 1 237 0 0 
27745 882 225 58 225 19 1 225 0 0 
27750 882 218 58 218 19 1 218 0 0 
27755 883 210 55 210 19 1 210 0 0 
27760 883 203 55 203 19 1 203 0 0 
27765 883 195 53 195 19 1 195 0 0 
27770 883 185 53 185 19 1 185 0 0 
27775 883 173 53 173 19 1 173 0 0 
27780 883 162 53 162 19 1 162 0 0 
27785 883 147 53 147 19 1 147 0 0 
27790 883 128 53 128 19 1 128 0 0 
27795 883 117 53 117 19 1 117 0 0 
27800 885 102 48 102 19 1 102 0 0 
27805 885 87 43 87 19 1 87 0 0 
27810 885 75 43 75 19 1 75 0 0 
27815 885 60 43 60 19 1 60 0 0 
27820 885 53 43 53 19 1 53 0 0 
27825 885 45 40 45 19 1 45 0 0 
27830 885 35 35 35 19 1 35 0 0 
27835 885 27 18 27 19 1 27 0 0 
27840 885 8 3 8 19 1 8 0 0 
27845 885 -15 -0 -15 19 1 -15 0 0 
27850 887 -50 -23 -50 19 1 -50 0 0 
27855 885 -75 -50 -75 19 1 -75 0 0 
27860 885 -98 -78 -98 19 1 -98 0 0 
27865 885 -120 -118 -120 19 1 -120 0 0 
27870 885 -143 -168 -143 19 1 -143 0 0 
27875 883 -165 -210 -165 19 1 -165 0 0 
27880 883 -188 -258 -188 19 1 -188 0 0 
27885 882 -207 -305 -207 19 1 -207 0 0 
27890 880 -225 -370 -225 19 1 -225 0 0 
27895 878 -233 -423 -233 19 1 -233 0 0 
27900 876 -245 -483 -245 19 1 -245 0 0 
27905 872 -252 -538 -252 20 1 -252 0 0 
27910 871 -255 -593 -255 20 1 -255 0 0 
27915 867 -260 -600 -260 20 1 -260 0 0 
27920 865 -260 -603 -260 20 1 -260 0 0 
27925 862 -263 -600 -263 20 1 -263 0 0 
27930 858 -267 -603 -267 20 1 -267 0 0 
27935 854 -278 -600 -278 20 1 -278 0 0 
27940 853 -297 -600 -297 20 1 -297 0 0 
27945 849 -327 -600 -327 20 1 -327 0 0 
27950 845 -365 -600 -365 20 1 -365 0 0 
27955 842 -395 -600 -395 20 1 -395 0 0 
27960 840 -432 -600 -432 20 1 -432 0 0 
27965 836 -470 -600 -470 20 1 -470 0 0 
27970 833 -507 -600 -507 20 1 -507 0 0 
27975 829 -540 -603 -540 20 1 -540 0 0 
27980 827 -567 -603 -567 20 1 -567 0 0 
27985 823 -593 -600 -593 20 1 -593 0 0 
27990 820 -620 -603 -620 20 1 -620 0 0 
27995 818 -638 -600 -638 20 1 -638 0 0 
28000 814 -653 -603 -653 20 1 -653 0 0 
28005 813 -665 -600 -665 20 1 -665 0 0 
28010 807 -672 -600 -672 20 1 -672 0 0 
28015 805 -672 -600 -672 20 1 -672 0 0 
28020 802 -672 -600 -672 20 1 -672 0 0 
28025 800 -672 -600 -672 20 1 -672 0 0 
28030 796 -668 -600 -668 20 1 -668 0 0 
28035 793 -668 -600 -668 20 1 -668 0 0 
28040 791 -672 -600 -672 20 1 -672 0 0 
28045 787 -680 -603 -680 20 1 -680 0 0 
28050 785 -695 -600 -695 20 1 -695 0 0 
28055 782 -705 -603 -705 20 1 -705 0 0 
28060 777 -720 -600 -720 20 1 -720 0 0 
28065 775 -740 -600 -740 20 1 -740 0 0 
28070 772 -762 -600 -762 20 1 -762 0 0 
28075 768 -780 -603 -780 20 1 -780 0 0 
28080 766 -800 -603 -800 20 1 -800 0 0 
28085 763 -815 -600 -815 20 1 -815 0 0 
28090 759 -833 -600 -833 20 1 -833 0 0 
28095 755 -848 -600 -848 20 1 -848 0 0 
28100 754 -855 -600 -855 20 1 -855 0 0 
28105 750 -867 -603 -867 20 1 -867 0 0 
28110 746 -878 -600 -878 20 1 -878 0 0 
28115 745 -882 -603 -882 20 1 -882 0 0 
28120 741 -890 -600 -890 20 1 -890 0 0 
28125 737 -893 -600 -893 20 1 -893 0 0 
28130 734 -900 -600 -900 20 1 -900 0 0 
28135 732 -905 -600 -905 20 1 -905 0 0 
28140 730 -912 -603 -912 20 1 -912 0 0 
28145 726 -920 -603 -920 20 1 -920 0 0 
28150 723 -927 -603 -927 20 1 -927 0 0 
28155 719 -938 -600 -938 20 1 -938 0 0 
28160 715 -945 -600 -945 20 1 -945 0 0 
28165 714 -957 -600 -957 20 1 -957 0 0 
28170 710 -972 -600 -972 20 1 -972 0 0 
28175 706 -980 -603 -980 20 1 -980 0 0 
28180 705 -990 -600 -990 20 1 -990 0 0 
28185 701 -1002 -600 -1002 20 1 -1002 0 0 
28190 697 -1010 -600 -1010 20 1 -1010 0 0 
28195 696 -1017 -603 -1017 20 1 -1017 0 0 
28200 692 -1025 -600 -1025 20 1 -1025 0 0 
28205 688 -1028 -603 -1028 20 1 -1028 0 0 
28210 685 -1035 -600 -1035 20 1 -1035 0 0 
28215 683 -1043 -600 -1043 20 1 -1043 0 0 
28220 679 -1050 -600 -1050 20 1 -1050 0 0 
28225 677 -1058 -603 -1058 20 1 -1058 0 0 
28230 674 -1065 -600 -1065 20 1 -1065 0 0 
28235 670 -1070 -600 -1070 20 1 -1070 0 0 
28240 668 -1077 -600 -1077 20 1 -1077 0 0 
28245 665 -1080 -603 -1080 20 1 -1080 0 0 
28250 661 -1088 -600 -1088 20 1 -1088 0 0 
28255 659 -1095 -600 -1095 20 1 -1095 0 0 
28260 656 -1103 -600 -1103 20 1 -1103 0 0 
28265 652 -1107 -600 -1107 20 1 -1107 0 0 
28270 648 -1118 -600 -1118 20 1 -1118 0 0 
28275 647 -1125 -603 -1125 20 1 -1125 0 0 
28280 643 -1130 -600 -1130 20 1 -1130 0 0 
28285 641 -1137 -600 -1137 20 1 -1137 0 0 
28290 638 -1145 -603 -1145 20 1 -1145 0 0 
28295 634 -1148 -600 -1148 20 1 -1148 0 0 
28300 632 -1152 -600 -1152 20 1 -1152 0 0 
28305 628 -1160 -600 -1160 20 1 -1160 0 0 
28310 625 -1163 -600 -1163 20 1 -1163 0 0 
28315 623 -1167 -603 -1167 20 1 -1167 0 0 
28320 619 -1167 -600 -1167 20 1 -1167 0 0 
28325 616 -1170 -600 -1170 20 1 -1170 0 0 
28330 612 -1170 -603 -1170 20 1 -1170 0 0 
28335 610 -1170 -600 -1170 20 1 -1170 0 0 
28340 607 -1170 -603 -1170 20 1 -1170 0 0 
28345 605 -1175 -600 -1175 20 1 -1175 0 0 
28350 601 -1175 -600 -1175 20 1 -1175 0 0 
28355 598 -1170 -600 -1170 20 1 -1170 0 0 
28360 596 -1170 -600 -1170 20 1 -1170 0 0 
28365 592 -1170 -600 -1170 20 1 -1170 0 0 
28370 589 -1170 -600 -1170 20 1 -1170 0 0 
28375 587 -1167 -600 -1167 20 1 -1167 0 0 
28380 583 -1167 -603 -1167 20 1 -1167 0 0 
28385 581 -1167 -600 -1167 20 1 -1167 0 0 
28390 576 -1167 -600 -1167 20 1 -1167 0 0 
28395 574 -1167 -603 -1167 20 1 -1167 0 0 
28400 572 -1167 -600 -1167 20 1 -1167 0 0 
28405 567 -1167 -600 -1167 20 1 -1167 0 0 
28410 565 -1167 -600 -1167 20 1 -1167 0 0 
28415 561 -1167 -600 -1167 20 1 -1167 0 0 
28420 560 -1167 -600 -1167 20 1 -1167 0 0 
28425 555 -1167 -600 -1167 20 1 -1167 0 0 
28430 551 -1167 -600 -1167 20 1 -1167 0 0 
28435 549 -1163 -603 -1163 20 1 -1163 0 0 
28440 546 -1163 -600 -1163 20 1 -1163 0 0 
28445 544 -1163 -603 -1163 20 1 -1163 0 0 
28450 540 -1160 -600 -1160 20 1 -1160 0 0 
28455 537 -1160 -600 -1160 20 1 -1160 0 0 
28460 535 -1155 -603 -1155 20 1 -1155 0 0 
28465 531 -1155 -600 -1155 20 1 -1155 0 0 
28470 528 -1152 -600 -1152 20 1 -1152 0 0 
28475 524 -1152 -603 -1152 20 1 -1152 0 0 
28480 522 -1152 -603 -1152 20 1 -1152 0 0 
28485 519 -1148 -600 -1148 20 1 -1148 0 0 
28490 517 -1148 -603 -1148 20 1 -1148 0 0 
28495 513 -1145 -600 -1145 20 1 -1145 0 0 
28500 510 -1145 -603 -1145 20 1 -1145 0 0 
28505 508 -1140 -600 -1140 20 1 -1140 0 0 
28510 504 -1140 -600 -1140 20 1 -1140 0 0 
28515 500 -1133 -600 -1133 20 1 -1133 0 0 
28520 497 -1130 -603 -1130 20 1 -1130 0 0 
28525 495 -1125 -600 -1125 20 1 -1125 0 0 
28530 491 -1118 -603 -1118 20 1 -1118 0 0 
28535 488 -1115 -600 -1115 20 1 -1115 0 0 
28540 486 -1110 -600 -1110 20 1 -1110 0 0 
28545 482 -1110 -600 -1110 20 1 -1110 0 0 
28550 479 -1103 -600 -1103 20 1 -1103 0 0 
28555 477 -1103 -600 -1103 20 1 -1103 0 0 
28560 475 -1100 -600 -1100 20 1 -1100 0 0 
28565 470 -1100 -600 -1100 20 1 -1100 0 0 
28570 468 -1095 -600 -1095 20 1 -1095 0 0 
28575 464 -1088 -603 -1088 20 1 -1088 0 0 
28580 462 -1085 -600 -1085 20 1 -1085 0 0 
28585 459 -1077 -603 -1077 20 1 -1077 0 0 
28590 455 -1070 -600 -1070 20 1 -1070 0 0 
28595 452 -1065 -600 -1065 20 1 -1065 0 0 
28600 450 -1058 -603 -1058 20 1 -1058 0 0 
28605 446 -1050 -600 -1050 20 1 -1050 0 0 
28610 442 -1047 -603 -1047 20 1 -1047 0 0 
28615 441 -1043 -603 -1043 20 1 -1043 0 0 
28620 437 -1040 -600 -1040 20 1 -1040 0 0 
28625 435 -1032 -603 -1032 20 1 -1032 0 0 
28630 432 -1028 -600 -1028 20 1 -1028 0 0 
28635 428 -1020 -600 -1020 20 1 -1020 0 0 
28640 426 -1017 -600 -1017 20 1 -1017 0 0 
28645 423 -1013 -603 -1013 20 1 -1013 0 0 
28650 421 -1005 -600 -1005 20 1 -1005 0 0 
28655 417 -1002 -600 -1002 20 1 -1002 0 0 
28660 413 -995 -600 -995 20 1 -995 0 0 
28665 410 -987 -600 -987 20 1 -987 0 0 
28670 408 -980 -603 -980 20 1 -980 0 0 
28675 404 -975 -600 -975 20 1 -975 0 0 
28680 403 -968 -600 -968 20 1 -968 0 0 
28685 399 -965 -603 -965 20 1 -965 0 0 
28690 397 -957 -603 -957 20 1 -957 0 0 
28695 393 -950 -600 -950 20 1 -950 0 0 
28700 390 -945 -603 -945 20 1 -945 0 0 
28705 388 -938 -600 -938 20 1 -938 0 0 
28710 384 -930 -600 -930 20 1 -930 0 0 
28715 381 -923 -603 -923 20 1 -923 0 0 
28720 379 -915 -600 -915 20 1 -915 0 0 
28725 375 -908 -603 -908 20 1 -908 0 0 
28730 372 -900 -600 -900 20 1 -900 0 0 
28735 370 -893 -603 -893 20 1 -893 0 0 
28740 366 -885 -603 -885 20 1 -885 0 0 
28745 364 -882 -600 -882 20 1 -882 0 0 
28750 359 -870 -600 -870 20 1 -870 0 0 
28755 357 -863 -600 -863 20 1 -863 0 0 
28760 355 -855 -600 -855 20 1 -855 0 0 
28765 352 -852 -603 -852 20 1 -852 0 0 
28770 348 -845 -600 -845 20 1 -845 0 0 
28775 346 -837 -600 -837 20 1 -837 0 0 
28780 343 -830 -600 -830 20 1 -830 0 0 
28785 339 -818 -600 -818 20 1 -818 0 0 
28790 335 -810 -603 -810 20 1 -810 0 0 
28795 334 -800 -600 -800 20 1 -800 0 0 
28800 329 -792 -600 -792 20 1 -792 0 0 
28805 327 -785 -600 -785 20 1 -785 0 0 
28810 324 -773 -600 -773 20 1 -773 0 0 
28815 322 -765 -600 -765 20 1 -765 0 0 
28820 318 -755 -600 -755 20 1 -755 0 0 
28825 316 -747 -600 -747 20 1 -747 0 0 
28830 311 -735 -600 -735 20 1 -735 0 0 
28835 309 -725 -600 -725 20 1 -725 0 0 
28840 305 -717 -600 -717 20 1 -717 0 0 
28845 304 -710 -600 -710 20 1 -710 0 0 
28850 300 -698 -603 -698 20 1 -698 0 0 
28855 296 -687 -600 -687 20 1 -687 0 0 
28860 295 -675 -600 -675 20 1 -675 0 0 
28865 291 -665 -600 -665 20 1 -665 0 0 
28870 287 -653 -600 -653 20 1 -653 0 0 
28875 285 -642 -603 -642 20 1 -642 0 0 
28880 282 -635 -600 -635 20 1 -635 0 0 
28885 280 -623 -600 -623 20 1 -623 0 0 
28890 276 -612 -600 -612 20 1 -612 0 0 
28895 273 -605 -603 -605 20 1 -605 0 0 
28900 271 -593 -603 -593 20 1 -593 0 0 
28905 267 -582 -590 -582 20 1 -582 0 0 
28910 264 -570 -578 -570 20 1 -570 0 0 
28915 260 -560 -573 -560 20 1 -560 0 0 
28920 258 -548 -560 -548 20 1 -548 0 0 
28925 256 -540 -550 -540 20 1 -540 0 0 
28930 253 -533 -545 -533 20 1 -533 0 0 
28935 251 -525 -533 -525 20 1 -525 0 0 
28940 247 -518 -525 -518 20 1 -518 0 0 
28945 246 -510 -520 -510 20 1 -510 0 0 
28950 242 -503 -510 -503 20 1 -503 0 0 
28955 240 -495 -495 -495 20 1 -495 0 0 
28960 238 -485 -493 -485 20 1 -485 0 0 
28965 235 -477 -483 -477 20 1 -477 0 0 
28970 233 -465 -473 -465 20 1 -465 0 0 
28975 231 -458 -463 -458 20 1 -458 0 0 
28980 227 -450 -450 -450 20 1 -450 0 0 
28985 226 -443 -445 -443 20 1 -443 0 0 
28990 224 -432 -443 -432 20 1 -432 0 0 
28995 220 -425 -430 -425 20 1 -425 0 0 
29000 220 -413 -415 -413 20 1 -413 0 0 
29005 217 -402 -408 -402 20 1 -402 0 0 
29010 217 -395 -403 -395 20 1 -395 0 0 
29015 213 -383 -393 -383 20 1 -383 0 0 
29020 211 -372 -383 -372 20 1 -372 0 0 
29025 211 -360 -378 -360 20 1 -360 0 0 
29030 207 -345 -365 -345 20 1 -345 0 0 
29035 206 -335 -355 -335 20 1 -335 0 0 
29040 206 -323 -350 -323 20 1 -323 0 0 
29045 204 -312 -340 -312 20 1 -312 0 0 
29050 202 -297 -338 -297 20 1 -297 0 0 
29055 200 -285 -323 -285 20 1 -285 0 0 
29060 198 -275 -318 -275 20 1 -275 0 0 
29065 197 -263 -305 -263 20 1 -263 0 0 
29070 195 -252 -300 -252 20 1 -252 0 0 
29075 195 -245 -290 -245 20 1 -245 0 0 
29080 193 -237 -278 -237 20 1 -237 0 0 
29085 191 -230 -275 -230 20 1 -230 0 0 
29090 189 -222 -263 -222 20 1 -222 0 0 
29095 189 -210 -258 -210 20 1 -210 0 0 
29100 188 -203 -240 -203 20 1 -203 0 0 
29105 186 -192 -240 -192 20 1 -192 0 0 
29110 186 -180 -233 -180 20 1 -180 0 0 
